[0.016s] Invoking command in '/home/gsylvia/agrobot-reverse-engineering/Agrobot/build/lely_core_libraries': CMAKE_PREFIX_PATH=${CMAKE_PREFIX_PATH}:/opt/ros/jazzy /usr/bin/cmake --build /home/gsylvia/agrobot-reverse-engineering/Agrobot/build/lely_core_libraries -- -j16 -l16
[0.071s] [ 12%] Performing update step for 'upstr_lely_core_libraries'
[0.076s] [ 12%] Built target ament_cmake_python_copy_cogen_setup
[0.076s] [ 12%] Built target ament_cmake_python_copy_cogen
[0.105s] HEAD is now at fb735b79 nmt: remove EMCY messages when life-guarding/heartbeat errors are resolved
[0.105s] [ 25%] No patch step for 'upstr_lely_core_libraries'
[0.106s] Checking patch configure.ac...
[0.106s] Hunk #1 succeeded at 577 (offset 8 lines).
[0.106s] Checking patch python/dcf-tools/Makefile.am...
[0.106s] Applied patch configure.ac cleanly.
[0.106s] Applied patch python/dcf-tools/Makefile.am cleanly.
[0.125s] [ 37%] Performing configure step for 'upstr_lely_core_libraries'
[0.330s] running install_scripts
[0.342s] running egg_info
[0.350s] /usr/lib/python3/dist-packages/setuptools/_distutils/cmd.py:66: SetuptoolsDeprecationWarning: setup.py install is deprecated.
[0.350s] !!
[0.350s] 
[0.350s]         ********************************************************************************
[0.350s]         Please avoid running ``setup.py`` directly.
[0.350s]         Instead, use pypa/build, pypa/installer or other
[0.350s]         standards-based tools.
[0.350s] 
[0.350s]         See https://blog.ganssle.io/articles/2021/10/setup-py-deprecated.html for details.
[0.350s]         ********************************************************************************
[0.350s] 
[0.350s] !!
[0.350s]   self.initialize_options()
[0.352s] writing cogen.egg-info/PKG-INFO
[0.352s] writing dependency_links to cogen.egg-info/dependency_links.txt
[0.353s] writing entry points to cogen.egg-info/entry_points.txt
[0.353s] writing top-level names to cogen.egg-info/top_level.txt
[0.353s] running egg_info
[0.377s] writing cogen.egg-info/PKG-INFO
[0.377s] writing dependency_links to cogen.egg-info/dependency_links.txt
[0.377s] writing entry points to cogen.egg-info/entry_points.txt
[0.377s] writing top-level names to cogen.egg-info/top_level.txt
[0.387s] reading manifest file 'cogen.egg-info/SOURCES.txt'
[0.388s] writing manifest file 'cogen.egg-info/SOURCES.txt'
[0.401s] reading manifest file 'cogen.egg-info/SOURCES.txt'
[0.401s] writing manifest file 'cogen.egg-info/SOURCES.txt'
[0.413s] [ 37%] Built target ament_cmake_python_build_cogen_egg
[0.528s] Installing cogen script to scripts
[0.563s] [ 37%] Built target ament_cmake_python_build_cogen_scripts
[2.872s] configure.ac:17: warning: The macro `AC_PROG_CC_STDC' is obsolete.
[2.872s] configure.ac:17: You should run autoupdate.
[2.872s] ./lib/autoconf/c.m4:1666: AC_PROG_CC_STDC is expanded from...
[2.872s] configure.ac:17: the top level
[2.872s] configure.ac:442: warning: AC_CHECK_HEADERS($ixxat_header): you should use literals
[2.872s] ./lib/autoconf/headers.m4:217: AC_CHECK_HEADERS is expanded from...
[2.872s] lib/m4sugar/m4sh.m4:699: AS_IF is expanded from...
[2.872s] lib/m4sugar/m4sh.m4:699: AS_IF is expanded from...
[2.872s] configure.ac:442: the top level
[3.706s] checking build system type... x86_64-pc-linux-gnu
[3.706s] checking host system type... x86_64-pc-linux-gnu
[3.706s] checking target system type... x86_64-pc-linux-gnu
[3.711s] checking for a BSD-compatible install... /usr/bin/install -c
[3.714s] checking whether build environment is sane... yes
[3.720s] checking for a race-free mkdir -p... /usr/bin/mkdir -p
[3.721s] checking for gawk... gawk
[3.726s] checking whether make sets $(MAKE)... yes
[3.731s] checking whether make supports nested variables... yes
[3.782s] checking whether to enable maintainer-specific portions of Makefiles... yes
[3.782s] checking whether make supports nested variables... (cached) yes
[3.784s] checking for a sed that does not truncate output... /usr/bin/sed
[3.785s] checking whether to build with code coverage support... no
[3.812s] checking for valgrind... no
[3.818s] checking whether make supports the include directive... yes (GNU style)
[3.818s] checking for gcc... gcc
[3.931s] checking whether the C compiler works... yes
[3.932s] checking for C compiler default output file name... a.out
[4.047s] checking for suffix of executables... 
[4.156s] checking whether we are cross compiling... no
[4.169s] checking for suffix of object files... o
[4.181s] checking whether the compiler supports GNU C... yes
[4.194s] checking whether gcc accepts -g... yes
[4.241s] checking for gcc option to enable C11 features... none needed
[4.261s] checking whether gcc understands -c and -o together... yes
[4.285s] checking dependency style of gcc... gcc3
[4.298s] checking for stdio.h... yes
[4.314s] checking for stdlib.h... yes
[4.331s] checking for string.h... yes
[4.346s] checking for inttypes.h... yes
[4.363s] checking for stdint.h... yes
[4.378s] checking for strings.h... yes
[4.397s] checking for sys/stat.h... yes
[4.413s] checking for sys/types.h... yes
[4.432s] checking for unistd.h... yes
[4.454s] checking for wchar.h... yes
[4.475s] checking for minix/config.h... no
[4.496s] checking whether it is safe to define __EXTENSIONS__... yes
[4.512s] checking whether _XOPEN_SOURCE should be defined... no
[4.512s] checking for g++... g++
[4.561s] checking whether the compiler supports GNU C++... yes
[4.574s] checking whether g++ accepts -g... yes
[4.638s] checking for g++ option to enable C++11 features... none needed
[4.662s] checking dependency style of g++... gcc3
[4.694s] checking whether g++ supports C++11 features with -std=gnu++11... yes
[4.751s] checking how to print strings... printf
[4.752s] checking for a sed that does not truncate output... (cached) /usr/bin/sed
[4.754s] checking for grep that handles long lines and -e... /usr/bin/grep
[4.755s] checking for egrep... /usr/bin/grep -E
[4.756s] checking for fgrep... /usr/bin/grep -F
[4.760s] checking for ld used by gcc... /usr/bin/ld
[4.762s] checking if the linker (/usr/bin/ld) is GNU ld... yes
[4.765s] checking for BSD- or MS-compatible name lister (nm)... /usr/bin/nm -B
[4.780s] checking the name lister (/usr/bin/nm -B) interface... BSD nm
[4.780s] checking whether ln -s works... yes
[4.783s] checking the maximum length of command line arguments... 1572864
[4.785s] checking how to convert x86_64-pc-linux-gnu file names to x86_64-pc-linux-gnu format... func_convert_file_noop
[4.785s] checking how to convert x86_64-pc-linux-gnu file names to toolchain format... func_convert_file_noop
[4.785s] checking for /usr/bin/ld option to reload object files... -r
[4.786s] checking for file... file
[4.786s] checking for objdump... objdump
[4.786s] checking how to recognize dependent libraries... pass_all
[4.833s] checking for dlltool... no
[4.833s] checking how to associate runtime and link libraries... printf %s\n
[4.834s] checking for ar... ar
[4.852s] checking for archiver @FILE support... @
[4.853s] checking for strip... strip
[4.853s] checking for ranlib... ranlib
[4.995s] checking command to parse /usr/bin/nm -B output from gcc object... ok
[4.996s] checking for sysroot... no
[5.000s] checking for a working dd... /usr/bin/dd
[5.002s] checking how to truncate binary pipes... /usr/bin/dd bs=4096 count=1
[5.069s] checking for mt... no
[5.072s] checking if : is a manifest tool... no
[5.100s] checking for dlfcn.h... yes
[5.103s] checking for objdir... .libs
[5.222s] checking if gcc supports -fno-rtti -fno-exceptions... no
[5.222s] checking for gcc option to produce PIC... -fPIC -DPIC
[5.234s] checking if gcc PIC flag -fPIC -DPIC works... yes
[5.369s] checking if gcc static flag -static works... yes
[5.388s] checking if gcc supports -c -o file.o... yes
[5.388s] checking if gcc supports -c -o file.o... (cached) yes
[5.395s] checking whether the gcc linker (/usr/bin/ld -m elf_x86_64) supports shared libraries... yes
[5.471s] checking whether -lc should be explicitly linked in... no
[5.589s] checking dynamic linker characteristics... GNU/Linux ld.so
[5.589s] checking how to hardcode library paths into programs... immediate
[5.591s] checking whether stripping libraries is possible... yes
[5.591s] checking if libtool supports shared libraries... yes
[5.591s] checking whether to build shared libraries... yes
[5.591s] checking whether to build static libraries... no
[5.613s] checking how to run the C++ preprocessor... g++ -std=gnu++11 -E
[5.742s] checking for ld used by g++ -std=gnu++11... /usr/bin/ld -m elf_x86_64
[5.743s] checking if the linker (/usr/bin/ld -m elf_x86_64) is GNU ld... yes
[5.749s] checking whether the g++ -std=gnu++11 linker (/usr/bin/ld -m elf_x86_64) supports shared libraries... yes
[5.920s] checking for g++ -std=gnu++11 option to produce PIC... -fPIC -DPIC
[5.936s] checking if g++ -std=gnu++11 PIC flag -fPIC -DPIC works... yes
[6.068s] checking if g++ -std=gnu++11 static flag -static works... yes
[6.090s] checking if g++ -std=gnu++11 supports -c -o file.o... yes
[6.090s] checking if g++ -std=gnu++11 supports -c -o file.o... (cached) yes
[6.090s] checking whether the g++ -std=gnu++11 linker (/usr/bin/ld -m elf_x86_64) supports shared libraries... yes
[6.094s] checking dynamic linker characteristics... (cached) GNU/Linux ld.so
[6.094s] checking how to hardcode library paths into programs... immediate
[6.128s] checking for windres... no
[6.293s] checking for timer_create in -lrt... yes
[6.311s] checking how to run the C preprocessor... gcc -E
[6.335s] checking whether gcc is Clang... no
[6.428s] checking whether pthreads work with "-pthread" and "-lpthread"... yes
[6.557s] checking for joinable pthread attribute... PTHREAD_CREATE_JOINABLE
[6.557s] checking whether more special flags are required for pthreads... no
[6.632s] checking for PTHREAD_PRIO_INHERIT... yes
[6.633s] checking for pkg-config... /usr/bin/pkg-config
[6.634s] checking pkg-config is at least version 0.9.0... yes
[6.657s] checking for cpputest >= 4... no
[6.680s] checking for valgrind/valgrind.h... no
[6.707s] checking for linux/can.h... yes
[6.735s] checking for linux/can/error.h... yes
[6.746s] checking for bluetooth/bluetooth.h... no
[6.759s] checking for bluetooth/rfcomm.h... no
[6.957s] checking for library containing str2ba... no
[6.987s] checking for ifaddrs.h... yes
[7.014s] checking for linux/can/netlink.h... yes
[7.043s] checking for linux/can/raw.h... yes
[7.080s] checking for linux/rtnetlink.h... yes
[7.110s] checking for sys/epoll.h... yes
[7.138s] checking for sys/ioctl.h... yes
[7.240s] checking for a Python interpreter with version >= 3.3... python3
[7.240s] checking for python3... /usr/bin/python3
[7.252s] checking for python3 version... 3.12
[7.265s] checking for python3 platform... linux
[7.265s] checking for GNU default python3 prefix... ${prefix}
[7.266s] checking for GNU default python3 exec_prefix... ${exec_prefix}
[7.287s] checking for python3 script directory (pythondir)... ${PYTHON_PREFIX}/lib/python3.12/site-packages
[7.308s] checking for python3 extension module directory (pyexecdir)... ${PYTHON_EXEC_PREFIX}/lib/python3.12/site-packages
[7.308s] checking for gawk... (cached) gawk
[7.324s] checking that generated files are newer than configure... done
[7.324s] configure: creating ./config.status
[7.866s] config.status: creating doc/Doxyfile
[7.887s] config.status: creating doc/Makefile
[7.906s] config.status: creating include/Makefile
[7.924s] config.status: creating pkgconfig/liblely-can.pc
[7.941s] config.status: creating pkgconfig/liblely-co.pc
[7.954s] config.status: creating pkgconfig/liblely-coapp.pc
[7.969s] config.status: creating pkgconfig/liblely-ev.pc
[7.983s] config.status: creating pkgconfig/liblely-io.pc
[7.997s] config.status: creating pkgconfig/liblely-io2.pc
[8.011s] config.status: creating pkgconfig/liblely-libc.pc
[8.024s] config.status: creating pkgconfig/liblely-libc_rt.pc
[8.036s] config.status: creating pkgconfig/liblely-tap.pc
[8.049s] config.status: creating pkgconfig/liblely-util.pc
[8.064s] config.status: creating pkgconfig/Makefile
[8.075s] config.status: creating python/can/Makefile
[8.087s] config.status: creating python/dcf-tools/Makefile
[8.098s] config.status: creating python/io/Makefile
[8.111s] config.status: creating python/Makefile
[8.123s] config.status: creating src/can/Makefile
[8.134s] config.status: creating src/co/Makefile
[8.147s] config.status: creating src/co/version.rc
[8.162s] config.status: creating src/coapp/Makefile
[8.173s] config.status: creating src/coapp/version.rc
[8.186s] config.status: creating src/ev/Makefile
[8.198s] config.status: creating src/ev/version.rc
[8.212s] config.status: creating src/io/Makefile
[8.226s] config.status: creating src/io2/Makefile
[8.240s] config.status: creating src/io2/version.rc
[8.253s] config.status: creating src/libc/Makefile
[8.266s] config.status: creating src/libc/version.rc
[8.279s] config.status: creating src/tap/Makefile
[8.290s] config.status: creating src/tap/version.rc
[8.303s] config.status: creating src/util/Makefile
[8.315s] config.status: creating src/util/version.rc
[8.329s] config.status: creating src/Makefile
[8.341s] config.status: creating tools/Makefile
[8.354s] config.status: creating tools/version.dcf2c.rc
[8.368s] config.status: creating test/co-nmt-master.dcf
[8.383s] config.status: creating test/Makefile
[8.396s] config.status: creating unit-tests/Makefile
[8.409s] config.status: creating exec-wrapper.sh
[8.423s] config.status: creating lcov-wrapper.sh
[8.433s] config.status: creating Makefile
[8.442s] config.status: creating config.h
[8.447s] config.status: config.h is unchanged
[8.449s] config.status: executing depfiles commands
[8.603s] config.status: executing libtool commands
[8.647s] [ 50%] Performing build step for 'upstr_lely_core_libraries'
[8.868s] config.status: creating config.h
[8.871s] config.status: config.h is unchanged
[8.881s] Making all in doc
[8.882s] Making all in include
[8.886s] Making all in src
[8.891s] Making all in libc
[8.900s] Making all in tap
[8.905s] Making all in util
[8.926s] Making all in can
[8.934s] Making all in co
[8.954s] Making all in io
[8.970s] Making all in ev
[8.979s] Making all in io2
[9.002s] Making all in coapp
[9.027s] Making all in python
[9.033s] Making all in dcf-tools
[9.036s] Making all in pkgconfig
[9.054s] [ 62%] No install step for 'upstr_lely_core_libraries'
[9.075s] [ 75%] Completed 'upstr_lely_core_libraries'
[9.100s] [100%] Built target upstr_lely_core_libraries
[9.109s] Invoked command in '/home/gsylvia/agrobot-reverse-engineering/Agrobot/build/lely_core_libraries' returned '0': CMAKE_PREFIX_PATH=${CMAKE_PREFIX_PATH}:/opt/ros/jazzy /usr/bin/cmake --build /home/gsylvia/agrobot-reverse-engineering/Agrobot/build/lely_core_libraries -- -j16 -l16
[9.110s] Invoking command in '/home/gsylvia/agrobot-reverse-engineering/Agrobot/build/lely_core_libraries': CMAKE_PREFIX_PATH=${CMAKE_PREFIX_PATH}:/opt/ros/jazzy /usr/bin/cmake --install /home/gsylvia/agrobot-reverse-engineering/Agrobot/build/lely_core_libraries
[9.117s] -- Install configuration: ""
[9.122s] Making install in doc
[9.123s] gmake[1]: Entering directory '/home/gsylvia/agrobot-reverse-engineering/Agrobot/build/lely_core_libraries/build/doc'
[9.124s] gmake[2]: Entering directory '/home/gsylvia/agrobot-reverse-engineering/Agrobot/build/lely_core_libraries/build/doc'
[9.124s] gmake[2]: Nothing to be done for 'install-exec-am'.
[9.124s] gmake[2]: Nothing to be done for 'install-data-am'.
[9.124s] gmake[2]: Leaving directory '/home/gsylvia/agrobot-reverse-engineering/Agrobot/build/lely_core_libraries/build/doc'
[9.124s] gmake[1]: Leaving directory '/home/gsylvia/agrobot-reverse-engineering/Agrobot/build/lely_core_libraries/build/doc'
[9.125s] Making install in include
[9.128s] gmake[1]: Entering directory '/home/gsylvia/agrobot-reverse-engineering/Agrobot/build/lely_core_libraries/build/include'
[9.130s] gmake[2]: Entering directory '/home/gsylvia/agrobot-reverse-engineering/Agrobot/build/lely_core_libraries/build/include'
[9.130s] gmake[2]: Nothing to be done for 'install-exec-am'.
[9.133s]  /usr/bin/mkdir -p '/home/gsylvia/agrobot-reverse-engineering/Agrobot/install/lely_core_libraries/include'
[9.138s]  /usr/bin/mkdir -p '/home/gsylvia/agrobot-reverse-engineering/Agrobot/install/lely_core_libraries/include/lely/co'
[9.139s]  /usr/bin/install -c -m 644  /home/gsylvia/agrobot-reverse-engineering/Agrobot/build/lely_core_libraries/upstream/include/lely/co/co.h /home/gsylvia/agrobot-reverse-engineering/Agrobot/build/lely_core_libraries/upstream/include/lely/co/crc.h /home/gsylvia/agrobot-reverse-engineering/Agrobot/build/lely_core_libraries/upstream/include/lely/co/csdo.h /home/gsylvia/agrobot-reverse-engineering/Agrobot/build/lely_core_libraries/upstream/include/lely/co/csdo.hpp /home/gsylvia/agrobot-reverse-engineering/Agrobot/build/lely_core_libraries/upstream/include/lely/co/dcf.h /home/gsylvia/agrobot-reverse-engineering/Agrobot/build/lely_core_libraries/upstream/include/lely/co/dcf.hpp /home/gsylvia/agrobot-reverse-engineering/Agrobot/build/lely_core_libraries/upstream/include/lely/co/dev.h /home/gsylvia/agrobot-reverse-engineering/Agrobot/build/lely_core_libraries/upstream/include/lely/co/dev.hpp /home/gsylvia/agrobot-reverse-engineering/Agrobot/build/lely_core_libraries/upstream/include/lely/co/emcy.h /home/gsylvia/agrobot-reverse-engineering/Agrobot/build/lely_core_libraries/upstream/include/lely/co/emcy.hpp /home/gsylvia/agrobot-reverse-engineering/Agrobot/build/lely_core_libraries/upstream/include/lely/co/gw.h /home/gsylvia/agrobot-reverse-engineering/Agrobot/build/lely_core_libraries/upstream/include/lely/co/gw.hpp /home/gsylvia/agrobot-reverse-engineering/Agrobot/build/lely_core_libraries/upstream/include/lely/co/gw_txt.h /home/gsylvia/agrobot-reverse-engineering/Agrobot/build/lely_core_libraries/upstream/include/lely/co/gw_txt.hpp /home/gsylvia/agrobot-reverse-engineering/Agrobot/build/lely_core_libraries/upstream/include/lely/co/lss.h /home/gsylvia/agrobot-reverse-engineering/Agrobot/build/lely_core_libraries/upstream/include/lely/co/lss.hpp /home/gsylvia/agrobot-reverse-engineering/Agrobot/build/lely_core_libraries/upstream/include/lely/co/nmt.h /home/gsylvia/agrobot-reverse-engineering/Agrobot/build/lely_core_libraries/upstream/include/lely/co/nmt.hpp /home/gsylvia/agrobot-reverse-engineering/Agrobot/build/lely_core_libraries/upstream/include/lely/co/obj.h /home/gsylvia/agrobot-reverse-engineering/Agrobot/build/lely_core_libraries/upstream/include/lely/co/obj.hpp /home/gsylvia/agrobot-reverse-engineering/Agrobot/build/lely_core_libraries/upstream/include/lely/co/pdo.h /home/gsylvia/agrobot-reverse-engineering/Agrobot/build/lely_core_libraries/upstream/include/lely/co/rpdo.h /home/gsylvia/agrobot-reverse-engineering/Agrobot/build/lely_core_libraries/upstream/include/lely/co/rpdo.hpp /home/gsylvia/agrobot-reverse-engineering/Agrobot/build/lely_core_libraries/upstream/include/lely/co/sdev.h /home/gsylvia/agrobot-reverse-engineering/Agrobot/build/lely_core_libraries/upstream/include/lely/co/sdev.hpp /home/gsylvia/agrobot-reverse-engineering/Agrobot/build/lely_core_libraries/upstream/include/lely/co/sdo.h /home/gsylvia/agrobot-reverse-engineering/Agrobot/build/lely_core_libraries/upstream/include/lely/co/ssdo.h /home/gsylvia/agrobot-reverse-engineering/Agrobot/build/lely_core_libraries/upstream/include/lely/co/ssdo.hpp /home/gsylvia/agrobot-reverse-engineering/Agrobot/build/lely_core_libraries/upstream/include/lely/co/sync.h /home/gsylvia/agrobot-reverse-engineering/Agrobot/build/lely_core_libraries/upstream/include/lely/co/sync.hpp /home/gsylvia/agrobot-reverse-engineering/Agrobot/build/lely_core_libraries/upstream/include/lely/co/time.h /home/gsylvia/agrobot-reverse-engineering/Agrobot/build/lely_core_libraries/upstream/include/lely/co/time.hpp /home/gsylvia/agrobot-reverse-engineering/Agrobot/build/lely_core_libraries/upstream/include/lely/co/tpdo.h /home/gsylvia/agrobot-reverse-engineering/Agrobot/build/lely_core_libraries/upstream/include/lely/co/tpdo.hpp /home/gsylvia/agrobot-reverse-engineering/Agrobot/build/lely_core_libraries/upstream/include/lely/co/type.h /home/gsylvia/agrobot-reverse-engineering/Agrobot/build/lely_core_libraries/upstream/include/lely/co/type.hpp /home/gsylvia/agrobot-reverse-engineering/Agrobot/build/lely_core_libraries/upstream/include/lely/co/val.h /home/gsylvia/agrobot-reverse-engineering/Agrobot/build/lely_core_libraries/upstream/include/lely/co/val.hpp /home/gsylvia/agrobot-reverse-engineering/Agrobot/build/lely_core_libraries/upstream/include/lely/co/wtm.h /home/gsylvia/agrobot-reverse-engineering/Agrobot/build/lely_core_libraries/upstream/include/lely/co/wtm.hpp '/home/gsylvia/agrobot-reverse-engineering/Agrobot/install/lely_core_libraries/include/lely/co'
[9.154s]  /usr/bin/mkdir -p '/home/gsylvia/agrobot-reverse-engineering/Agrobot/install/lely_core_libraries/include/lely/libc'
[9.155s]  /usr/bin/install -c -m 644  /home/gsylvia/agrobot-reverse-engineering/Agrobot/build/lely_core_libraries/upstream/include/lely/libc/chrono.hpp /home/gsylvia/agrobot-reverse-engineering/Agrobot/build/lely_core_libraries/upstream/include/lely/libc/functional.hpp /home/gsylvia/agrobot-reverse-engineering/Agrobot/build/lely_core_libraries/upstream/include/lely/libc/stdatomic.h /home/gsylvia/agrobot-reverse-engineering/Agrobot/build/lely_core_libraries/upstream/include/lely/libc/stddef.h /home/gsylvia/agrobot-reverse-engineering/Agrobot/build/lely_core_libraries/upstream/include/lely/libc/stdint.h /home/gsylvia/agrobot-reverse-engineering/Agrobot/build/lely_core_libraries/upstream/include/lely/libc/stdio.h /home/gsylvia/agrobot-reverse-engineering/Agrobot/build/lely_core_libraries/upstream/include/lely/libc/stdlib.h /home/gsylvia/agrobot-reverse-engineering/Agrobot/build/lely_core_libraries/upstream/include/lely/libc/string.h /home/gsylvia/agrobot-reverse-engineering/Agrobot/build/lely_core_libraries/upstream/include/lely/libc/strings.h /home/gsylvia/agrobot-reverse-engineering/Agrobot/build/lely_core_libraries/upstream/include/lely/libc/threads.h /home/gsylvia/agrobot-reverse-engineering/Agrobot/build/lely_core_libraries/upstream/include/lely/libc/time.h /home/gsylvia/agrobot-reverse-engineering/Agrobot/build/lely_core_libraries/upstream/include/lely/libc/type_traits.hpp /home/gsylvia/agrobot-reverse-engineering/Agrobot/build/lely_core_libraries/upstream/include/lely/libc/uchar.h /home/gsylvia/agrobot-reverse-engineering/Agrobot/build/lely_core_libraries/upstream/include/lely/libc/unistd.h /home/gsylvia/agrobot-reverse-engineering/Agrobot/build/lely_core_libraries/upstream/include/lely/libc/utility.hpp '/home/gsylvia/agrobot-reverse-engineering/Agrobot/install/lely_core_libraries/include/lely/libc'
[9.162s]  /usr/bin/mkdir -p '/home/gsylvia/agrobot-reverse-engineering/Agrobot/install/lely_core_libraries/include/lely/ev'
[9.163s]  /usr/bin/install -c -m 644  /home/gsylvia/agrobot-reverse-engineering/Agrobot/build/lely_core_libraries/upstream/include/lely/ev/co_task.hpp /home/gsylvia/agrobot-reverse-engineering/Agrobot/build/lely_core_libraries/upstream/include/lely/ev/ev.h /home/gsylvia/agrobot-reverse-engineering/Agrobot/build/lely_core_libraries/upstream/include/lely/ev/exec.h /home/gsylvia/agrobot-reverse-engineering/Agrobot/build/lely_core_libraries/upstream/include/lely/ev/exec.hpp /home/gsylvia/agrobot-reverse-engineering/Agrobot/build/lely_core_libraries/upstream/include/lely/ev/fiber_exec.h /home/gsylvia/agrobot-reverse-engineering/Agrobot/build/lely_core_libraries/upstream/include/lely/ev/fiber_exec.hpp /home/gsylvia/agrobot-reverse-engineering/Agrobot/build/lely_core_libraries/upstream/include/lely/ev/future.h /home/gsylvia/agrobot-reverse-engineering/Agrobot/build/lely_core_libraries/upstream/include/lely/ev/future.hpp /home/gsylvia/agrobot-reverse-engineering/Agrobot/build/lely_core_libraries/upstream/include/lely/ev/loop.h /home/gsylvia/agrobot-reverse-engineering/Agrobot/build/lely_core_libraries/upstream/include/lely/ev/loop.hpp /home/gsylvia/agrobot-reverse-engineering/Agrobot/build/lely_core_libraries/upstream/include/lely/ev/poll.h /home/gsylvia/agrobot-reverse-engineering/Agrobot/build/lely_core_libraries/upstream/include/lely/ev/poll.hpp /home/gsylvia/agrobot-reverse-engineering/Agrobot/build/lely_core_libraries/upstream/include/lely/ev/std_exec.h /home/gsylvia/agrobot-reverse-engineering/Agrobot/build/lely_core_libraries/upstream/include/lely/ev/strand.h /home/gsylvia/agrobot-reverse-engineering/Agrobot/build/lely_core_libraries/upstream/include/lely/ev/strand.hpp /home/gsylvia/agrobot-reverse-engineering/Agrobot/build/lely_core_libraries/upstream/include/lely/ev/task.h /home/gsylvia/agrobot-reverse-engineering/Agrobot/build/lely_core_libraries/upstream/include/lely/ev/task.hpp /home/gsylvia/agrobot-reverse-engineering/Agrobot/build/lely_core_libraries/upstream/include/lely/ev/thrd_loop.h /home/gsylvia/agrobot-reverse-engineering/Agrobot/build/lely_core_libraries/upstream/include/lely/ev/thrd_loop.hpp '/home/gsylvia/agrobot-reverse-engineering/Agrobot/install/lely_core_libraries/include/lely/ev'
[9.171s]  /usr/bin/mkdir -p '/home/gsylvia/agrobot-reverse-engineering/Agrobot/install/lely_core_libraries/include/lely/coapp'
[9.172s]  /usr/bin/install -c -m 644  /home/gsylvia/agrobot-reverse-engineering/Agrobot/build/lely_core_libraries/upstream/include/lely/coapp/type_traits.hpp /home/gsylvia/agrobot-reverse-engineering/Agrobot/build/lely_core_libraries/upstream/include/lely/coapp/device.hpp /home/gsylvia/agrobot-reverse-engineering/Agrobot/build/lely_core_libraries/upstream/include/lely/coapp/driver.hpp /home/gsylvia/agrobot-reverse-engineering/Agrobot/build/lely_core_libraries/upstream/include/lely/coapp/fiber_driver.hpp /home/gsylvia/agrobot-reverse-engineering/Agrobot/build/lely_core_libraries/upstream/include/lely/coapp/logical_driver.hpp /home/gsylvia/agrobot-reverse-engineering/Agrobot/build/lely_core_libraries/upstream/include/lely/coapp/loop_driver.hpp /home/gsylvia/agrobot-reverse-engineering/Agrobot/build/lely_core_libraries/upstream/include/lely/coapp/lss_master.hpp /home/gsylvia/agrobot-reverse-engineering/Agrobot/build/lely_core_libraries/upstream/include/lely/coapp/master.hpp /home/gsylvia/agrobot-reverse-engineering/Agrobot/build/lely_core_libraries/upstream/include/lely/coapp/node.hpp /home/gsylvia/agrobot-reverse-engineering/Agrobot/build/lely_core_libraries/upstream/include/lely/coapp/sdo.hpp /home/gsylvia/agrobot-reverse-engineering/Agrobot/build/lely_core_libraries/upstream/include/lely/coapp/sdo_error.hpp /home/gsylvia/agrobot-reverse-engineering/Agrobot/build/lely_core_libraries/upstream/include/lely/coapp/slave.hpp '/home/gsylvia/agrobot-reverse-engineering/Agrobot/install/lely_core_libraries/include/lely/coapp'
[9.177s]  /usr/bin/mkdir -p '/home/gsylvia/agrobot-reverse-engineering/Agrobot/install/lely_core_libraries/include/lely/can'
[9.178s]  /usr/bin/install -c -m 644  /home/gsylvia/agrobot-reverse-engineering/Agrobot/build/lely_core_libraries/upstream/include/lely/can/buf.h /home/gsylvia/agrobot-reverse-engineering/Agrobot/build/lely_core_libraries/upstream/include/lely/can/buf.hpp /home/gsylvia/agrobot-reverse-engineering/Agrobot/build/lely_core_libraries/upstream/include/lely/can/err.h /home/gsylvia/agrobot-reverse-engineering/Agrobot/build/lely_core_libraries/upstream/include/lely/can/msg.h /home/gsylvia/agrobot-reverse-engineering/Agrobot/build/lely_core_libraries/upstream/include/lely/can/net.h /home/gsylvia/agrobot-reverse-engineering/Agrobot/build/lely_core_libraries/upstream/include/lely/can/net.hpp /home/gsylvia/agrobot-reverse-engineering/Agrobot/build/lely_core_libraries/upstream/include/lely/can/socket.h '/home/gsylvia/agrobot-reverse-engineering/Agrobot/install/lely_core_libraries/include/lely/can'
[9.181s]  /usr/bin/mkdir -p '/home/gsylvia/agrobot-reverse-engineering/Agrobot/install/lely_core_libraries/include/lely/io2/linux'
[9.182s]  /usr/bin/install -c -m 644  /home/gsylvia/agrobot-reverse-engineering/Agrobot/build/lely_core_libraries/upstream/include/lely/io2/linux/can.h /home/gsylvia/agrobot-reverse-engineering/Agrobot/build/lely_core_libraries/upstream/include/lely/io2/linux/can.hpp '/home/gsylvia/agrobot-reverse-engineering/Agrobot/install/lely_core_libraries/include/lely/io2/linux'
[9.184s]  /usr/bin/mkdir -p '/home/gsylvia/agrobot-reverse-engineering/Agrobot/install/lely_core_libraries/include/lely/io2/sys'
[9.185s]  /usr/bin/install -c -m 644  /home/gsylvia/agrobot-reverse-engineering/Agrobot/build/lely_core_libraries/upstream/include/lely/io2/sys/clock.h /home/gsylvia/agrobot-reverse-engineering/Agrobot/build/lely_core_libraries/upstream/include/lely/io2/sys/clock.hpp /home/gsylvia/agrobot-reverse-engineering/Agrobot/build/lely_core_libraries/upstream/include/lely/io2/sys/io.h /home/gsylvia/agrobot-reverse-engineering/Agrobot/build/lely_core_libraries/upstream/include/lely/io2/sys/io.hpp /home/gsylvia/agrobot-reverse-engineering/Agrobot/build/lely_core_libraries/upstream/include/lely/io2/sys/sigset.h /home/gsylvia/agrobot-reverse-engineering/Agrobot/build/lely_core_libraries/upstream/include/lely/io2/sys/sigset.hpp /home/gsylvia/agrobot-reverse-engineering/Agrobot/build/lely_core_libraries/upstream/include/lely/io2/sys/timer.h /home/gsylvia/agrobot-reverse-engineering/Agrobot/build/lely_core_libraries/upstream/include/lely/io2/sys/timer.hpp '/home/gsylvia/agrobot-reverse-engineering/Agrobot/install/lely_core_libraries/include/lely/io2/sys'
[9.189s]  /usr/bin/mkdir -p '/home/gsylvia/agrobot-reverse-engineering/Agrobot/install/lely_core_libraries/include/lely/util'
[9.190s]  /usr/bin/install -c -m 644  /home/gsylvia/agrobot-reverse-engineering/Agrobot/build/lely_core_libraries/upstream/include/lely/util/bimap.h /home/gsylvia/agrobot-reverse-engineering/Agrobot/build/lely_core_libraries/upstream/include/lely/util/coroutine.h /home/gsylvia/agrobot-reverse-engineering/Agrobot/build/lely_core_libraries/upstream/include/lely/util/coroutine.hpp /home/gsylvia/agrobot-reverse-engineering/Agrobot/build/lely_core_libraries/upstream/include/lely/util/mkjmp.h /home/gsylvia/agrobot-reverse-engineering/Agrobot/build/lely_core_libraries/upstream/include/lely/util/sllist.h /home/gsylvia/agrobot-reverse-engineering/Agrobot/build/lely_core_libraries/upstream/include/lely/util/spscring.h /home/gsylvia/agrobot-reverse-engineering/Agrobot/build/lely_core_libraries/upstream/include/lely/util/bits.h /home/gsylvia/agrobot-reverse-engineering/Agrobot/build/lely_core_libraries/upstream/include/lely/util/bitset.h /home/gsylvia/agrobot-reverse-engineering/Agrobot/build/lely_core_libraries/upstream/include/lely/util/c_call.hpp /home/gsylvia/agrobot-reverse-engineering/Agrobot/build/lely_core_libraries/upstream/include/lely/util/c_type.hpp /home/gsylvia/agrobot-reverse-engineering/Agrobot/build/lely_core_libraries/upstream/include/lely/util/chrono.hpp /home/gsylvia/agrobot-reverse-engineering/Agrobot/build/lely_core_libraries/upstream/include/lely/util/cmp.h /home/gsylvia/agrobot-reverse-engineering/Agrobot/build/lely_core_libraries/upstream/include/lely/util/config.h /home/gsylvia/agrobot-reverse-engineering/Agrobot/build/lely_core_libraries/upstream/include/lely/util/daemon.h /home/gsylvia/agrobot-reverse-engineering/Agrobot/build/lely_core_libraries/upstream/include/lely/util/diag.h /home/gsylvia/agrobot-reverse-engineering/Agrobot/build/lely_core_libraries/upstream/include/lely/util/dllist.h /home/gsylvia/agrobot-reverse-engineering/Agrobot/build/lely_core_libraries/upstream/include/lely/util/endian.h /home/gsylvia/agrobot-reverse-engineering/Agrobot/build/lely_core_libraries/upstream/include/lely/util/errnum.h /home/gsylvia/agrobot-reverse-engineering/Agrobot/build/lely_core_libraries/upstream/include/lely/util/error.hpp /home/gsylvia/agrobot-reverse-engineering/Agrobot/build/lely_core_libraries/upstream/include/lely/util/exception.hpp /home/gsylvia/agrobot-reverse-engineering/Agrobot/build/lely_core_libraries/upstream/include/lely/util/fiber.h /home/gsylvia/agrobot-reverse-engineering/Agrobot/build/lely_core_libraries/upstream/include/lely/util/fiber.hpp /home/gsylvia/agrobot-reverse-engineering/Agrobot/build/lely_core_libraries/upstream/include/lely/util/float.h /home/gsylvia/agrobot-reverse-engineering/Agrobot/build/lely_core_libraries/upstream/include/lely/util/frbuf.h /home/gsylvia/agrobot-reverse-engineering/Agrobot/build/lely_core_libraries/upstream/include/lely/util/fwbuf.h /home/gsylvia/agrobot-reverse-engineering/Agrobot/build/lely_core_libraries/upstream/include/lely/util/invoker.hpp /home/gsylvia/agrobot-reverse-engineering/Agrobot/build/lely_core_libraries/upstream/include/lely/util/lex.h /home/gsylvia/agrobot-reverse-engineering/Agrobot/build/lely_core_libraries/upstream/include/lely/util/membuf.h /home/gsylvia/agrobot-reverse-engineering/Agrobot/build/lely_core_libraries/upstream/include/lely/util/mutex.hpp /home/gsylvia/agrobot-reverse-engineering/Agrobot/build/lely_core_libraries/upstream/include/lely/util/pheap.h /home/gsylvia/agrobot-reverse-engineering/Agrobot/build/lely_core_libraries/upstream/include/lely/util/print.h /home/gsylvia/agrobot-reverse-engineering/Agrobot/build/lely_core_libraries/upstream/include/lely/util/rbtree.h /home/gsylvia/agrobot-reverse-engineering/Agrobot/build/lely_core_libraries/upstream/include/lely/util/result.hpp /home/gsylvia/agrobot-reverse-engineering/Agrobot/build/lely_core_libraries/upstream/include/lely/util/stop.h /home/gsylvia/agrobot-reverse-engineering/Agrobot/build/lely_core_libraries/upstream/include/lely/util/stop.hpp /home/gsylvia/agrobot-reverse-engineering/Agrobot/build/lely_core_libraries/upstream/include/lely/util/time.h /home/gsylvia/agrobot-reverse-engineering/Agrobot/build/lely_core_libraries/upstream/include/lely/util/ustring.h /home/gsylvia/agrobot-reverse-engineering/Agrobot/build/lely_core_libraries/upstream/include/lely/util/util.h '/home/gsylvia/agrobot-reverse-engineering/Agrobot/install/lely_core_libraries/include/lely/util'
[9.202s]  /usr/bin/mkdir -p '/home/gsylvia/agrobot-reverse-engineering/Agrobot/install/lely_core_libraries/include/lely/co/detail'
[9.203s]  /usr/bin/install -c -m 644  /home/gsylvia/agrobot-reverse-engineering/Agrobot/build/lely_core_libraries/upstream/include/lely/co/detail/dev.h /home/gsylvia/agrobot-reverse-engineering/Agrobot/build/lely_core_libraries/upstream/include/lely/co/detail/obj.h '/home/gsylvia/agrobot-reverse-engineering/Agrobot/install/lely_core_libraries/include/lely/co/detail'
[9.205s]  /usr/bin/mkdir -p '/home/gsylvia/agrobot-reverse-engineering/Agrobot/install/lely_core_libraries/include/lely/io2/posix'
[9.206s]  /usr/bin/install -c -m 644  /home/gsylvia/agrobot-reverse-engineering/Agrobot/build/lely_core_libraries/upstream/include/lely/io2/posix/poll.h /home/gsylvia/agrobot-reverse-engineering/Agrobot/build/lely_core_libraries/upstream/include/lely/io2/posix/poll.hpp '/home/gsylvia/agrobot-reverse-engineering/Agrobot/install/lely_core_libraries/include/lely/io2/posix'
[9.209s]  /usr/bin/mkdir -p '/home/gsylvia/agrobot-reverse-engineering/Agrobot/install/lely_core_libraries/include/lely/util/def'
[9.209s]  /usr/bin/install -c -m 644  /home/gsylvia/agrobot-reverse-engineering/Agrobot/build/lely_core_libraries/upstream/include/lely/util/def/type.def '/home/gsylvia/agrobot-reverse-engineering/Agrobot/install/lely_core_libraries/include/lely/util/def'
[9.211s]  /usr/bin/mkdir -p '/home/gsylvia/agrobot-reverse-engineering/Agrobot/install/lely_core_libraries/include/lely/io2/user'
[9.212s]  /usr/bin/install -c -m 644  /home/gsylvia/agrobot-reverse-engineering/Agrobot/build/lely_core_libraries/upstream/include/lely/io2/user/can.h /home/gsylvia/agrobot-reverse-engineering/Agrobot/build/lely_core_libraries/upstream/include/lely/io2/user/can.hpp /home/gsylvia/agrobot-reverse-engineering/Agrobot/build/lely_core_libraries/upstream/include/lely/io2/user/timer.h /home/gsylvia/agrobot-reverse-engineering/Agrobot/build/lely_core_libraries/upstream/include/lely/io2/user/timer.hpp '/home/gsylvia/agrobot-reverse-engineering/Agrobot/install/lely_core_libraries/include/lely/io2/user'
[9.214s]  /usr/bin/mkdir -p '/home/gsylvia/agrobot-reverse-engineering/Agrobot/install/lely_core_libraries/include/lely/io2/can'
[9.215s]  /usr/bin/install -c -m 644  /home/gsylvia/agrobot-reverse-engineering/Agrobot/build/lely_core_libraries/upstream/include/lely/io2/can/err.h /home/gsylvia/agrobot-reverse-engineering/Agrobot/build/lely_core_libraries/upstream/include/lely/io2/can/err.hpp /home/gsylvia/agrobot-reverse-engineering/Agrobot/build/lely_core_libraries/upstream/include/lely/io2/can/msg.h /home/gsylvia/agrobot-reverse-engineering/Agrobot/build/lely_core_libraries/upstream/include/lely/io2/can/msg.hpp '/home/gsylvia/agrobot-reverse-engineering/Agrobot/install/lely_core_libraries/include/lely/io2/can'
[9.218s]  /usr/bin/mkdir -p '/home/gsylvia/agrobot-reverse-engineering/Agrobot/install/lely_core_libraries/include/lely/co/def'
[9.219s]  /usr/bin/install -c -m 644  /home/gsylvia/agrobot-reverse-engineering/Agrobot/build/lely_core_libraries/upstream/include/lely/co/def/array.def /home/gsylvia/agrobot-reverse-engineering/Agrobot/build/lely_core_libraries/upstream/include/lely/co/def/basic.def /home/gsylvia/agrobot-reverse-engineering/Agrobot/build/lely_core_libraries/upstream/include/lely/co/def/cxx.def /home/gsylvia/agrobot-reverse-engineering/Agrobot/build/lely_core_libraries/upstream/include/lely/co/def/time.def /home/gsylvia/agrobot-reverse-engineering/Agrobot/build/lely_core_libraries/upstream/include/lely/co/def/type.def '/home/gsylvia/agrobot-reverse-engineering/Agrobot/install/lely_core_libraries/include/lely/co/def'
[9.222s]  /usr/bin/mkdir -p '/home/gsylvia/agrobot-reverse-engineering/Agrobot/install/lely_core_libraries/include/lely/io'
[9.223s]  /usr/bin/install -c -m 644  /home/gsylvia/agrobot-reverse-engineering/Agrobot/build/lely_core_libraries/upstream/include/lely/io/addr.h /home/gsylvia/agrobot-reverse-engineering/Agrobot/build/lely_core_libraries/upstream/include/lely/io/attr.h /home/gsylvia/agrobot-reverse-engineering/Agrobot/build/lely_core_libraries/upstream/include/lely/io/can.h /home/gsylvia/agrobot-reverse-engineering/Agrobot/build/lely_core_libraries/upstream/include/lely/io/can.hpp /home/gsylvia/agrobot-reverse-engineering/Agrobot/build/lely_core_libraries/upstream/include/lely/io/file.h /home/gsylvia/agrobot-reverse-engineering/Agrobot/build/lely_core_libraries/upstream/include/lely/io/file.hpp /home/gsylvia/agrobot-reverse-engineering/Agrobot/build/lely_core_libraries/upstream/include/lely/io/if.h /home/gsylvia/agrobot-reverse-engineering/Agrobot/build/lely_core_libraries/upstream/include/lely/io/io.h /home/gsylvia/agrobot-reverse-engineering/Agrobot/build/lely_core_libraries/upstream/include/lely/io/io.hpp /home/gsylvia/agrobot-reverse-engineering/Agrobot/build/lely_core_libraries/upstream/include/lely/io/pipe.h /home/gsylvia/agrobot-reverse-engineering/Agrobot/build/lely_core_libraries/upstream/include/lely/io/pipe.hpp /home/gsylvia/agrobot-reverse-engineering/Agrobot/build/lely_core_libraries/upstream/include/lely/io/poll.h /home/gsylvia/agrobot-reverse-engineering/Agrobot/build/lely_core_libraries/upstream/include/lely/io/poll.hpp /home/gsylvia/agrobot-reverse-engineering/Agrobot/build/lely_core_libraries/upstream/include/lely/io/serial.h /home/gsylvia/agrobot-reverse-engineering/Agrobot/build/lely_core_libraries/upstream/include/lely/io/serial.hpp /home/gsylvia/agrobot-reverse-engineering/Agrobot/build/lely_core_libraries/upstream/include/lely/io/sock.h /home/gsylvia/agrobot-reverse-engineering/Agrobot/build/lely_core_libraries/upstream/include/lely/io/sock.hpp '/home/gsylvia/agrobot-reverse-engineering/Agrobot/install/lely_core_libraries/include/lely/io'
[9.231s]  /usr/bin/mkdir -p '/home/gsylvia/agrobot-reverse-engineering/Agrobot/install/lely_core_libraries/include/lely/tap'
[9.231s]  /usr/bin/install -c -m 644  /home/gsylvia/agrobot-reverse-engineering/Agrobot/build/lely_core_libraries/upstream/include/lely/tap/tap.h '/home/gsylvia/agrobot-reverse-engineering/Agrobot/install/lely_core_libraries/include/lely/tap'
[9.234s]  /usr/bin/mkdir -p '/home/gsylvia/agrobot-reverse-engineering/Agrobot/install/lely_core_libraries/include/lely/libc/sys'
[9.234s]  /usr/bin/install -c -m 644  /home/gsylvia/agrobot-reverse-engineering/Agrobot/build/lely_core_libraries/upstream/include/lely/libc/sys/types.h '/home/gsylvia/agrobot-reverse-engineering/Agrobot/install/lely_core_libraries/include/lely/libc/sys'
[9.236s]  /usr/bin/mkdir -p '/home/gsylvia/agrobot-reverse-engineering/Agrobot/install/lely_core_libraries/include/lely/io2'
[9.238s]  /usr/bin/install -c -m 644  /home/gsylvia/agrobot-reverse-engineering/Agrobot/build/lely_core_libraries/upstream/include/lely/io2/can.h /home/gsylvia/agrobot-reverse-engineering/Agrobot/build/lely_core_libraries/upstream/include/lely/io2/can.hpp /home/gsylvia/agrobot-reverse-engineering/Agrobot/build/lely_core_libraries/upstream/include/lely/io2/can_net.h /home/gsylvia/agrobot-reverse-engineering/Agrobot/build/lely_core_libraries/upstream/include/lely/io2/can_net.hpp /home/gsylvia/agrobot-reverse-engineering/Agrobot/build/lely_core_libraries/upstream/include/lely/io2/can_rt.h /home/gsylvia/agrobot-reverse-engineering/Agrobot/build/lely_core_libraries/upstream/include/lely/io2/can_rt.hpp /home/gsylvia/agrobot-reverse-engineering/Agrobot/build/lely_core_libraries/upstream/include/lely/io2/clock.h /home/gsylvia/agrobot-reverse-engineering/Agrobot/build/lely_core_libraries/upstream/include/lely/io2/clock.hpp /home/gsylvia/agrobot-reverse-engineering/Agrobot/build/lely_core_libraries/upstream/include/lely/io2/co_can.hpp /home/gsylvia/agrobot-reverse-engineering/Agrobot/build/lely_core_libraries/upstream/include/lely/io2/co_can_rt.hpp /home/gsylvia/agrobot-reverse-engineering/Agrobot/build/lely_core_libraries/upstream/include/lely/io2/co_sigset.hpp /home/gsylvia/agrobot-reverse-engineering/Agrobot/build/lely_core_libraries/upstream/include/lely/io2/co_timer.hpp /home/gsylvia/agrobot-reverse-engineering/Agrobot/build/lely_core_libraries/upstream/include/lely/io2/co_tqueue.hpp /home/gsylvia/agrobot-reverse-engineering/Agrobot/build/lely_core_libraries/upstream/include/lely/io2/ctx.h /home/gsylvia/agrobot-reverse-engineering/Agrobot/build/lely_core_libraries/upstream/include/lely/io2/ctx.hpp /home/gsylvia/agrobot-reverse-engineering/Agrobot/build/lely_core_libraries/upstream/include/lely/io2/dev.h /home/gsylvia/agrobot-reverse-engineering/Agrobot/build/lely_core_libraries/upstream/include/lely/io2/dev.hpp /home/gsylvia/agrobot-reverse-engineering/Agrobot/build/lely_core_libraries/upstream/include/lely/io2/event.h /home/gsylvia/agrobot-reverse-engineering/Agrobot/build/lely_core_libraries/upstream/include/lely/io2/event.hpp /home/gsylvia/agrobot-reverse-engineering/Agrobot/build/lely_core_libraries/upstream/include/lely/io2/io2.h /home/gsylvia/agrobot-reverse-engineering/Agrobot/build/lely_core_libraries/upstream/include/lely/io2/sigset.h /home/gsylvia/agrobot-reverse-engineering/Agrobot/build/lely_core_libraries/upstream/include/lely/io2/sigset.hpp /home/gsylvia/agrobot-reverse-engineering/Agrobot/build/lely_core_libraries/upstream/include/lely/io2/timer.h /home/gsylvia/agrobot-reverse-engineering/Agrobot/build/lely_core_libraries/upstream/include/lely/io2/timer.hpp /home/gsylvia/agrobot-reverse-engineering/Agrobot/build/lely_core_libraries/upstream/include/lely/io2/tqueue.h /home/gsylvia/agrobot-reverse-engineering/Agrobot/build/lely_core_libraries/upstream/include/lely/io2/tqueue.hpp /home/gsylvia/agrobot-reverse-engineering/Agrobot/build/lely_core_libraries/upstream/include/lely/io2/vcan.h /home/gsylvia/agrobot-reverse-engineering/Agrobot/build/lely_core_libraries/upstream/include/lely/io2/vcan.hpp '/home/gsylvia/agrobot-reverse-engineering/Agrobot/install/lely_core_libraries/include/lely/io2'
[9.247s]  /usr/bin/mkdir -p '/home/gsylvia/agrobot-reverse-engineering/Agrobot/install/lely_core_libraries/include/lely'
[9.248s]  /usr/bin/install -c -m 644  /home/gsylvia/agrobot-reverse-engineering/Agrobot/build/lely_core_libraries/upstream/include/lely/features.h '/home/gsylvia/agrobot-reverse-engineering/Agrobot/install/lely_core_libraries/include/lely'
[9.251s] gmake[2]: Leaving directory '/home/gsylvia/agrobot-reverse-engineering/Agrobot/build/lely_core_libraries/build/include'
[9.251s] gmake[1]: Leaving directory '/home/gsylvia/agrobot-reverse-engineering/Agrobot/build/lely_core_libraries/build/include'
[9.251s] Making install in src
[9.252s] gmake[1]: Entering directory '/home/gsylvia/agrobot-reverse-engineering/Agrobot/build/lely_core_libraries/build/src'
[9.256s] Making install in libc
[9.261s] gmake[2]: Entering directory '/home/gsylvia/agrobot-reverse-engineering/Agrobot/build/lely_core_libraries/build/src/libc'
[9.268s] gmake[3]: Entering directory '/home/gsylvia/agrobot-reverse-engineering/Agrobot/build/lely_core_libraries/build/src/libc'
[9.268s]  /usr/bin/mkdir -p '/home/gsylvia/agrobot-reverse-engineering/Agrobot/install/lely_core_libraries/lib'
[9.269s]  /bin/bash ../../libtool   --mode=install /usr/bin/install -c   liblely-libc.la '/home/gsylvia/agrobot-reverse-engineering/Agrobot/install/lely_core_libraries/lib'
[9.291s] libtool: install: /usr/bin/install -c .libs/liblely-libc.so.2.4.0 /home/gsylvia/agrobot-reverse-engineering/Agrobot/install/lely_core_libraries/lib/liblely-libc.so.2.4.0
[9.293s] libtool: install: (cd /home/gsylvia/agrobot-reverse-engineering/Agrobot/install/lely_core_libraries/lib && { ln -s -f liblely-libc.so.2.4.0 liblely-libc.so.2 || { rm -f liblely-libc.so.2 && ln -s liblely-libc.so.2.4.0 liblely-libc.so.2; }; })
[9.296s] libtool: install: (cd /home/gsylvia/agrobot-reverse-engineering/Agrobot/install/lely_core_libraries/lib && { ln -s -f liblely-libc.so.2.4.0 liblely-libc.so || { rm -f liblely-libc.so && ln -s liblely-libc.so.2.4.0 liblely-libc.so; }; })
[9.300s] libtool: install: /usr/bin/install -c .libs/liblely-libc.lai /home/gsylvia/agrobot-reverse-engineering/Agrobot/install/lely_core_libraries/lib/liblely-libc.la
[9.323s] libtool: finish: PATH="/home/gsylvia/.local/bin:/home/gsylvia/.vscode-server/bin/7debcd0e2acdea1c52de81bf9ee1620444407dda/bin/remote-cli:/home/gsylvia/.local/bin:/home/gsylvia/.local/bin:/opt/ros/jazzy/opt/gz_msgs_vendor/bin:/opt/ros/jazzy/opt/gz_tools_vendor/bin:/opt/ros/jazzy/opt/gz_ogre_next_vendor/bin:/opt/ros/jazzy/bin:/usr/local/sbin:/usr/local/bin:/usr/sbin:/usr/bin:/sbin:/bin:/usr/games:/usr/local/games:/usr/lib/wsl/lib:/mnt/c/Windows/system32:/mnt/c/Windows:/mnt/c/Windows/System32/Wbem:/mnt/c/Windows/System32/WindowsPowerShell/v1.0/:/mnt/c/Windows/System32/OpenSSH/:/mnt/c/Program Files/NVIDIA Corporation/NVIDIA app/NvDLISR:/mnt/c/Program Files/dotnet/:/mnt/c/Program Files/MATLAB/R2025a/bin:/mnt/c/Program Files (x86)/Windows Kits/8.1/Windows Performance Toolkit/:/mnt/c/Program Files/Mullvad VPN/resources:/mnt/c/Users/grsga/AppData/Local/Programs/OpenAI/Codex/bin:/mnt/c/Users/grsga/AppData/Local/Programs/Python/Python312/Scripts/:/mnt/c/Users/grsga/AppData/Local/Programs/Python/Python312/:/mnt/c/Users/grsga/AppData/Local/Programs/Python/Launcher/:/mnt/c/Users/grsga/.cargo/bin:/mnt/c/Users/grsga/.local/bin:/mnt/c/Users/grsga/scoop/apps/mpv/current:/mnt/c/Users/grsga/scoop/shims:/mnt/c/Users/grsga/AppData/Local/Microsoft/WindowsApps:/mnt/c/Users/grsga/AppData/Local/Programs/Ollama:/mnt/c/Users/grsga/AppData/Local/Programs/Microsoft VS Code/bin:/mnt/c/Users/grsga/AppData/Local/Microsoft/WinGet/Packages/DenoLand.Deno_Microsoft.Winget.Source_8wekyb3d8bbwe:/mnt/c/Users/grsga/AppData/Local/Microsoft/WinGet/Packages/yt-dlp.FFmpeg_Microsoft.Winget.Source_8wekyb3d8bbwe/ffmpeg-N-124716-g054dffd133-win64-gpl/bin:/mnt/c/Users/grsga/AppData/Local/Microsoft/WinGet/Packages/yt-dlp.yt-dlp_Microsoft.Winget.Source_8wekyb3d8bbwe:/mnt/c/Program Files/qemu:/mnt/c/Users/grsga/AppData/Local/Microsoft/WinGet/Packages/BurntSushi.ripgrep.MSVC_Microsoft.Winget.Source_8wekyb3d8bbwe/ripgrep-15.2.0-x86_64-pc-windows-msvc:/mnt/c/Users/grsga/AppData/Local/Programs/Cua/cua-driver/bin:/snap/bin:/home/gsylvia/.lmstudio/bin:/home/gsylvia/.lmstudio/bin:/home/gsylvia/.lmstudio/bin:/sbin" ldconfig -n /home/gsylvia/agrobot-reverse-engineering/Agrobot/install/lely_core_libraries/lib
[9.336s] ----------------------------------------------------------------------
[9.336s] Libraries have been installed in:
[9.336s]    /home/gsylvia/agrobot-reverse-engineering/Agrobot/install/lely_core_libraries/lib
[9.336s] 
[9.336s] If you ever happen to want to link against installed libraries
[9.336s] in a given directory, LIBDIR, you must either use libtool, and
[9.336s] specify the full pathname of the library, or use the '-LLIBDIR'
[9.336s] flag during linking and do at least one of the following:
[9.336s]    - add LIBDIR to the 'LD_LIBRARY_PATH' environment variable
[9.336s]      during execution
[9.336s]    - add LIBDIR to the 'LD_RUN_PATH' environment variable
[9.336s]      during linking
[9.336s]    - use the '-Wl,-rpath -Wl,LIBDIR' linker flag
[9.336s]    - have your system administrator add LIBDIR to '/etc/ld.so.conf'
[9.336s] 
[9.336s] See any operating system documentation about shared libraries for
[9.336s] more information, such as the ld(1) and ld.so(8) manual pages.
[9.336s] ----------------------------------------------------------------------
[9.339s] gmake[3]: Leaving directory '/home/gsylvia/agrobot-reverse-engineering/Agrobot/build/lely_core_libraries/build/src/libc'
[9.339s] gmake[2]: Leaving directory '/home/gsylvia/agrobot-reverse-engineering/Agrobot/build/lely_core_libraries/build/src/libc'
[9.339s] Making install in tap
[9.342s] gmake[2]: Entering directory '/home/gsylvia/agrobot-reverse-engineering/Agrobot/build/lely_core_libraries/build/src/tap'
[9.347s] gmake[3]: Entering directory '/home/gsylvia/agrobot-reverse-engineering/Agrobot/build/lely_core_libraries/build/src/tap'
[9.348s]  /usr/bin/mkdir -p '/home/gsylvia/agrobot-reverse-engineering/Agrobot/install/lely_core_libraries/lib'
[9.349s]  /bin/bash ../../libtool   --mode=install /usr/bin/install -c   liblely-tap.la '/home/gsylvia/agrobot-reverse-engineering/Agrobot/install/lely_core_libraries/lib'
[9.374s] libtool: warning: relinking 'liblely-tap.la'
[9.376s] libtool: install: (cd /home/gsylvia/agrobot-reverse-engineering/Agrobot/build/lely_core_libraries/build/src/tap; /bin/bash "/home/gsylvia/agrobot-reverse-engineering/Agrobot/build/lely_core_libraries/build/libtool"  --silent --tag CC --mode=relink gcc -Wall -Wextra -pedantic -Werror -Wno-static-in-inline -pthread -g -O2 -no-undefined -version-number 2:4:0 -Wl,--as-needed -o liblely-tap.la -rpath /home/gsylvia/agrobot-reverse-engineering/Agrobot/install/lely_core_libraries/lib liblely_tap_la-tap.lo ../../src/libc/liblely-libc.la -lpthread )
[9.523s] libtool: install: /usr/bin/install -c .libs/liblely-tap.so.2.4.0T /home/gsylvia/agrobot-reverse-engineering/Agrobot/install/lely_core_libraries/lib/liblely-tap.so.2.4.0
[9.526s] libtool: install: (cd /home/gsylvia/agrobot-reverse-engineering/Agrobot/install/lely_core_libraries/lib && { ln -s -f liblely-tap.so.2.4.0 liblely-tap.so.2 || { rm -f liblely-tap.so.2 && ln -s liblely-tap.so.2.4.0 liblely-tap.so.2; }; })
[9.528s] libtool: install: (cd /home/gsylvia/agrobot-reverse-engineering/Agrobot/install/lely_core_libraries/lib && { ln -s -f liblely-tap.so.2.4.0 liblely-tap.so || { rm -f liblely-tap.so && ln -s liblely-tap.so.2.4.0 liblely-tap.so; }; })
[9.533s] libtool: install: /usr/bin/install -c .libs/liblely-tap.lai /home/gsylvia/agrobot-reverse-engineering/Agrobot/install/lely_core_libraries/lib/liblely-tap.la
[9.555s] libtool: finish: PATH="/home/gsylvia/.local/bin:/home/gsylvia/.vscode-server/bin/7debcd0e2acdea1c52de81bf9ee1620444407dda/bin/remote-cli:/home/gsylvia/.local/bin:/home/gsylvia/.local/bin:/opt/ros/jazzy/opt/gz_msgs_vendor/bin:/opt/ros/jazzy/opt/gz_tools_vendor/bin:/opt/ros/jazzy/opt/gz_ogre_next_vendor/bin:/opt/ros/jazzy/bin:/usr/local/sbin:/usr/local/bin:/usr/sbin:/usr/bin:/sbin:/bin:/usr/games:/usr/local/games:/usr/lib/wsl/lib:/mnt/c/Windows/system32:/mnt/c/Windows:/mnt/c/Windows/System32/Wbem:/mnt/c/Windows/System32/WindowsPowerShell/v1.0/:/mnt/c/Windows/System32/OpenSSH/:/mnt/c/Program Files/NVIDIA Corporation/NVIDIA app/NvDLISR:/mnt/c/Program Files/dotnet/:/mnt/c/Program Files/MATLAB/R2025a/bin:/mnt/c/Program Files (x86)/Windows Kits/8.1/Windows Performance Toolkit/:/mnt/c/Program Files/Mullvad VPN/resources:/mnt/c/Users/grsga/AppData/Local/Programs/OpenAI/Codex/bin:/mnt/c/Users/grsga/AppData/Local/Programs/Python/Python312/Scripts/:/mnt/c/Users/grsga/AppData/Local/Programs/Python/Python312/:/mnt/c/Users/grsga/AppData/Local/Programs/Python/Launcher/:/mnt/c/Users/grsga/.cargo/bin:/mnt/c/Users/grsga/.local/bin:/mnt/c/Users/grsga/scoop/apps/mpv/current:/mnt/c/Users/grsga/scoop/shims:/mnt/c/Users/grsga/AppData/Local/Microsoft/WindowsApps:/mnt/c/Users/grsga/AppData/Local/Programs/Ollama:/mnt/c/Users/grsga/AppData/Local/Programs/Microsoft VS Code/bin:/mnt/c/Users/grsga/AppData/Local/Microsoft/WinGet/Packages/DenoLand.Deno_Microsoft.Winget.Source_8wekyb3d8bbwe:/mnt/c/Users/grsga/AppData/Local/Microsoft/WinGet/Packages/yt-dlp.FFmpeg_Microsoft.Winget.Source_8wekyb3d8bbwe/ffmpeg-N-124716-g054dffd133-win64-gpl/bin:/mnt/c/Users/grsga/AppData/Local/Microsoft/WinGet/Packages/yt-dlp.yt-dlp_Microsoft.Winget.Source_8wekyb3d8bbwe:/mnt/c/Program Files/qemu:/mnt/c/Users/grsga/AppData/Local/Microsoft/WinGet/Packages/BurntSushi.ripgrep.MSVC_Microsoft.Winget.Source_8wekyb3d8bbwe/ripgrep-15.2.0-x86_64-pc-windows-msvc:/mnt/c/Users/grsga/AppData/Local/Programs/Cua/cua-driver/bin:/snap/bin:/home/gsylvia/.lmstudio/bin:/home/gsylvia/.lmstudio/bin:/home/gsylvia/.lmstudio/bin:/sbin" ldconfig -n /home/gsylvia/agrobot-reverse-engineering/Agrobot/install/lely_core_libraries/lib
[9.557s] ----------------------------------------------------------------------
[9.557s] Libraries have been installed in:
[9.557s]    /home/gsylvia/agrobot-reverse-engineering/Agrobot/install/lely_core_libraries/lib
[9.557s] 
[9.557s] If you ever happen to want to link against installed libraries
[9.557s] in a given directory, LIBDIR, you must either use libtool, and
[9.557s] specify the full pathname of the library, or use the '-LLIBDIR'
[9.557s] flag during linking and do at least one of the following:
[9.557s]    - add LIBDIR to the 'LD_LIBRARY_PATH' environment variable
[9.557s]      during execution
[9.557s]    - add LIBDIR to the 'LD_RUN_PATH' environment variable
[9.557s]      during linking
[9.557s]    - use the '-Wl,-rpath -Wl,LIBDIR' linker flag
[9.557s]    - have your system administrator add LIBDIR to '/etc/ld.so.conf'
[9.557s] 
[9.557s] See any operating system documentation about shared libraries for
[9.557s] more information, such as the ld(1) and ld.so(8) manual pages.
[9.557s] ----------------------------------------------------------------------
[9.559s] gmake[3]: Leaving directory '/home/gsylvia/agrobot-reverse-engineering/Agrobot/build/lely_core_libraries/build/src/tap'
[9.559s] gmake[2]: Leaving directory '/home/gsylvia/agrobot-reverse-engineering/Agrobot/build/lely_core_libraries/build/src/tap'
[9.559s] Making install in util
[9.575s] gmake[2]: Entering directory '/home/gsylvia/agrobot-reverse-engineering/Agrobot/build/lely_core_libraries/build/src/util'
[9.591s] gmake[3]: Entering directory '/home/gsylvia/agrobot-reverse-engineering/Agrobot/build/lely_core_libraries/build/src/util'
[9.592s]  /usr/bin/mkdir -p '/home/gsylvia/agrobot-reverse-engineering/Agrobot/install/lely_core_libraries/lib'
[9.593s]  /bin/bash ../../libtool   --mode=install /usr/bin/install -c   liblely-util.la '/home/gsylvia/agrobot-reverse-engineering/Agrobot/install/lely_core_libraries/lib'
[9.618s] libtool: warning: relinking 'liblely-util.la'
[9.620s] libtool: install: (cd /home/gsylvia/agrobot-reverse-engineering/Agrobot/build/lely_core_libraries/build/src/util; /bin/bash "/home/gsylvia/agrobot-reverse-engineering/Agrobot/build/lely_core_libraries/build/libtool"  --silent --tag CXX --mode=relink g++ -std=gnu++11 -Wall -Wextra -pedantic -Werror -g -O2 -no-undefined -version-number 2:4:0 -Wl,--as-needed -o liblely-util.la -rpath /home/gsylvia/agrobot-reverse-engineering/Agrobot/install/lely_core_libraries/lib liblely_util_la-bimap.lo liblely_util_la-mkjmp.lo liblely_util_la-sllist.lo liblely_util_la-spscring.lo liblely_util_la-bits.lo liblely_util_la-bitset.lo liblely_util_la-cmp.lo liblely_util_la-config.lo liblely_util_la-config_ini.lo liblely_util_la-daemon.lo liblely_util_la-diag.lo liblely_util_la-dllist.lo liblely_util_la-endian.lo liblely_util_la-errnum.lo liblely_util_la-exception.lo liblely_util_la-fiber.lo liblely_util_la-frbuf.lo liblely_util_la-fwbuf.lo liblely_util_la-lex.lo liblely_util_la-membuf.lo liblely_util_la-pheap.lo liblely_util_la-print.lo liblely_util_la-rbtree.lo liblely_util_la-stop.lo liblely_util_la-time.lo liblely_util_la-ustring.lo ../../src/libc/liblely-libc.la -lm -lpthread )
[9.843s] libtool: install: /usr/bin/install -c .libs/liblely-util.so.2.4.0T /home/gsylvia/agrobot-reverse-engineering/Agrobot/install/lely_core_libraries/lib/liblely-util.so.2.4.0
[9.846s] libtool: install: (cd /home/gsylvia/agrobot-reverse-engineering/Agrobot/install/lely_core_libraries/lib && { ln -s -f liblely-util.so.2.4.0 liblely-util.so.2 || { rm -f liblely-util.so.2 && ln -s liblely-util.so.2.4.0 liblely-util.so.2; }; })
[9.849s] libtool: install: (cd /home/gsylvia/agrobot-reverse-engineering/Agrobot/install/lely_core_libraries/lib && { ln -s -f liblely-util.so.2.4.0 liblely-util.so || { rm -f liblely-util.so && ln -s liblely-util.so.2.4.0 liblely-util.so; }; })
[9.853s] libtool: install: /usr/bin/install -c .libs/liblely-util.lai /home/gsylvia/agrobot-reverse-engineering/Agrobot/install/lely_core_libraries/lib/liblely-util.la
[9.880s] libtool: finish: PATH="/home/gsylvia/.local/bin:/home/gsylvia/.vscode-server/bin/7debcd0e2acdea1c52de81bf9ee1620444407dda/bin/remote-cli:/home/gsylvia/.local/bin:/home/gsylvia/.local/bin:/opt/ros/jazzy/opt/gz_msgs_vendor/bin:/opt/ros/jazzy/opt/gz_tools_vendor/bin:/opt/ros/jazzy/opt/gz_ogre_next_vendor/bin:/opt/ros/jazzy/bin:/usr/local/sbin:/usr/local/bin:/usr/sbin:/usr/bin:/sbin:/bin:/usr/games:/usr/local/games:/usr/lib/wsl/lib:/mnt/c/Windows/system32:/mnt/c/Windows:/mnt/c/Windows/System32/Wbem:/mnt/c/Windows/System32/WindowsPowerShell/v1.0/:/mnt/c/Windows/System32/OpenSSH/:/mnt/c/Program Files/NVIDIA Corporation/NVIDIA app/NvDLISR:/mnt/c/Program Files/dotnet/:/mnt/c/Program Files/MATLAB/R2025a/bin:/mnt/c/Program Files (x86)/Windows Kits/8.1/Windows Performance Toolkit/:/mnt/c/Program Files/Mullvad VPN/resources:/mnt/c/Users/grsga/AppData/Local/Programs/OpenAI/Codex/bin:/mnt/c/Users/grsga/AppData/Local/Programs/Python/Python312/Scripts/:/mnt/c/Users/grsga/AppData/Local/Programs/Python/Python312/:/mnt/c/Users/grsga/AppData/Local/Programs/Python/Launcher/:/mnt/c/Users/grsga/.cargo/bin:/mnt/c/Users/grsga/.local/bin:/mnt/c/Users/grsga/scoop/apps/mpv/current:/mnt/c/Users/grsga/scoop/shims:/mnt/c/Users/grsga/AppData/Local/Microsoft/WindowsApps:/mnt/c/Users/grsga/AppData/Local/Programs/Ollama:/mnt/c/Users/grsga/AppData/Local/Programs/Microsoft VS Code/bin:/mnt/c/Users/grsga/AppData/Local/Microsoft/WinGet/Packages/DenoLand.Deno_Microsoft.Winget.Source_8wekyb3d8bbwe:/mnt/c/Users/grsga/AppData/Local/Microsoft/WinGet/Packages/yt-dlp.FFmpeg_Microsoft.Winget.Source_8wekyb3d8bbwe/ffmpeg-N-124716-g054dffd133-win64-gpl/bin:/mnt/c/Users/grsga/AppData/Local/Microsoft/WinGet/Packages/yt-dlp.yt-dlp_Microsoft.Winget.Source_8wekyb3d8bbwe:/mnt/c/Program Files/qemu:/mnt/c/Users/grsga/AppData/Local/Microsoft/WinGet/Packages/BurntSushi.ripgrep.MSVC_Microsoft.Winget.Source_8wekyb3d8bbwe/ripgrep-15.2.0-x86_64-pc-windows-msvc:/mnt/c/Users/grsga/AppData/Local/Programs/Cua/cua-driver/bin:/snap/bin:/home/gsylvia/.lmstudio/bin:/home/gsylvia/.lmstudio/bin:/home/gsylvia/.lmstudio/bin:/sbin" ldconfig -n /home/gsylvia/agrobot-reverse-engineering/Agrobot/install/lely_core_libraries/lib
[9.883s] ----------------------------------------------------------------------
[9.883s] Libraries have been installed in:
[9.883s]    /home/gsylvia/agrobot-reverse-engineering/Agrobot/install/lely_core_libraries/lib
[9.883s] 
[9.883s] If you ever happen to want to link against installed libraries
[9.883s] in a given directory, LIBDIR, you must either use libtool, and
[9.883s] specify the full pathname of the library, or use the '-LLIBDIR'
[9.883s] flag during linking and do at least one of the following:
[9.883s]    - add LIBDIR to the 'LD_LIBRARY_PATH' environment variable
[9.883s]      during execution
[9.883s]    - add LIBDIR to the 'LD_RUN_PATH' environment variable
[9.883s]      during linking
[9.883s]    - use the '-Wl,-rpath -Wl,LIBDIR' linker flag
[9.883s]    - have your system administrator add LIBDIR to '/etc/ld.so.conf'
[9.883s] 
[9.883s] See any operating system documentation about shared libraries for
[9.883s] more information, such as the ld(1) and ld.so(8) manual pages.
[9.883s] ----------------------------------------------------------------------
[9.887s] gmake[3]: Leaving directory '/home/gsylvia/agrobot-reverse-engineering/Agrobot/build/lely_core_libraries/build/src/util'
[9.887s] gmake[2]: Leaving directory '/home/gsylvia/agrobot-reverse-engineering/Agrobot/build/lely_core_libraries/build/src/util'
[9.887s] Making install in can
[9.895s] gmake[2]: Entering directory '/home/gsylvia/agrobot-reverse-engineering/Agrobot/build/lely_core_libraries/build/src/can'
[9.902s] gmake[3]: Entering directory '/home/gsylvia/agrobot-reverse-engineering/Agrobot/build/lely_core_libraries/build/src/can'
[9.903s]  /usr/bin/mkdir -p '/home/gsylvia/agrobot-reverse-engineering/Agrobot/install/lely_core_libraries/lib'
[9.903s]  /bin/bash ../../libtool   --mode=install /usr/bin/install -c   liblely-can.la '/home/gsylvia/agrobot-reverse-engineering/Agrobot/install/lely_core_libraries/lib'
[9.935s] libtool: warning: relinking 'liblely-can.la'
[9.937s] libtool: install: (cd /home/gsylvia/agrobot-reverse-engineering/Agrobot/build/lely_core_libraries/build/src/can; /bin/bash "/home/gsylvia/agrobot-reverse-engineering/Agrobot/build/lely_core_libraries/build/libtool"  --silent --tag CC --mode=relink gcc -Wall -Wextra -pedantic -Werror -Wno-static-in-inline -pthread -g -O2 -no-undefined -version-number 1:9:2 -Wl,--as-needed -o liblely-can.la -rpath /home/gsylvia/agrobot-reverse-engineering/Agrobot/install/lely_core_libraries/lib liblely_can_la-buf.lo liblely_can_la-msg.lo liblely_can_la-net.lo liblely_can_la-socket.lo ../../src/libc/liblely-libc.la ../../src/util/liblely-util.la -lpthread )
[10.120s] libtool: install: /usr/bin/install -c .libs/liblely-can.so.1.9.2T /home/gsylvia/agrobot-reverse-engineering/Agrobot/install/lely_core_libraries/lib/liblely-can.so.1.9.2
[10.122s] libtool: install: (cd /home/gsylvia/agrobot-reverse-engineering/Agrobot/install/lely_core_libraries/lib && { ln -s -f liblely-can.so.1.9.2 liblely-can.so.1 || { rm -f liblely-can.so.1 && ln -s liblely-can.so.1.9.2 liblely-can.so.1; }; })
[10.125s] libtool: install: (cd /home/gsylvia/agrobot-reverse-engineering/Agrobot/install/lely_core_libraries/lib && { ln -s -f liblely-can.so.1.9.2 liblely-can.so || { rm -f liblely-can.so && ln -s liblely-can.so.1.9.2 liblely-can.so; }; })
[10.129s] libtool: install: /usr/bin/install -c .libs/liblely-can.lai /home/gsylvia/agrobot-reverse-engineering/Agrobot/install/lely_core_libraries/lib/liblely-can.la
[10.152s] libtool: finish: PATH="/home/gsylvia/.local/bin:/home/gsylvia/.vscode-server/bin/7debcd0e2acdea1c52de81bf9ee1620444407dda/bin/remote-cli:/home/gsylvia/.local/bin:/home/gsylvia/.local/bin:/opt/ros/jazzy/opt/gz_msgs_vendor/bin:/opt/ros/jazzy/opt/gz_tools_vendor/bin:/opt/ros/jazzy/opt/gz_ogre_next_vendor/bin:/opt/ros/jazzy/bin:/usr/local/sbin:/usr/local/bin:/usr/sbin:/usr/bin:/sbin:/bin:/usr/games:/usr/local/games:/usr/lib/wsl/lib:/mnt/c/Windows/system32:/mnt/c/Windows:/mnt/c/Windows/System32/Wbem:/mnt/c/Windows/System32/WindowsPowerShell/v1.0/:/mnt/c/Windows/System32/OpenSSH/:/mnt/c/Program Files/NVIDIA Corporation/NVIDIA app/NvDLISR:/mnt/c/Program Files/dotnet/:/mnt/c/Program Files/MATLAB/R2025a/bin:/mnt/c/Program Files (x86)/Windows Kits/8.1/Windows Performance Toolkit/:/mnt/c/Program Files/Mullvad VPN/resources:/mnt/c/Users/grsga/AppData/Local/Programs/OpenAI/Codex/bin:/mnt/c/Users/grsga/AppData/Local/Programs/Python/Python312/Scripts/:/mnt/c/Users/grsga/AppData/Local/Programs/Python/Python312/:/mnt/c/Users/grsga/AppData/Local/Programs/Python/Launcher/:/mnt/c/Users/grsga/.cargo/bin:/mnt/c/Users/grsga/.local/bin:/mnt/c/Users/grsga/scoop/apps/mpv/current:/mnt/c/Users/grsga/scoop/shims:/mnt/c/Users/grsga/AppData/Local/Microsoft/WindowsApps:/mnt/c/Users/grsga/AppData/Local/Programs/Ollama:/mnt/c/Users/grsga/AppData/Local/Programs/Microsoft VS Code/bin:/mnt/c/Users/grsga/AppData/Local/Microsoft/WinGet/Packages/DenoLand.Deno_Microsoft.Winget.Source_8wekyb3d8bbwe:/mnt/c/Users/grsga/AppData/Local/Microsoft/WinGet/Packages/yt-dlp.FFmpeg_Microsoft.Winget.Source_8wekyb3d8bbwe/ffmpeg-N-124716-g054dffd133-win64-gpl/bin:/mnt/c/Users/grsga/AppData/Local/Microsoft/WinGet/Packages/yt-dlp.yt-dlp_Microsoft.Winget.Source_8wekyb3d8bbwe:/mnt/c/Program Files/qemu:/mnt/c/Users/grsga/AppData/Local/Microsoft/WinGet/Packages/BurntSushi.ripgrep.MSVC_Microsoft.Winget.Source_8wekyb3d8bbwe/ripgrep-15.2.0-x86_64-pc-windows-msvc:/mnt/c/Users/grsga/AppData/Local/Programs/Cua/cua-driver/bin:/snap/bin:/home/gsylvia/.lmstudio/bin:/home/gsylvia/.lmstudio/bin:/home/gsylvia/.lmstudio/bin:/sbin" ldconfig -n /home/gsylvia/agrobot-reverse-engineering/Agrobot/install/lely_core_libraries/lib
[10.153s] ----------------------------------------------------------------------
[10.153s] Libraries have been installed in:
[10.153s]    /home/gsylvia/agrobot-reverse-engineering/Agrobot/install/lely_core_libraries/lib
[10.153s] 
[10.153s] If you ever happen to want to link against installed libraries
[10.153s] in a given directory, LIBDIR, you must either use libtool, and
[10.153s] specify the full pathname of the library, or use the '-LLIBDIR'
[10.153s] flag during linking and do at least one of the following:
[10.154s]    - add LIBDIR to the 'LD_LIBRARY_PATH' environment variable
[10.154s]      during execution
[10.154s]    - add LIBDIR to the 'LD_RUN_PATH' environment variable
[10.154s]      during linking
[10.154s]    - use the '-Wl,-rpath -Wl,LIBDIR' linker flag
[10.154s]    - have your system administrator add LIBDIR to '/etc/ld.so.conf'
[10.154s] 
[10.154s] See any operating system documentation about shared libraries for
[10.154s] more information, such as the ld(1) and ld.so(8) manual pages.
[10.154s] ----------------------------------------------------------------------
[10.156s] gmake[3]: Leaving directory '/home/gsylvia/agrobot-reverse-engineering/Agrobot/build/lely_core_libraries/build/src/can'
[10.156s] gmake[2]: Leaving directory '/home/gsylvia/agrobot-reverse-engineering/Agrobot/build/lely_core_libraries/build/src/can'
[10.156s] Making install in co
[10.169s] gmake[2]: Entering directory '/home/gsylvia/agrobot-reverse-engineering/Agrobot/build/lely_core_libraries/build/src/co'
[10.182s] gmake[3]: Entering directory '/home/gsylvia/agrobot-reverse-engineering/Agrobot/build/lely_core_libraries/build/src/co'
[10.183s]  /usr/bin/mkdir -p '/home/gsylvia/agrobot-reverse-engineering/Agrobot/install/lely_core_libraries/lib'
[10.184s]  /bin/bash ../../libtool   --mode=install /usr/bin/install -c   liblely-co.la '/home/gsylvia/agrobot-reverse-engineering/Agrobot/install/lely_core_libraries/lib'
[10.211s] libtool: warning: relinking 'liblely-co.la'
[10.213s] libtool: install: (cd /home/gsylvia/agrobot-reverse-engineering/Agrobot/build/lely_core_libraries/build/src/co; /bin/bash "/home/gsylvia/agrobot-reverse-engineering/Agrobot/build/lely_core_libraries/build/libtool"  --silent --tag CC --mode=relink gcc -Wall -Wextra -pedantic -Werror -Wno-static-in-inline -pthread -g -O2 -no-undefined -version-number 2:4:0 -Wl,--as-needed -o liblely-co.la -rpath /home/gsylvia/agrobot-reverse-engineering/Agrobot/install/lely_core_libraries/lib liblely_co_la-crc.lo liblely_co_la-csdo.lo liblely_co_la-dcf.lo liblely_co_la-dev.lo liblely_co_la-emcy.lo liblely_co_la-gw.lo liblely_co_la-gw_txt.lo liblely_co_la-lss.lo liblely_co_la-nmt.lo liblely_co_la-nmt_boot.lo liblely_co_la-nmt_cfg.lo liblely_co_la-nmt_hb.lo liblely_co_la-nmt_srv.lo liblely_co_la-obj.lo liblely_co_la-pdo.lo liblely_co_la-rpdo.lo liblely_co_la-sdev.lo liblely_co_la-sdo.lo liblely_co_la-ssdo.lo liblely_co_la-sync.lo liblely_co_la-time.lo liblely_co_la-tpdo.lo liblely_co_la-type.lo liblely_co_la-val.lo liblely_co_la-wtm.lo ../../src/libc/liblely-libc.la ../../src/util/liblely-util.la ../../src/can/liblely-can.la -lpthread )
[10.459s] libtool: install: /usr/bin/install -c .libs/liblely-co.so.2.4.0T /home/gsylvia/agrobot-reverse-engineering/Agrobot/install/lely_core_libraries/lib/liblely-co.so.2.4.0
[10.462s] libtool: install: (cd /home/gsylvia/agrobot-reverse-engineering/Agrobot/install/lely_core_libraries/lib && { ln -s -f liblely-co.so.2.4.0 liblely-co.so.2 || { rm -f liblely-co.so.2 && ln -s liblely-co.so.2.4.0 liblely-co.so.2; }; })
[10.464s] libtool: install: (cd /home/gsylvia/agrobot-reverse-engineering/Agrobot/install/lely_core_libraries/lib && { ln -s -f liblely-co.so.2.4.0 liblely-co.so || { rm -f liblely-co.so && ln -s liblely-co.so.2.4.0 liblely-co.so; }; })
[10.468s] libtool: install: /usr/bin/install -c .libs/liblely-co.lai /home/gsylvia/agrobot-reverse-engineering/Agrobot/install/lely_core_libraries/lib/liblely-co.la
[10.490s] libtool: finish: PATH="/home/gsylvia/.local/bin:/home/gsylvia/.vscode-server/bin/7debcd0e2acdea1c52de81bf9ee1620444407dda/bin/remote-cli:/home/gsylvia/.local/bin:/home/gsylvia/.local/bin:/opt/ros/jazzy/opt/gz_msgs_vendor/bin:/opt/ros/jazzy/opt/gz_tools_vendor/bin:/opt/ros/jazzy/opt/gz_ogre_next_vendor/bin:/opt/ros/jazzy/bin:/usr/local/sbin:/usr/local/bin:/usr/sbin:/usr/bin:/sbin:/bin:/usr/games:/usr/local/games:/usr/lib/wsl/lib:/mnt/c/Windows/system32:/mnt/c/Windows:/mnt/c/Windows/System32/Wbem:/mnt/c/Windows/System32/WindowsPowerShell/v1.0/:/mnt/c/Windows/System32/OpenSSH/:/mnt/c/Program Files/NVIDIA Corporation/NVIDIA app/NvDLISR:/mnt/c/Program Files/dotnet/:/mnt/c/Program Files/MATLAB/R2025a/bin:/mnt/c/Program Files (x86)/Windows Kits/8.1/Windows Performance Toolkit/:/mnt/c/Program Files/Mullvad VPN/resources:/mnt/c/Users/grsga/AppData/Local/Programs/OpenAI/Codex/bin:/mnt/c/Users/grsga/AppData/Local/Programs/Python/Python312/Scripts/:/mnt/c/Users/grsga/AppData/Local/Programs/Python/Python312/:/mnt/c/Users/grsga/AppData/Local/Programs/Python/Launcher/:/mnt/c/Users/grsga/.cargo/bin:/mnt/c/Users/grsga/.local/bin:/mnt/c/Users/grsga/scoop/apps/mpv/current:/mnt/c/Users/grsga/scoop/shims:/mnt/c/Users/grsga/AppData/Local/Microsoft/WindowsApps:/mnt/c/Users/grsga/AppData/Local/Programs/Ollama:/mnt/c/Users/grsga/AppData/Local/Programs/Microsoft VS Code/bin:/mnt/c/Users/grsga/AppData/Local/Microsoft/WinGet/Packages/DenoLand.Deno_Microsoft.Winget.Source_8wekyb3d8bbwe:/mnt/c/Users/grsga/AppData/Local/Microsoft/WinGet/Packages/yt-dlp.FFmpeg_Microsoft.Winget.Source_8wekyb3d8bbwe/ffmpeg-N-124716-g054dffd133-win64-gpl/bin:/mnt/c/Users/grsga/AppData/Local/Microsoft/WinGet/Packages/yt-dlp.yt-dlp_Microsoft.Winget.Source_8wekyb3d8bbwe:/mnt/c/Program Files/qemu:/mnt/c/Users/grsga/AppData/Local/Microsoft/WinGet/Packages/BurntSushi.ripgrep.MSVC_Microsoft.Winget.Source_8wekyb3d8bbwe/ripgrep-15.2.0-x86_64-pc-windows-msvc:/mnt/c/Users/grsga/AppData/Local/Programs/Cua/cua-driver/bin:/snap/bin:/home/gsylvia/.lmstudio/bin:/home/gsylvia/.lmstudio/bin:/home/gsylvia/.lmstudio/bin:/sbin" ldconfig -n /home/gsylvia/agrobot-reverse-engineering/Agrobot/install/lely_core_libraries/lib
[10.491s] ----------------------------------------------------------------------
[10.491s] Libraries have been installed in:
[10.491s]    /home/gsylvia/agrobot-reverse-engineering/Agrobot/install/lely_core_libraries/lib
[10.491s] 
[10.491s] If you ever happen to want to link against installed libraries
[10.491s] in a given directory, LIBDIR, you must either use libtool, and
[10.491s] specify the full pathname of the library, or use the '-LLIBDIR'
[10.491s] flag during linking and do at least one of the following:
[10.491s]    - add LIBDIR to the 'LD_LIBRARY_PATH' environment variable
[10.491s]      during execution
[10.491s]    - add LIBDIR to the 'LD_RUN_PATH' environment variable
[10.491s]      during linking
[10.491s]    - use the '-Wl,-rpath -Wl,LIBDIR' linker flag
[10.491s]    - have your system administrator add LIBDIR to '/etc/ld.so.conf'
[10.491s] 
[10.491s] See any operating system documentation about shared libraries for
[10.491s] more information, such as the ld(1) and ld.so(8) manual pages.
[10.491s] ----------------------------------------------------------------------
[10.493s] gmake[3]: Leaving directory '/home/gsylvia/agrobot-reverse-engineering/Agrobot/build/lely_core_libraries/build/src/co'
[10.493s] gmake[2]: Leaving directory '/home/gsylvia/agrobot-reverse-engineering/Agrobot/build/lely_core_libraries/build/src/co'
[10.494s] Making install in io
[10.503s] gmake[2]: Entering directory '/home/gsylvia/agrobot-reverse-engineering/Agrobot/build/lely_core_libraries/build/src/io'
[10.514s] gmake[3]: Entering directory '/home/gsylvia/agrobot-reverse-engineering/Agrobot/build/lely_core_libraries/build/src/io'
[10.515s]  /usr/bin/mkdir -p '/home/gsylvia/agrobot-reverse-engineering/Agrobot/install/lely_core_libraries/lib'
[10.516s]  /bin/bash ../../libtool   --mode=install /usr/bin/install -c   liblely-io.la '/home/gsylvia/agrobot-reverse-engineering/Agrobot/install/lely_core_libraries/lib'
[10.540s] libtool: warning: relinking 'liblely-io.la'
[10.542s] libtool: install: (cd /home/gsylvia/agrobot-reverse-engineering/Agrobot/build/lely_core_libraries/build/src/io; /bin/bash "/home/gsylvia/agrobot-reverse-engineering/Agrobot/build/lely_core_libraries/build/libtool"  --silent --tag CC --mode=relink gcc -Wall -Wextra -pedantic -Werror -Wno-static-in-inline -pthread -g -O2 -no-undefined -version-number 1:9:2 -Wl,--as-needed -o liblely-io.la -rpath /home/gsylvia/agrobot-reverse-engineering/Agrobot/install/lely_core_libraries/lib liblely_io_la-addr.lo liblely_io_la-attr.lo liblely_io_la-can.lo liblely_io_la-file.lo liblely_io_la-handle.lo liblely_io_la-if.lo liblely_io_la-io.lo liblely_io_la-pipe.lo liblely_io_la-poll.lo liblely_io_la-rtnl.lo liblely_io_la-serial.lo liblely_io_la-sock.lo ../../src/libc/liblely-libc.la ../../src/util/liblely-util.la ../../src/can/liblely-can.la -lpthread )
[10.742s] libtool: install: /usr/bin/install -c .libs/liblely-io.so.1.9.2T /home/gsylvia/agrobot-reverse-engineering/Agrobot/install/lely_core_libraries/lib/liblely-io.so.1.9.2
[10.744s] libtool: install: (cd /home/gsylvia/agrobot-reverse-engineering/Agrobot/install/lely_core_libraries/lib && { ln -s -f liblely-io.so.1.9.2 liblely-io.so.1 || { rm -f liblely-io.so.1 && ln -s liblely-io.so.1.9.2 liblely-io.so.1; }; })
[10.747s] libtool: install: (cd /home/gsylvia/agrobot-reverse-engineering/Agrobot/install/lely_core_libraries/lib && { ln -s -f liblely-io.so.1.9.2 liblely-io.so || { rm -f liblely-io.so && ln -s liblely-io.so.1.9.2 liblely-io.so; }; })
[10.752s] libtool: install: /usr/bin/install -c .libs/liblely-io.lai /home/gsylvia/agrobot-reverse-engineering/Agrobot/install/lely_core_libraries/lib/liblely-io.la
[10.775s] libtool: finish: PATH="/home/gsylvia/.local/bin:/home/gsylvia/.vscode-server/bin/7debcd0e2acdea1c52de81bf9ee1620444407dda/bin/remote-cli:/home/gsylvia/.local/bin:/home/gsylvia/.local/bin:/opt/ros/jazzy/opt/gz_msgs_vendor/bin:/opt/ros/jazzy/opt/gz_tools_vendor/bin:/opt/ros/jazzy/opt/gz_ogre_next_vendor/bin:/opt/ros/jazzy/bin:/usr/local/sbin:/usr/local/bin:/usr/sbin:/usr/bin:/sbin:/bin:/usr/games:/usr/local/games:/usr/lib/wsl/lib:/mnt/c/Windows/system32:/mnt/c/Windows:/mnt/c/Windows/System32/Wbem:/mnt/c/Windows/System32/WindowsPowerShell/v1.0/:/mnt/c/Windows/System32/OpenSSH/:/mnt/c/Program Files/NVIDIA Corporation/NVIDIA app/NvDLISR:/mnt/c/Program Files/dotnet/:/mnt/c/Program Files/MATLAB/R2025a/bin:/mnt/c/Program Files (x86)/Windows Kits/8.1/Windows Performance Toolkit/:/mnt/c/Program Files/Mullvad VPN/resources:/mnt/c/Users/grsga/AppData/Local/Programs/OpenAI/Codex/bin:/mnt/c/Users/grsga/AppData/Local/Programs/Python/Python312/Scripts/:/mnt/c/Users/grsga/AppData/Local/Programs/Python/Python312/:/mnt/c/Users/grsga/AppData/Local/Programs/Python/Launcher/:/mnt/c/Users/grsga/.cargo/bin:/mnt/c/Users/grsga/.local/bin:/mnt/c/Users/grsga/scoop/apps/mpv/current:/mnt/c/Users/grsga/scoop/shims:/mnt/c/Users/grsga/AppData/Local/Microsoft/WindowsApps:/mnt/c/Users/grsga/AppData/Local/Programs/Ollama:/mnt/c/Users/grsga/AppData/Local/Programs/Microsoft VS Code/bin:/mnt/c/Users/grsga/AppData/Local/Microsoft/WinGet/Packages/DenoLand.Deno_Microsoft.Winget.Source_8wekyb3d8bbwe:/mnt/c/Users/grsga/AppData/Local/Microsoft/WinGet/Packages/yt-dlp.FFmpeg_Microsoft.Winget.Source_8wekyb3d8bbwe/ffmpeg-N-124716-g054dffd133-win64-gpl/bin:/mnt/c/Users/grsga/AppData/Local/Microsoft/WinGet/Packages/yt-dlp.yt-dlp_Microsoft.Winget.Source_8wekyb3d8bbwe:/mnt/c/Program Files/qemu:/mnt/c/Users/grsga/AppData/Local/Microsoft/WinGet/Packages/BurntSushi.ripgrep.MSVC_Microsoft.Winget.Source_8wekyb3d8bbwe/ripgrep-15.2.0-x86_64-pc-windows-msvc:/mnt/c/Users/grsga/AppData/Local/Programs/Cua/cua-driver/bin:/snap/bin:/home/gsylvia/.lmstudio/bin:/home/gsylvia/.lmstudio/bin:/home/gsylvia/.lmstudio/bin:/sbin" ldconfig -n /home/gsylvia/agrobot-reverse-engineering/Agrobot/install/lely_core_libraries/lib
[10.776s] ----------------------------------------------------------------------
[10.777s] Libraries have been installed in:
[10.777s]    /home/gsylvia/agrobot-reverse-engineering/Agrobot/install/lely_core_libraries/lib
[10.777s] 
[10.777s] If you ever happen to want to link against installed libraries
[10.777s] in a given directory, LIBDIR, you must either use libtool, and
[10.777s] specify the full pathname of the library, or use the '-LLIBDIR'
[10.777s] flag during linking and do at least one of the following:
[10.777s]    - add LIBDIR to the 'LD_LIBRARY_PATH' environment variable
[10.777s]      during execution
[10.777s]    - add LIBDIR to the 'LD_RUN_PATH' environment variable
[10.777s]      during linking
[10.777s]    - use the '-Wl,-rpath -Wl,LIBDIR' linker flag
[10.777s]    - have your system administrator add LIBDIR to '/etc/ld.so.conf'
[10.777s] 
[10.777s] See any operating system documentation about shared libraries for
[10.777s] more information, such as the ld(1) and ld.so(8) manual pages.
[10.777s] ----------------------------------------------------------------------
[10.779s] gmake[3]: Leaving directory '/home/gsylvia/agrobot-reverse-engineering/Agrobot/build/lely_core_libraries/build/src/io'
[10.779s] gmake[2]: Leaving directory '/home/gsylvia/agrobot-reverse-engineering/Agrobot/build/lely_core_libraries/build/src/io'
[10.779s] Making install in ev
[10.785s] gmake[2]: Entering directory '/home/gsylvia/agrobot-reverse-engineering/Agrobot/build/lely_core_libraries/build/src/ev'
[10.792s] gmake[3]: Entering directory '/home/gsylvia/agrobot-reverse-engineering/Agrobot/build/lely_core_libraries/build/src/ev'
[10.793s]  /usr/bin/mkdir -p '/home/gsylvia/agrobot-reverse-engineering/Agrobot/install/lely_core_libraries/lib'
[10.794s]  /bin/bash ../../libtool   --mode=install /usr/bin/install -c   liblely-ev.la '/home/gsylvia/agrobot-reverse-engineering/Agrobot/install/lely_core_libraries/lib'
[10.818s] libtool: warning: relinking 'liblely-ev.la'
[10.819s] libtool: install: (cd /home/gsylvia/agrobot-reverse-engineering/Agrobot/build/lely_core_libraries/build/src/ev; /bin/bash "/home/gsylvia/agrobot-reverse-engineering/Agrobot/build/lely_core_libraries/build/libtool"  --silent --tag CC --mode=relink gcc -Wall -Wextra -pedantic -Werror -Wno-static-in-inline -pthread -g -O2 -no-undefined -version-number 2:4:0 -Wl,--as-needed -o liblely-ev.la -rpath /home/gsylvia/agrobot-reverse-engineering/Agrobot/install/lely_core_libraries/lib liblely_ev_la-exec.lo liblely_ev_la-fiber_exec.lo liblely_ev_la-future.lo liblely_ev_la-loop.lo liblely_ev_la-poll.lo liblely_ev_la-std_exec.lo liblely_ev_la-strand.lo liblely_ev_la-task.lo liblely_ev_la-thrd_loop.lo ../../src/libc/liblely-libc.la ../../src/util/liblely-util.la -lpthread )
[10.989s] libtool: install: /usr/bin/install -c .libs/liblely-ev.so.2.4.0T /home/gsylvia/agrobot-reverse-engineering/Agrobot/install/lely_core_libraries/lib/liblely-ev.so.2.4.0
[10.991s] libtool: install: (cd /home/gsylvia/agrobot-reverse-engineering/Agrobot/install/lely_core_libraries/lib && { ln -s -f liblely-ev.so.2.4.0 liblely-ev.so.2 || { rm -f liblely-ev.so.2 && ln -s liblely-ev.so.2.4.0 liblely-ev.so.2; }; })
[10.993s] libtool: install: (cd /home/gsylvia/agrobot-reverse-engineering/Agrobot/install/lely_core_libraries/lib && { ln -s -f liblely-ev.so.2.4.0 liblely-ev.so || { rm -f liblely-ev.so && ln -s liblely-ev.so.2.4.0 liblely-ev.so; }; })
[10.997s] libtool: install: /usr/bin/install -c .libs/liblely-ev.lai /home/gsylvia/agrobot-reverse-engineering/Agrobot/install/lely_core_libraries/lib/liblely-ev.la
[11.020s] libtool: finish: PATH="/home/gsylvia/.local/bin:/home/gsylvia/.vscode-server/bin/7debcd0e2acdea1c52de81bf9ee1620444407dda/bin/remote-cli:/home/gsylvia/.local/bin:/home/gsylvia/.local/bin:/opt/ros/jazzy/opt/gz_msgs_vendor/bin:/opt/ros/jazzy/opt/gz_tools_vendor/bin:/opt/ros/jazzy/opt/gz_ogre_next_vendor/bin:/opt/ros/jazzy/bin:/usr/local/sbin:/usr/local/bin:/usr/sbin:/usr/bin:/sbin:/bin:/usr/games:/usr/local/games:/usr/lib/wsl/lib:/mnt/c/Windows/system32:/mnt/c/Windows:/mnt/c/Windows/System32/Wbem:/mnt/c/Windows/System32/WindowsPowerShell/v1.0/:/mnt/c/Windows/System32/OpenSSH/:/mnt/c/Program Files/NVIDIA Corporation/NVIDIA app/NvDLISR:/mnt/c/Program Files/dotnet/:/mnt/c/Program Files/MATLAB/R2025a/bin:/mnt/c/Program Files (x86)/Windows Kits/8.1/Windows Performance Toolkit/:/mnt/c/Program Files/Mullvad VPN/resources:/mnt/c/Users/grsga/AppData/Local/Programs/OpenAI/Codex/bin:/mnt/c/Users/grsga/AppData/Local/Programs/Python/Python312/Scripts/:/mnt/c/Users/grsga/AppData/Local/Programs/Python/Python312/:/mnt/c/Users/grsga/AppData/Local/Programs/Python/Launcher/:/mnt/c/Users/grsga/.cargo/bin:/mnt/c/Users/grsga/.local/bin:/mnt/c/Users/grsga/scoop/apps/mpv/current:/mnt/c/Users/grsga/scoop/shims:/mnt/c/Users/grsga/AppData/Local/Microsoft/WindowsApps:/mnt/c/Users/grsga/AppData/Local/Programs/Ollama:/mnt/c/Users/grsga/AppData/Local/Programs/Microsoft VS Code/bin:/mnt/c/Users/grsga/AppData/Local/Microsoft/WinGet/Packages/DenoLand.Deno_Microsoft.Winget.Source_8wekyb3d8bbwe:/mnt/c/Users/grsga/AppData/Local/Microsoft/WinGet/Packages/yt-dlp.FFmpeg_Microsoft.Winget.Source_8wekyb3d8bbwe/ffmpeg-N-124716-g054dffd133-win64-gpl/bin:/mnt/c/Users/grsga/AppData/Local/Microsoft/WinGet/Packages/yt-dlp.yt-dlp_Microsoft.Winget.Source_8wekyb3d8bbwe:/mnt/c/Program Files/qemu:/mnt/c/Users/grsga/AppData/Local/Microsoft/WinGet/Packages/BurntSushi.ripgrep.MSVC_Microsoft.Winget.Source_8wekyb3d8bbwe/ripgrep-15.2.0-x86_64-pc-windows-msvc:/mnt/c/Users/grsga/AppData/Local/Programs/Cua/cua-driver/bin:/snap/bin:/home/gsylvia/.lmstudio/bin:/home/gsylvia/.lmstudio/bin:/home/gsylvia/.lmstudio/bin:/sbin" ldconfig -n /home/gsylvia/agrobot-reverse-engineering/Agrobot/install/lely_core_libraries/lib
[11.021s] ----------------------------------------------------------------------
[11.021s] Libraries have been installed in:
[11.021s]    /home/gsylvia/agrobot-reverse-engineering/Agrobot/install/lely_core_libraries/lib
[11.021s] 
[11.021s] If you ever happen to want to link against installed libraries
[11.021s] in a given directory, LIBDIR, you must either use libtool, and
[11.021s] specify the full pathname of the library, or use the '-LLIBDIR'
[11.021s] flag during linking and do at least one of the following:
[11.021s]    - add LIBDIR to the 'LD_LIBRARY_PATH' environment variable
[11.021s]      during execution
[11.021s]    - add LIBDIR to the 'LD_RUN_PATH' environment variable
[11.021s]      during linking
[11.021s]    - use the '-Wl,-rpath -Wl,LIBDIR' linker flag
[11.021s]    - have your system administrator add LIBDIR to '/etc/ld.so.conf'
[11.021s] 
[11.021s] See any operating system documentation about shared libraries for
[11.021s] more information, such as the ld(1) and ld.so(8) manual pages.
[11.022s] ----------------------------------------------------------------------
[11.023s] gmake[3]: Leaving directory '/home/gsylvia/agrobot-reverse-engineering/Agrobot/build/lely_core_libraries/build/src/ev'
[11.024s] gmake[2]: Leaving directory '/home/gsylvia/agrobot-reverse-engineering/Agrobot/build/lely_core_libraries/build/src/ev'
[11.024s] Making install in io2
[11.037s] gmake[2]: Entering directory '/home/gsylvia/agrobot-reverse-engineering/Agrobot/build/lely_core_libraries/build/src/io2'
[11.051s] gmake[3]: Entering directory '/home/gsylvia/agrobot-reverse-engineering/Agrobot/build/lely_core_libraries/build/src/io2'
[11.052s]  /usr/bin/mkdir -p '/home/gsylvia/agrobot-reverse-engineering/Agrobot/install/lely_core_libraries/lib'
[11.053s]  /bin/bash ../../libtool   --mode=install /usr/bin/install -c   liblely-io2.la '/home/gsylvia/agrobot-reverse-engineering/Agrobot/install/lely_core_libraries/lib'
[11.076s] libtool: warning: relinking 'liblely-io2.la'
[11.078s] libtool: install: (cd /home/gsylvia/agrobot-reverse-engineering/Agrobot/build/lely_core_libraries/build/src/io2; /bin/bash "/home/gsylvia/agrobot-reverse-engineering/Agrobot/build/lely_core_libraries/build/libtool"  --silent --tag CC --mode=relink gcc -Wall -Wextra -pedantic -Werror -Wno-static-in-inline -pthread -g -O2 -no-undefined -version-number 2:4:0 -Wl,--as-needed -o liblely-io2.la -rpath /home/gsylvia/agrobot-reverse-engineering/Agrobot/install/lely_core_libraries/lib can/liblely_io2_la-msg.lo linux/liblely_io2_la-can_chan.lo linux/liblely_io2_la-can_ctrl.lo linux/liblely_io2_la-poll.lo linux/liblely_io2_la-timer.lo posix/liblely_io2_la-fd.lo posix/liblely_io2_la-io.lo posix/liblely_io2_la-sigset.lo sys/liblely_io2_la-clock.lo sys/liblely_io2_la-io.lo user/liblely_io2_la-can.lo user/liblely_io2_la-timer.lo liblely_io2_la-can.lo liblely_io2_la-can_net.lo liblely_io2_la-can_rt.lo liblely_io2_la-clock.lo liblely_io2_la-ctx.lo liblely_io2_la-dev.lo liblely_io2_la-sigset.lo liblely_io2_la-timer.lo liblely_io2_la-tqueue.lo liblely_io2_la-vcan.lo ../../src/libc/liblely-libc.la ../../src/util/liblely-util.la ../../src/can/liblely-can.la ../../src/ev/liblely-ev.la -lrt -lpthread )
[11.328s] libtool: install: /usr/bin/install -c .libs/liblely-io2.so.2.4.0T /home/gsylvia/agrobot-reverse-engineering/Agrobot/install/lely_core_libraries/lib/liblely-io2.so.2.4.0
[11.331s] libtool: install: (cd /home/gsylvia/agrobot-reverse-engineering/Agrobot/install/lely_core_libraries/lib && { ln -s -f liblely-io2.so.2.4.0 liblely-io2.so.2 || { rm -f liblely-io2.so.2 && ln -s liblely-io2.so.2.4.0 liblely-io2.so.2; }; })
[11.333s] libtool: install: (cd /home/gsylvia/agrobot-reverse-engineering/Agrobot/install/lely_core_libraries/lib && { ln -s -f liblely-io2.so.2.4.0 liblely-io2.so || { rm -f liblely-io2.so && ln -s liblely-io2.so.2.4.0 liblely-io2.so; }; })
[11.337s] libtool: install: /usr/bin/install -c .libs/liblely-io2.lai /home/gsylvia/agrobot-reverse-engineering/Agrobot/install/lely_core_libraries/lib/liblely-io2.la
[11.360s] libtool: finish: PATH="/home/gsylvia/.local/bin:/home/gsylvia/.vscode-server/bin/7debcd0e2acdea1c52de81bf9ee1620444407dda/bin/remote-cli:/home/gsylvia/.local/bin:/home/gsylvia/.local/bin:/opt/ros/jazzy/opt/gz_msgs_vendor/bin:/opt/ros/jazzy/opt/gz_tools_vendor/bin:/opt/ros/jazzy/opt/gz_ogre_next_vendor/bin:/opt/ros/jazzy/bin:/usr/local/sbin:/usr/local/bin:/usr/sbin:/usr/bin:/sbin:/bin:/usr/games:/usr/local/games:/usr/lib/wsl/lib:/mnt/c/Windows/system32:/mnt/c/Windows:/mnt/c/Windows/System32/Wbem:/mnt/c/Windows/System32/WindowsPowerShell/v1.0/:/mnt/c/Windows/System32/OpenSSH/:/mnt/c/Program Files/NVIDIA Corporation/NVIDIA app/NvDLISR:/mnt/c/Program Files/dotnet/:/mnt/c/Program Files/MATLAB/R2025a/bin:/mnt/c/Program Files (x86)/Windows Kits/8.1/Windows Performance Toolkit/:/mnt/c/Program Files/Mullvad VPN/resources:/mnt/c/Users/grsga/AppData/Local/Programs/OpenAI/Codex/bin:/mnt/c/Users/grsga/AppData/Local/Programs/Python/Python312/Scripts/:/mnt/c/Users/grsga/AppData/Local/Programs/Python/Python312/:/mnt/c/Users/grsga/AppData/Local/Programs/Python/Launcher/:/mnt/c/Users/grsga/.cargo/bin:/mnt/c/Users/grsga/.local/bin:/mnt/c/Users/grsga/scoop/apps/mpv/current:/mnt/c/Users/grsga/scoop/shims:/mnt/c/Users/grsga/AppData/Local/Microsoft/WindowsApps:/mnt/c/Users/grsga/AppData/Local/Programs/Ollama:/mnt/c/Users/grsga/AppData/Local/Programs/Microsoft VS Code/bin:/mnt/c/Users/grsga/AppData/Local/Microsoft/WinGet/Packages/DenoLand.Deno_Microsoft.Winget.Source_8wekyb3d8bbwe:/mnt/c/Users/grsga/AppData/Local/Microsoft/WinGet/Packages/yt-dlp.FFmpeg_Microsoft.Winget.Source_8wekyb3d8bbwe/ffmpeg-N-124716-g054dffd133-win64-gpl/bin:/mnt/c/Users/grsga/AppData/Local/Microsoft/WinGet/Packages/yt-dlp.yt-dlp_Microsoft.Winget.Source_8wekyb3d8bbwe:/mnt/c/Program Files/qemu:/mnt/c/Users/grsga/AppData/Local/Microsoft/WinGet/Packages/BurntSushi.ripgrep.MSVC_Microsoft.Winget.Source_8wekyb3d8bbwe/ripgrep-15.2.0-x86_64-pc-windows-msvc:/mnt/c/Users/grsga/AppData/Local/Programs/Cua/cua-driver/bin:/snap/bin:/home/gsylvia/.lmstudio/bin:/home/gsylvia/.lmstudio/bin:/home/gsylvia/.lmstudio/bin:/sbin" ldconfig -n /home/gsylvia/agrobot-reverse-engineering/Agrobot/install/lely_core_libraries/lib
[11.361s] ----------------------------------------------------------------------
[11.361s] Libraries have been installed in:
[11.361s]    /home/gsylvia/agrobot-reverse-engineering/Agrobot/install/lely_core_libraries/lib
[11.361s] 
[11.361s] If you ever happen to want to link against installed libraries
[11.361s] in a given directory, LIBDIR, you must either use libtool, and
[11.362s] specify the full pathname of the library, or use the '-LLIBDIR'
[11.362s] flag during linking and do at least one of the following:
[11.362s]    - add LIBDIR to the 'LD_LIBRARY_PATH' environment variable
[11.362s]      during execution
[11.362s]    - add LIBDIR to the 'LD_RUN_PATH' environment variable
[11.362s]      during linking
[11.362s]    - use the '-Wl,-rpath -Wl,LIBDIR' linker flag
[11.362s]    - have your system administrator add LIBDIR to '/etc/ld.so.conf'
[11.362s] 
[11.362s] See any operating system documentation about shared libraries for
[11.362s] more information, such as the ld(1) and ld.so(8) manual pages.
[11.362s] ----------------------------------------------------------------------
[11.364s] gmake[3]: Leaving directory '/home/gsylvia/agrobot-reverse-engineering/Agrobot/build/lely_core_libraries/build/src/io2'
[11.364s] gmake[2]: Leaving directory '/home/gsylvia/agrobot-reverse-engineering/Agrobot/build/lely_core_libraries/build/src/io2'
[11.364s] Making install in coapp
[11.379s] gmake[2]: Entering directory '/home/gsylvia/agrobot-reverse-engineering/Agrobot/build/lely_core_libraries/build/src/coapp'
[11.394s] gmake[3]: Entering directory '/home/gsylvia/agrobot-reverse-engineering/Agrobot/build/lely_core_libraries/build/src/coapp'
[11.395s]  /usr/bin/mkdir -p '/home/gsylvia/agrobot-reverse-engineering/Agrobot/install/lely_core_libraries/lib'
[11.396s]  /bin/bash ../../libtool   --mode=install /usr/bin/install -c   liblely-coapp.la '/home/gsylvia/agrobot-reverse-engineering/Agrobot/install/lely_core_libraries/lib'
[11.421s] libtool: warning: relinking 'liblely-coapp.la'
[11.422s] libtool: install: (cd /home/gsylvia/agrobot-reverse-engineering/Agrobot/build/lely_core_libraries/build/src/coapp; /bin/bash "/home/gsylvia/agrobot-reverse-engineering/Agrobot/build/lely_core_libraries/build/libtool"  --silent --tag CXX --mode=relink g++ -std=gnu++11 -Wall -Wextra -pedantic -Werror -g -O2 -no-undefined -version-number 2:4:0 -Wl,--as-needed -o liblely-coapp.la -rpath /home/gsylvia/agrobot-reverse-engineering/Agrobot/install/lely_core_libraries/lib liblely_coapp_la-device.lo liblely_coapp_la-driver.lo liblely_coapp_la-fiber_driver.lo liblely_coapp_la-logical_driver.lo liblely_coapp_la-loop_driver.lo liblely_coapp_la-lss_master.lo liblely_coapp_la-master.lo liblely_coapp_la-node.lo liblely_coapp_la-sdo.lo liblely_coapp_la-sdo_error.lo liblely_coapp_la-slave.lo liblely_coapp_la-type_traits.lo ../../src/libc/liblely-libc.la ../../src/util/liblely-util.la ../../src/can/liblely-can.la ../../src/ev/liblely-ev.la ../../src/io2/liblely-io2.la ../../src/co/liblely-co.la -lpthread )
[11.770s] libtool: install: /usr/bin/install -c .libs/liblely-coapp.so.2.4.0T /home/gsylvia/agrobot-reverse-engineering/Agrobot/install/lely_core_libraries/lib/liblely-coapp.so.2.4.0
[11.776s] libtool: install: (cd /home/gsylvia/agrobot-reverse-engineering/Agrobot/install/lely_core_libraries/lib && { ln -s -f liblely-coapp.so.2.4.0 liblely-coapp.so.2 || { rm -f liblely-coapp.so.2 && ln -s liblely-coapp.so.2.4.0 liblely-coapp.so.2; }; })
[11.779s] libtool: install: (cd /home/gsylvia/agrobot-reverse-engineering/Agrobot/install/lely_core_libraries/lib && { ln -s -f liblely-coapp.so.2.4.0 liblely-coapp.so || { rm -f liblely-coapp.so && ln -s liblely-coapp.so.2.4.0 liblely-coapp.so; }; })
[11.783s] libtool: install: /usr/bin/install -c .libs/liblely-coapp.lai /home/gsylvia/agrobot-reverse-engineering/Agrobot/install/lely_core_libraries/lib/liblely-coapp.la
[11.806s] libtool: finish: PATH="/home/gsylvia/.local/bin:/home/gsylvia/.vscode-server/bin/7debcd0e2acdea1c52de81bf9ee1620444407dda/bin/remote-cli:/home/gsylvia/.local/bin:/home/gsylvia/.local/bin:/opt/ros/jazzy/opt/gz_msgs_vendor/bin:/opt/ros/jazzy/opt/gz_tools_vendor/bin:/opt/ros/jazzy/opt/gz_ogre_next_vendor/bin:/opt/ros/jazzy/bin:/usr/local/sbin:/usr/local/bin:/usr/sbin:/usr/bin:/sbin:/bin:/usr/games:/usr/local/games:/usr/lib/wsl/lib:/mnt/c/Windows/system32:/mnt/c/Windows:/mnt/c/Windows/System32/Wbem:/mnt/c/Windows/System32/WindowsPowerShell/v1.0/:/mnt/c/Windows/System32/OpenSSH/:/mnt/c/Program Files/NVIDIA Corporation/NVIDIA app/NvDLISR:/mnt/c/Program Files/dotnet/:/mnt/c/Program Files/MATLAB/R2025a/bin:/mnt/c/Program Files (x86)/Windows Kits/8.1/Windows Performance Toolkit/:/mnt/c/Program Files/Mullvad VPN/resources:/mnt/c/Users/grsga/AppData/Local/Programs/OpenAI/Codex/bin:/mnt/c/Users/grsga/AppData/Local/Programs/Python/Python312/Scripts/:/mnt/c/Users/grsga/AppData/Local/Programs/Python/Python312/:/mnt/c/Users/grsga/AppData/Local/Programs/Python/Launcher/:/mnt/c/Users/grsga/.cargo/bin:/mnt/c/Users/grsga/.local/bin:/mnt/c/Users/grsga/scoop/apps/mpv/current:/mnt/c/Users/grsga/scoop/shims:/mnt/c/Users/grsga/AppData/Local/Microsoft/WindowsApps:/mnt/c/Users/grsga/AppData/Local/Programs/Ollama:/mnt/c/Users/grsga/AppData/Local/Programs/Microsoft VS Code/bin:/mnt/c/Users/grsga/AppData/Local/Microsoft/WinGet/Packages/DenoLand.Deno_Microsoft.Winget.Source_8wekyb3d8bbwe:/mnt/c/Users/grsga/AppData/Local/Microsoft/WinGet/Packages/yt-dlp.FFmpeg_Microsoft.Winget.Source_8wekyb3d8bbwe/ffmpeg-N-124716-g054dffd133-win64-gpl/bin:/mnt/c/Users/grsga/AppData/Local/Microsoft/WinGet/Packages/yt-dlp.yt-dlp_Microsoft.Winget.Source_8wekyb3d8bbwe:/mnt/c/Program Files/qemu:/mnt/c/Users/grsga/AppData/Local/Microsoft/WinGet/Packages/BurntSushi.ripgrep.MSVC_Microsoft.Winget.Source_8wekyb3d8bbwe/ripgrep-15.2.0-x86_64-pc-windows-msvc:/mnt/c/Users/grsga/AppData/Local/Programs/Cua/cua-driver/bin:/snap/bin:/home/gsylvia/.lmstudio/bin:/home/gsylvia/.lmstudio/bin:/home/gsylvia/.lmstudio/bin:/sbin" ldconfig -n /home/gsylvia/agrobot-reverse-engineering/Agrobot/install/lely_core_libraries/lib
[11.807s] ----------------------------------------------------------------------
[11.807s] Libraries have been installed in:
[11.807s]    /home/gsylvia/agrobot-reverse-engineering/Agrobot/install/lely_core_libraries/lib
[11.807s] 
[11.807s] If you ever happen to want to link against installed libraries
[11.807s] in a given directory, LIBDIR, you must either use libtool, and
[11.807s] specify the full pathname of the library, or use the '-LLIBDIR'
[11.807s] flag during linking and do at least one of the following:
[11.807s]    - add LIBDIR to the 'LD_LIBRARY_PATH' environment variable
[11.807s]      during execution
[11.807s]    - add LIBDIR to the 'LD_RUN_PATH' environment variable
[11.807s]      during linking
[11.807s]    - use the '-Wl,-rpath -Wl,LIBDIR' linker flag
[11.807s]    - have your system administrator add LIBDIR to '/etc/ld.so.conf'
[11.807s] 
[11.807s] See any operating system documentation about shared libraries for
[11.807s] more information, such as the ld(1) and ld.so(8) manual pages.
[11.807s] ----------------------------------------------------------------------
[11.809s] gmake[3]: Leaving directory '/home/gsylvia/agrobot-reverse-engineering/Agrobot/build/lely_core_libraries/build/src/coapp'
[11.809s] gmake[2]: Leaving directory '/home/gsylvia/agrobot-reverse-engineering/Agrobot/build/lely_core_libraries/build/src/coapp'
[11.811s] gmake[2]: Entering directory '/home/gsylvia/agrobot-reverse-engineering/Agrobot/build/lely_core_libraries/build/src'
[11.812s] gmake[3]: Entering directory '/home/gsylvia/agrobot-reverse-engineering/Agrobot/build/lely_core_libraries/build/src'
[11.812s] gmake[3]: Nothing to be done for 'install-exec-am'.
[11.812s] gmake[3]: Nothing to be done for 'install-data-am'.
[11.812s] gmake[3]: Leaving directory '/home/gsylvia/agrobot-reverse-engineering/Agrobot/build/lely_core_libraries/build/src'
[11.812s] gmake[2]: Leaving directory '/home/gsylvia/agrobot-reverse-engineering/Agrobot/build/lely_core_libraries/build/src'
[11.813s] gmake[1]: Leaving directory '/home/gsylvia/agrobot-reverse-engineering/Agrobot/build/lely_core_libraries/build/src'
[11.813s] Making install in python
[11.814s] gmake[1]: Entering directory '/home/gsylvia/agrobot-reverse-engineering/Agrobot/build/lely_core_libraries/build/python'
[11.817s] Making install in dcf-tools
[11.818s] gmake[2]: Entering directory '/home/gsylvia/agrobot-reverse-engineering/Agrobot/build/lely_core_libraries/build/python/dcf-tools'
[11.819s] gmake[3]: Entering directory '/home/gsylvia/agrobot-reverse-engineering/Agrobot/build/lely_core_libraries/build/python/dcf-tools'
[11.956s] running egg_info
[11.967s] writing dcf_tools.egg-info/PKG-INFO
[11.967s] writing dependency_links to dcf_tools.egg-info/dependency_links.txt
[11.967s] writing entry points to dcf_tools.egg-info/entry_points.txt
[11.967s] writing requirements to dcf_tools.egg-info/requires.txt
[11.967s] writing top-level names to dcf_tools.egg-info/top_level.txt
[11.988s] reading manifest file 'dcf_tools.egg-info/SOURCES.txt'
[11.989s] writing manifest file 'dcf_tools.egg-info/SOURCES.txt'
[11.989s] running build
[11.989s] running build_py
[11.990s] running install
[11.990s] /usr/lib/python3/dist-packages/setuptools/_distutils/cmd.py:66: SetuptoolsDeprecationWarning: setup.py install is deprecated.
[11.990s] !!
[11.990s] 
[11.990s]         ********************************************************************************
[11.990s]         Please avoid running ``setup.py`` directly.
[11.990s]         Instead, use pypa/build, pypa/installer or other
[11.990s]         standards-based tools.
[11.990s] 
[11.990s]         See https://blog.ganssle.io/articles/2021/10/setup-py-deprecated.html for details.
[11.990s]         ********************************************************************************
[11.990s] 
[11.990s] !!
[11.990s]   self.initialize_options()
[11.994s] running install_lib
[12.006s] running install_egg_info
[12.016s] removing '/home/gsylvia/agrobot-reverse-engineering/Agrobot/install/lely_core_libraries/lib/python3.12/site-packages/dcf_tools-2.4.0.egg-info' (and everything under it)
[12.018s] Copying dcf_tools.egg-info to /home/gsylvia/agrobot-reverse-engineering/Agrobot/install/lely_core_libraries/lib/python3.12/site-packages/dcf_tools-2.4.0.egg-info
[12.018s] running install_scripts
[12.086s] Installing dcf2dev script to /home/gsylvia/agrobot-reverse-engineering/Agrobot/install/lely_core_libraries/bin/
[12.086s] Installing dcfchk script to /home/gsylvia/agrobot-reverse-engineering/Agrobot/install/lely_core_libraries/bin/
[12.086s] Installing dcfgen script to /home/gsylvia/agrobot-reverse-engineering/Agrobot/install/lely_core_libraries/bin/
[12.087s] writing list of installed files to 'install.log'
[12.106s] gmake[3]: Nothing to be done for 'install-data-am'.
[12.106s] gmake[3]: Leaving directory '/home/gsylvia/agrobot-reverse-engineering/Agrobot/build/lely_core_libraries/build/python/dcf-tools'
[12.106s] gmake[2]: Leaving directory '/home/gsylvia/agrobot-reverse-engineering/Agrobot/build/lely_core_libraries/build/python/dcf-tools'
[12.107s] gmake[2]: Entering directory '/home/gsylvia/agrobot-reverse-engineering/Agrobot/build/lely_core_libraries/build/python'
[12.110s] gmake[3]: Entering directory '/home/gsylvia/agrobot-reverse-engineering/Agrobot/build/lely_core_libraries/build/python'
[12.110s] gmake[3]: Nothing to be done for 'install-exec-am'.
[12.110s] gmake[3]: Nothing to be done for 'install-data-am'.
[12.110s] gmake[3]: Leaving directory '/home/gsylvia/agrobot-reverse-engineering/Agrobot/build/lely_core_libraries/build/python'
[12.110s] gmake[2]: Leaving directory '/home/gsylvia/agrobot-reverse-engineering/Agrobot/build/lely_core_libraries/build/python'
[12.110s] gmake[1]: Leaving directory '/home/gsylvia/agrobot-reverse-engineering/Agrobot/build/lely_core_libraries/build/python'
[12.111s] Making install in pkgconfig
[12.112s] gmake[1]: Entering directory '/home/gsylvia/agrobot-reverse-engineering/Agrobot/build/lely_core_libraries/build/pkgconfig'
[12.114s] gmake[2]: Entering directory '/home/gsylvia/agrobot-reverse-engineering/Agrobot/build/lely_core_libraries/build/pkgconfig'
[12.114s] gmake[2]: Nothing to be done for 'install-exec-am'.
[12.114s]  /usr/bin/mkdir -p '/home/gsylvia/agrobot-reverse-engineering/Agrobot/install/lely_core_libraries/lib/pkgconfig'
[12.117s]  /usr/bin/install -c -m 644 liblely-can.pc liblely-co.pc liblely-coapp.pc liblely-ev.pc liblely-io.pc liblely-io2.pc liblely-libc.pc liblely-libc_rt.pc liblely-tap.pc liblely-util.pc '/home/gsylvia/agrobot-reverse-engineering/Agrobot/install/lely_core_libraries/lib/pkgconfig'
[12.118s] gmake[2]: Leaving directory '/home/gsylvia/agrobot-reverse-engineering/Agrobot/build/lely_core_libraries/build/pkgconfig'
[12.118s] gmake[1]: Leaving directory '/home/gsylvia/agrobot-reverse-engineering/Agrobot/build/lely_core_libraries/build/pkgconfig'
[12.120s] gmake[1]: Entering directory '/home/gsylvia/agrobot-reverse-engineering/Agrobot/build/lely_core_libraries/build'
[12.124s] gmake[2]: Entering directory '/home/gsylvia/agrobot-reverse-engineering/Agrobot/build/lely_core_libraries/build'
[12.124s] gmake[2]: Nothing to be done for 'install-exec-am'.
[12.124s] gmake[2]: Nothing to be done for 'install-data-am'.
[12.124s] gmake[2]: Leaving directory '/home/gsylvia/agrobot-reverse-engineering/Agrobot/build/lely_core_libraries/build'
[12.124s] gmake[1]: Leaving directory '/home/gsylvia/agrobot-reverse-engineering/Agrobot/build/lely_core_libraries/build'
[12.125s] -- Up-to-date: /home/gsylvia/agrobot-reverse-engineering/Agrobot/install/lely_core_libraries/share/lely_core_libraries/cmake
[12.125s] -- Up-to-date: /home/gsylvia/agrobot-reverse-engineering/Agrobot/install/lely_core_libraries/share/lely_core_libraries/cmake/lely_core_libraries-extras.cmake
[12.125s] -- Up-to-date: /home/gsylvia/agrobot-reverse-engineering/Agrobot/install/lely_core_libraries/share/lely_core_libraries/environment/pythonpath.sh
[12.125s] -- Up-to-date: /home/gsylvia/agrobot-reverse-engineering/Agrobot/install/lely_core_libraries/share/lely_core_libraries/environment/pythonpath.dsv
[12.125s] -- Up-to-date: /home/gsylvia/agrobot-reverse-engineering/Agrobot/install/lely_core_libraries/lib/python3.12/site-packages/cogen-0.3.1-py3.12.egg-info
[12.125s] -- Installing: /home/gsylvia/agrobot-reverse-engineering/Agrobot/install/lely_core_libraries/lib/python3.12/site-packages/cogen-0.3.1-py3.12.egg-info/PKG-INFO
[12.125s] -- Installing: /home/gsylvia/agrobot-reverse-engineering/Agrobot/install/lely_core_libraries/lib/python3.12/site-packages/cogen-0.3.1-py3.12.egg-info/dependency_links.txt
[12.126s] -- Installing: /home/gsylvia/agrobot-reverse-engineering/Agrobot/install/lely_core_libraries/lib/python3.12/site-packages/cogen-0.3.1-py3.12.egg-info/entry_points.txt
[12.126s] -- Installing: /home/gsylvia/agrobot-reverse-engineering/Agrobot/install/lely_core_libraries/lib/python3.12/site-packages/cogen-0.3.1-py3.12.egg-info/top_level.txt
[12.126s] -- Installing: /home/gsylvia/agrobot-reverse-engineering/Agrobot/install/lely_core_libraries/lib/python3.12/site-packages/cogen-0.3.1-py3.12.egg-info/SOURCES.txt
[12.126s] -- Up-to-date: /home/gsylvia/agrobot-reverse-engineering/Agrobot/install/lely_core_libraries/lib/cogen/
[12.126s] -- Installing: /home/gsylvia/agrobot-reverse-engineering/Agrobot/install/lely_core_libraries/lib/cogen//cogen
[12.126s] -- Up-to-date: /home/gsylvia/agrobot-reverse-engineering/Agrobot/install/lely_core_libraries/lib/python3.12/site-packages/cogen
[12.127s] -- Up-to-date: /home/gsylvia/agrobot-reverse-engineering/Agrobot/install/lely_core_libraries/lib/python3.12/site-packages/cogen/cogen.py
[12.127s] -- Up-to-date: /home/gsylvia/agrobot-reverse-engineering/Agrobot/install/lely_core_libraries/lib/python3.12/site-packages/cogen/__init__.py
[12.152s] Listing '/home/gsylvia/agrobot-reverse-engineering/Agrobot/install/lely_core_libraries/lib/python3.12/site-packages/cogen'...
[12.156s] -- Up-to-date: /home/gsylvia/agrobot-reverse-engineering/Agrobot/install/lely_core_libraries/bin/
[12.156s] -- Installing: /home/gsylvia/agrobot-reverse-engineering/Agrobot/install/lely_core_libraries/bin//cogen
[12.156s] -- Up-to-date: /home/gsylvia/agrobot-reverse-engineering/Agrobot/install/lely_core_libraries/share/lely_core_libraries/environment/library_path.sh
[12.156s] -- Up-to-date: /home/gsylvia/agrobot-reverse-engineering/Agrobot/install/lely_core_libraries/share/lely_core_libraries/environment/library_path.dsv
[12.156s] -- Up-to-date: /home/gsylvia/agrobot-reverse-engineering/Agrobot/install/lely_core_libraries/share/ament_index/resource_index/package_run_dependencies/lely_core_libraries
[12.156s] -- Up-to-date: /home/gsylvia/agrobot-reverse-engineering/Agrobot/install/lely_core_libraries/share/ament_index/resource_index/parent_prefix_path/lely_core_libraries
[12.156s] -- Up-to-date: /home/gsylvia/agrobot-reverse-engineering/Agrobot/install/lely_core_libraries/share/lely_core_libraries/environment/ament_prefix_path.sh
[12.156s] -- Up-to-date: /home/gsylvia/agrobot-reverse-engineering/Agrobot/install/lely_core_libraries/share/lely_core_libraries/environment/ament_prefix_path.dsv
[12.156s] -- Up-to-date: /home/gsylvia/agrobot-reverse-engineering/Agrobot/install/lely_core_libraries/share/lely_core_libraries/environment/path.sh
[12.156s] -- Up-to-date: /home/gsylvia/agrobot-reverse-engineering/Agrobot/install/lely_core_libraries/share/lely_core_libraries/environment/path.dsv
[12.156s] -- Up-to-date: /home/gsylvia/agrobot-reverse-engineering/Agrobot/install/lely_core_libraries/share/lely_core_libraries/local_setup.bash
[12.156s] -- Up-to-date: /home/gsylvia/agrobot-reverse-engineering/Agrobot/install/lely_core_libraries/share/lely_core_libraries/local_setup.sh
[12.156s] -- Up-to-date: /home/gsylvia/agrobot-reverse-engineering/Agrobot/install/lely_core_libraries/share/lely_core_libraries/local_setup.zsh
[12.156s] -- Up-to-date: /home/gsylvia/agrobot-reverse-engineering/Agrobot/install/lely_core_libraries/share/lely_core_libraries/local_setup.dsv
[12.156s] -- Installing: /home/gsylvia/agrobot-reverse-engineering/Agrobot/install/lely_core_libraries/share/lely_core_libraries/package.dsv
[12.157s] -- Up-to-date: /home/gsylvia/agrobot-reverse-engineering/Agrobot/install/lely_core_libraries/share/ament_index/resource_index/packages/lely_core_libraries
[12.157s] -- Up-to-date: /home/gsylvia/agrobot-reverse-engineering/Agrobot/install/lely_core_libraries/share/lely_core_libraries/cmake/lely_core_libraries-extras.cmake
[12.157s] -- Up-to-date: /home/gsylvia/agrobot-reverse-engineering/Agrobot/install/lely_core_libraries/share/lely_core_libraries/cmake/ament_cmake_export_include_directories-extras.cmake
[12.157s] -- Up-to-date: /home/gsylvia/agrobot-reverse-engineering/Agrobot/install/lely_core_libraries/share/lely_core_libraries/cmake/ament_cmake_export_libraries-extras.cmake
[12.157s] -- Up-to-date: /home/gsylvia/agrobot-reverse-engineering/Agrobot/install/lely_core_libraries/share/lely_core_libraries/cmake/lely_core_librariesConfig.cmake
[12.157s] -- Up-to-date: /home/gsylvia/agrobot-reverse-engineering/Agrobot/install/lely_core_libraries/share/lely_core_libraries/cmake/lely_core_librariesConfig-version.cmake
[12.157s] -- Up-to-date: /home/gsylvia/agrobot-reverse-engineering/Agrobot/install/lely_core_libraries/share/lely_core_libraries/package.xml
[12.158s] Invoked command in '/home/gsylvia/agrobot-reverse-engineering/Agrobot/build/lely_core_libraries' returned '0': CMAKE_PREFIX_PATH=${CMAKE_PREFIX_PATH}:/opt/ros/jazzy /usr/bin/cmake --install /home/gsylvia/agrobot-reverse-engineering/Agrobot/build/lely_core_libraries
