Starting >>> canopen_interfaces
Starting >>> lely_core_libraries
Starting >>> robot_description
Starting >>> epos2_bridge_interfaces
[ 12%] Performing update step for 'upstr_lely_core_libraries'
[  1%] Built target epos2_bridge_interfaces__rs
[  3%] Built target epos2_bridge_interfaces__rosidl_generator_type_description
[  1%] Built target canopen_interfaces__rs
[  2%] Built target canopen_interfaces__rosidl_generator_type_description
[ 12%] Built target ament_cmake_python_copy_cogen_setup
[ 12%] Built target ament_cmake_python_copy_cogen
-- Install configuration: ""
-- Up-to-date: /home/gsylvia/agrobot-reverse-engineering/Agrobot/install/robot_description/share/robot_description/launch
-- Up-to-date: /home/gsylvia/agrobot-reverse-engineering/Agrobot/install/robot_description/share/robot_description/launch/display.launch.xml
-- Up-to-date: /home/gsylvia/agrobot-reverse-engineering/Agrobot/install/robot_description/share/robot_description/rviz
-- Up-to-date: /home/gsylvia/agrobot-reverse-engineering/Agrobot/install/robot_description/share/robot_description/rviz/urdf_config.rviz
-- Up-to-date: /home/gsylvia/agrobot-reverse-engineering/Agrobot/install/robot_description/share/robot_description/urdf
-- Up-to-date: /home/gsylvia/agrobot-reverse-engineering/Agrobot/install/robot_description/share/robot_description/urdf/robot.urdf.xacro
-- Up-to-date: /home/gsylvia/agrobot-reverse-engineering/Agrobot/install/robot_description/share/robot_description/urdf/robot.xacro
-- Up-to-date: /home/gsylvia/agrobot-reverse-engineering/Agrobot/install/robot_description/share/robot_description/urdf/common_properties.xacro
-- Up-to-date: /home/gsylvia/agrobot-reverse-engineering/Agrobot/install/robot_description/share/robot_description/urdf/robot.ros2_control.xacro
-- Up-to-date: /home/gsylvia/agrobot-reverse-engineering/Agrobot/install/robot_description/share/robot_description/meshes
-- Up-to-date: /home/gsylvia/agrobot-reverse-engineering/Agrobot/install/robot_description/share/robot_description/meshes/Base Link Collision.stl
-- Up-to-date: /home/gsylvia/agrobot-reverse-engineering/Agrobot/install/robot_description/share/robot_description/meshes/Gripper fin.stl
-- Up-to-date: /home/gsylvia/agrobot-reverse-engineering/Agrobot/install/robot_description/share/robot_description/meshes/Link 4 Visual.stl
-- Up-to-date: /home/gsylvia/agrobot-reverse-engineering/Agrobot/install/robot_description/share/robot_description/meshes/Link 5 Collision.stl
-- Up-to-date: /home/gsylvia/agrobot-reverse-engineering/Agrobot/install/robot_description/share/robot_description/meshes/Base Link Visual.stl
-- Up-to-date: /home/gsylvia/agrobot-reverse-engineering/Agrobot/install/robot_description/share/robot_description/meshes/Link 3 Collision.stl
-- Up-to-date: /home/gsylvia/agrobot-reverse-engineering/Agrobot/install/robot_description/share/robot_description/meshes/Link 5 Visual.stl
-- Up-to-date: /home/gsylvia/agrobot-reverse-engineering/Agrobot/install/robot_description/share/robot_description/meshes/Link 2 Collision.stl
-- Up-to-date: /home/gsylvia/agrobot-reverse-engineering/Agrobot/install/robot_description/share/robot_description/meshes/Link 1 Collision.stl
-- Up-to-date: /home/gsylvia/agrobot-reverse-engineering/Agrobot/install/robot_description/share/robot_description/meshes/Link 1 Visual.stl
-- Up-to-date: /home/gsylvia/agrobot-reverse-engineering/Agrobot/install/robot_description/share/robot_description/meshes/End Effector Geometry.stl
-- Up-to-date: /home/gsylvia/agrobot-reverse-engineering/Agrobot/install/robot_description/share/robot_description/meshes/Link 3 Visual.stl
-- Up-to-date: /home/gsylvia/agrobot-reverse-engineering/Agrobot/install/robot_description/share/robot_description/meshes/Link 2 Visual.stl
-- Up-to-date: /home/gsylvia/agrobot-reverse-engineering/Agrobot/install/robot_description/share/robot_description/meshes/Link 4 Collision.stl
-- Up-to-date: /home/gsylvia/agrobot-reverse-engineering/Agrobot/install/robot_description/share/ament_index/resource_index/package_run_dependencies/robot_description
-- Up-to-date: /home/gsylvia/agrobot-reverse-engineering/Agrobot/install/robot_description/share/ament_index/resource_index/parent_prefix_path/robot_description
-- Up-to-date: /home/gsylvia/agrobot-reverse-engineering/Agrobot/install/robot_description/share/robot_description/environment/ament_prefix_path.sh
-- Up-to-date: /home/gsylvia/agrobot-reverse-engineering/Agrobot/install/robot_description/share/robot_description/environment/ament_prefix_path.dsv
-- Up-to-date: /home/gsylvia/agrobot-reverse-engineering/Agrobot/install/robot_description/share/robot_description/environment/path.sh
-- Up-to-date: /home/gsylvia/agrobot-reverse-engineering/Agrobot/install/robot_description/share/robot_description/environment/path.dsv
-- Up-to-date: /home/gsylvia/agrobot-reverse-engineering/Agrobot/install/robot_description/share/robot_description/local_setup.bash
-- Up-to-date: /home/gsylvia/agrobot-reverse-engineering/Agrobot/install/robot_description/share/robot_description/local_setup.sh
-- Up-to-date: /home/gsylvia/agrobot-reverse-engineering/Agrobot/install/robot_description/share/robot_description/local_setup.zsh
-- Up-to-date: /home/gsylvia/agrobot-reverse-engineering/Agrobot/install/robot_description/share/robot_description/local_setup.dsv
-- Installing: /home/gsylvia/agrobot-reverse-engineering/Agrobot/install/robot_description/share/robot_description/package.dsv
-- Up-to-date: /home/gsylvia/agrobot-reverse-engineering/Agrobot/install/robot_description/share/ament_index/resource_index/packages/robot_description
-- Up-to-date: /home/gsylvia/agrobot-reverse-engineering/Agrobot/install/robot_description/share/robot_description/cmake/robot_descriptionConfig.cmake
-- Up-to-date: /home/gsylvia/agrobot-reverse-engineering/Agrobot/install/robot_description/share/robot_description/cmake/robot_descriptionConfig-version.cmake
-- Up-to-date: /home/gsylvia/agrobot-reverse-engineering/Agrobot/install/robot_description/share/robot_description/package.xml
Finished <<< robot_description [0.10s]
Starting >>> robot_interfaces
HEAD is now at fb735b79 nmt: remove EMCY messages when life-guarding/heartbeat errors are resolved
[ 25%] No patch step for 'upstr_lely_core_libraries'
[  5%] Built target epos2_bridge_interfaces__cpp
[  5%] Built target ament_cmake_python_copy_epos2_bridge_interfaces
[ 25%] Built target epos2_bridge_interfaces__rosidl_generator_c
Checking patch configure.ac...
Hunk #1 succeeded at 577 (offset 8 lines).
Checking patch python/dcf-tools/Makefile.am...
Applied patch configure.ac cleanly.
Applied patch python/dcf-tools/Makefile.am cleanly.
[  2%] Built target canopen_interfaces__cpp
[ 27%] Built target canopen_interfaces__rosidl_generator_c
[ 27%] Built target ament_cmake_python_copy_canopen_interfaces
[ 37%] Performing configure step for 'upstr_lely_core_libraries'
[ 34%] Built target epos2_bridge_interfaces__rosidl_typesupport_introspection_c
[ 37%] Built target canopen_interfaces__rosidl_typesupport_c
[ 47%] Built target canopen_interfaces__rosidl_typesupport_introspection_c
[ 43%] Built target epos2_bridge_interfaces__rosidl_typesupport_introspection_cpp
[ 56%] Built target canopen_interfaces__rosidl_typesupport_fastrtps_cpp
[ 52%] Built target epos2_bridge_interfaces__rosidl_typesupport_c
[ 61%] Built target epos2_bridge_interfaces__rosidl_typesupport_fastrtps_c
[ 70%] Built target epos2_bridge_interfaces__rosidl_typesupport_cpp
[ 65%] Built target canopen_interfaces__rosidl_typesupport_introspection_cpp
[ 80%] Built target epos2_bridge_interfaces__rosidl_typesupport_fastrtps_cpp
[ 75%] Built target canopen_interfaces__rosidl_typesupport_fastrtps_c
[ 84%] Built target canopen_interfaces__rosidl_typesupport_cpp
[  1%] Built target robot_interfaces__rosidl_generator_type_description
[ 80%] Built target epos2_bridge_interfaces
[  2%] Built target robot_interfaces__rs
[ 84%] Built target canopen_interfaces
[  4%] Built target robot_interfaces__cpp
[ 81%] Built target epos2_bridge_interfaces__py
[ 26%] Built target robot_interfaces__rosidl_generator_c
[ 26%] Built target ament_cmake_python_copy_robot_interfaces
[ 85%] Built target canopen_interfaces__py
[ 89%] Built target epos2_bridge_interfaces__rosidl_generator_py
[ 94%] Built target canopen_interfaces__rosidl_generator_py
[ 36%] Built target robot_interfaces__rosidl_typesupport_introspection_cpp
[ 45%] Built target robot_interfaces__rosidl_typesupport_fastrtps_c
[ 54%] Built target robot_interfaces__rosidl_typesupport_introspection_c
[ 73%] Built target robot_interfaces__rosidl_typesupport_cpp
[ 68%] Built target robot_interfaces__rosidl_typesupport_fastrtps_cpp
[ 82%] Built target robot_interfaces__rosidl_typesupport_c
[ 96%] Built target canopen_interfaces_s__rosidl_typesupport_introspection_c
[ 98%] Built target canopen_interfaces_s__rosidl_typesupport_fastrtps_c
[ 92%] Built target epos2_bridge_interfaces_s__rosidl_typesupport_fastrtps_c
[100%] Built target epos2_bridge_interfaces_s__rosidl_typesupport_introspection_c
[100%] Built target epos2_bridge_interfaces_s__rosidl_typesupport_c
[100%] Built target canopen_interfaces_s__rosidl_typesupport_c
[ 82%] Built target robot_interfaces
running install_scripts
running egg_info
running egg_info
/usr/lib/python3/dist-packages/setuptools/_distutils/cmd.py:66: SetuptoolsDeprecationWarning: setup.py install is deprecated.
!!

        ********************************************************************************
        Please avoid running ``setup.py`` directly.
        Instead, use pypa/build, pypa/installer or other
        standards-based tools.

        See https://blog.ganssle.io/articles/2021/10/setup-py-deprecated.html for details.
        ********************************************************************************

!!
  self.initialize_options()
[ 84%] Built target robot_interfaces__py
writing epos2_bridge_interfaces.egg-info/PKG-INFO
writing dependency_links to epos2_bridge_interfaces.egg-info/dependency_links.txt
writing top-level names to epos2_bridge_interfaces.egg-info/top_level.txt
writing cogen.egg-info/PKG-INFO
writing dependency_links to cogen.egg-info/dependency_links.txt
writing entry points to cogen.egg-info/entry_points.txt
writing top-level names to cogen.egg-info/top_level.txt
running egg_info
running egg_info
writing canopen_interfaces.egg-info/PKG-INFO
writing dependency_links to canopen_interfaces.egg-info/dependency_links.txt
writing top-level names to canopen_interfaces.egg-info/top_level.txt
[ 92%] Built target robot_interfaces__rosidl_generator_py
writing cogen.egg-info/PKG-INFO
writing dependency_links to cogen.egg-info/dependency_links.txt
writing entry points to cogen.egg-info/entry_points.txt
writing top-level names to cogen.egg-info/top_level.txt
reading manifest file 'cogen.egg-info/SOURCES.txt'
reading manifest file 'epos2_bridge_interfaces.egg-info/SOURCES.txt'
writing manifest file 'cogen.egg-info/SOURCES.txt'
writing manifest file 'epos2_bridge_interfaces.egg-info/SOURCES.txt'
[ 97%] Built target robot_interfaces_s__rosidl_typesupport_c
[ 97%] Built target robot_interfaces_s__rosidl_typesupport_introspection_c
[100%] Built target robot_interfaces_s__rosidl_typesupport_fastrtps_c
reading manifest file 'cogen.egg-info/SOURCES.txt'
writing manifest file 'cogen.egg-info/SOURCES.txt'
reading manifest file 'canopen_interfaces.egg-info/SOURCES.txt'
writing manifest file 'canopen_interfaces.egg-info/SOURCES.txt'
[ 37%] Built target ament_cmake_python_build_cogen_egg
[100%] Built target ament_cmake_python_build_epos2_bridge_interfaces_egg
running egg_info
[100%] Built target ament_cmake_python_build_canopen_interfaces_egg
-- Install configuration: ""
-- Up-to-date: /home/gsylvia/agrobot-reverse-engineering/Agrobot/install/epos2_bridge_interfaces/share/ament_index/resource_index/rosidl_interfaces/epos2_bridge_interfaces
-- Up-to-date: /home/gsylvia/agrobot-reverse-engineering/Agrobot/install/epos2_bridge_interfaces/share/epos2_bridge_interfaces/srv/MoveDelta.json
-- Up-to-date: /home/gsylvia/agrobot-reverse-engineering/Agrobot/install/epos2_bridge_interfaces/share/epos2_bridge_interfaces/srv/MoveAbsolute.json
-- Up-to-date: /home/gsylvia/agrobot-reverse-engineering/Agrobot/install/epos2_bridge_interfaces/share/epos2_bridge_interfaces/srv/MoveAbsoluteTimed.json
-- Up-to-date: /home/gsylvia/agrobot-reverse-engineering/Agrobot/install/epos2_bridge_interfaces/include/epos2_bridge_interfaces/epos2_bridge_interfaces
-- Up-to-date: /home/gsylvia/agrobot-reverse-engineering/Agrobot/install/epos2_bridge_interfaces/include/epos2_bridge_interfaces/epos2_bridge_interfaces/srv
-- Up-to-date: /home/gsylvia/agrobot-reverse-engineering/Agrobot/install/epos2_bridge_interfaces/include/epos2_bridge_interfaces/epos2_bridge_interfaces/srv/move_absolute_timed.h
-- Up-to-date: /home/gsylvia/agrobot-reverse-engineering/Agrobot/install/epos2_bridge_interfaces/include/epos2_bridge_interfaces/epos2_bridge_interfaces/srv/detail
-- Up-to-date: /home/gsylvia/agrobot-reverse-engineering/Agrobot/install/epos2_bridge_interfaces/include/epos2_bridge_interfaces/epos2_bridge_interfaces/srv/detail/move_absolute__struct.h
-- Up-to-date: /home/gsylvia/agrobot-reverse-engineering/Agrobot/install/epos2_bridge_interfaces/include/epos2_bridge_interfaces/epos2_bridge_interfaces/srv/detail/move_absolute__functions.c
-- Up-to-date: /home/gsylvia/agrobot-reverse-engineering/Agrobot/install/epos2_bridge_interfaces/include/epos2_bridge_interfaces/epos2_bridge_interfaces/srv/detail/move_absolute_timed__functions.c
-- Up-to-date: /home/gsylvia/agrobot-reverse-engineering/Agrobot/install/epos2_bridge_interfaces/include/epos2_bridge_interfaces/epos2_bridge_interfaces/srv/detail/move_delta__description.c
-- Up-to-date: /home/gsylvia/agrobot-reverse-engineering/Agrobot/install/epos2_bridge_interfaces/include/epos2_bridge_interfaces/epos2_bridge_interfaces/srv/detail/move_delta__functions.h
-- Up-to-date: /home/gsylvia/agrobot-reverse-engineering/Agrobot/install/epos2_bridge_interfaces/include/epos2_bridge_interfaces/epos2_bridge_interfaces/srv/detail/move_absolute__type_support.h
-- Up-to-date: /home/gsylvia/agrobot-reverse-engineering/Agrobot/install/epos2_bridge_interfaces/include/epos2_bridge_interfaces/epos2_bridge_interfaces/srv/detail/move_absolute_timed__struct.h
-- Up-to-date: /home/gsylvia/agrobot-reverse-engineering/Agrobot/install/epos2_bridge_interfaces/include/epos2_bridge_interfaces/epos2_bridge_interfaces/srv/detail/move_delta__functions.c
-- Up-to-date: /home/gsylvia/agrobot-reverse-engineering/Agrobot/install/epos2_bridge_interfaces/include/epos2_bridge_interfaces/epos2_bridge_interfaces/srv/detail/move_absolute_timed__type_support.c
-- Up-to-date: /home/gsylvia/agrobot-reverse-engineering/Agrobot/install/epos2_bridge_interfaces/include/epos2_bridge_interfaces/epos2_bridge_interfaces/srv/detail/move_delta__type_support.c
-- Up-to-date: /home/gsylvia/agrobot-reverse-engineering/Agrobot/install/epos2_bridge_interfaces/include/epos2_bridge_interfaces/epos2_bridge_interfaces/srv/detail/move_absolute__description.c
-- Up-to-date: /home/gsylvia/agrobot-reverse-engineering/Agrobot/install/epos2_bridge_interfaces/include/epos2_bridge_interfaces/epos2_bridge_interfaces/srv/detail/move_absolute__functions.h
-- Up-to-date: /home/gsylvia/agrobot-reverse-engineering/Agrobot/install/epos2_bridge_interfaces/include/epos2_bridge_interfaces/epos2_bridge_interfaces/srv/detail/move_absolute_timed__type_support.h
-- Up-to-date: /home/gsylvia/agrobot-reverse-engineering/Agrobot/install/epos2_bridge_interfaces/include/epos2_bridge_interfaces/epos2_bridge_interfaces/srv/detail/move_absolute__type_support.c
-- Up-to-date: /home/gsylvia/agrobot-reverse-engineering/Agrobot/install/epos2_bridge_interfaces/include/epos2_bridge_interfaces/epos2_bridge_interfaces/srv/detail/move_delta__struct.h
-- Up-to-date: /home/gsylvia/agrobot-reverse-engineering/Agrobot/install/epos2_bridge_interfaces/include/epos2_bridge_interfaces/epos2_bridge_interfaces/srv/detail/move_absolute_timed__description.c
-- Up-to-date: /home/gsylvia/agrobot-reverse-engineering/Agrobot/install/epos2_bridge_interfaces/include/epos2_bridge_interfaces/epos2_bridge_interfaces/srv/detail/move_delta__type_support.h
-- Up-to-date: /home/gsylvia/agrobot-reverse-engineering/Agrobot/install/epos2_bridge_interfaces/include/epos2_bridge_interfaces/epos2_bridge_interfaces/srv/detail/move_absolute_timed__functions.h
-- Up-to-date: /home/gsylvia/agrobot-reverse-engineering/Agrobot/install/epos2_bridge_interfaces/include/epos2_bridge_interfaces/epos2_bridge_interfaces/srv/move_absolute.h
-- Up-to-date: /home/gsylvia/agrobot-reverse-engineering/Agrobot/install/epos2_bridge_interfaces/include/epos2_bridge_interfaces/epos2_bridge_interfaces/srv/move_delta.h
-- Up-to-date: /home/gsylvia/agrobot-reverse-engineering/Agrobot/install/epos2_bridge_interfaces/include/epos2_bridge_interfaces/epos2_bridge_interfaces/msg
-- Up-to-date: /home/gsylvia/agrobot-reverse-engineering/Agrobot/install/epos2_bridge_interfaces/include/epos2_bridge_interfaces/epos2_bridge_interfaces/msg/rosidl_generator_c__visibility_control.h
-- Up-to-date: /home/gsylvia/agrobot-reverse-engineering/Agrobot/install/epos2_bridge_interfaces/share/epos2_bridge_interfaces/environment/library_path.sh
-- Up-to-date: /home/gsylvia/agrobot-reverse-engineering/Agrobot/install/epos2_bridge_interfaces/share/epos2_bridge_interfaces/environment/library_path.dsv
-- Up-to-date: /home/gsylvia/agrobot-reverse-engineering/Agrobot/install/epos2_bridge_interfaces/lib/libepos2_bridge_interfaces__rosidl_generator_c.so
-- Up-to-date: /home/gsylvia/agrobot-reverse-engineering/Agrobot/install/epos2_bridge_interfaces/include/epos2_bridge_interfaces/epos2_bridge_interfaces
-- Up-to-date: /home/gsylvia/agrobot-reverse-engineering/Agrobot/install/epos2_bridge_interfaces/include/epos2_bridge_interfaces/epos2_bridge_interfaces/srv
-- Up-to-date: /home/gsylvia/agrobot-reverse-engineering/Agrobot/install/epos2_bridge_interfaces/include/epos2_bridge_interfaces/epos2_bridge_interfaces/srv/detail
writing robot_interfaces.egg-info/PKG-INFO
-- Up-to-date: /home/gsylvia/agrobot-reverse-engineering/Agrobot/install/epos2_bridge_interfaces/include/epos2_bridge_interfaces/epos2_bridge_interfaces/srv/detail/move_absolute_timed__rosidl_typesupport_fastrtps_c.h
-- Up-to-date: /home/gsylvia/agrobot-reverse-engineering/Agrobot/install/epos2_bridge_interfaces/include/epos2_bridge_interfaces/epos2_bridge_interfaces/srv/detail/move_delta__rosidl_typesupport_fastrtps_c.h
-- Up-to-date: /home/gsylvia/agrobot-reverse-engineering/Agrobot/install/epos2_bridge_interfaces/include/epos2_bridge_interfaces/epos2_bridge_interfaces/srv/detail/move_absolute__rosidl_typesupport_fastrtps_c.h
-- Up-to-date: /home/gsylvia/agrobot-reverse-engineering/Agrobot/install/epos2_bridge_interfaces/include/epos2_bridge_interfaces/epos2_bridge_interfaces/msg
-- Up-to-date: /home/gsylvia/agrobot-reverse-engineering/Agrobot/install/epos2_bridge_interfaces/include/epos2_bridge_interfaces/epos2_bridge_interfaces/msg/rosidl_typesupport_fastrtps_c__visibility_control.h
writing dependency_links to robot_interfaces.egg-info/dependency_links.txt
writing top-level names to robot_interfaces.egg-info/top_level.txt
-- Up-to-date: /home/gsylvia/agrobot-reverse-engineering/Agrobot/install/epos2_bridge_interfaces/lib/libepos2_bridge_interfaces__rosidl_typesupport_fastrtps_c.so
-- Up-to-date: /home/gsylvia/agrobot-reverse-engineering/Agrobot/install/epos2_bridge_interfaces/include/epos2_bridge_interfaces/epos2_bridge_interfaces
-- Up-to-date: /home/gsylvia/agrobot-reverse-engineering/Agrobot/install/epos2_bridge_interfaces/include/epos2_bridge_interfaces/epos2_bridge_interfaces/srv
-- Up-to-date: /home/gsylvia/agrobot-reverse-engineering/Agrobot/install/epos2_bridge_interfaces/include/epos2_bridge_interfaces/epos2_bridge_interfaces/srv/detail
-- Up-to-date: /home/gsylvia/agrobot-reverse-engineering/Agrobot/install/epos2_bridge_interfaces/include/epos2_bridge_interfaces/epos2_bridge_interfaces/srv/detail/move_absolute_timed__rosidl_typesupport_introspection_c.h
-- Up-to-date: /home/gsylvia/agrobot-reverse-engineering/Agrobot/install/epos2_bridge_interfaces/include/epos2_bridge_interfaces/epos2_bridge_interfaces/srv/detail/move_absolute__rosidl_typesupport_introspection_c.h
-- Up-to-date: /home/gsylvia/agrobot-reverse-engineering/Agrobot/install/epos2_bridge_interfaces/include/epos2_bridge_interfaces/epos2_bridge_interfaces/srv/detail/move_absolute_timed__type_support.c
-- Up-to-date: /home/gsylvia/agrobot-reverse-engineering/Agrobot/install/epos2_bridge_interfaces/include/epos2_bridge_interfaces/epos2_bridge_interfaces/srv/detail/move_delta__type_support.c
-- Up-to-date: /home/gsylvia/agrobot-reverse-engineering/Agrobot/install/epos2_bridge_interfaces/include/epos2_bridge_interfaces/epos2_bridge_interfaces/srv/detail/move_delta__rosidl_typesupport_introspection_c.h
-- Up-to-date: /home/gsylvia/agrobot-reverse-engineering/Agrobot/install/epos2_bridge_interfaces/include/epos2_bridge_interfaces/epos2_bridge_interfaces/srv/detail/move_absolute__type_support.c
-- Up-to-date: /home/gsylvia/agrobot-reverse-engineering/Agrobot/install/epos2_bridge_interfaces/include/epos2_bridge_interfaces/epos2_bridge_interfaces/msg
-- Up-to-date: /home/gsylvia/agrobot-reverse-engineering/Agrobot/install/epos2_bridge_interfaces/include/epos2_bridge_interfaces/epos2_bridge_interfaces/msg/rosidl_typesupport_introspection_c__visibility_control.h
-- Up-to-date: /home/gsylvia/agrobot-reverse-engineering/Agrobot/install/epos2_bridge_interfaces/lib/libepos2_bridge_interfaces__rosidl_typesupport_introspection_c.so
-- Up-to-date: /home/gsylvia/agrobot-reverse-engineering/Agrobot/install/epos2_bridge_interfaces/lib/libepos2_bridge_interfaces__rosidl_typesupport_c.so
-- Up-to-date: /home/gsylvia/agrobot-reverse-engineering/Agrobot/install/epos2_bridge_interfaces/include/epos2_bridge_interfaces/epos2_bridge_interfaces
-- Up-to-date: /home/gsylvia/agrobot-reverse-engineering/Agrobot/install/epos2_bridge_interfaces/include/epos2_bridge_interfaces/epos2_bridge_interfaces/srv
-- Up-to-date: /home/gsylvia/agrobot-reverse-engineering/Agrobot/install/epos2_bridge_interfaces/include/epos2_bridge_interfaces/epos2_bridge_interfaces/srv/move_absolute.hpp
-- Up-to-date: /home/gsylvia/agrobot-reverse-engineering/Agrobot/install/epos2_bridge_interfaces/include/epos2_bridge_interfaces/epos2_bridge_interfaces/srv/move_delta.hpp
-- Up-to-date: /home/gsylvia/agrobot-reverse-engineering/Agrobot/install/epos2_bridge_interfaces/include/epos2_bridge_interfaces/epos2_bridge_interfaces/srv/detail
-- Up-to-date: /home/gsylvia/agrobot-reverse-engineering/Agrobot/install/epos2_bridge_interfaces/include/epos2_bridge_interfaces/epos2_bridge_interfaces/srv/detail/move_delta__builder.hpp
-- Up-to-date: /home/gsylvia/agrobot-reverse-engineering/Agrobot/install/epos2_bridge_interfaces/include/epos2_bridge_interfaces/epos2_bridge_interfaces/srv/detail/move_delta__struct.hpp
-- Up-to-date: /home/gsylvia/agrobot-reverse-engineering/Agrobot/install/epos2_bridge_interfaces/include/epos2_bridge_interfaces/epos2_bridge_interfaces/srv/detail/move_absolute__struct.hpp
-- Up-to-date: /home/gsylvia/agrobot-reverse-engineering/Agrobot/install/epos2_bridge_interfaces/include/epos2_bridge_interfaces/epos2_bridge_interfaces/srv/detail/move_delta__type_support.hpp
-- Up-to-date: /home/gsylvia/agrobot-reverse-engineering/Agrobot/install/epos2_bridge_interfaces/include/epos2_bridge_interfaces/epos2_bridge_interfaces/srv/detail/move_absolute__type_support.hpp
-- Up-to-date: /home/gsylvia/agrobot-reverse-engineering/Agrobot/install/epos2_bridge_interfaces/include/epos2_bridge_interfaces/epos2_bridge_interfaces/srv/detail/move_absolute__builder.hpp
-- Up-to-date: /home/gsylvia/agrobot-reverse-engineering/Agrobot/install/epos2_bridge_interfaces/include/epos2_bridge_interfaces/epos2_bridge_interfaces/srv/detail/move_absolute_timed__struct.hpp
-- Up-to-date: /home/gsylvia/agrobot-reverse-engineering/Agrobot/install/epos2_bridge_interfaces/include/epos2_bridge_interfaces/epos2_bridge_interfaces/srv/detail/move_absolute_timed__builder.hpp
-- Up-to-date: /home/gsylvia/agrobot-reverse-engineering/Agrobot/install/epos2_bridge_interfaces/include/epos2_bridge_interfaces/epos2_bridge_interfaces/srv/detail/move_absolute__traits.hpp
-- Up-to-date: /home/gsylvia/agrobot-reverse-engineering/Agrobot/install/epos2_bridge_interfaces/include/epos2_bridge_interfaces/epos2_bridge_interfaces/srv/detail/move_absolute_timed__type_support.hpp
-- Up-to-date: /home/gsylvia/agrobot-reverse-engineering/Agrobot/install/epos2_bridge_interfaces/include/epos2_bridge_interfaces/epos2_bridge_interfaces/srv/detail/move_absolute_timed__traits.hpp
-- Up-to-date: /home/gsylvia/agrobot-reverse-engineering/Agrobot/install/epos2_bridge_interfaces/include/epos2_bridge_interfaces/epos2_bridge_interfaces/srv/detail/move_delta__traits.hpp
-- Up-to-date: /home/gsylvia/agrobot-reverse-engineering/Agrobot/install/epos2_bridge_interfaces/include/epos2_bridge_interfaces/epos2_bridge_interfaces/srv/move_absolute_timed.hpp
-- Up-to-date: /home/gsylvia/agrobot-reverse-engineering/Agrobot/install/epos2_bridge_interfaces/include/epos2_bridge_interfaces/epos2_bridge_interfaces/msg
-- Up-to-date: /home/gsylvia/agrobot-reverse-engineering/Agrobot/install/epos2_bridge_interfaces/include/epos2_bridge_interfaces/epos2_bridge_interfaces/msg/rosidl_generator_cpp__visibility_control.hpp
-- Up-to-date: /home/gsylvia/agrobot-reverse-engineering/Agrobot/install/epos2_bridge_interfaces/include/epos2_bridge_interfaces/epos2_bridge_interfaces
-- Up-to-date: /home/gsylvia/agrobot-reverse-engineering/Agrobot/install/epos2_bridge_interfaces/include/epos2_bridge_interfaces/epos2_bridge_interfaces/srv
-- Up-to-date: /home/gsylvia/agrobot-reverse-engineering/Agrobot/install/epos2_bridge_interfaces/include/epos2_bridge_interfaces/epos2_bridge_interfaces/srv/detail
-- Up-to-date: /home/gsylvia/agrobot-reverse-engineering/Agrobot/install/epos2_bridge_interfaces/include/epos2_bridge_interfaces/epos2_bridge_interfaces/srv/detail/move_absolute_timed__rosidl_typesupport_fastrtps_cpp.hpp
-- Up-to-date: /home/gsylvia/agrobot-reverse-engineering/Agrobot/install/epos2_bridge_interfaces/include/epos2_bridge_interfaces/epos2_bridge_interfaces/srv/detail/dds_fastrtps
-- Up-to-date: /home/gsylvia/agrobot-reverse-engineering/Agrobot/install/epos2_bridge_interfaces/include/epos2_bridge_interfaces/epos2_bridge_interfaces/srv/detail/move_absolute__rosidl_typesupport_fastrtps_cpp.hpp
-- Up-to-date: /home/gsylvia/agrobot-reverse-engineering/Agrobot/install/epos2_bridge_interfaces/include/epos2_bridge_interfaces/epos2_bridge_interfaces/srv/detail/move_delta__rosidl_typesupport_fastrtps_cpp.hpp
-- Up-to-date: /home/gsylvia/agrobot-reverse-engineering/Agrobot/install/epos2_bridge_interfaces/include/epos2_bridge_interfaces/epos2_bridge_interfaces/msg
-- Up-to-date: /home/gsylvia/agrobot-reverse-engineering/Agrobot/install/epos2_bridge_interfaces/include/epos2_bridge_interfaces/epos2_bridge_interfaces/msg/rosidl_typesupport_fastrtps_cpp__visibility_control.h
-- Up-to-date: /home/gsylvia/agrobot-reverse-engineering/Agrobot/install/epos2_bridge_interfaces/lib/libepos2_bridge_interfaces__rosidl_typesupport_fastrtps_cpp.so
-- Up-to-date: /home/gsylvia/agrobot-reverse-engineering/Agrobot/install/epos2_bridge_interfaces/include/epos2_bridge_interfaces/epos2_bridge_interfaces
-- Up-to-date: /home/gsylvia/agrobot-reverse-engineering/Agrobot/install/epos2_bridge_interfaces/include/epos2_bridge_interfaces/epos2_bridge_interfaces/srv
-- Up-to-date: /home/gsylvia/agrobot-reverse-engineering/Agrobot/install/epos2_bridge_interfaces/include/epos2_bridge_interfaces/epos2_bridge_interfaces/srv/detail
-- Up-to-date: /home/gsylvia/agrobot-reverse-engineering/Agrobot/install/epos2_bridge_interfaces/include/epos2_bridge_interfaces/epos2_bridge_interfaces/srv/detail/move_delta__rosidl_typesupport_introspection_cpp.hpp
-- Up-to-date: /home/gsylvia/agrobot-reverse-engineering/Agrobot/install/epos2_bridge_interfaces/include/epos2_bridge_interfaces/epos2_bridge_interfaces/srv/detail/move_absolute__rosidl_typesupport_introspection_cpp.hpp
-- Up-to-date: /home/gsylvia/agrobot-reverse-engineering/Agrobot/install/epos2_bridge_interfaces/include/epos2_bridge_interfaces/epos2_bridge_interfaces/srv/detail/move_absolute_timed__rosidl_typesupport_introspection_cpp.hpp
-- Up-to-date: /home/gsylvia/agrobot-reverse-engineering/Agrobot/install/epos2_bridge_interfaces/include/epos2_bridge_interfaces/epos2_bridge_interfaces/srv/detail/move_delta__type_support.cpp
-- Up-to-date: /home/gsylvia/agrobot-reverse-engineering/Agrobot/install/epos2_bridge_interfaces/include/epos2_bridge_interfaces/epos2_bridge_interfaces/srv/detail/move_absolute_timed__type_support.cpp
-- Up-to-date: /home/gsylvia/agrobot-reverse-engineering/Agrobot/install/epos2_bridge_interfaces/include/epos2_bridge_interfaces/epos2_bridge_interfaces/srv/detail/move_absolute__type_support.cpp
-- Up-to-date: /home/gsylvia/agrobot-reverse-engineering/Agrobot/install/epos2_bridge_interfaces/lib/libepos2_bridge_interfaces__rosidl_typesupport_introspection_cpp.so
-- Up-to-date: /home/gsylvia/agrobot-reverse-engineering/Agrobot/install/epos2_bridge_interfaces/lib/libepos2_bridge_interfaces__rosidl_typesupport_cpp.so
-- Up-to-date: /home/gsylvia/agrobot-reverse-engineering/Agrobot/install/epos2_bridge_interfaces/share/epos2_bridge_interfaces/environment/pythonpath.sh
-- Up-to-date: /home/gsylvia/agrobot-reverse-engineering/Agrobot/install/epos2_bridge_interfaces/share/epos2_bridge_interfaces/environment/pythonpath.dsv
-- Up-to-date: /home/gsylvia/agrobot-reverse-engineering/Agrobot/install/epos2_bridge_interfaces/lib/python3.12/site-packages/epos2_bridge_interfaces-0.0.1-py3.12.egg-info
-- Installing: /home/gsylvia/agrobot-reverse-engineering/Agrobot/install/epos2_bridge_interfaces/lib/python3.12/site-packages/epos2_bridge_interfaces-0.0.1-py3.12.egg-info/PKG-INFO
-- Installing: /home/gsylvia/agrobot-reverse-engineering/Agrobot/install/epos2_bridge_interfaces/lib/python3.12/site-packages/epos2_bridge_interfaces-0.0.1-py3.12.egg-info/dependency_links.txt
-- Installing: /home/gsylvia/agrobot-reverse-engineering/Agrobot/install/epos2_bridge_interfaces/lib/python3.12/site-packages/epos2_bridge_interfaces-0.0.1-py3.12.egg-info/top_level.txt
-- Installing: /home/gsylvia/agrobot-reverse-engineering/Agrobot/install/epos2_bridge_interfaces/lib/python3.12/site-packages/epos2_bridge_interfaces-0.0.1-py3.12.egg-info/SOURCES.txt
-- Up-to-date: /home/gsylvia/agrobot-reverse-engineering/Agrobot/install/epos2_bridge_interfaces/lib/python3.12/site-packages/epos2_bridge_interfaces
-- Up-to-date: /home/gsylvia/agrobot-reverse-engineering/Agrobot/install/epos2_bridge_interfaces/lib/python3.12/site-packages/epos2_bridge_interfaces/epos2_bridge_interfaces_s__rosidl_typesupport_introspection_c.so
-- Up-to-date: /home/gsylvia/agrobot-reverse-engineering/Agrobot/install/epos2_bridge_interfaces/lib/python3.12/site-packages/epos2_bridge_interfaces/_epos2_bridge_interfaces_s.ep.rosidl_typesupport_fastrtps_c.c
-- Up-to-date: /home/gsylvia/agrobot-reverse-engineering/Agrobot/install/epos2_bridge_interfaces/lib/python3.12/site-packages/epos2_bridge_interfaces/_epos2_bridge_interfaces_s.ep.rosidl_typesupport_c.c
-- Up-to-date: /home/gsylvia/agrobot-reverse-engineering/Agrobot/install/epos2_bridge_interfaces/lib/python3.12/site-packages/epos2_bridge_interfaces/srv
-- Up-to-date: /home/gsylvia/agrobot-reverse-engineering/Agrobot/install/epos2_bridge_interfaces/lib/python3.12/site-packages/epos2_bridge_interfaces/srv/_move_delta.py
-- Up-to-date: /home/gsylvia/agrobot-reverse-engineering/Agrobot/install/epos2_bridge_interfaces/lib/python3.12/site-packages/epos2_bridge_interfaces/srv/_move_absolute_timed_s.c
-- Up-to-date: /home/gsylvia/agrobot-reverse-engineering/Agrobot/install/epos2_bridge_interfaces/lib/python3.12/site-packages/epos2_bridge_interfaces/srv/_move_absolute_timed.py
-- Up-to-date: /home/gsylvia/agrobot-reverse-engineering/Agrobot/install/epos2_bridge_interfaces/lib/python3.12/site-packages/epos2_bridge_interfaces/srv/_move_absolute_s.c
-- Up-to-date: /home/gsylvia/agrobot-reverse-engineering/Agrobot/install/epos2_bridge_interfaces/lib/python3.12/site-packages/epos2_bridge_interfaces/srv/__init__.py
-- Up-to-date: /home/gsylvia/agrobot-reverse-engineering/Agrobot/install/epos2_bridge_interfaces/lib/python3.12/site-packages/epos2_bridge_interfaces/srv/_move_delta_s.c
-- Up-to-date: /home/gsylvia/agrobot-reverse-engineering/Agrobot/install/epos2_bridge_interfaces/lib/python3.12/site-packages/epos2_bridge_interfaces/srv/_move_absolute.py
-- Up-to-date: /home/gsylvia/agrobot-reverse-engineering/Agrobot/install/epos2_bridge_interfaces/lib/python3.12/site-packages/epos2_bridge_interfaces/__init__.py
-- Up-to-date: /home/gsylvia/agrobot-reverse-engineering/Agrobot/install/epos2_bridge_interfaces/lib/python3.12/site-packages/epos2_bridge_interfaces/epos2_bridge_interfaces_s__rosidl_typesupport_c.so
-- Up-to-date: /home/gsylvia/agrobot-reverse-engineering/Agrobot/install/epos2_bridge_interfaces/lib/python3.12/site-packages/epos2_bridge_interfaces/epos2_bridge_interfaces_s__rosidl_typesupport_fastrtps_c.so
-- Up-to-date: /home/gsylvia/agrobot-reverse-engineering/Agrobot/install/epos2_bridge_interfaces/lib/python3.12/site-packages/epos2_bridge_interfaces/_epos2_bridge_interfaces_s.ep.rosidl_typesupport_introspection_c.c
-- Install configuration: ""
-- Up-to-date: /home/gsylvia/agrobot-reverse-engineering/Agrobot/install/canopen_interfaces/share/ament_index/resource_index/rosidl_interfaces/canopen_interfaces
-- Up-to-date: /home/gsylvia/agrobot-reverse-engineering/Agrobot/install/canopen_interfaces/share/canopen_interfaces/srv/COHeartbeatID.json
-- Up-to-date: /home/gsylvia/agrobot-reverse-engineering/Agrobot/install/canopen_interfaces/share/canopen_interfaces/srv/CONmtID.json
-- Up-to-date: /home/gsylvia/agrobot-reverse-engineering/Agrobot/install/canopen_interfaces/share/canopen_interfaces/srv/CORead.json
-- Up-to-date: /home/gsylvia/agrobot-reverse-engineering/Agrobot/install/canopen_interfaces/share/canopen_interfaces/srv/COReadID.json
-- Up-to-date: /home/gsylvia/agrobot-reverse-engineering/Agrobot/install/canopen_interfaces/share/canopen_interfaces/srv/COWrite.json
-- Up-to-date: /home/gsylvia/agrobot-reverse-engineering/Agrobot/install/canopen_interfaces/share/canopen_interfaces/srv/COWriteID.json
-- Up-to-date: /home/gsylvia/agrobot-reverse-engineering/Agrobot/install/canopen_interfaces/share/canopen_interfaces/srv/COTargetDouble.json
-- Up-to-date: /home/gsylvia/agrobot-reverse-engineering/Agrobot/install/canopen_interfaces/share/canopen_interfaces/srv/CONode.json
-- Up-to-date: /home/gsylvia/agrobot-reverse-engineering/Agrobot/install/canopen_interfaces/share/canopen_interfaces/msg/COData.json
-- Up-to-date: /home/gsylvia/agrobot-reverse-engineering/Agrobot/install/canopen_interfaces/include/canopen_interfaces/canopen_interfaces
-- Up-to-date: /home/gsylvia/agrobot-reverse-engineering/Agrobot/install/canopen_interfaces/include/canopen_interfaces/canopen_interfaces/srv
-- Up-to-date: /home/gsylvia/agrobot-reverse-engineering/Agrobot/install/canopen_interfaces/include/canopen_interfaces/canopen_interfaces/srv/co_write.h
-- Up-to-date: /home/gsylvia/agrobot-reverse-engineering/Agrobot/install/canopen_interfaces/include/canopen_interfaces/canopen_interfaces/srv/co_nmt_id.h
-- Up-to-date: /home/gsylvia/agrobot-reverse-engineering/Agrobot/install/canopen_interfaces/include/canopen_interfaces/canopen_interfaces/srv/co_read_id.h
-- Up-to-date: /home/gsylvia/agrobot-reverse-engineering/Agrobot/install/canopen_interfaces/include/canopen_interfaces/canopen_interfaces/srv/co_target_double.h
-- Up-to-date: /home/gsylvia/agrobot-reverse-engineering/Agrobot/install/canopen_interfaces/include/canopen_interfaces/canopen_interfaces/srv/co_read.h
-- Up-to-date: /home/gsylvia/agrobot-reverse-engineering/Agrobot/install/canopen_interfaces/include/canopen_interfaces/canopen_interfaces/srv/co_write_id.h
-- Up-to-date: /home/gsylvia/agrobot-reverse-engineering/Agrobot/install/canopen_interfaces/include/canopen_interfaces/canopen_interfaces/srv/co_heartbeat_id.h
-- Up-to-date: /home/gsylvia/agrobot-reverse-engineering/Agrobot/install/canopen_interfaces/include/canopen_interfaces/canopen_interfaces/srv/detail
-- Up-to-date: /home/gsylvia/agrobot-reverse-engineering/Agrobot/install/canopen_interfaces/include/canopen_interfaces/canopen_interfaces/srv/detail/co_write__struct.h
-- Up-to-date: /home/gsylvia/agrobot-reverse-engineering/Agrobot/install/canopen_interfaces/include/canopen_interfaces/canopen_interfaces/srv/detail/co_read__description.c
-- Up-to-date: /home/gsylvia/agrobot-reverse-engineering/Agrobot/install/canopen_interfaces/include/canopen_interfaces/canopen_interfaces/srv/detail/co_target_double__type_support.h
-- Up-to-date: /home/gsylvia/agrobot-reverse-engineering/Agrobot/install/canopen_interfaces/include/canopen_interfaces/canopen_interfaces/srv/detail/co_nmt_id__functions.c
-- Up-to-date: /home/gsylvia/agrobot-reverse-engineering/Agrobot/install/canopen_interfaces/include/canopen_interfaces/canopen_interfaces/srv/detail/co_target_double__struct.h
-- Up-to-date: /home/gsylvia/agrobot-reverse-engineering/Agrobot/install/canopen_interfaces/include/canopen_interfaces/canopen_interfaces/srv/detail/co_write_id__type_support.h
-- Up-to-date: /home/gsylvia/agrobot-reverse-engineering/Agrobot/install/canopen_interfaces/include/canopen_interfaces/canopen_interfaces/srv/detail/co_node__type_support.h
-- Installing: /home/gsylvia/agrobot-reverse-engineering/Agrobot/install/canopen_interfaces/include/canopen_interfaces/canopen_interfaces/srv/detail/co_read_id__type_support.c
-- Installing: /home/gsylvia/agrobot-reverse-engineering/Agrobot/install/canopen_interfaces/include/canopen_interfaces/canopen_interfaces/srv/detail/co_heartbeat_id__type_support.c
-- Up-to-date: /home/gsylvia/agrobot-reverse-engineering/Agrobot/install/canopen_interfaces/include/canopen_interfaces/canopen_interfaces/srv/detail/co_read__functions.c
-- Up-to-date: /home/gsylvia/agrobot-reverse-engineering/Agrobot/install/canopen_interfaces/include/canopen_interfaces/canopen_interfaces/srv/detail/co_read_id__functions.h
-- Up-to-date: /home/gsylvia/agrobot-reverse-engineering/Agrobot/install/canopen_interfaces/include/canopen_interfaces/canopen_interfaces/srv/detail/co_write__functions.h
-- Up-to-date: /home/gsylvia/agrobot-reverse-engineering/Agrobot/install/canopen_interfaces/include/canopen_interfaces/canopen_interfaces/srv/detail/co_read_id__functions.c
-- Up-to-date: /home/gsylvia/agrobot-reverse-engineering/Agrobot/install/canopen_interfaces/include/canopen_interfaces/canopen_interfaces/srv/detail/co_target_double__functions.h
-- Up-to-date: /home/gsylvia/agrobot-reverse-engineering/Agrobot/install/canopen_interfaces/include/canopen_interfaces/canopen_interfaces/srv/detail/co_heartbeat_id__functions.h
-- Up-to-date: /home/gsylvia/agrobot-reverse-engineering/Agrobot/install/canopen_interfaces/include/canopen_interfaces/canopen_interfaces/srv/detail/co_nmt_id__functions.h
-- Up-to-date: /home/gsylvia/agrobot-reverse-engineering/Agrobot/install/canopen_interfaces/include/canopen_interfaces/canopen_interfaces/srv/detail/co_write_id__description.c
-- Up-to-date: /home/gsylvia/agrobot-reverse-engineering/Agrobot/install/canopen_interfaces/include/canopen_interfaces/canopen_interfaces/srv/detail/co_write__description.c
-- Installing: /home/gsylvia/agrobot-reverse-engineering/Agrobot/install/canopen_interfaces/include/canopen_interfaces/canopen_interfaces/srv/detail/co_write__type_support.c
-- Up-to-date: /home/gsylvia/agrobot-reverse-engineering/Agrobot/install/canopen_interfaces/include/canopen_interfaces/canopen_interfaces/srv/detail/co_read_id__type_support.h
-- Up-to-date: /home/gsylvia/agrobot-reverse-engineering/Agrobot/install/canopen_interfaces/include/canopen_interfaces/canopen_interfaces/srv/detail/co_node__functions.h
-- Up-to-date: /home/gsylvia/agrobot-reverse-engineering/Agrobot/install/canopen_interfaces/include/canopen_interfaces/canopen_interfaces/srv/detail/co_write_id__functions.c
-- Up-to-date: /home/gsylvia/agrobot-reverse-engineering/Agrobot/install/canopen_interfaces/include/canopen_interfaces/canopen_interfaces/srv/detail/co_write_id__struct.h
-- Up-to-date: /home/gsylvia/agrobot-reverse-engineering/Agrobot/install/canopen_interfaces/include/canopen_interfaces/canopen_interfaces/srv/detail/co_node__struct.h
-- Up-to-date: /home/gsylvia/agrobot-reverse-engineering/Agrobot/install/canopen_interfaces/include/canopen_interfaces/canopen_interfaces/srv/detail/co_nmt_id__type_support.h
-- Up-to-date: /home/gsylvia/agrobot-reverse-engineering/Agrobot/install/canopen_interfaces/include/canopen_interfaces/canopen_interfaces/srv/detail/co_write__type_support.h
-- Installing: /home/gsylvia/agrobot-reverse-engineering/Agrobot/install/canopen_interfaces/include/canopen_interfaces/canopen_interfaces/srv/detail/co_write_id__type_support.c
-- Up-to-date: /home/gsylvia/agrobot-reverse-engineering/Agrobot/install/canopen_interfaces/include/canopen_interfaces/canopen_interfaces/srv/detail/co_heartbeat_id__struct.h
-- Installing: /home/gsylvia/agrobot-reverse-engineering/Agrobot/install/canopen_interfaces/include/canopen_interfaces/canopen_interfaces/srv/detail/co_nmt_id__type_support.c
-- Up-to-date: /home/gsylvia/agrobot-reverse-engineering/Agrobot/install/canopen_interfaces/include/canopen_interfaces/canopen_interfaces/srv/detail/co_heartbeat_id__functions.c
-- Up-to-date: /home/gsylvia/agrobot-reverse-engineering/Agrobot/install/canopen_interfaces/include/canopen_interfaces/canopen_interfaces/srv/detail/co_read__type_support.h
-- Up-to-date: /home/gsylvia/agrobot-reverse-engineering/Agrobot/install/canopen_interfaces/include/canopen_interfaces/canopen_interfaces/srv/detail/co_nmt_id__description.c
-- Up-to-date: /home/gsylvia/agrobot-reverse-engineering/Agrobot/install/canopen_interfaces/include/canopen_interfaces/canopen_interfaces/srv/detail/co_heartbeat_id__type_support.h
-- Up-to-date: /home/gsylvia/agrobot-reverse-engineering/Agrobot/install/canopen_interfaces/include/canopen_interfaces/canopen_interfaces/srv/detail/co_read_id__description.c
-- Up-to-date: /home/gsylvia/agrobot-reverse-engineering/Agrobot/install/canopen_interfaces/include/canopen_interfaces/canopen_interfaces/srv/detail/co_read_id__struct.h
-- Up-to-date: /home/gsylvia/agrobot-reverse-engineering/Agrobot/install/canopen_interfaces/include/canopen_interfaces/canopen_interfaces/srv/detail/co_nmt_id__struct.h
-- Up-to-date: /home/gsylvia/agrobot-reverse-engineering/Agrobot/install/canopen_interfaces/include/canopen_interfaces/canopen_interfaces/srv/detail/co_heartbeat_id__description.c
-- Installing: /home/gsylvia/agrobot-reverse-engineering/Agrobot/install/canopen_interfaces/include/canopen_interfaces/canopen_interfaces/srv/detail/co_read__type_support.c
-- Up-to-date: /home/gsylvia/agrobot-reverse-engineering/Agrobot/install/canopen_interfaces/include/canopen_interfaces/canopen_interfaces/srv/detail/co_write__functions.c
-- Installing: /home/gsylvia/agrobot-reverse-engineering/Agrobot/install/canopen_interfaces/include/canopen_interfaces/canopen_interfaces/srv/detail/co_target_double__type_support.c
-- Up-to-date: /home/gsylvia/agrobot-reverse-engineering/Agrobot/install/canopen_interfaces/include/canopen_interfaces/canopen_interfaces/srv/detail/co_read__struct.h
-- Up-to-date: /home/gsylvia/agrobot-reverse-engineering/Agrobot/install/canopen_interfaces/include/canopen_interfaces/canopen_interfaces/srv/detail/co_write_id__functions.h
-- Installing: /home/gsylvia/agrobot-reverse-engineering/Agrobot/install/canopen_interfaces/include/canopen_interfaces/canopen_interfaces/srv/detail/co_node__type_support.c
-- Up-to-date: /home/gsylvia/agrobot-reverse-engineering/Agrobot/install/canopen_interfaces/include/canopen_interfaces/canopen_interfaces/srv/detail/co_target_double__description.c
-- Up-to-date: /home/gsylvia/agrobot-reverse-engineering/Agrobot/install/canopen_interfaces/include/canopen_interfaces/canopen_interfaces/srv/detail/co_target_double__functions.c
-- Up-to-date: /home/gsylvia/agrobot-reverse-engineering/Agrobot/install/canopen_interfaces/include/canopen_interfaces/canopen_interfaces/srv/detail/co_node__description.c
-- Up-to-date: /home/gsylvia/agrobot-reverse-engineering/Agrobot/install/canopen_interfaces/include/canopen_interfaces/canopen_interfaces/srv/detail/co_read__functions.h
-- Up-to-date: /home/gsylvia/agrobot-reverse-engineering/Agrobot/install/canopen_interfaces/include/canopen_interfaces/canopen_interfaces/srv/detail/co_node__functions.c
-- Up-to-date: /home/gsylvia/agrobot-reverse-engineering/Agrobot/install/canopen_interfaces/include/canopen_interfaces/canopen_interfaces/srv/co_node.h
-- Up-to-date: /home/gsylvia/agrobot-reverse-engineering/Agrobot/install/canopen_interfaces/include/canopen_interfaces/canopen_interfaces/msg
-- Up-to-date: /home/gsylvia/agrobot-reverse-engineering/Agrobot/install/canopen_interfaces/include/canopen_interfaces/canopen_interfaces/msg/rosidl_generator_c__visibility_control.h
-- Up-to-date: /home/gsylvia/agrobot-reverse-engineering/Agrobot/install/canopen_interfaces/include/canopen_interfaces/canopen_interfaces/msg/detail
-- Up-to-date: /home/gsylvia/agrobot-reverse-engineering/Agrobot/install/canopen_interfaces/include/canopen_interfaces/canopen_interfaces/msg/detail/co_data__struct.h
-- Up-to-date: /home/gsylvia/agrobot-reverse-engineering/Agrobot/install/canopen_interfaces/include/canopen_interfaces/canopen_interfaces/msg/detail/co_data__functions.h
-- Up-to-date: /home/gsylvia/agrobot-reverse-engineering/Agrobot/install/canopen_interfaces/include/canopen_interfaces/canopen_interfaces/msg/detail/co_data__description.c
-- Up-to-date: /home/gsylvia/agrobot-reverse-engineering/Agrobot/install/canopen_interfaces/include/canopen_interfaces/canopen_interfaces/msg/detail/co_data__functions.c
-- Installing: /home/gsylvia/agrobot-reverse-engineering/Agrobot/install/canopen_interfaces/include/canopen_interfaces/canopen_interfaces/msg/detail/co_data__type_support.c
-- Up-to-date: /home/gsylvia/agrobot-reverse-engineering/Agrobot/install/canopen_interfaces/include/canopen_interfaces/canopen_interfaces/msg/detail/co_data__type_support.h
-- Up-to-date: /home/gsylvia/agrobot-reverse-engineering/Agrobot/install/canopen_interfaces/include/canopen_interfaces/canopen_interfaces/msg/co_data.h
-- Up-to-date: /home/gsylvia/agrobot-reverse-engineering/Agrobot/install/canopen_interfaces/share/canopen_interfaces/environment/library_path.sh
-- Up-to-date: /home/gsylvia/agrobot-reverse-engineering/Agrobot/install/canopen_interfaces/share/canopen_interfaces/environment/library_path.dsv
-- Up-to-date: /home/gsylvia/agrobot-reverse-engineering/Agrobot/install/canopen_interfaces/lib/libcanopen_interfaces__rosidl_generator_c.so
-- Up-to-date: /home/gsylvia/agrobot-reverse-engineering/Agrobot/install/canopen_interfaces/include/canopen_interfaces/canopen_interfaces
-- Up-to-date: /home/gsylvia/agrobot-reverse-engineering/Agrobot/install/canopen_interfaces/include/canopen_interfaces/canopen_interfaces/srv
-- Up-to-date: /home/gsylvia/agrobot-reverse-engineering/Agrobot/install/canopen_interfaces/include/canopen_interfaces/canopen_interfaces/srv/detail
-- Up-to-date: /home/gsylvia/agrobot-reverse-engineering/Agrobot/install/canopen_interfaces/include/canopen_interfaces/canopen_interfaces/srv/detail/co_target_double__rosidl_typesupport_fastrtps_c.h
-- Up-to-date: /home/gsylvia/agrobot-reverse-engineering/Agrobot/install/canopen_interfaces/include/canopen_interfaces/canopen_interfaces/srv/detail/co_read__rosidl_typesupport_fastrtps_c.h
-- Up-to-date: /home/gsylvia/agrobot-reverse-engineering/Agrobot/install/canopen_interfaces/include/canopen_interfaces/canopen_interfaces/srv/detail/co_heartbeat_id__rosidl_typesupport_fastrtps_c.h
-- Up-to-date: /home/gsylvia/agrobot-reverse-engineering/Agrobot/install/canopen_interfaces/include/canopen_interfaces/canopen_interfaces/srv/detail/co_write_id__rosidl_typesupport_fastrtps_c.h
-- Up-to-date: /home/gsylvia/agrobot-reverse-engineering/Agrobot/install/canopen_interfaces/include/canopen_interfaces/canopen_interfaces/srv/detail/co_read_id__rosidl_typesupport_fastrtps_c.h
-- Up-to-date: /home/gsylvia/agrobot-reverse-engineering/Agrobot/install/canopen_interfaces/include/canopen_interfaces/canopen_interfaces/srv/detail/co_write__rosidl_typesupport_fastrtps_c.h
-- Up-to-date: /home/gsylvia/agrobot-reverse-engineering/Agrobot/install/canopen_interfaces/include/canopen_interfaces/canopen_interfaces/srv/detail/co_nmt_id__rosidl_typesupport_fastrtps_c.h
-- Up-to-date: /home/gsylvia/agrobot-reverse-engineering/Agrobot/install/canopen_interfaces/include/canopen_interfaces/canopen_interfaces/srv/detail/co_node__rosidl_typesupport_fastrtps_c.h
-- Up-to-date: /home/gsylvia/agrobot-reverse-engineering/Agrobot/install/canopen_interfaces/include/canopen_interfaces/canopen_interfaces/msg
-- Up-to-date: /home/gsylvia/agrobot-reverse-engineering/Agrobot/install/canopen_interfaces/include/canopen_interfaces/canopen_interfaces/msg/detail
-- Up-to-date: /home/gsylvia/agrobot-reverse-engineering/Agrobot/install/canopen_interfaces/include/canopen_interfaces/canopen_interfaces/msg/detail/co_data__rosidl_typesupport_fastrtps_c.h
-- Up-to-date: /home/gsylvia/agrobot-reverse-engineering/Agrobot/install/canopen_interfaces/include/canopen_interfaces/canopen_interfaces/msg/rosidl_typesupport_fastrtps_c__visibility_control.h
-- Up-to-date: /home/gsylvia/agrobot-reverse-engineering/Agrobot/install/canopen_interfaces/lib/libcanopen_interfaces__rosidl_typesupport_fastrtps_c.so
-- Up-to-date: /home/gsylvia/agrobot-reverse-engineering/Agrobot/install/canopen_interfaces/include/canopen_interfaces/canopen_interfaces
-- Up-to-date: /home/gsylvia/agrobot-reverse-engineering/Agrobot/install/canopen_interfaces/include/canopen_interfaces/canopen_interfaces/srv
-- Up-to-date: /home/gsylvia/agrobot-reverse-engineering/Agrobot/install/canopen_interfaces/include/canopen_interfaces/canopen_interfaces/srv/detail
-- Up-to-date: /home/gsylvia/agrobot-reverse-engineering/Agrobot/install/canopen_interfaces/include/canopen_interfaces/canopen_interfaces/srv/detail/co_heartbeat_id__rosidl_typesupport_introspection_c.h
-- Up-to-date: /home/gsylvia/agrobot-reverse-engineering/Agrobot/install/canopen_interfaces/include/canopen_interfaces/canopen_interfaces/srv/detail/co_target_double__rosidl_typesupport_introspection_c.h
-- Installing: /home/gsylvia/agrobot-reverse-engineering/Agrobot/install/canopen_interfaces/include/canopen_interfaces/canopen_interfaces/srv/detail/co_read_id__type_support.c
-- Up-to-date: /home/gsylvia/agrobot-reverse-engineering/Agrobot/install/canopen_interfaces/include/canopen_interfaces/canopen_interfaces/srv/detail/co_read__rosidl_typesupport_introspection_c.h
-- Installing: /home/gsylvia/agrobot-reverse-engineering/Agrobot/install/canopen_interfaces/include/canopen_interfaces/canopen_interfaces/srv/detail/co_heartbeat_id__type_support.c
-- Up-to-date: /home/gsylvia/agrobot-reverse-engineering/Agrobot/install/canopen_interfaces/include/canopen_interfaces/canopen_interfaces/srv/detail/co_read_id__rosidl_typesupport_introspection_c.h
-- Installing: /home/gsylvia/agrobot-reverse-engineering/Agrobot/install/canopen_interfaces/include/canopen_interfaces/canopen_interfaces/srv/detail/co_write__type_support.c
-- Up-to-date: /home/gsylvia/agrobot-reverse-engineering/Agrobot/install/canopen_interfaces/include/canopen_interfaces/canopen_interfaces/srv/detail/co_nmt_id__rosidl_typesupport_introspection_c.h
-- Up-to-date: /home/gsylvia/agrobot-reverse-engineering/Agrobot/install/canopen_interfaces/include/canopen_interfaces/canopen_interfaces/srv/detail/co_write__rosidl_typesupport_introspection_c.h
-- Installing: /home/gsylvia/agrobot-reverse-engineering/Agrobot/install/canopen_interfaces/include/canopen_interfaces/canopen_interfaces/srv/detail/co_write_id__type_support.c
-- Up-to-date: /home/gsylvia/agrobot-reverse-engineering/Agrobot/install/canopen_interfaces/include/canopen_interfaces/canopen_interfaces/srv/detail/co_node__rosidl_typesupport_introspection_c.h
-- Installing: /home/gsylvia/agrobot-reverse-engineering/Agrobot/install/canopen_interfaces/include/canopen_interfaces/canopen_interfaces/srv/detail/co_nmt_id__type_support.c
-- Installing: /home/gsylvia/agrobot-reverse-engineering/Agrobot/install/canopen_interfaces/include/canopen_interfaces/canopen_interfaces/srv/detail/co_read__type_support.c
-- Installing: /home/gsylvia/agrobot-reverse-engineering/Agrobot/install/canopen_interfaces/include/canopen_interfaces/canopen_interfaces/srv/detail/co_target_double__type_support.c
-- Up-to-date: /home/gsylvia/agrobot-reverse-engineering/Agrobot/install/canopen_interfaces/include/canopen_interfaces/canopen_interfaces/srv/detail/co_write_id__rosidl_typesupport_introspection_c.h
-- Installing: /home/gsylvia/agrobot-reverse-engineering/Agrobot/install/canopen_interfaces/include/canopen_interfaces/canopen_interfaces/srv/detail/co_node__type_support.c
-- Up-to-date: /home/gsylvia/agrobot-reverse-engineering/Agrobot/install/canopen_interfaces/include/canopen_interfaces/canopen_interfaces/msg
-- Up-to-date: /home/gsylvia/agrobot-reverse-engineering/Agrobot/install/canopen_interfaces/include/canopen_interfaces/canopen_interfaces/msg/rosidl_typesupport_introspection_c__visibility_control.h
-- Up-to-date: /home/gsylvia/agrobot-reverse-engineering/Agrobot/install/canopen_interfaces/include/canopen_interfaces/canopen_interfaces/msg/detail
-- Up-to-date: /home/gsylvia/agrobot-reverse-engineering/Agrobot/install/canopen_interfaces/include/canopen_interfaces/canopen_interfaces/msg/detail/co_data__rosidl_typesupport_introspection_c.h
-- Installing: /home/gsylvia/agrobot-reverse-engineering/Agrobot/install/canopen_interfaces/include/canopen_interfaces/canopen_interfaces/msg/detail/co_data__type_support.c
-- Up-to-date: /home/gsylvia/agrobot-reverse-engineering/Agrobot/install/canopen_interfaces/lib/libcanopen_interfaces__rosidl_typesupport_introspection_c.so
-- Up-to-date: /home/gsylvia/agrobot-reverse-engineering/Agrobot/install/canopen_interfaces/lib/libcanopen_interfaces__rosidl_typesupport_c.so
-- Up-to-date: /home/gsylvia/agrobot-reverse-engineering/Agrobot/install/canopen_interfaces/include/canopen_interfaces/canopen_interfaces
-- Up-to-date: /home/gsylvia/agrobot-reverse-engineering/Agrobot/install/canopen_interfaces/include/canopen_interfaces/canopen_interfaces/srv
-- Up-to-date: /home/gsylvia/agrobot-reverse-engineering/Agrobot/install/canopen_interfaces/include/canopen_interfaces/canopen_interfaces/srv/co_write_id.hpp
-- Up-to-date: /home/gsylvia/agrobot-reverse-engineering/Agrobot/install/canopen_interfaces/include/canopen_interfaces/canopen_interfaces/srv/co_write.hpp
-- Up-to-date: /home/gsylvia/agrobot-reverse-engineering/Agrobot/install/canopen_interfaces/include/canopen_interfaces/canopen_interfaces/srv/co_nmt_id.hpp
-- Up-to-date: /home/gsylvia/agrobot-reverse-engineering/Agrobot/install/canopen_interfaces/include/canopen_interfaces/canopen_interfaces/srv/co_node.hpp
-- Up-to-date: /home/gsylvia/agrobot-reverse-engineering/Agrobot/install/canopen_interfaces/include/canopen_interfaces/canopen_interfaces/srv/co_heartbeat_id.hpp
-- Up-to-date: /home/gsylvia/agrobot-reverse-engineering/Agrobot/install/canopen_interfaces/include/canopen_interfaces/canopen_interfaces/srv/detail
-- Up-to-date: /home/gsylvia/agrobot-reverse-engineering/Agrobot/install/canopen_interfaces/include/canopen_interfaces/canopen_interfaces/srv/detail/co_nmt_id__traits.hpp
-- Up-to-date: /home/gsylvia/agrobot-reverse-engineering/Agrobot/install/canopen_interfaces/include/canopen_interfaces/canopen_interfaces/srv/detail/co_read__type_support.hpp
-- Up-to-date: /home/gsylvia/agrobot-reverse-engineering/Agrobot/install/canopen_interfaces/include/canopen_interfaces/canopen_interfaces/srv/detail/co_target_double__type_support.hpp
-- Up-to-date: /home/gsylvia/agrobot-reverse-engineering/Agrobot/install/canopen_interfaces/include/canopen_interfaces/canopen_interfaces/srv/detail/co_heartbeat_id__struct.hpp
-- Up-to-date: /home/gsylvia/agrobot-reverse-engineering/Agrobot/install/canopen_interfaces/include/canopen_interfaces/canopen_interfaces/srv/detail/co_target_double__builder.hpp
-- Up-to-date: /home/gsylvia/agrobot-reverse-engineering/Agrobot/install/canopen_interfaces/include/canopen_interfaces/canopen_interfaces/srv/detail/co_read_id__type_support.hpp
-- Up-to-date: /home/gsylvia/agrobot-reverse-engineering/Agrobot/install/canopen_interfaces/include/canopen_interfaces/canopen_interfaces/srv/detail/co_read__builder.hpp
-- Up-to-date: /home/gsylvia/agrobot-reverse-engineering/Agrobot/install/canopen_interfaces/include/canopen_interfaces/canopen_interfaces/srv/detail/co_nmt_id__struct.hpp
-- Up-to-date: /home/gsylvia/agrobot-reverse-engineering/Agrobot/install/canopen_interfaces/include/canopen_interfaces/canopen_interfaces/srv/detail/co_target_double__traits.hpp
-- Up-to-date: /home/gsylvia/agrobot-reverse-engineering/Agrobot/install/canopen_interfaces/include/canopen_interfaces/canopen_interfaces/srv/detail/co_read_id__struct.hpp
-- Up-to-date: /home/gsylvia/agrobot-reverse-engineering/Agrobot/install/canopen_interfaces/include/canopen_interfaces/canopen_interfaces/srv/detail/co_write_id__traits.hpp
-- Up-to-date: /home/gsylvia/agrobot-reverse-engineering/Agrobot/install/canopen_interfaces/include/canopen_interfaces/canopen_interfaces/srv/detail/co_heartbeat_id__traits.hpp
-- Up-to-date: /home/gsylvia/agrobot-reverse-engineering/Agrobot/install/canopen_interfaces/include/canopen_interfaces/canopen_interfaces/srv/detail/co_read_id__traits.hpp
-- Up-to-date: /home/gsylvia/agrobot-reverse-engineering/Agrobot/install/canopen_interfaces/include/canopen_interfaces/canopen_interfaces/srv/detail/co_read_id__builder.hpp
-- Up-to-date: /home/gsylvia/agrobot-reverse-engineering/Agrobot/install/canopen_interfaces/include/canopen_interfaces/canopen_interfaces/srv/detail/co_read__traits.hpp
-- Up-to-date: /home/gsylvia/agrobot-reverse-engineering/Agrobot/install/canopen_interfaces/include/canopen_interfaces/canopen_interfaces/srv/detail/co_node__type_support.hpp
-- Up-to-date: /home/gsylvia/agrobot-reverse-engineering/Agrobot/install/canopen_interfaces/include/canopen_interfaces/canopen_interfaces/srv/detail/co_nmt_id__builder.hpp
-- Up-to-date: /home/gsylvia/agrobot-reverse-engineering/Agrobot/install/canopen_interfaces/include/canopen_interfaces/canopen_interfaces/srv/detail/co_write__struct.hpp
-- Up-to-date: /home/gsylvia/agrobot-reverse-engineering/Agrobot/install/canopen_interfaces/include/canopen_interfaces/canopen_interfaces/srv/detail/co_read__struct.hpp
-- Up-to-date: /home/gsylvia/agrobot-reverse-engineering/Agrobot/install/canopen_interfaces/include/canopen_interfaces/canopen_interfaces/srv/detail/co_write__builder.hpp
-- Up-to-date: /home/gsylvia/agrobot-reverse-engineering/Agrobot/install/canopen_interfaces/include/canopen_interfaces/canopen_interfaces/srv/detail/co_write__type_support.hpp
-- Up-to-date: /home/gsylvia/agrobot-reverse-engineering/Agrobot/install/canopen_interfaces/include/canopen_interfaces/canopen_interfaces/srv/detail/co_nmt_id__type_support.hpp
-- Up-to-date: /home/gsylvia/agrobot-reverse-engineering/Agrobot/install/canopen_interfaces/include/canopen_interfaces/canopen_interfaces/srv/detail/co_write_id__builder.hpp
-- Up-to-date: /home/gsylvia/agrobot-reverse-engineering/Agrobot/install/canopen_interfaces/include/canopen_interfaces/canopen_interfaces/srv/detail/co_write_id__type_support.hpp
-- Up-to-date: /home/gsylvia/agrobot-reverse-engineering/Agrobot/install/canopen_interfaces/include/canopen_interfaces/canopen_interfaces/srv/detail/co_node__builder.hpp
-- Up-to-date: /home/gsylvia/agrobot-reverse-engineering/Agrobot/install/canopen_interfaces/include/canopen_interfaces/canopen_interfaces/srv/detail/co_node__traits.hpp
-- Up-to-date: /home/gsylvia/agrobot-reverse-engineering/Agrobot/install/canopen_interfaces/include/canopen_interfaces/canopen_interfaces/srv/detail/co_write_id__struct.hpp
-- Up-to-date: /home/gsylvia/agrobot-reverse-engineering/Agrobot/install/canopen_interfaces/include/canopen_interfaces/canopen_interfaces/srv/detail/co_heartbeat_id__type_support.hpp
-- Up-to-date: /home/gsylvia/agrobot-reverse-engineering/Agrobot/install/canopen_interfaces/include/canopen_interfaces/canopen_interfaces/srv/detail/co_target_double__struct.hpp
-- Up-to-date: /home/gsylvia/agrobot-reverse-engineering/Agrobot/install/canopen_interfaces/include/canopen_interfaces/canopen_interfaces/srv/detail/co_heartbeat_id__builder.hpp
-- Up-to-date: /home/gsylvia/agrobot-reverse-engineering/Agrobot/install/canopen_interfaces/include/canopen_interfaces/canopen_interfaces/srv/detail/co_node__struct.hpp
-- Up-to-date: /home/gsylvia/agrobot-reverse-engineering/Agrobot/install/canopen_interfaces/include/canopen_interfaces/canopen_interfaces/srv/detail/co_write__traits.hpp
-- Up-to-date: /home/gsylvia/agrobot-reverse-engineering/Agrobot/install/canopen_interfaces/include/canopen_interfaces/canopen_interfaces/srv/co_read.hpp
-- Up-to-date: /home/gsylvia/agrobot-reverse-engineering/Agrobot/install/canopen_interfaces/include/canopen_interfaces/canopen_interfaces/srv/co_read_id.hpp
-- Up-to-date: /home/gsylvia/agrobot-reverse-engineering/Agrobot/install/canopen_interfaces/include/canopen_interfaces/canopen_interfaces/srv/co_target_double.hpp
-- Up-to-date: /home/gsylvia/agrobot-reverse-engineering/Agrobot/install/canopen_interfaces/include/canopen_interfaces/canopen_interfaces/msg
-- Up-to-date: /home/gsylvia/agrobot-reverse-engineering/Agrobot/install/canopen_interfaces/include/canopen_interfaces/canopen_interfaces/msg/detail
-- Up-to-date: /home/gsylvia/agrobot-reverse-engineering/Agrobot/install/canopen_interfaces/include/canopen_interfaces/canopen_interfaces/msg/detail/co_data__traits.hpp
-- Up-to-date: /home/gsylvia/agrobot-reverse-engineering/Agrobot/install/canopen_interfaces/include/canopen_interfaces/canopen_interfaces/msg/detail/co_data__builder.hpp
-- Up-to-date: /home/gsylvia/agrobot-reverse-engineering/Agrobot/install/canopen_interfaces/include/canopen_interfaces/canopen_interfaces/msg/detail/co_data__type_support.hpp
-- Up-to-date: /home/gsylvia/agrobot-reverse-engineering/Agrobot/install/canopen_interfaces/include/canopen_interfaces/canopen_interfaces/msg/detail/co_data__struct.hpp
-- Up-to-date: /home/gsylvia/agrobot-reverse-engineering/Agrobot/install/canopen_interfaces/include/canopen_interfaces/canopen_interfaces/msg/rosidl_generator_cpp__visibility_control.hpp
-- Up-to-date: /home/gsylvia/agrobot-reverse-engineering/Agrobot/install/canopen_interfaces/include/canopen_interfaces/canopen_interfaces/msg/co_data.hpp
-- Up-to-date: /home/gsylvia/agrobot-reverse-engineering/Agrobot/install/canopen_interfaces/include/canopen_interfaces/canopen_interfaces
-- Up-to-date: /home/gsylvia/agrobot-reverse-engineering/Agrobot/install/canopen_interfaces/include/canopen_interfaces/canopen_interfaces/srv
-- Up-to-date: /home/gsylvia/agrobot-reverse-engineering/Agrobot/install/canopen_interfaces/include/canopen_interfaces/canopen_interfaces/srv/detail
-- Up-to-date: /home/gsylvia/agrobot-reverse-engineering/Agrobot/install/canopen_interfaces/include/canopen_interfaces/canopen_interfaces/srv/detail/co_write__rosidl_typesupport_fastrtps_cpp.hpp
-- Up-to-date: /home/gsylvia/agrobot-reverse-engineering/Agrobot/install/canopen_interfaces/include/canopen_interfaces/canopen_interfaces/srv/detail/co_nmt_id__rosidl_typesupport_fastrtps_cpp.hpp
-- Up-to-date: /home/gsylvia/agrobot-reverse-engineering/Agrobot/install/canopen_interfaces/include/canopen_interfaces/canopen_interfaces/srv/detail/dds_fastrtps
-- Up-to-date: /home/gsylvia/agrobot-reverse-engineering/Agrobot/install/canopen_interfaces/include/canopen_interfaces/canopen_interfaces/srv/detail/co_heartbeat_id__rosidl_typesupport_fastrtps_cpp.hpp
-- Up-to-date: /home/gsylvia/agrobot-reverse-engineering/Agrobot/install/canopen_interfaces/include/canopen_interfaces/canopen_interfaces/srv/detail/co_read_id__rosidl_typesupport_fastrtps_cpp.hpp
-- Up-to-date: /home/gsylvia/agrobot-reverse-engineering/Agrobot/install/canopen_interfaces/include/canopen_interfaces/canopen_interfaces/srv/detail/co_write_id__rosidl_typesupport_fastrtps_cpp.hpp
-- Up-to-date: /home/gsylvia/agrobot-reverse-engineering/Agrobot/install/canopen_interfaces/include/canopen_interfaces/canopen_interfaces/srv/detail/co_read__rosidl_typesupport_fastrtps_cpp.hpp
-- Up-to-date: /home/gsylvia/agrobot-reverse-engineering/Agrobot/install/canopen_interfaces/include/canopen_interfaces/canopen_interfaces/srv/detail/co_node__rosidl_typesupport_fastrtps_cpp.hpp
-- Up-to-date: /home/gsylvia/agrobot-reverse-engineering/Agrobot/install/canopen_interfaces/include/canopen_interfaces/canopen_interfaces/srv/detail/co_target_double__rosidl_typesupport_fastrtps_cpp.hpp
-- Up-to-date: /home/gsylvia/agrobot-reverse-engineering/Agrobot/install/canopen_interfaces/include/canopen_interfaces/canopen_interfaces/msg
-- Up-to-date: /home/gsylvia/agrobot-reverse-engineering/Agrobot/install/canopen_interfaces/include/canopen_interfaces/canopen_interfaces/msg/detail
-- Up-to-date: /home/gsylvia/agrobot-reverse-engineering/Agrobot/install/canopen_interfaces/include/canopen_interfaces/canopen_interfaces/msg/detail/dds_fastrtps
-- Up-to-date: /home/gsylvia/agrobot-reverse-engineering/Agrobot/install/canopen_interfaces/include/canopen_interfaces/canopen_interfaces/msg/detail/co_data__rosidl_typesupport_fastrtps_cpp.hpp
-- Up-to-date: /home/gsylvia/agrobot-reverse-engineering/Agrobot/install/canopen_interfaces/include/canopen_interfaces/canopen_interfaces/msg/rosidl_typesupport_fastrtps_cpp__visibility_control.h
-- Up-to-date: /home/gsylvia/agrobot-reverse-engineering/Agrobot/install/canopen_interfaces/lib/libcanopen_interfaces__rosidl_typesupport_fastrtps_cpp.so
-- Up-to-date: /home/gsylvia/agrobot-reverse-engineering/Agrobot/install/canopen_interfaces/include/canopen_interfaces/canopen_interfaces
-- Up-to-date: /home/gsylvia/agrobot-reverse-engineering/Agrobot/install/canopen_interfaces/include/canopen_interfaces/canopen_interfaces/srv
-- Up-to-date: /home/gsylvia/agrobot-reverse-engineering/Agrobot/install/canopen_interfaces/include/canopen_interfaces/canopen_interfaces/srv/detail
-- Up-to-date: /home/gsylvia/agrobot-reverse-engineering/Agrobot/install/canopen_interfaces/include/canopen_interfaces/canopen_interfaces/srv/detail/co_read_id__rosidl_typesupport_introspection_cpp.hpp
-- Up-to-date: /home/gsylvia/agrobot-reverse-engineering/Agrobot/install/canopen_interfaces/include/canopen_interfaces/canopen_interfaces/srv/detail/co_write__type_support.cpp
-- Up-to-date: /home/gsylvia/agrobot-reverse-engineering/Agrobot/install/canopen_interfaces/include/canopen_interfaces/canopen_interfaces/srv/detail/co_read__type_support.cpp
-- Up-to-date: /home/gsylvia/agrobot-reverse-engineering/Agrobot/install/canopen_interfaces/include/canopen_interfaces/canopen_interfaces/srv/detail/co_heartbeat_id__rosidl_typesupport_introspection_cpp.hpp
-- Up-to-date: /home/gsylvia/agrobot-reverse-engineering/Agrobot/install/canopen_interfaces/include/canopen_interfaces/canopen_interfaces/srv/detail/co_target_double__type_support.cpp
-- Up-to-date: /home/gsylvia/agrobot-reverse-engineering/Agrobot/install/canopen_interfaces/include/canopen_interfaces/canopen_interfaces/srv/detail/co_nmt_id__rosidl_typesupport_introspection_cpp.hpp
-- Up-to-date: /home/gsylvia/agrobot-reverse-engineering/Agrobot/install/canopen_interfaces/include/canopen_interfaces/canopen_interfaces/srv/detail/co_node__type_support.cpp
-- Up-to-date: /home/gsylvia/agrobot-reverse-engineering/Agrobot/install/canopen_interfaces/include/canopen_interfaces/canopen_interfaces/srv/detail/co_heartbeat_id__type_support.cpp
-- Up-to-date: /home/gsylvia/agrobot-reverse-engineering/Agrobot/install/canopen_interfaces/include/canopen_interfaces/canopen_interfaces/srv/detail/co_read_id__type_support.cpp
-- Up-to-date: /home/gsylvia/agrobot-reverse-engineering/Agrobot/install/canopen_interfaces/include/canopen_interfaces/canopen_interfaces/srv/detail/co_write_id__type_support.cpp
-- Up-to-date: /home/gsylvia/agrobot-reverse-engineering/Agrobot/install/canopen_interfaces/include/canopen_interfaces/canopen_interfaces/srv/detail/co_nmt_id__type_support.cpp
-- Up-to-date: /home/gsylvia/agrobot-reverse-engineering/Agrobot/install/canopen_interfaces/include/canopen_interfaces/canopen_interfaces/srv/detail/co_node__rosidl_typesupport_introspection_cpp.hpp
-- Up-to-date: /home/gsylvia/agrobot-reverse-engineering/Agrobot/install/canopen_interfaces/include/canopen_interfaces/canopen_interfaces/srv/detail/co_write__rosidl_typesupport_introspection_cpp.hpp
-- Up-to-date: /home/gsylvia/agrobot-reverse-engineering/Agrobot/install/canopen_interfaces/include/canopen_interfaces/canopen_interfaces/srv/detail/co_read__rosidl_typesupport_introspection_cpp.hpp
-- Up-to-date: /home/gsylvia/agrobot-reverse-engineering/Agrobot/install/canopen_interfaces/include/canopen_interfaces/canopen_interfaces/srv/detail/co_target_double__rosidl_typesupport_introspection_cpp.hpp
-- Up-to-date: /home/gsylvia/agrobot-reverse-engineering/Agrobot/install/canopen_interfaces/include/canopen_interfaces/canopen_interfaces/srv/detail/co_write_id__rosidl_typesupport_introspection_cpp.hpp
-- Up-to-date: /home/gsylvia/agrobot-reverse-engineering/Agrobot/install/canopen_interfaces/include/canopen_interfaces/canopen_interfaces/msg
-- Up-to-date: /home/gsylvia/agrobot-reverse-engineering/Agrobot/install/canopen_interfaces/include/canopen_interfaces/canopen_interfaces/msg/detail
-- Up-to-date: /home/gsylvia/agrobot-reverse-engineering/Agrobot/install/canopen_interfaces/include/canopen_interfaces/canopen_interfaces/msg/detail/co_data__rosidl_typesupport_introspection_cpp.hpp
-- Up-to-date: /home/gsylvia/agrobot-reverse-engineering/Agrobot/install/canopen_interfaces/include/canopen_interfaces/canopen_interfaces/msg/detail/co_data__type_support.cpp
-- Up-to-date: /home/gsylvia/agrobot-reverse-engineering/Agrobot/install/canopen_interfaces/lib/libcanopen_interfaces__rosidl_typesupport_introspection_cpp.so
-- Up-to-date: /home/gsylvia/agrobot-reverse-engineering/Agrobot/install/canopen_interfaces/lib/libcanopen_interfaces__rosidl_typesupport_cpp.so
-- Up-to-date: /home/gsylvia/agrobot-reverse-engineering/Agrobot/install/canopen_interfaces/share/canopen_interfaces/environment/pythonpath.sh
-- Up-to-date: /home/gsylvia/agrobot-reverse-engineering/Agrobot/install/canopen_interfaces/share/canopen_interfaces/environment/pythonpath.dsv
-- Up-to-date: /home/gsylvia/agrobot-reverse-engineering/Agrobot/install/canopen_interfaces/lib/python3.12/site-packages/canopen_interfaces-0.3.1-py3.12.egg-info
-- Installing: /home/gsylvia/agrobot-reverse-engineering/Agrobot/install/canopen_interfaces/lib/python3.12/site-packages/canopen_interfaces-0.3.1-py3.12.egg-info/PKG-INFO
-- Installing: /home/gsylvia/agrobot-reverse-engineering/Agrobot/install/canopen_interfaces/lib/python3.12/site-packages/canopen_interfaces-0.3.1-py3.12.egg-info/dependency_links.txt
-- Installing: /home/gsylvia/agrobot-reverse-engineering/Agrobot/install/canopen_interfaces/lib/python3.12/site-packages/canopen_interfaces-0.3.1-py3.12.egg-info/top_level.txt
-- Installing: /home/gsylvia/agrobot-reverse-engineering/Agrobot/install/canopen_interfaces/lib/python3.12/site-packages/canopen_interfaces-0.3.1-py3.12.egg-info/SOURCES.txt
-- Up-to-date: /home/gsylvia/agrobot-reverse-engineering/Agrobot/install/canopen_interfaces/lib/python3.12/site-packages/canopen_interfaces
-- Up-to-date: /home/gsylvia/agrobot-reverse-engineering/Agrobot/install/canopen_interfaces/lib/python3.12/site-packages/canopen_interfaces/_canopen_interfaces_s.ep.rosidl_typesupport_fastrtps_c.c
-- Up-to-date: /home/gsylvia/agrobot-reverse-engineering/Agrobot/install/canopen_interfaces/lib/python3.12/site-packages/canopen_interfaces/_canopen_interfaces_s.ep.rosidl_typesupport_c.c
-- Up-to-date: /home/gsylvia/agrobot-reverse-engineering/Agrobot/install/canopen_interfaces/lib/python3.12/site-packages/canopen_interfaces/canopen_interfaces_s__rosidl_typesupport_c.so
-- Up-to-date: /home/gsylvia/agrobot-reverse-engineering/Agrobot/install/canopen_interfaces/lib/python3.12/site-packages/canopen_interfaces/srv
-- Up-to-date: /home/gsylvia/agrobot-reverse-engineering/Agrobot/install/canopen_interfaces/lib/python3.12/site-packages/canopen_interfaces/srv/_co_heartbeat_id.py
-- Up-to-date: /home/gsylvia/agrobot-reverse-engineering/Agrobot/install/canopen_interfaces/lib/python3.12/site-packages/canopen_interfaces/srv/_co_read_id_s.c
-- Up-to-date: /home/gsylvia/agrobot-reverse-engineering/Agrobot/install/canopen_interfaces/lib/python3.12/site-packages/canopen_interfaces/srv/_co_write_s.c
-- Up-to-date: /home/gsylvia/agrobot-reverse-engineering/Agrobot/install/canopen_interfaces/lib/python3.12/site-packages/canopen_interfaces/srv/_co_node_s.c
-- Up-to-date: /home/gsylvia/agrobot-reverse-engineering/Agrobot/install/canopen_interfaces/lib/python3.12/site-packages/canopen_interfaces/srv/_co_read_id.py
-- Up-to-date: /home/gsylvia/agrobot-reverse-engineering/Agrobot/install/canopen_interfaces/lib/python3.12/site-packages/canopen_interfaces/srv/_co_nmt_id.py
-- Up-to-date: /home/gsylvia/agrobot-reverse-engineering/Agrobot/install/canopen_interfaces/lib/python3.12/site-packages/canopen_interfaces/srv/_co_write_id.py
-- Up-to-date: /home/gsylvia/agrobot-reverse-engineering/Agrobot/install/canopen_interfaces/lib/python3.12/site-packages/canopen_interfaces/srv/_co_heartbeat_id_s.c
-- Up-to-date: /home/gsylvia/agrobot-reverse-engineering/Agrobot/install/canopen_interfaces/lib/python3.12/site-packages/canopen_interfaces/srv/_co_target_double.py
-- Up-to-date: /home/gsylvia/agrobot-reverse-engineering/Agrobot/install/canopen_interfaces/lib/python3.12/site-packages/canopen_interfaces/srv/_co_target_double_s.c
-- Up-to-date: /home/gsylvia/agrobot-reverse-engineering/Agrobot/install/canopen_interfaces/lib/python3.12/site-packages/canopen_interfaces/srv/_co_read_s.c
-- Up-to-date: /home/gsylvia/agrobot-reverse-engineering/Agrobot/install/canopen_interfaces/lib/python3.12/site-packages/canopen_interfaces/srv/__init__.py
-- Up-to-date: /home/gsylvia/agrobot-reverse-engineering/Agrobot/install/canopen_interfaces/lib/python3.12/site-packages/canopen_interfaces/srv/_co_node.py
-- Up-to-date: /home/gsylvia/agrobot-reverse-engineering/Agrobot/install/canopen_interfaces/lib/python3.12/site-packages/canopen_interfaces/srv/_co_read.py
-- Up-to-date: /home/gsylvia/agrobot-reverse-engineering/Agrobot/install/canopen_interfaces/lib/python3.12/site-packages/canopen_interfaces/srv/_co_write.py
-- Up-to-date: /home/gsylvia/agrobot-reverse-engineering/Agrobot/install/canopen_interfaces/lib/python3.12/site-packages/canopen_interfaces/srv/_co_nmt_id_s.c
-- Up-to-date: /home/gsylvia/agrobot-reverse-engineering/Agrobot/install/canopen_interfaces/lib/python3.12/site-packages/canopen_interfaces/srv/_co_write_id_s.c
-- Up-to-date: /home/gsylvia/agrobot-reverse-engineering/Agrobot/install/canopen_interfaces/lib/python3.12/site-packages/canopen_interfaces/__init__.py
-- Up-to-date: /home/gsylvia/agrobot-reverse-engineering/Agrobot/install/canopen_interfaces/lib/python3.12/site-packages/canopen_interfaces/canopen_interfaces_s__rosidl_typesupport_fastrtps_c.so
-- Up-to-date: /home/gsylvia/agrobot-reverse-engineering/Agrobot/install/canopen_interfaces/lib/python3.12/site-packages/canopen_interfaces/msg
-- Up-to-date: /home/gsylvia/agrobot-reverse-engineering/Agrobot/install/canopen_interfaces/lib/python3.12/site-packages/canopen_interfaces/msg/_co_data_s.c
-- Up-to-date: /home/gsylvia/agrobot-reverse-engineering/Agrobot/install/canopen_interfaces/lib/python3.12/site-packages/canopen_interfaces/msg/_co_data.py
-- Up-to-date: /home/gsylvia/agrobot-reverse-engineering/Agrobot/install/canopen_interfaces/lib/python3.12/site-packages/canopen_interfaces/msg/__init__.py
-- Up-to-date: /home/gsylvia/agrobot-reverse-engineering/Agrobot/install/canopen_interfaces/lib/python3.12/site-packages/canopen_interfaces/_canopen_interfaces_s.ep.rosidl_typesupport_introspection_c.c
-- Up-to-date: /home/gsylvia/agrobot-reverse-engineering/Agrobot/install/canopen_interfaces/lib/python3.12/site-packages/canopen_interfaces/canopen_interfaces_s__rosidl_typesupport_introspection_c.so
reading manifest file 'robot_interfaces.egg-info/SOURCES.txt'
writing manifest file 'robot_interfaces.egg-info/SOURCES.txt'
Listing '/home/gsylvia/agrobot-reverse-engineering/Agrobot/install/epos2_bridge_interfaces/lib/python3.12/site-packages/epos2_bridge_interfaces'...
Listing '/home/gsylvia/agrobot-reverse-engineering/Agrobot/install/epos2_bridge_interfaces/lib/python3.12/site-packages/epos2_bridge_interfaces/srv'...
-- Up-to-date: /home/gsylvia/agrobot-reverse-engineering/Agrobot/install/epos2_bridge_interfaces/lib/python3.12/site-packages/epos2_bridge_interfaces/epos2_bridge_interfaces_s__rosidl_typesupport_fastrtps_c.so
-- Up-to-date: /home/gsylvia/agrobot-reverse-engineering/Agrobot/install/epos2_bridge_interfaces/lib/python3.12/site-packages/epos2_bridge_interfaces/epos2_bridge_interfaces_s__rosidl_typesupport_introspection_c.so
-- Up-to-date: /home/gsylvia/agrobot-reverse-engineering/Agrobot/install/epos2_bridge_interfaces/lib/python3.12/site-packages/epos2_bridge_interfaces/epos2_bridge_interfaces_s__rosidl_typesupport_c.so
-- Up-to-date: /home/gsylvia/agrobot-reverse-engineering/Agrobot/install/epos2_bridge_interfaces/lib/libepos2_bridge_interfaces__rosidl_generator_py.so
-- Up-to-date: /home/gsylvia/agrobot-reverse-engineering/Agrobot/install/epos2_bridge_interfaces/share/epos2_bridge_interfaces/rust
-- Up-to-date: /home/gsylvia/agrobot-reverse-engineering/Agrobot/install/epos2_bridge_interfaces/share/epos2_bridge_interfaces/rust/build.rs
-- Up-to-date: /home/gsylvia/agrobot-reverse-engineering/Agrobot/install/epos2_bridge_interfaces/share/epos2_bridge_interfaces/rust/Cargo.toml
-- Up-to-date: /home/gsylvia/agrobot-reverse-engineering/Agrobot/install/epos2_bridge_interfaces/share/epos2_bridge_interfaces/rust/src
-- Up-to-date: /home/gsylvia/agrobot-reverse-engineering/Agrobot/install/epos2_bridge_interfaces/share/epos2_bridge_interfaces/rust/src/srv.rs
-- Up-to-date: /home/gsylvia/agrobot-reverse-engineering/Agrobot/install/epos2_bridge_interfaces/share/epos2_bridge_interfaces/rust/src/srv
-- Up-to-date: /home/gsylvia/agrobot-reverse-engineering/Agrobot/install/epos2_bridge_interfaces/share/epos2_bridge_interfaces/rust/src/srv/rmw.rs
-- Up-to-date: /home/gsylvia/agrobot-reverse-engineering/Agrobot/install/epos2_bridge_interfaces/share/epos2_bridge_interfaces/rust/src/lib.rs
-- Up-to-date: /home/gsylvia/agrobot-reverse-engineering/Agrobot/install/epos2_bridge_interfaces/share/epos2_bridge_interfaces/srv/MoveDelta.idl
-- Up-to-date: /home/gsylvia/agrobot-reverse-engineering/Agrobot/install/epos2_bridge_interfaces/share/epos2_bridge_interfaces/srv/MoveAbsolute.idl
-- Up-to-date: /home/gsylvia/agrobot-reverse-engineering/Agrobot/install/epos2_bridge_interfaces/share/epos2_bridge_interfaces/srv/MoveAbsoluteTimed.idl
-- Up-to-date: /home/gsylvia/agrobot-reverse-engineering/Agrobot/install/epos2_bridge_interfaces/share/epos2_bridge_interfaces/srv/MoveDelta.srv
-- Up-to-date: /home/gsylvia/agrobot-reverse-engineering/Agrobot/install/epos2_bridge_interfaces/share/epos2_bridge_interfaces/srv/MoveAbsolute.srv
-- Up-to-date: /home/gsylvia/agrobot-reverse-engineering/Agrobot/install/epos2_bridge_interfaces/share/epos2_bridge_interfaces/srv/MoveAbsoluteTimed.srv
-- Up-to-date: /home/gsylvia/agrobot-reverse-engineering/Agrobot/install/epos2_bridge_interfaces/share/ament_index/resource_index/package_run_dependencies/epos2_bridge_interfaces
-- Up-to-date: /home/gsylvia/agrobot-reverse-engineering/Agrobot/install/epos2_bridge_interfaces/share/ament_index/resource_index/parent_prefix_path/epos2_bridge_interfaces
-- Up-to-date: /home/gsylvia/agrobot-reverse-engineering/Agrobot/install/epos2_bridge_interfaces/share/epos2_bridge_interfaces/environment/ament_prefix_path.sh
-- Up-to-date: /home/gsylvia/agrobot-reverse-engineering/Agrobot/install/epos2_bridge_interfaces/share/epos2_bridge_interfaces/environment/ament_prefix_path.dsv
-- Up-to-date: /home/gsylvia/agrobot-reverse-engineering/Agrobot/install/epos2_bridge_interfaces/share/epos2_bridge_interfaces/environment/path.sh
-- Up-to-date: /home/gsylvia/agrobot-reverse-engineering/Agrobot/install/epos2_bridge_interfaces/share/epos2_bridge_interfaces/environment/path.dsv
-- Up-to-date: /home/gsylvia/agrobot-reverse-engineering/Agrobot/install/epos2_bridge_interfaces/share/epos2_bridge_interfaces/local_setup.bash
-- Up-to-date: /home/gsylvia/agrobot-reverse-engineering/Agrobot/install/epos2_bridge_interfaces/share/epos2_bridge_interfaces/local_setup.sh
-- Up-to-date: /home/gsylvia/agrobot-reverse-engineering/Agrobot/install/epos2_bridge_interfaces/share/epos2_bridge_interfaces/local_setup.zsh
-- Up-to-date: /home/gsylvia/agrobot-reverse-engineering/Agrobot/install/epos2_bridge_interfaces/share/epos2_bridge_interfaces/local_setup.dsv
-- Installing: /home/gsylvia/agrobot-reverse-engineering/Agrobot/install/epos2_bridge_interfaces/share/epos2_bridge_interfaces/package.dsv
-- Up-to-date: /home/gsylvia/agrobot-reverse-engineering/Agrobot/install/epos2_bridge_interfaces/share/ament_index/resource_index/packages/epos2_bridge_interfaces
-- Up-to-date: /home/gsylvia/agrobot-reverse-engineering/Agrobot/install/epos2_bridge_interfaces/share/epos2_bridge_interfaces/cmake/export_epos2_bridge_interfaces__rosidl_generator_cExport.cmake
-- Up-to-date: /home/gsylvia/agrobot-reverse-engineering/Agrobot/install/epos2_bridge_interfaces/share/epos2_bridge_interfaces/cmake/export_epos2_bridge_interfaces__rosidl_generator_cExport-noconfig.cmake
-- Up-to-date: /home/gsylvia/agrobot-reverse-engineering/Agrobot/install/epos2_bridge_interfaces/share/epos2_bridge_interfaces/cmake/export_epos2_bridge_interfaces__rosidl_typesupport_fastrtps_cExport.cmake
-- Up-to-date: /home/gsylvia/agrobot-reverse-engineering/Agrobot/install/epos2_bridge_interfaces/share/epos2_bridge_interfaces/cmake/export_epos2_bridge_interfaces__rosidl_typesupport_fastrtps_cExport-noconfig.cmake
-- Up-to-date: /home/gsylvia/agrobot-reverse-engineering/Agrobot/install/epos2_bridge_interfaces/share/epos2_bridge_interfaces/cmake/epos2_bridge_interfaces__rosidl_typesupport_introspection_cExport.cmake
-- Up-to-date: /home/gsylvia/agrobot-reverse-engineering/Agrobot/install/epos2_bridge_interfaces/share/epos2_bridge_interfaces/cmake/epos2_bridge_interfaces__rosidl_typesupport_introspection_cExport-noconfig.cmake
-- Up-to-date: /home/gsylvia/agrobot-reverse-engineering/Agrobot/install/epos2_bridge_interfaces/share/epos2_bridge_interfaces/cmake/epos2_bridge_interfaces__rosidl_typesupport_cExport.cmake
-- Up-to-date: /home/gsylvia/agrobot-reverse-engineering/Agrobot/install/epos2_bridge_interfaces/share/epos2_bridge_interfaces/cmake/epos2_bridge_interfaces__rosidl_typesupport_cExport-noconfig.cmake
-- Up-to-date: /home/gsylvia/agrobot-reverse-engineering/Agrobot/install/epos2_bridge_interfaces/share/epos2_bridge_interfaces/cmake/export_epos2_bridge_interfaces__rosidl_generator_cppExport.cmake
-- Up-to-date: /home/gsylvia/agrobot-reverse-engineering/Agrobot/install/epos2_bridge_interfaces/share/epos2_bridge_interfaces/cmake/export_epos2_bridge_interfaces__rosidl_typesupport_fastrtps_cppExport.cmake
-- Up-to-date: /home/gsylvia/agrobot-reverse-engineering/Agrobot/install/epos2_bridge_interfaces/share/epos2_bridge_interfaces/cmake/export_epos2_bridge_interfaces__rosidl_typesupport_fastrtps_cppExport-noconfig.cmake
-- Up-to-date: /home/gsylvia/agrobot-reverse-engineering/Agrobot/install/epos2_bridge_interfaces/share/epos2_bridge_interfaces/cmake/epos2_bridge_interfaces__rosidl_typesupport_introspection_cppExport.cmake
-- Up-to-date: /home/gsylvia/agrobot-reverse-engineering/Agrobot/install/epos2_bridge_interfaces/share/epos2_bridge_interfaces/cmake/epos2_bridge_interfaces__rosidl_typesupport_introspection_cppExport-noconfig.cmake
-- Up-to-date: /home/gsylvia/agrobot-reverse-engineering/Agrobot/install/epos2_bridge_interfaces/share/epos2_bridge_interfaces/cmake/epos2_bridge_interfaces__rosidl_typesupport_cppExport.cmake
-- Up-to-date: /home/gsylvia/agrobot-reverse-engineering/Agrobot/install/epos2_bridge_interfaces/share/epos2_bridge_interfaces/cmake/epos2_bridge_interfaces__rosidl_typesupport_cppExport-noconfig.cmake
-- Up-to-date: /home/gsylvia/agrobot-reverse-engineering/Agrobot/install/epos2_bridge_interfaces/share/epos2_bridge_interfaces/cmake/export_epos2_bridge_interfaces__rosidl_generator_pyExport.cmake
-- Up-to-date: /home/gsylvia/agrobot-reverse-engineering/Agrobot/install/epos2_bridge_interfaces/share/epos2_bridge_interfaces/cmake/export_epos2_bridge_interfaces__rosidl_generator_pyExport-noconfig.cmake
-- Up-to-date: /home/gsylvia/agrobot-reverse-engineering/Agrobot/install/epos2_bridge_interfaces/share/epos2_bridge_interfaces/cmake/rosidl_cmake-extras.cmake
-- Up-to-date: /home/gsylvia/agrobot-reverse-engineering/Agrobot/install/epos2_bridge_interfaces/share/epos2_bridge_interfaces/cmake/ament_cmake_export_dependencies-extras.cmake
-- Up-to-date: /home/gsylvia/agrobot-reverse-engineering/Agrobot/install/epos2_bridge_interfaces/share/epos2_bridge_interfaces/cmake/ament_cmake_export_include_directories-extras.cmake
-- Up-to-date: /home/gsylvia/agrobot-reverse-engineering/Agrobot/install/epos2_bridge_interfaces/share/epos2_bridge_interfaces/cmake/ament_cmake_export_libraries-extras.cmake
-- Up-to-date: /home/gsylvia/agrobot-reverse-engineering/Agrobot/install/epos2_bridge_interfaces/share/epos2_bridge_interfaces/cmake/ament_cmake_export_targets-extras.cmake
-- Up-to-date: /home/gsylvia/agrobot-reverse-engineering/Agrobot/install/epos2_bridge_interfaces/share/epos2_bridge_interfaces/cmake/rosidl_cmake_export_typesupport_targets-extras.cmake
-- Up-to-date: /home/gsylvia/agrobot-reverse-engineering/Agrobot/install/epos2_bridge_interfaces/share/epos2_bridge_interfaces/cmake/rosidl_cmake_export_typesupport_libraries-extras.cmake
-- Up-to-date: /home/gsylvia/agrobot-reverse-engineering/Agrobot/install/epos2_bridge_interfaces/share/epos2_bridge_interfaces/cmake/rosidl_cmake_aggregate_target-extras.cmake
-- Up-to-date: /home/gsylvia/agrobot-reverse-engineering/Agrobot/install/epos2_bridge_interfaces/share/epos2_bridge_interfaces/cmake/epos2_bridge_interfacesConfig.cmake
-- Up-to-date: /home/gsylvia/agrobot-reverse-engineering/Agrobot/install/epos2_bridge_interfaces/share/epos2_bridge_interfaces/cmake/epos2_bridge_interfacesConfig-version.cmake
-- Up-to-date: /home/gsylvia/agrobot-reverse-engineering/Agrobot/install/epos2_bridge_interfaces/share/epos2_bridge_interfaces/package.xml
Finished <<< epos2_bridge_interfaces [0.51s]
Starting >>> moveit_config
[100%] Built target ament_cmake_python_build_robot_interfaces_egg
Listing '/home/gsylvia/agrobot-reverse-engineering/Agrobot/install/canopen_interfaces/lib/python3.12/site-packages/canopen_interfaces'...
Listing '/home/gsylvia/agrobot-reverse-engineering/Agrobot/install/canopen_interfaces/lib/python3.12/site-packages/canopen_interfaces/msg'...
Listing '/home/gsylvia/agrobot-reverse-engineering/Agrobot/install/canopen_interfaces/lib/python3.12/site-packages/canopen_interfaces/srv'...
-- Up-to-date: /home/gsylvia/agrobot-reverse-engineering/Agrobot/install/canopen_interfaces/lib/python3.12/site-packages/canopen_interfaces/canopen_interfaces_s__rosidl_typesupport_fastrtps_c.so
-- Up-to-date: /home/gsylvia/agrobot-reverse-engineering/Agrobot/install/canopen_interfaces/lib/python3.12/site-packages/canopen_interfaces/canopen_interfaces_s__rosidl_typesupport_introspection_c.so
-- Up-to-date: /home/gsylvia/agrobot-reverse-engineering/Agrobot/install/canopen_interfaces/lib/python3.12/site-packages/canopen_interfaces/canopen_interfaces_s__rosidl_typesupport_c.so
-- Up-to-date: /home/gsylvia/agrobot-reverse-engineering/Agrobot/install/canopen_interfaces/lib/libcanopen_interfaces__rosidl_generator_py.so
-- Up-to-date: /home/gsylvia/agrobot-reverse-engineering/Agrobot/install/canopen_interfaces/share/canopen_interfaces/rust
-- Up-to-date: /home/gsylvia/agrobot-reverse-engineering/Agrobot/install/canopen_interfaces/share/canopen_interfaces/rust/build.rs
-- Up-to-date: /home/gsylvia/agrobot-reverse-engineering/Agrobot/install/canopen_interfaces/share/canopen_interfaces/rust/Cargo.toml
-- Up-to-date: /home/gsylvia/agrobot-reverse-engineering/Agrobot/install/canopen_interfaces/share/canopen_interfaces/rust/src
-- Up-to-date: /home/gsylvia/agrobot-reverse-engineering/Agrobot/install/canopen_interfaces/share/canopen_interfaces/rust/src/msg.rs
-- Up-to-date: /home/gsylvia/agrobot-reverse-engineering/Agrobot/install/canopen_interfaces/share/canopen_interfaces/rust/src/srv.rs
-- Up-to-date: /home/gsylvia/agrobot-reverse-engineering/Agrobot/install/canopen_interfaces/share/canopen_interfaces/rust/src/srv
-- Up-to-date: /home/gsylvia/agrobot-reverse-engineering/Agrobot/install/canopen_interfaces/share/canopen_interfaces/rust/src/srv/rmw.rs
-- Up-to-date: /home/gsylvia/agrobot-reverse-engineering/Agrobot/install/canopen_interfaces/share/canopen_interfaces/rust/src/msg
-- Up-to-date: /home/gsylvia/agrobot-reverse-engineering/Agrobot/install/canopen_interfaces/share/canopen_interfaces/rust/src/msg/rmw.rs
-- Up-to-date: /home/gsylvia/agrobot-reverse-engineering/Agrobot/install/canopen_interfaces/share/canopen_interfaces/rust/src/lib.rs
-- Up-to-date: /home/gsylvia/agrobot-reverse-engineering/Agrobot/install/canopen_interfaces/share/canopen_interfaces/srv/COHeartbeatID.idl
-- Up-to-date: /home/gsylvia/agrobot-reverse-engineering/Agrobot/install/canopen_interfaces/share/canopen_interfaces/srv/CONmtID.idl
-- Up-to-date: /home/gsylvia/agrobot-reverse-engineering/Agrobot/install/canopen_interfaces/share/canopen_interfaces/srv/CORead.idl
-- Up-to-date: /home/gsylvia/agrobot-reverse-engineering/Agrobot/install/canopen_interfaces/share/canopen_interfaces/srv/COReadID.idl
-- Up-to-date: /home/gsylvia/agrobot-reverse-engineering/Agrobot/install/canopen_interfaces/share/canopen_interfaces/srv/COWrite.idl
-- Up-to-date: /home/gsylvia/agrobot-reverse-engineering/Agrobot/install/canopen_interfaces/share/canopen_interfaces/srv/COWriteID.idl
-- Up-to-date: /home/gsylvia/agrobot-reverse-engineering/Agrobot/install/canopen_interfaces/share/canopen_interfaces/srv/COTargetDouble.idl
-- Up-to-date: /home/gsylvia/agrobot-reverse-engineering/Agrobot/install/canopen_interfaces/share/canopen_interfaces/srv/CONode.idl
-- Up-to-date: /home/gsylvia/agrobot-reverse-engineering/Agrobot/install/canopen_interfaces/share/canopen_interfaces/msg/COData.idl
-- Up-to-date: /home/gsylvia/agrobot-reverse-engineering/Agrobot/install/canopen_interfaces/share/canopen_interfaces/srv/COHeartbeatID.srv
-- Up-to-date: /home/gsylvia/agrobot-reverse-engineering/Agrobot/install/canopen_interfaces/share/canopen_interfaces/srv/CONmtID.srv
-- Up-to-date: /home/gsylvia/agrobot-reverse-engineering/Agrobot/install/canopen_interfaces/share/canopen_interfaces/srv/CORead.srv
-- Up-to-date: /home/gsylvia/agrobot-reverse-engineering/Agrobot/install/canopen_interfaces/share/canopen_interfaces/srv/COReadID.srv
-- Up-to-date: /home/gsylvia/agrobot-reverse-engineering/Agrobot/install/canopen_interfaces/share/canopen_interfaces/srv/COWrite.srv
-- Up-to-date: /home/gsylvia/agrobot-reverse-engineering/Agrobot/install/canopen_interfaces/share/canopen_interfaces/srv/COWriteID.srv
-- Up-to-date: /home/gsylvia/agrobot-reverse-engineering/Agrobot/install/canopen_interfaces/share/canopen_interfaces/srv/COTargetDouble.srv
-- Up-to-date: /home/gsylvia/agrobot-reverse-engineering/Agrobot/install/canopen_interfaces/share/canopen_interfaces/srv/CONode.srv
-- Up-to-date: /home/gsylvia/agrobot-reverse-engineering/Agrobot/install/canopen_interfaces/share/canopen_interfaces/msg/COData.msg
-- Up-to-date: /home/gsylvia/agrobot-reverse-engineering/Agrobot/install/canopen_interfaces/share/ament_index/resource_index/package_run_dependencies/canopen_interfaces
-- Up-to-date: /home/gsylvia/agrobot-reverse-engineering/Agrobot/install/canopen_interfaces/share/ament_index/resource_index/parent_prefix_path/canopen_interfaces
-- Up-to-date: /home/gsylvia/agrobot-reverse-engineering/Agrobot/install/canopen_interfaces/share/canopen_interfaces/environment/ament_prefix_path.sh
-- Up-to-date: /home/gsylvia/agrobot-reverse-engineering/Agrobot/install/canopen_interfaces/share/canopen_interfaces/environment/ament_prefix_path.dsv
-- Up-to-date: /home/gsylvia/agrobot-reverse-engineering/Agrobot/install/canopen_interfaces/share/canopen_interfaces/environment/path.sh
-- Up-to-date: /home/gsylvia/agrobot-reverse-engineering/Agrobot/install/canopen_interfaces/share/canopen_interfaces/environment/path.dsv
-- Up-to-date: /home/gsylvia/agrobot-reverse-engineering/Agrobot/install/canopen_interfaces/share/canopen_interfaces/local_setup.bash
-- Up-to-date: /home/gsylvia/agrobot-reverse-engineering/Agrobot/install/canopen_interfaces/share/canopen_interfaces/local_setup.sh
-- Up-to-date: /home/gsylvia/agrobot-reverse-engineering/Agrobot/install/canopen_interfaces/share/canopen_interfaces/local_setup.zsh
-- Up-to-date: /home/gsylvia/agrobot-reverse-engineering/Agrobot/install/canopen_interfaces/share/canopen_interfaces/local_setup.dsv
-- Installing: /home/gsylvia/agrobot-reverse-engineering/Agrobot/install/canopen_interfaces/share/canopen_interfaces/package.dsv
-- Up-to-date: /home/gsylvia/agrobot-reverse-engineering/Agrobot/install/canopen_interfaces/share/ament_index/resource_index/packages/canopen_interfaces
-- Up-to-date: /home/gsylvia/agrobot-reverse-engineering/Agrobot/install/canopen_interfaces/share/canopen_interfaces/cmake/export_canopen_interfaces__rosidl_generator_cExport.cmake
-- Up-to-date: /home/gsylvia/agrobot-reverse-engineering/Agrobot/install/canopen_interfaces/share/canopen_interfaces/cmake/export_canopen_interfaces__rosidl_generator_cExport-noconfig.cmake
-- Up-to-date: /home/gsylvia/agrobot-reverse-engineering/Agrobot/install/canopen_interfaces/share/canopen_interfaces/cmake/export_canopen_interfaces__rosidl_typesupport_fastrtps_cExport.cmake
-- Up-to-date: /home/gsylvia/agrobot-reverse-engineering/Agrobot/install/canopen_interfaces/share/canopen_interfaces/cmake/export_canopen_interfaces__rosidl_typesupport_fastrtps_cExport-noconfig.cmake
-- Up-to-date: /home/gsylvia/agrobot-reverse-engineering/Agrobot/install/canopen_interfaces/share/canopen_interfaces/cmake/canopen_interfaces__rosidl_typesupport_introspection_cExport.cmake
-- Up-to-date: /home/gsylvia/agrobot-reverse-engineering/Agrobot/install/canopen_interfaces/share/canopen_interfaces/cmake/canopen_interfaces__rosidl_typesupport_introspection_cExport-noconfig.cmake
-- Up-to-date: /home/gsylvia/agrobot-reverse-engineering/Agrobot/install/canopen_interfaces/share/canopen_interfaces/cmake/canopen_interfaces__rosidl_typesupport_cExport.cmake
-- Up-to-date: /home/gsylvia/agrobot-reverse-engineering/Agrobot/install/canopen_interfaces/share/canopen_interfaces/cmake/canopen_interfaces__rosidl_typesupport_cExport-noconfig.cmake
-- Up-to-date: /home/gsylvia/agrobot-reverse-engineering/Agrobot/install/canopen_interfaces/share/canopen_interfaces/cmake/export_canopen_interfaces__rosidl_generator_cppExport.cmake
-- Up-to-date: /home/gsylvia/agrobot-reverse-engineering/Agrobot/install/canopen_interfaces/share/canopen_interfaces/cmake/export_canopen_interfaces__rosidl_typesupport_fastrtps_cppExport.cmake
-- Up-to-date: /home/gsylvia/agrobot-reverse-engineering/Agrobot/install/canopen_interfaces/share/canopen_interfaces/cmake/export_canopen_interfaces__rosidl_typesupport_fastrtps_cppExport-noconfig.cmake
-- Up-to-date: /home/gsylvia/agrobot-reverse-engineering/Agrobot/install/canopen_interfaces/share/canopen_interfaces/cmake/canopen_interfaces__rosidl_typesupport_introspection_cppExport.cmake
-- Up-to-date: /home/gsylvia/agrobot-reverse-engineering/Agrobot/install/canopen_interfaces/share/canopen_interfaces/cmake/canopen_interfaces__rosidl_typesupport_introspection_cppExport-noconfig.cmake
Installing cogen script to scripts
-- Up-to-date: /home/gsylvia/agrobot-reverse-engineering/Agrobot/install/canopen_interfaces/share/canopen_interfaces/cmake/canopen_interfaces__rosidl_typesupport_cppExport.cmake
-- Up-to-date: /home/gsylvia/agrobot-reverse-engineering/Agrobot/install/canopen_interfaces/share/canopen_interfaces/cmake/canopen_interfaces__rosidl_typesupport_cppExport-noconfig.cmake
-- Up-to-date: /home/gsylvia/agrobot-reverse-engineering/Agrobot/install/canopen_interfaces/share/canopen_interfaces/cmake/export_canopen_interfaces__rosidl_generator_pyExport.cmake
-- Up-to-date: /home/gsylvia/agrobot-reverse-engineering/Agrobot/install/canopen_interfaces/share/canopen_interfaces/cmake/export_canopen_interfaces__rosidl_generator_pyExport-noconfig.cmake
-- Up-to-date: /home/gsylvia/agrobot-reverse-engineering/Agrobot/install/canopen_interfaces/share/canopen_interfaces/cmake/rosidl_cmake-extras.cmake
-- Up-to-date: /home/gsylvia/agrobot-reverse-engineering/Agrobot/install/canopen_interfaces/share/canopen_interfaces/cmake/ament_cmake_export_dependencies-extras.cmake
-- Up-to-date: /home/gsylvia/agrobot-reverse-engineering/Agrobot/install/canopen_interfaces/share/canopen_interfaces/cmake/ament_cmake_export_include_directories-extras.cmake
-- Up-to-date: /home/gsylvia/agrobot-reverse-engineering/Agrobot/install/canopen_interfaces/share/canopen_interfaces/cmake/ament_cmake_export_libraries-extras.cmake
-- Up-to-date: /home/gsylvia/agrobot-reverse-engineering/Agrobot/install/canopen_interfaces/share/canopen_interfaces/cmake/ament_cmake_export_targets-extras.cmake
-- Up-to-date: /home/gsylvia/agrobot-reverse-engineering/Agrobot/install/canopen_interfaces/share/canopen_interfaces/cmake/rosidl_cmake_export_typesupport_targets-extras.cmake
-- Up-to-date: /home/gsylvia/agrobot-reverse-engineering/Agrobot/install/canopen_interfaces/share/canopen_interfaces/cmake/rosidl_cmake_export_typesupport_libraries-extras.cmake
-- Up-to-date: /home/gsylvia/agrobot-reverse-engineering/Agrobot/install/canopen_interfaces/share/canopen_interfaces/cmake/rosidl_cmake_aggregate_target-extras.cmake
-- Up-to-date: /home/gsylvia/agrobot-reverse-engineering/Agrobot/install/canopen_interfaces/share/canopen_interfaces/cmake/canopen_interfacesConfig.cmake
-- Up-to-date: /home/gsylvia/agrobot-reverse-engineering/Agrobot/install/canopen_interfaces/share/canopen_interfaces/cmake/canopen_interfacesConfig-version.cmake
-- Up-to-date: /home/gsylvia/agrobot-reverse-engineering/Agrobot/install/canopen_interfaces/share/canopen_interfaces/package.xml
Finished <<< canopen_interfaces [0.55s]
Starting >>> canopen_utils
-- Install configuration: ""
-- Up-to-date: /home/gsylvia/agrobot-reverse-engineering/Agrobot/install/robot_interfaces/share/ament_index/resource_index/rosidl_interfaces/robot_interfaces
-- Up-to-date: /home/gsylvia/agrobot-reverse-engineering/Agrobot/install/robot_interfaces/share/robot_interfaces/msg/JointCommand.json
-- Up-to-date: /home/gsylvia/agrobot-reverse-engineering/Agrobot/install/robot_interfaces/share/robot_interfaces/msg/PoseCommand.json
-- Up-to-date: /home/gsylvia/agrobot-reverse-engineering/Agrobot/install/robot_interfaces/share/robot_interfaces/msg/PositionCommand.json
-- Up-to-date: /home/gsylvia/agrobot-reverse-engineering/Agrobot/install/robot_interfaces/share/robot_interfaces/action/PickSequence.json
-- Up-to-date: /home/gsylvia/agrobot-reverse-engineering/Agrobot/install/robot_interfaces/share/robot_interfaces/srv/SetIndicator.json
-- Up-to-date: /home/gsylvia/agrobot-reverse-engineering/Agrobot/install/robot_interfaces/include/robot_interfaces/robot_interfaces
-- Up-to-date: /home/gsylvia/agrobot-reverse-engineering/Agrobot/install/robot_interfaces/include/robot_interfaces/robot_interfaces/srv
-- Up-to-date: /home/gsylvia/agrobot-reverse-engineering/Agrobot/install/robot_interfaces/include/robot_interfaces/robot_interfaces/srv/detail
-- Up-to-date: /home/gsylvia/agrobot-reverse-engineering/Agrobot/install/robot_interfaces/include/robot_interfaces/robot_interfaces/srv/detail/set_indicator__struct.h
-- Installing: /home/gsylvia/agrobot-reverse-engineering/Agrobot/install/robot_interfaces/include/robot_interfaces/robot_interfaces/srv/detail/set_indicator__type_support.c
-- Up-to-date: /home/gsylvia/agrobot-reverse-engineering/Agrobot/install/robot_interfaces/include/robot_interfaces/robot_interfaces/srv/detail/set_indicator__description.c
-- Up-to-date: /home/gsylvia/agrobot-reverse-engineering/Agrobot/install/robot_interfaces/include/robot_interfaces/robot_interfaces/srv/detail/set_indicator__functions.h
-- Up-to-date: /home/gsylvia/agrobot-reverse-engineering/Agrobot/install/robot_interfaces/include/robot_interfaces/robot_interfaces/srv/detail/set_indicator__type_support.h
-- Up-to-date: /home/gsylvia/agrobot-reverse-engineering/Agrobot/install/robot_interfaces/include/robot_interfaces/robot_interfaces/srv/detail/set_indicator__functions.c
-- Up-to-date: /home/gsylvia/agrobot-reverse-engineering/Agrobot/install/robot_interfaces/include/robot_interfaces/robot_interfaces/srv/set_indicator.h
-- Up-to-date: /home/gsylvia/agrobot-reverse-engineering/Agrobot/install/robot_interfaces/include/robot_interfaces/robot_interfaces/action
-- Up-to-date: /home/gsylvia/agrobot-reverse-engineering/Agrobot/install/robot_interfaces/include/robot_interfaces/robot_interfaces/action/detail
-- Up-to-date: /home/gsylvia/agrobot-reverse-engineering/Agrobot/install/robot_interfaces/include/robot_interfaces/robot_interfaces/action/detail/pick_sequence__functions.c
-- Up-to-date: /home/gsylvia/agrobot-reverse-engineering/Agrobot/install/robot_interfaces/include/robot_interfaces/robot_interfaces/action/detail/pick_sequence__functions.h
-- Up-to-date: /home/gsylvia/agrobot-reverse-engineering/Agrobot/install/robot_interfaces/include/robot_interfaces/robot_interfaces/action/detail/pick_sequence__struct.h
-- Up-to-date: /home/gsylvia/agrobot-reverse-engineering/Agrobot/install/robot_interfaces/include/robot_interfaces/robot_interfaces/action/detail/pick_sequence__type_support.h
-- Up-to-date: /home/gsylvia/agrobot-reverse-engineering/Agrobot/install/robot_interfaces/include/robot_interfaces/robot_interfaces/action/detail/pick_sequence__description.c
-- Installing: /home/gsylvia/agrobot-reverse-engineering/Agrobot/install/robot_interfaces/include/robot_interfaces/robot_interfaces/action/detail/pick_sequence__type_support.c
-- Up-to-date: /home/gsylvia/agrobot-reverse-engineering/Agrobot/install/robot_interfaces/include/robot_interfaces/robot_interfaces/action/pick_sequence.h
-- Up-to-date: /home/gsylvia/agrobot-reverse-engineering/Agrobot/install/robot_interfaces/include/robot_interfaces/robot_interfaces/msg
-- Up-to-date: /home/gsylvia/agrobot-reverse-engineering/Agrobot/install/robot_interfaces/include/robot_interfaces/robot_interfaces/msg/joint_command.h
-- Up-to-date: /home/gsylvia/agrobot-reverse-engineering/Agrobot/install/robot_interfaces/include/robot_interfaces/robot_interfaces/msg/rosidl_generator_c__visibility_control.h
-- Up-to-date: /home/gsylvia/agrobot-reverse-engineering/Agrobot/install/robot_interfaces/include/robot_interfaces/robot_interfaces/msg/detail
-- Installing: /home/gsylvia/agrobot-reverse-engineering/Agrobot/install/robot_interfaces/include/robot_interfaces/robot_interfaces/msg/detail/pose_command__type_support.c
-- Installing: /home/gsylvia/agrobot-reverse-engineering/Agrobot/install/robot_interfaces/include/robot_interfaces/robot_interfaces/msg/detail/joint_command__type_support.c
-- Up-to-date: /home/gsylvia/agrobot-reverse-engineering/Agrobot/install/robot_interfaces/include/robot_interfaces/robot_interfaces/msg/detail/joint_command__struct.h
-- Up-to-date: /home/gsylvia/agrobot-reverse-engineering/Agrobot/install/robot_interfaces/include/robot_interfaces/robot_interfaces/msg/detail/pose_command__functions.c
-- Up-to-date: /home/gsylvia/agrobot-reverse-engineering/Agrobot/install/robot_interfaces/include/robot_interfaces/robot_interfaces/msg/detail/joint_command__functions.h
-- Up-to-date: /home/gsylvia/agrobot-reverse-engineering/Agrobot/install/robot_interfaces/include/robot_interfaces/robot_interfaces/msg/detail/joint_command__type_support.h
-- Up-to-date: /home/gsylvia/agrobot-reverse-engineering/Agrobot/install/robot_interfaces/include/robot_interfaces/robot_interfaces/msg/detail/pose_command__type_support.h
-- Up-to-date: /home/gsylvia/agrobot-reverse-engineering/Agrobot/install/robot_interfaces/include/robot_interfaces/robot_interfaces/msg/detail/position_command__functions.h
-- Up-to-date: /home/gsylvia/agrobot-reverse-engineering/Agrobot/install/robot_interfaces/include/robot_interfaces/robot_interfaces/msg/detail/pose_command__description.c
-- Up-to-date: /home/gsylvia/agrobot-reverse-engineering/Agrobot/install/robot_interfaces/include/robot_interfaces/robot_interfaces/msg/detail/position_command__type_support.h
-- Up-to-date: /home/gsylvia/agrobot-reverse-engineering/Agrobot/install/robot_interfaces/include/robot_interfaces/robot_interfaces/msg/detail/pose_command__functions.h
-- Up-to-date: /home/gsylvia/agrobot-reverse-engineering/Agrobot/install/robot_interfaces/include/robot_interfaces/robot_interfaces/msg/detail/joint_command__description.c
-- Up-to-date: /home/gsylvia/agrobot-reverse-engineering/Agrobot/install/robot_interfaces/include/robot_interfaces/robot_interfaces/msg/detail/pose_command__struct.h
-- Up-to-date: /home/gsylvia/agrobot-reverse-engineering/Agrobot/install/robot_interfaces/include/robot_interfaces/robot_interfaces/msg/detail/position_command__description.c
-- Up-to-date: /home/gsylvia/agrobot-reverse-engineering/Agrobot/install/robot_interfaces/include/robot_interfaces/robot_interfaces/msg/detail/position_command__struct.h
-- Up-to-date: /home/gsylvia/agrobot-reverse-engineering/Agrobot/install/robot_interfaces/include/robot_interfaces/robot_interfaces/msg/detail/joint_command__functions.c
-- Up-to-date: /home/gsylvia/agrobot-reverse-engineering/Agrobot/install/robot_interfaces/include/robot_interfaces/robot_interfaces/msg/detail/position_command__functions.c
-- Installing: /home/gsylvia/agrobot-reverse-engineering/Agrobot/install/robot_interfaces/include/robot_interfaces/robot_interfaces/msg/detail/position_command__type_support.c
-- Up-to-date: /home/gsylvia/agrobot-reverse-engineering/Agrobot/install/robot_interfaces/include/robot_interfaces/robot_interfaces/msg/pose_command.h
-- Up-to-date: /home/gsylvia/agrobot-reverse-engineering/Agrobot/install/robot_interfaces/include/robot_interfaces/robot_interfaces/msg/position_command.h
-- Up-to-date: /home/gsylvia/agrobot-reverse-engineering/Agrobot/install/robot_interfaces/share/robot_interfaces/environment/library_path.sh
-- Up-to-date: /home/gsylvia/agrobot-reverse-engineering/Agrobot/install/robot_interfaces/share/robot_interfaces/environment/library_path.dsv
-- Up-to-date: /home/gsylvia/agrobot-reverse-engineering/Agrobot/install/robot_interfaces/lib/librobot_interfaces__rosidl_generator_c.so
-- Up-to-date: /home/gsylvia/agrobot-reverse-engineering/Agrobot/install/robot_interfaces/include/robot_interfaces/robot_interfaces
-- Up-to-date: /home/gsylvia/agrobot-reverse-engineering/Agrobot/install/robot_interfaces/include/robot_interfaces/robot_interfaces/srv
-- Up-to-date: /home/gsylvia/agrobot-reverse-engineering/Agrobot/install/robot_interfaces/include/robot_interfaces/robot_interfaces/srv/detail
-- Up-to-date: /home/gsylvia/agrobot-reverse-engineering/Agrobot/install/robot_interfaces/include/robot_interfaces/robot_interfaces/srv/detail/set_indicator__rosidl_typesupport_fastrtps_c.h
-- Up-to-date: /home/gsylvia/agrobot-reverse-engineering/Agrobot/install/robot_interfaces/include/robot_interfaces/robot_interfaces/action
-- Up-to-date: /home/gsylvia/agrobot-reverse-engineering/Agrobot/install/robot_interfaces/include/robot_interfaces/robot_interfaces/action/detail
-- Up-to-date: /home/gsylvia/agrobot-reverse-engineering/Agrobot/install/robot_interfaces/include/robot_interfaces/robot_interfaces/action/detail/pick_sequence__rosidl_typesupport_fastrtps_c.h
-- Up-to-date: /home/gsylvia/agrobot-reverse-engineering/Agrobot/install/robot_interfaces/include/robot_interfaces/robot_interfaces/msg
-- Up-to-date: /home/gsylvia/agrobot-reverse-engineering/Agrobot/install/robot_interfaces/include/robot_interfaces/robot_interfaces/msg/detail
-- Up-to-date: /home/gsylvia/agrobot-reverse-engineering/Agrobot/install/robot_interfaces/include/robot_interfaces/robot_interfaces/msg/detail/pose_command__rosidl_typesupport_fastrtps_c.h
-- Up-to-date: /home/gsylvia/agrobot-reverse-engineering/Agrobot/install/robot_interfaces/include/robot_interfaces/robot_interfaces/msg/detail/position_command__rosidl_typesupport_fastrtps_c.h
-- Up-to-date: /home/gsylvia/agrobot-reverse-engineering/Agrobot/install/robot_interfaces/include/robot_interfaces/robot_interfaces/msg/detail/joint_command__rosidl_typesupport_fastrtps_c.h
-- Up-to-date: /home/gsylvia/agrobot-reverse-engineering/Agrobot/install/robot_interfaces/include/robot_interfaces/robot_interfaces/msg/rosidl_typesupport_fastrtps_c__visibility_control.h
-- Up-to-date: /home/gsylvia/agrobot-reverse-engineering/Agrobot/install/robot_interfaces/lib/librobot_interfaces__rosidl_typesupport_fastrtps_c.so
-- Up-to-date: /home/gsylvia/agrobot-reverse-engineering/Agrobot/install/robot_interfaces/include/robot_interfaces/robot_interfaces
-- Up-to-date: /home/gsylvia/agrobot-reverse-engineering/Agrobot/install/robot_interfaces/include/robot_interfaces/robot_interfaces/srv
-- Up-to-date: /home/gsylvia/agrobot-reverse-engineering/Agrobot/install/robot_interfaces/include/robot_interfaces/robot_interfaces/srv/set_indicator.hpp
-- Up-to-date: /home/gsylvia/agrobot-reverse-engineering/Agrobot/install/robot_interfaces/include/robot_interfaces/robot_interfaces/srv/detail
-- Up-to-date: /home/gsylvia/agrobot-reverse-engineering/Agrobot/install/robot_interfaces/include/robot_interfaces/robot_interfaces/srv/detail/set_indicator__struct.hpp
-- Up-to-date: /home/gsylvia/agrobot-reverse-engineering/Agrobot/install/robot_interfaces/include/robot_interfaces/robot_interfaces/srv/detail/set_indicator__traits.hpp
-- Up-to-date: /home/gsylvia/agrobot-reverse-engineering/Agrobot/install/robot_interfaces/include/robot_interfaces/robot_interfaces/srv/detail/set_indicator__type_support.hpp
-- Up-to-date: /home/gsylvia/agrobot-reverse-engineering/Agrobot/install/robot_interfaces/include/robot_interfaces/robot_interfaces/srv/detail/set_indicator__builder.hpp
-- Up-to-date: /home/gsylvia/agrobot-reverse-engineering/Agrobot/install/robot_interfaces/include/robot_interfaces/robot_interfaces/action
-- Up-to-date: /home/gsylvia/agrobot-reverse-engineering/Agrobot/install/robot_interfaces/include/robot_interfaces/robot_interfaces/action/pick_sequence.hpp
-- Up-to-date: /home/gsylvia/agrobot-reverse-engineering/Agrobot/install/robot_interfaces/include/robot_interfaces/robot_interfaces/action/detail
-- Up-to-date: /home/gsylvia/agrobot-reverse-engineering/Agrobot/install/robot_interfaces/include/robot_interfaces/robot_interfaces/action/detail/pick_sequence__type_support.hpp
-- Up-to-date: /home/gsylvia/agrobot-reverse-engineering/Agrobot/install/robot_interfaces/include/robot_interfaces/robot_interfaces/action/detail/pick_sequence__struct.hpp
-- Up-to-date: /home/gsylvia/agrobot-reverse-engineering/Agrobot/install/robot_interfaces/include/robot_interfaces/robot_interfaces/action/detail/pick_sequence__traits.hpp
-- Up-to-date: /home/gsylvia/agrobot-reverse-engineering/Agrobot/install/robot_interfaces/include/robot_interfaces/robot_interfaces/action/detail/pick_sequence__builder.hpp
-- Up-to-date: /home/gsylvia/agrobot-reverse-engineering/Agrobot/install/robot_interfaces/include/robot_interfaces/robot_interfaces/msg
-- Up-to-date: /home/gsylvia/agrobot-reverse-engineering/Agrobot/install/robot_interfaces/include/robot_interfaces/robot_interfaces/msg/detail
-- Up-to-date: /home/gsylvia/agrobot-reverse-engineering/Agrobot/install/robot_interfaces/include/robot_interfaces/robot_interfaces/msg/detail/joint_command__type_support.hpp
-- Up-to-date: /home/gsylvia/agrobot-reverse-engineering/Agrobot/install/robot_interfaces/include/robot_interfaces/robot_interfaces/msg/detail/position_command__builder.hpp
-- Up-to-date: /home/gsylvia/agrobot-reverse-engineering/Agrobot/install/robot_interfaces/include/robot_interfaces/robot_interfaces/msg/detail/pose_command__traits.hpp
-- Up-to-date: /home/gsylvia/agrobot-reverse-engineering/Agrobot/install/robot_interfaces/include/robot_interfaces/robot_interfaces/msg/detail/pose_command__builder.hpp
-- Up-to-date: /home/gsylvia/agrobot-reverse-engineering/Agrobot/install/robot_interfaces/include/robot_interfaces/robot_interfaces/msg/detail/position_command__traits.hpp
-- Up-to-date: /home/gsylvia/agrobot-reverse-engineering/Agrobot/install/robot_interfaces/include/robot_interfaces/robot_interfaces/msg/detail/position_command__struct.hpp
-- Up-to-date: /home/gsylvia/agrobot-reverse-engineering/Agrobot/install/robot_interfaces/include/robot_interfaces/robot_interfaces/msg/detail/joint_command__builder.hpp
-- Up-to-date: /home/gsylvia/agrobot-reverse-engineering/Agrobot/install/robot_interfaces/include/robot_interfaces/robot_interfaces/msg/detail/position_command__type_support.hpp
-- Up-to-date: /home/gsylvia/agrobot-reverse-engineering/Agrobot/install/robot_interfaces/include/robot_interfaces/robot_interfaces/msg/detail/pose_command__type_support.hpp
-- Up-to-date: /home/gsylvia/agrobot-reverse-engineering/Agrobot/install/robot_interfaces/include/robot_interfaces/robot_interfaces/msg/detail/joint_command__traits.hpp
-- Up-to-date: /home/gsylvia/agrobot-reverse-engineering/Agrobot/install/robot_interfaces/include/robot_interfaces/robot_interfaces/msg/detail/joint_command__struct.hpp
-- Up-to-date: /home/gsylvia/agrobot-reverse-engineering/Agrobot/install/robot_interfaces/include/robot_interfaces/robot_interfaces/msg/detail/pose_command__struct.hpp
-- Up-to-date: /home/gsylvia/agrobot-reverse-engineering/Agrobot/install/robot_interfaces/include/robot_interfaces/robot_interfaces/msg/rosidl_generator_cpp__visibility_control.hpp
-- Up-to-date: /home/gsylvia/agrobot-reverse-engineering/Agrobot/install/robot_interfaces/include/robot_interfaces/robot_interfaces/msg/position_command.hpp
-- Up-to-date: /home/gsylvia/agrobot-reverse-engineering/Agrobot/install/robot_interfaces/include/robot_interfaces/robot_interfaces/msg/joint_command.hpp
-- Up-to-date: /home/gsylvia/agrobot-reverse-engineering/Agrobot/install/robot_interfaces/include/robot_interfaces/robot_interfaces/msg/pose_command.hpp
-- Up-to-date: /home/gsylvia/agrobot-reverse-engineering/Agrobot/install/robot_interfaces/include/robot_interfaces/robot_interfaces
-- Up-to-date: /home/gsylvia/agrobot-reverse-engineering/Agrobot/install/robot_interfaces/include/robot_interfaces/robot_interfaces/srv
-- Up-to-date: /home/gsylvia/agrobot-reverse-engineering/Agrobot/install/robot_interfaces/include/robot_interfaces/robot_interfaces/srv/detail
-- Up-to-date: /home/gsylvia/agrobot-reverse-engineering/Agrobot/install/robot_interfaces/include/robot_interfaces/robot_interfaces/srv/detail/dds_fastrtps
-- Up-to-date: /home/gsylvia/agrobot-reverse-engineering/Agrobot/install/robot_interfaces/include/robot_interfaces/robot_interfaces/srv/detail/set_indicator__rosidl_typesupport_fastrtps_cpp.hpp
-- Up-to-date: /home/gsylvia/agrobot-reverse-engineering/Agrobot/install/robot_interfaces/include/robot_interfaces/robot_interfaces/action
-- Up-to-date: /home/gsylvia/agrobot-reverse-engineering/Agrobot/install/robot_interfaces/include/robot_interfaces/robot_interfaces/action/detail
-- Up-to-date: /home/gsylvia/agrobot-reverse-engineering/Agrobot/install/robot_interfaces/include/robot_interfaces/robot_interfaces/action/detail/dds_fastrtps
-- Up-to-date: /home/gsylvia/agrobot-reverse-engineering/Agrobot/install/robot_interfaces/include/robot_interfaces/robot_interfaces/action/detail/pick_sequence__rosidl_typesupport_fastrtps_cpp.hpp
-- Up-to-date: /home/gsylvia/agrobot-reverse-engineering/Agrobot/install/robot_interfaces/include/robot_interfaces/robot_interfaces/msg
-- Up-to-date: /home/gsylvia/agrobot-reverse-engineering/Agrobot/install/robot_interfaces/include/robot_interfaces/robot_interfaces/msg/detail
-- Up-to-date: /home/gsylvia/agrobot-reverse-engineering/Agrobot/install/robot_interfaces/include/robot_interfaces/robot_interfaces/msg/detail/dds_fastrtps
-- Up-to-date: /home/gsylvia/agrobot-reverse-engineering/Agrobot/install/robot_interfaces/include/robot_interfaces/robot_interfaces/msg/detail/joint_command__rosidl_typesupport_fastrtps_cpp.hpp
-- Up-to-date: /home/gsylvia/agrobot-reverse-engineering/Agrobot/install/robot_interfaces/include/robot_interfaces/robot_interfaces/msg/detail/pose_command__rosidl_typesupport_fastrtps_cpp.hpp
-- Up-to-date: /home/gsylvia/agrobot-reverse-engineering/Agrobot/install/robot_interfaces/include/robot_interfaces/robot_interfaces/msg/detail/position_command__rosidl_typesupport_fastrtps_cpp.hpp
-- Up-to-date: /home/gsylvia/agrobot-reverse-engineering/Agrobot/install/robot_interfaces/include/robot_interfaces/robot_interfaces/msg/rosidl_typesupport_fastrtps_cpp__visibility_control.h
-- Up-to-date: /home/gsylvia/agrobot-reverse-engineering/Agrobot/install/robot_interfaces/lib/librobot_interfaces__rosidl_typesupport_fastrtps_cpp.so
-- Up-to-date: /home/gsylvia/agrobot-reverse-engineering/Agrobot/install/robot_interfaces/include/robot_interfaces/robot_interfaces
-- Up-to-date: /home/gsylvia/agrobot-reverse-engineering/Agrobot/install/robot_interfaces/include/robot_interfaces/robot_interfaces/srv
-- Up-to-date: /home/gsylvia/agrobot-reverse-engineering/Agrobot/install/robot_interfaces/include/robot_interfaces/robot_interfaces/srv/detail
-- Up-to-date: /home/gsylvia/agrobot-reverse-engineering/Agrobot/install/robot_interfaces/include/robot_interfaces/robot_interfaces/srv/detail/set_indicator__rosidl_typesupport_introspection_c.h
-- Installing: /home/gsylvia/agrobot-reverse-engineering/Agrobot/install/robot_interfaces/include/robot_interfaces/robot_interfaces/srv/detail/set_indicator__type_support.c
-- Up-to-date: /home/gsylvia/agrobot-reverse-engineering/Agrobot/install/robot_interfaces/include/robot_interfaces/robot_interfaces/action
-- Up-to-date: /home/gsylvia/agrobot-reverse-engineering/Agrobot/install/robot_interfaces/include/robot_interfaces/robot_interfaces/action/detail
-- Up-to-date: /home/gsylvia/agrobot-reverse-engineering/Agrobot/install/robot_interfaces/include/robot_interfaces/robot_interfaces/action/detail/pick_sequence__rosidl_typesupport_introspection_c.h
-- Installing: /home/gsylvia/agrobot-reverse-engineering/Agrobot/install/robot_interfaces/include/robot_interfaces/robot_interfaces/action/detail/pick_sequence__type_support.c
-- Up-to-date: /home/gsylvia/agrobot-reverse-engineering/Agrobot/install/robot_interfaces/include/robot_interfaces/robot_interfaces/msg
-- Up-to-date: /home/gsylvia/agrobot-reverse-engineering/Agrobot/install/robot_interfaces/include/robot_interfaces/robot_interfaces/msg/rosidl_typesupport_introspection_c__visibility_control.h
-- Up-to-date: /home/gsylvia/agrobot-reverse-engineering/Agrobot/install/robot_interfaces/include/robot_interfaces/robot_interfaces/msg/detail
-- Installing: /home/gsylvia/agrobot-reverse-engineering/Agrobot/install/robot_interfaces/include/robot_interfaces/robot_interfaces/msg/detail/pose_command__type_support.c
-- Installing: /home/gsylvia/agrobot-reverse-engineering/Agrobot/install/robot_interfaces/include/robot_interfaces/robot_interfaces/msg/detail/joint_command__type_support.c
-- Up-to-date: /home/gsylvia/agrobot-reverse-engineering/Agrobot/install/robot_interfaces/include/robot_interfaces/robot_interfaces/msg/detail/pose_command__rosidl_typesupport_introspection_c.h
-- Up-to-date: /home/gsylvia/agrobot-reverse-engineering/Agrobot/install/robot_interfaces/include/robot_interfaces/robot_interfaces/msg/detail/joint_command__rosidl_typesupport_introspection_c.h
-- Up-to-date: /home/gsylvia/agrobot-reverse-engineering/Agrobot/install/robot_interfaces/include/robot_interfaces/robot_interfaces/msg/detail/position_command__rosidl_typesupport_introspection_c.h
-- Installing: /home/gsylvia/agrobot-reverse-engineering/Agrobot/install/robot_interfaces/include/robot_interfaces/robot_interfaces/msg/detail/position_command__type_support.c
-- Up-to-date: /home/gsylvia/agrobot-reverse-engineering/Agrobot/install/robot_interfaces/lib/librobot_interfaces__rosidl_typesupport_introspection_c.so
-- Up-to-date: /home/gsylvia/agrobot-reverse-engineering/Agrobot/install/robot_interfaces/lib/librobot_interfaces__rosidl_typesupport_c.so
-- Up-to-date: /home/gsylvia/agrobot-reverse-engineering/Agrobot/install/robot_interfaces/include/robot_interfaces/robot_interfaces
-- Up-to-date: /home/gsylvia/agrobot-reverse-engineering/Agrobot/install/robot_interfaces/include/robot_interfaces/robot_interfaces/srv
-- Up-to-date: /home/gsylvia/agrobot-reverse-engineering/Agrobot/install/robot_interfaces/include/robot_interfaces/robot_interfaces/srv/detail
-- Up-to-date: /home/gsylvia/agrobot-reverse-engineering/Agrobot/install/robot_interfaces/include/robot_interfaces/robot_interfaces/srv/detail/set_indicator__rosidl_typesupport_introspection_cpp.hpp
-- Up-to-date: /home/gsylvia/agrobot-reverse-engineering/Agrobot/install/robot_interfaces/include/robot_interfaces/robot_interfaces/srv/detail/set_indicator__type_support.cpp
-- Up-to-date: /home/gsylvia/agrobot-reverse-engineering/Agrobot/install/robot_interfaces/include/robot_interfaces/robot_interfaces/action
-- Up-to-date: /home/gsylvia/agrobot-reverse-engineering/Agrobot/install/robot_interfaces/include/robot_interfaces/robot_interfaces/action/detail
-- Up-to-date: /home/gsylvia/agrobot-reverse-engineering/Agrobot/install/robot_interfaces/include/robot_interfaces/robot_interfaces/action/detail/pick_sequence__type_support.cpp
-- Up-to-date: /home/gsylvia/agrobot-reverse-engineering/Agrobot/install/robot_interfaces/include/robot_interfaces/robot_interfaces/action/detail/pick_sequence__rosidl_typesupport_introspection_cpp.hpp
-- Up-to-date: /home/gsylvia/agrobot-reverse-engineering/Agrobot/install/robot_interfaces/include/robot_interfaces/robot_interfaces/msg
-- Up-to-date: /home/gsylvia/agrobot-reverse-engineering/Agrobot/install/robot_interfaces/include/robot_interfaces/robot_interfaces/msg/detail
-- Up-to-date: /home/gsylvia/agrobot-reverse-engineering/Agrobot/install/robot_interfaces/include/robot_interfaces/robot_interfaces/msg/detail/pose_command__rosidl_typesupport_introspection_cpp.hpp
-- Up-to-date: /home/gsylvia/agrobot-reverse-engineering/Agrobot/install/robot_interfaces/include/robot_interfaces/robot_interfaces/msg/detail/position_command__type_support.cpp
-- Up-to-date: /home/gsylvia/agrobot-reverse-engineering/Agrobot/install/robot_interfaces/include/robot_interfaces/robot_interfaces/msg/detail/joint_command__rosidl_typesupport_introspection_cpp.hpp
-- Up-to-date: /home/gsylvia/agrobot-reverse-engineering/Agrobot/install/robot_interfaces/include/robot_interfaces/robot_interfaces/msg/detail/position_command__rosidl_typesupport_introspection_cpp.hpp
-- Up-to-date: /home/gsylvia/agrobot-reverse-engineering/Agrobot/install/robot_interfaces/include/robot_interfaces/robot_interfaces/msg/detail/joint_command__type_support.cpp
-- Up-to-date: /home/gsylvia/agrobot-reverse-engineering/Agrobot/install/robot_interfaces/include/robot_interfaces/robot_interfaces/msg/detail/pose_command__type_support.cpp
-- Up-to-date: /home/gsylvia/agrobot-reverse-engineering/Agrobot/install/robot_interfaces/lib/librobot_interfaces__rosidl_typesupport_introspection_cpp.so
-- Up-to-date: /home/gsylvia/agrobot-reverse-engineering/Agrobot/install/robot_interfaces/lib/librobot_interfaces__rosidl_typesupport_cpp.so
-- Up-to-date: /home/gsylvia/agrobot-reverse-engineering/Agrobot/install/robot_interfaces/share/robot_interfaces/environment/pythonpath.sh
-- Up-to-date: /home/gsylvia/agrobot-reverse-engineering/Agrobot/install/robot_interfaces/share/robot_interfaces/environment/pythonpath.dsv
-- Up-to-date: /home/gsylvia/agrobot-reverse-engineering/Agrobot/install/robot_interfaces/lib/python3.12/site-packages/robot_interfaces-0.0.0-py3.12.egg-info
-- Installing: /home/gsylvia/agrobot-reverse-engineering/Agrobot/install/robot_interfaces/lib/python3.12/site-packages/robot_interfaces-0.0.0-py3.12.egg-info/PKG-INFO
-- Installing: /home/gsylvia/agrobot-reverse-engineering/Agrobot/install/robot_interfaces/lib/python3.12/site-packages/robot_interfaces-0.0.0-py3.12.egg-info/dependency_links.txt
-- Installing: /home/gsylvia/agrobot-reverse-engineering/Agrobot/install/robot_interfaces/lib/python3.12/site-packages/robot_interfaces-0.0.0-py3.12.egg-info/top_level.txt
-- Installing: /home/gsylvia/agrobot-reverse-engineering/Agrobot/install/robot_interfaces/lib/python3.12/site-packages/robot_interfaces-0.0.0-py3.12.egg-info/SOURCES.txt
-- Up-to-date: /home/gsylvia/agrobot-reverse-engineering/Agrobot/install/robot_interfaces/lib/python3.12/site-packages/robot_interfaces
-- Up-to-date: /home/gsylvia/agrobot-reverse-engineering/Agrobot/install/robot_interfaces/lib/python3.12/site-packages/robot_interfaces/_robot_interfaces_s.ep.rosidl_typesupport_fastrtps_c.c
-- Up-to-date: /home/gsylvia/agrobot-reverse-engineering/Agrobot/install/robot_interfaces/lib/python3.12/site-packages/robot_interfaces/robot_interfaces_s__rosidl_typesupport_c.so
-- Up-to-date: /home/gsylvia/agrobot-reverse-engineering/Agrobot/install/robot_interfaces/lib/python3.12/site-packages/robot_interfaces/robot_interfaces_s__rosidl_typesupport_fastrtps_c.so
-- Up-to-date: /home/gsylvia/agrobot-reverse-engineering/Agrobot/install/robot_interfaces/lib/python3.12/site-packages/robot_interfaces/_robot_interfaces_s.ep.rosidl_typesupport_c.c
-- Up-to-date: /home/gsylvia/agrobot-reverse-engineering/Agrobot/install/robot_interfaces/lib/python3.12/site-packages/robot_interfaces/srv
-- Up-to-date: /home/gsylvia/agrobot-reverse-engineering/Agrobot/install/robot_interfaces/lib/python3.12/site-packages/robot_interfaces/srv/_set_indicator_s.c
-- Up-to-date: /home/gsylvia/agrobot-reverse-engineering/Agrobot/install/robot_interfaces/lib/python3.12/site-packages/robot_interfaces/srv/__init__.py
-- Up-to-date: /home/gsylvia/agrobot-reverse-engineering/Agrobot/install/robot_interfaces/lib/python3.12/site-packages/robot_interfaces/srv/_set_indicator.py
-- Up-to-date: /home/gsylvia/agrobot-reverse-engineering/Agrobot/install/robot_interfaces/lib/python3.12/site-packages/robot_interfaces/action
-- Up-to-date: /home/gsylvia/agrobot-reverse-engineering/Agrobot/install/robot_interfaces/lib/python3.12/site-packages/robot_interfaces/action/__init__.py
-- Up-to-date: /home/gsylvia/agrobot-reverse-engineering/Agrobot/install/robot_interfaces/lib/python3.12/site-packages/robot_interfaces/action/_pick_sequence_s.c
-- Up-to-date: /home/gsylvia/agrobot-reverse-engineering/Agrobot/install/robot_interfaces/lib/python3.12/site-packages/robot_interfaces/action/_pick_sequence.py
-- Up-to-date: /home/gsylvia/agrobot-reverse-engineering/Agrobot/install/robot_interfaces/lib/python3.12/site-packages/robot_interfaces/__init__.py
-- Up-to-date: /home/gsylvia/agrobot-reverse-engineering/Agrobot/install/robot_interfaces/lib/python3.12/site-packages/robot_interfaces/_robot_interfaces_s.ep.rosidl_typesupport_introspection_c.c
-- Up-to-date: /home/gsylvia/agrobot-reverse-engineering/Agrobot/install/robot_interfaces/lib/python3.12/site-packages/robot_interfaces/robot_interfaces_s__rosidl_typesupport_introspection_c.so
-- Up-to-date: /home/gsylvia/agrobot-reverse-engineering/Agrobot/install/robot_interfaces/lib/python3.12/site-packages/robot_interfaces/msg
-- Up-to-date: /home/gsylvia/agrobot-reverse-engineering/Agrobot/install/robot_interfaces/lib/python3.12/site-packages/robot_interfaces/msg/_position_command.py
-- Up-to-date: /home/gsylvia/agrobot-reverse-engineering/Agrobot/install/robot_interfaces/lib/python3.12/site-packages/robot_interfaces/msg/_joint_command_s.c
-- Up-to-date: /home/gsylvia/agrobot-reverse-engineering/Agrobot/install/robot_interfaces/lib/python3.12/site-packages/robot_interfaces/msg/__init__.py
-- Up-to-date: /home/gsylvia/agrobot-reverse-engineering/Agrobot/install/robot_interfaces/lib/python3.12/site-packages/robot_interfaces/msg/_pose_command.py
-- Up-to-date: /home/gsylvia/agrobot-reverse-engineering/Agrobot/install/robot_interfaces/lib/python3.12/site-packages/robot_interfaces/msg/_position_command_s.c
-- Up-to-date: /home/gsylvia/agrobot-reverse-engineering/Agrobot/install/robot_interfaces/lib/python3.12/site-packages/robot_interfaces/msg/_pose_command_s.c
-- Up-to-date: /home/gsylvia/agrobot-reverse-engineering/Agrobot/install/robot_interfaces/lib/python3.12/site-packages/robot_interfaces/msg/_joint_command.py
[ 37%] Built target ament_cmake_python_build_cogen_scripts
Listing '/home/gsylvia/agrobot-reverse-engineering/Agrobot/install/robot_interfaces/lib/python3.12/site-packages/robot_interfaces'...
Listing '/home/gsylvia/agrobot-reverse-engineering/Agrobot/install/robot_interfaces/lib/python3.12/site-packages/robot_interfaces/action'...
Listing '/home/gsylvia/agrobot-reverse-engineering/Agrobot/install/robot_interfaces/lib/python3.12/site-packages/robot_interfaces/msg'...
Listing '/home/gsylvia/agrobot-reverse-engineering/Agrobot/install/robot_interfaces/lib/python3.12/site-packages/robot_interfaces/srv'...
-- Up-to-date: /home/gsylvia/agrobot-reverse-engineering/Agrobot/install/robot_interfaces/lib/python3.12/site-packages/robot_interfaces/robot_interfaces_s__rosidl_typesupport_fastrtps_c.so
-- Up-to-date: /home/gsylvia/agrobot-reverse-engineering/Agrobot/install/robot_interfaces/lib/python3.12/site-packages/robot_interfaces/robot_interfaces_s__rosidl_typesupport_introspection_c.so
-- Up-to-date: /home/gsylvia/agrobot-reverse-engineering/Agrobot/install/robot_interfaces/lib/python3.12/site-packages/robot_interfaces/robot_interfaces_s__rosidl_typesupport_c.so
-- Up-to-date: /home/gsylvia/agrobot-reverse-engineering/Agrobot/install/robot_interfaces/lib/librobot_interfaces__rosidl_generator_py.so
-- Up-to-date: /home/gsylvia/agrobot-reverse-engineering/Agrobot/install/robot_interfaces/share/robot_interfaces/rust
-- Up-to-date: /home/gsylvia/agrobot-reverse-engineering/Agrobot/install/robot_interfaces/share/robot_interfaces/rust/build.rs
-- Up-to-date: /home/gsylvia/agrobot-reverse-engineering/Agrobot/install/robot_interfaces/share/robot_interfaces/rust/Cargo.toml
-- Up-to-date: /home/gsylvia/agrobot-reverse-engineering/Agrobot/install/robot_interfaces/share/robot_interfaces/rust/src
-- Up-to-date: /home/gsylvia/agrobot-reverse-engineering/Agrobot/install/robot_interfaces/share/robot_interfaces/rust/src/msg.rs
-- Up-to-date: /home/gsylvia/agrobot-reverse-engineering/Agrobot/install/robot_interfaces/share/robot_interfaces/rust/src/srv.rs
-- Up-to-date: /home/gsylvia/agrobot-reverse-engineering/Agrobot/install/robot_interfaces/share/robot_interfaces/rust/src/srv
-- Up-to-date: /home/gsylvia/agrobot-reverse-engineering/Agrobot/install/robot_interfaces/share/robot_interfaces/rust/src/srv/rmw.rs
-- Up-to-date: /home/gsylvia/agrobot-reverse-engineering/Agrobot/install/robot_interfaces/share/robot_interfaces/rust/src/action
-- Up-to-date: /home/gsylvia/agrobot-reverse-engineering/Agrobot/install/robot_interfaces/share/robot_interfaces/rust/src/action/rmw.rs
-- Up-to-date: /home/gsylvia/agrobot-reverse-engineering/Agrobot/install/robot_interfaces/share/robot_interfaces/rust/src/action.rs
-- Up-to-date: /home/gsylvia/agrobot-reverse-engineering/Agrobot/install/robot_interfaces/share/robot_interfaces/rust/src/msg
-- Up-to-date: /home/gsylvia/agrobot-reverse-engineering/Agrobot/install/robot_interfaces/share/robot_interfaces/rust/src/msg/rmw.rs
-- Up-to-date: /home/gsylvia/agrobot-reverse-engineering/Agrobot/install/robot_interfaces/share/robot_interfaces/rust/src/lib.rs
-- Up-to-date: /home/gsylvia/agrobot-reverse-engineering/Agrobot/install/robot_interfaces/share/robot_interfaces/msg/JointCommand.idl
-- Up-to-date: /home/gsylvia/agrobot-reverse-engineering/Agrobot/install/robot_interfaces/share/robot_interfaces/msg/PoseCommand.idl
-- Up-to-date: /home/gsylvia/agrobot-reverse-engineering/Agrobot/install/robot_interfaces/share/robot_interfaces/msg/PositionCommand.idl
-- Up-to-date: /home/gsylvia/agrobot-reverse-engineering/Agrobot/install/robot_interfaces/share/robot_interfaces/action/PickSequence.idl
-- Up-to-date: /home/gsylvia/agrobot-reverse-engineering/Agrobot/install/robot_interfaces/share/robot_interfaces/srv/SetIndicator.idl
-- Up-to-date: /home/gsylvia/agrobot-reverse-engineering/Agrobot/install/robot_interfaces/share/robot_interfaces/msg/JointCommand.msg
-- Up-to-date: /home/gsylvia/agrobot-reverse-engineering/Agrobot/install/robot_interfaces/share/robot_interfaces/msg/PoseCommand.msg
-- Up-to-date: /home/gsylvia/agrobot-reverse-engineering/Agrobot/install/robot_interfaces/share/robot_interfaces/msg/PositionCommand.msg
-- Up-to-date: /home/gsylvia/agrobot-reverse-engineering/Agrobot/install/robot_interfaces/share/robot_interfaces/action/PickSequence.action
-- Up-to-date: /home/gsylvia/agrobot-reverse-engineering/Agrobot/install/robot_interfaces/share/robot_interfaces/srv/SetIndicator.srv
-- Up-to-date: /home/gsylvia/agrobot-reverse-engineering/Agrobot/install/robot_interfaces/share/ament_index/resource_index/package_run_dependencies/robot_interfaces
-- Up-to-date: /home/gsylvia/agrobot-reverse-engineering/Agrobot/install/robot_interfaces/share/ament_index/resource_index/parent_prefix_path/robot_interfaces
-- Up-to-date: /home/gsylvia/agrobot-reverse-engineering/Agrobot/install/robot_interfaces/share/robot_interfaces/environment/ament_prefix_path.sh
-- Up-to-date: /home/gsylvia/agrobot-reverse-engineering/Agrobot/install/robot_interfaces/share/robot_interfaces/environment/ament_prefix_path.dsv
-- Up-to-date: /home/gsylvia/agrobot-reverse-engineering/Agrobot/install/robot_interfaces/share/robot_interfaces/environment/path.sh
-- Up-to-date: /home/gsylvia/agrobot-reverse-engineering/Agrobot/install/robot_interfaces/share/robot_interfaces/environment/path.dsv
-- Up-to-date: /home/gsylvia/agrobot-reverse-engineering/Agrobot/install/robot_interfaces/share/robot_interfaces/local_setup.bash
-- Up-to-date: /home/gsylvia/agrobot-reverse-engineering/Agrobot/install/robot_interfaces/share/robot_interfaces/local_setup.sh
-- Up-to-date: /home/gsylvia/agrobot-reverse-engineering/Agrobot/install/robot_interfaces/share/robot_interfaces/local_setup.zsh
-- Up-to-date: /home/gsylvia/agrobot-reverse-engineering/Agrobot/install/robot_interfaces/share/robot_interfaces/local_setup.dsv
-- Installing: /home/gsylvia/agrobot-reverse-engineering/Agrobot/install/robot_interfaces/share/robot_interfaces/package.dsv
-- Up-to-date: /home/gsylvia/agrobot-reverse-engineering/Agrobot/install/robot_interfaces/share/ament_index/resource_index/packages/robot_interfaces
-- Up-to-date: /home/gsylvia/agrobot-reverse-engineering/Agrobot/install/robot_interfaces/share/robot_interfaces/cmake/export_robot_interfaces__rosidl_generator_cExport.cmake
-- Up-to-date: /home/gsylvia/agrobot-reverse-engineering/Agrobot/install/robot_interfaces/share/robot_interfaces/cmake/export_robot_interfaces__rosidl_generator_cExport-noconfig.cmake
-- Up-to-date: /home/gsylvia/agrobot-reverse-engineering/Agrobot/install/robot_interfaces/share/robot_interfaces/cmake/export_robot_interfaces__rosidl_typesupport_fastrtps_cExport.cmake
-- Up-to-date: /home/gsylvia/agrobot-reverse-engineering/Agrobot/install/robot_interfaces/share/robot_interfaces/cmake/export_robot_interfaces__rosidl_typesupport_fastrtps_cExport-noconfig.cmake
-- Up-to-date: /home/gsylvia/agrobot-reverse-engineering/Agrobot/install/robot_interfaces/share/robot_interfaces/cmake/export_robot_interfaces__rosidl_generator_cppExport.cmake
-- Up-to-date: /home/gsylvia/agrobot-reverse-engineering/Agrobot/install/robot_interfaces/share/robot_interfaces/cmake/export_robot_interfaces__rosidl_typesupport_fastrtps_cppExport.cmake
-- Up-to-date: /home/gsylvia/agrobot-reverse-engineering/Agrobot/install/robot_interfaces/share/robot_interfaces/cmake/export_robot_interfaces__rosidl_typesupport_fastrtps_cppExport-noconfig.cmake
-- Up-to-date: /home/gsylvia/agrobot-reverse-engineering/Agrobot/install/robot_interfaces/share/robot_interfaces/cmake/robot_interfaces__rosidl_typesupport_introspection_cExport.cmake
-- Up-to-date: /home/gsylvia/agrobot-reverse-engineering/Agrobot/install/robot_interfaces/share/robot_interfaces/cmake/robot_interfaces__rosidl_typesupport_introspection_cExport-noconfig.cmake
-- Up-to-date: /home/gsylvia/agrobot-reverse-engineering/Agrobot/install/robot_interfaces/share/robot_interfaces/cmake/robot_interfaces__rosidl_typesupport_cExport.cmake
-- Up-to-date: /home/gsylvia/agrobot-reverse-engineering/Agrobot/install/robot_interfaces/share/robot_interfaces/cmake/robot_interfaces__rosidl_typesupport_cExport-noconfig.cmake
-- Up-to-date: /home/gsylvia/agrobot-reverse-engineering/Agrobot/install/robot_interfaces/share/robot_interfaces/cmake/robot_interfaces__rosidl_typesupport_introspection_cppExport.cmake
-- Up-to-date: /home/gsylvia/agrobot-reverse-engineering/Agrobot/install/robot_interfaces/share/robot_interfaces/cmake/robot_interfaces__rosidl_typesupport_introspection_cppExport-noconfig.cmake
-- Up-to-date: /home/gsylvia/agrobot-reverse-engineering/Agrobot/install/robot_interfaces/share/robot_interfaces/cmake/robot_interfaces__rosidl_typesupport_cppExport.cmake
-- Up-to-date: /home/gsylvia/agrobot-reverse-engineering/Agrobot/install/robot_interfaces/share/robot_interfaces/cmake/robot_interfaces__rosidl_typesupport_cppExport-noconfig.cmake
-- Up-to-date: /home/gsylvia/agrobot-reverse-engineering/Agrobot/install/robot_interfaces/share/robot_interfaces/cmake/export_robot_interfaces__rosidl_generator_pyExport.cmake
-- Up-to-date: /home/gsylvia/agrobot-reverse-engineering/Agrobot/install/robot_interfaces/share/robot_interfaces/cmake/export_robot_interfaces__rosidl_generator_pyExport-noconfig.cmake
-- Up-to-date: /home/gsylvia/agrobot-reverse-engineering/Agrobot/install/robot_interfaces/share/robot_interfaces/cmake/rosidl_cmake-extras.cmake
-- Up-to-date: /home/gsylvia/agrobot-reverse-engineering/Agrobot/install/robot_interfaces/share/robot_interfaces/cmake/ament_cmake_export_dependencies-extras.cmake
-- Up-to-date: /home/gsylvia/agrobot-reverse-engineering/Agrobot/install/robot_interfaces/share/robot_interfaces/cmake/ament_cmake_export_include_directories-extras.cmake
-- Up-to-date: /home/gsylvia/agrobot-reverse-engineering/Agrobot/install/robot_interfaces/share/robot_interfaces/cmake/ament_cmake_export_libraries-extras.cmake
-- Up-to-date: /home/gsylvia/agrobot-reverse-engineering/Agrobot/install/robot_interfaces/share/robot_interfaces/cmake/ament_cmake_export_targets-extras.cmake
-- Up-to-date: /home/gsylvia/agrobot-reverse-engineering/Agrobot/install/robot_interfaces/share/robot_interfaces/cmake/rosidl_cmake_export_typesupport_targets-extras.cmake
-- Up-to-date: /home/gsylvia/agrobot-reverse-engineering/Agrobot/install/robot_interfaces/share/robot_interfaces/cmake/rosidl_cmake_export_typesupport_libraries-extras.cmake
-- Up-to-date: /home/gsylvia/agrobot-reverse-engineering/Agrobot/install/robot_interfaces/share/robot_interfaces/cmake/rosidl_cmake_aggregate_target-extras.cmake
-- Up-to-date: /home/gsylvia/agrobot-reverse-engineering/Agrobot/install/robot_interfaces/share/robot_interfaces/cmake/robot_interfacesConfig.cmake
-- Up-to-date: /home/gsylvia/agrobot-reverse-engineering/Agrobot/install/robot_interfaces/share/robot_interfaces/cmake/robot_interfacesConfig-version.cmake
-- Up-to-date: /home/gsylvia/agrobot-reverse-engineering/Agrobot/install/robot_interfaces/share/robot_interfaces/package.xml
Finished <<< robot_interfaces [0.51s]
Starting >>> epos2_bridge
-- Install configuration: ""
-- Up-to-date: /home/gsylvia/agrobot-reverse-engineering/Agrobot/install/moveit_config/share/ament_index/resource_index/package_run_dependencies/moveit_config
-- Up-to-date: /home/gsylvia/agrobot-reverse-engineering/Agrobot/install/moveit_config/share/ament_index/resource_index/parent_prefix_path/moveit_config
-- Up-to-date: /home/gsylvia/agrobot-reverse-engineering/Agrobot/install/moveit_config/share/moveit_config/environment/ament_prefix_path.sh
-- Up-to-date: /home/gsylvia/agrobot-reverse-engineering/Agrobot/install/moveit_config/share/moveit_config/environment/ament_prefix_path.dsv
-- Up-to-date: /home/gsylvia/agrobot-reverse-engineering/Agrobot/install/moveit_config/share/moveit_config/environment/path.sh
-- Up-to-date: /home/gsylvia/agrobot-reverse-engineering/Agrobot/install/moveit_config/share/moveit_config/environment/path.dsv
-- Up-to-date: /home/gsylvia/agrobot-reverse-engineering/Agrobot/install/moveit_config/share/moveit_config/local_setup.bash
-- Up-to-date: /home/gsylvia/agrobot-reverse-engineering/Agrobot/install/moveit_config/share/moveit_config/local_setup.sh
-- Up-to-date: /home/gsylvia/agrobot-reverse-engineering/Agrobot/install/moveit_config/share/moveit_config/local_setup.zsh
-- Up-to-date: /home/gsylvia/agrobot-reverse-engineering/Agrobot/install/moveit_config/share/moveit_config/local_setup.dsv
-- Installing: /home/gsylvia/agrobot-reverse-engineering/Agrobot/install/moveit_config/share/moveit_config/package.dsv
-- Up-to-date: /home/gsylvia/agrobot-reverse-engineering/Agrobot/install/moveit_config/share/ament_index/resource_index/packages/moveit_config
-- Up-to-date: /home/gsylvia/agrobot-reverse-engineering/Agrobot/install/moveit_config/share/moveit_config/cmake/moveit_configConfig.cmake
-- Up-to-date: /home/gsylvia/agrobot-reverse-engineering/Agrobot/install/moveit_config/share/moveit_config/cmake/moveit_configConfig-version.cmake
-- Up-to-date: /home/gsylvia/agrobot-reverse-engineering/Agrobot/install/moveit_config/share/moveit_config/package.xml
-- Up-to-date: /home/gsylvia/agrobot-reverse-engineering/Agrobot/install/moveit_config/share/moveit_config/launch
-- Up-to-date: /home/gsylvia/agrobot-reverse-engineering/Agrobot/install/moveit_config/share/moveit_config/launch/spawn_controllers.launch.py
-- Up-to-date: /home/gsylvia/agrobot-reverse-engineering/Agrobot/install/moveit_config/share/moveit_config/launch/moveit_rviz.launch.py
-- Up-to-date: /home/gsylvia/agrobot-reverse-engineering/Agrobot/install/moveit_config/share/moveit_config/launch/rsp.launch.py
-- Up-to-date: /home/gsylvia/agrobot-reverse-engineering/Agrobot/install/moveit_config/share/moveit_config/launch/warehouse_db.launch.py
-- Up-to-date: /home/gsylvia/agrobot-reverse-engineering/Agrobot/install/moveit_config/share/moveit_config/launch/static_virtual_joint_tfs.launch.py
-- Up-to-date: /home/gsylvia/agrobot-reverse-engineering/Agrobot/install/moveit_config/share/moveit_config/launch/demo.launch.py
-- Up-to-date: /home/gsylvia/agrobot-reverse-engineering/Agrobot/install/moveit_config/share/moveit_config/launch/move_group.launch.py
-- Up-to-date: /home/gsylvia/agrobot-reverse-engineering/Agrobot/install/moveit_config/share/moveit_config/launch/setup_assistant.launch.py
-- Up-to-date: /home/gsylvia/agrobot-reverse-engineering/Agrobot/install/moveit_config/share/moveit_config/config
-- Up-to-date: /home/gsylvia/agrobot-reverse-engineering/Agrobot/install/moveit_config/share/moveit_config/config/robot.urdf.xacro
-- Up-to-date: /home/gsylvia/agrobot-reverse-engineering/Agrobot/install/moveit_config/share/moveit_config/config/joint_limits.yaml.bak_joint0_limits_20260509_221213
-- Up-to-date: /home/gsylvia/agrobot-reverse-engineering/Agrobot/install/moveit_config/share/moveit_config/config/robot.srdf
-- Up-to-date: /home/gsylvia/agrobot-reverse-engineering/Agrobot/install/moveit_config/share/moveit_config/config/moveit_controllers.yaml.bak.1778687197
-- Up-to-date: /home/gsylvia/agrobot-reverse-engineering/Agrobot/install/moveit_config/share/moveit_config/config/moveit.rviz
-- Up-to-date: /home/gsylvia/agrobot-reverse-engineering/Agrobot/install/moveit_config/share/moveit_config/config/initial_positions.yaml
-- Up-to-date: /home/gsylvia/agrobot-reverse-engineering/Agrobot/install/moveit_config/share/moveit_config/config/moveit_controllers.yaml
-- Up-to-date: /home/gsylvia/agrobot-reverse-engineering/Agrobot/install/moveit_config/share/moveit_config/config/ros2_controllers.yaml
-- Up-to-date: /home/gsylvia/agrobot-reverse-engineering/Agrobot/install/moveit_config/share/moveit_config/config/robot.ros2_control.xacro
-- Up-to-date: /home/gsylvia/agrobot-reverse-engineering/Agrobot/install/moveit_config/share/moveit_config/config/kinematics.yaml
-- Up-to-date: /home/gsylvia/agrobot-reverse-engineering/Agrobot/install/moveit_config/share/moveit_config/config/pilz_cartesian_limits.yaml
-- Up-to-date: /home/gsylvia/agrobot-reverse-engineering/Agrobot/install/moveit_config/share/moveit_config/config/joint_limits.yaml
-- Up-to-date: /home/gsylvia/agrobot-reverse-engineering/Agrobot/install/moveit_config/share/moveit_config/.setup_assistant
Finished <<< moveit_config [0.13s]
Starting >>> robot_commander
[100%] Built target cartesian_path
[100%] Built target commander
[100%] Built target named_goal
[100%] Built target joint_goal
[100%] Built target position_goal
-- Install configuration: ""
-- Up-to-date: /home/gsylvia/agrobot-reverse-engineering/Agrobot/install/robot_commander/lib/robot_commander/named_goal
-- Up-to-date: /home/gsylvia/agrobot-reverse-engineering/Agrobot/install/robot_commander/lib/robot_commander/joint_goal
-- Up-to-date: /home/gsylvia/agrobot-reverse-engineering/Agrobot/install/robot_commander/lib/robot_commander/position_goal
-- Up-to-date: /home/gsylvia/agrobot-reverse-engineering/Agrobot/install/robot_commander/lib/robot_commander/cartesian_path
-- Up-to-date: /home/gsylvia/agrobot-reverse-engineering/Agrobot/install/robot_commander/lib/robot_commander/commander
-- Up-to-date: /home/gsylvia/agrobot-reverse-engineering/Agrobot/install/robot_commander/lib/robot_commander/tomato_picker.py
-- Up-to-date: /home/gsylvia/agrobot-reverse-engineering/Agrobot/install/robot_commander/lib/robot_commander/sequencer.py
-- Up-to-date: /home/gsylvia/agrobot-reverse-engineering/Agrobot/install/robot_commander/lib/robot_commander/test_multi_tomato.py
-- Up-to-date: /home/gsylvia/agrobot-reverse-engineering/Agrobot/install/robot_commander/lib/robot_commander/test_button_server.py
-- Up-to-date: /home/gsylvia/agrobot-reverse-engineering/Agrobot/install/robot_commander/share/robot_commander//launch
-- Up-to-date: /home/gsylvia/agrobot-reverse-engineering/Agrobot/install/robot_commander/share/robot_commander//launch/commander.launch.py
-- Up-to-date: /home/gsylvia/agrobot-reverse-engineering/Agrobot/install/robot_commander/share/ament_index/resource_index/package_run_dependencies/robot_commander
-- Up-to-date: /home/gsylvia/agrobot-reverse-engineering/Agrobot/install/robot_commander/share/ament_index/resource_index/parent_prefix_path/robot_commander
-- Up-to-date: /home/gsylvia/agrobot-reverse-engineering/Agrobot/install/robot_commander/share/robot_commander/environment/ament_prefix_path.sh
-- Up-to-date: /home/gsylvia/agrobot-reverse-engineering/Agrobot/install/robot_commander/share/robot_commander/environment/ament_prefix_path.dsv
-- Up-to-date: /home/gsylvia/agrobot-reverse-engineering/Agrobot/install/robot_commander/share/robot_commander/environment/path.sh
-- Up-to-date: /home/gsylvia/agrobot-reverse-engineering/Agrobot/install/robot_commander/share/robot_commander/environment/path.dsv
-- Up-to-date: /home/gsylvia/agrobot-reverse-engineering/Agrobot/install/robot_commander/share/robot_commander/local_setup.bash
-- Up-to-date: /home/gsylvia/agrobot-reverse-engineering/Agrobot/install/robot_commander/share/robot_commander/local_setup.sh
-- Up-to-date: /home/gsylvia/agrobot-reverse-engineering/Agrobot/install/robot_commander/share/robot_commander/local_setup.zsh
-- Up-to-date: /home/gsylvia/agrobot-reverse-engineering/Agrobot/install/robot_commander/share/robot_commander/local_setup.dsv
-- Installing: /home/gsylvia/agrobot-reverse-engineering/Agrobot/install/robot_commander/share/robot_commander/package.dsv
-- Up-to-date: /home/gsylvia/agrobot-reverse-engineering/Agrobot/install/robot_commander/share/ament_index/resource_index/packages/robot_commander
-- Up-to-date: /home/gsylvia/agrobot-reverse-engineering/Agrobot/install/robot_commander/share/robot_commander/cmake/robot_commanderConfig.cmake
-- Up-to-date: /home/gsylvia/agrobot-reverse-engineering/Agrobot/install/robot_commander/share/robot_commander/cmake/robot_commanderConfig-version.cmake
-- Up-to-date: /home/gsylvia/agrobot-reverse-engineering/Agrobot/install/robot_commander/share/robot_commander/package.xml
Finished <<< robot_commander [0.38s]
Starting >>> robot_bringup
-- Install configuration: ""
-- Up-to-date: /home/gsylvia/agrobot-reverse-engineering/Agrobot/install/robot_bringup/share/robot_bringup//config
-- Up-to-date: /home/gsylvia/agrobot-reverse-engineering/Agrobot/install/robot_bringup/share/robot_bringup//config/display.rviz
-- Up-to-date: /home/gsylvia/agrobot-reverse-engineering/Agrobot/install/robot_bringup/share/robot_bringup//config/ros2_controllers.yaml
-- Up-to-date: /home/gsylvia/agrobot-reverse-engineering/Agrobot/install/robot_bringup/share/robot_bringup//config/robot_moveit.rviz
-- Up-to-date: /home/gsylvia/agrobot-reverse-engineering/Agrobot/install/robot_bringup/share/robot_bringup//launch
-- Up-to-date: /home/gsylvia/agrobot-reverse-engineering/Agrobot/install/robot_bringup/share/robot_bringup//launch/robot.launch.xml
-- Up-to-date: /home/gsylvia/agrobot-reverse-engineering/Agrobot/install/robot_bringup/share/robot_bringup//launch/display.launch.xml
-- Up-to-date: /home/gsylvia/agrobot-reverse-engineering/Agrobot/install/robot_bringup/share/ament_index/resource_index/package_run_dependencies/robot_bringup
-- Up-to-date: /home/gsylvia/agrobot-reverse-engineering/Agrobot/install/robot_bringup/share/ament_index/resource_index/parent_prefix_path/robot_bringup
-- Up-to-date: /home/gsylvia/agrobot-reverse-engineering/Agrobot/install/robot_bringup/share/robot_bringup/environment/ament_prefix_path.sh
-- Up-to-date: /home/gsylvia/agrobot-reverse-engineering/Agrobot/install/robot_bringup/share/robot_bringup/environment/ament_prefix_path.dsv
-- Up-to-date: /home/gsylvia/agrobot-reverse-engineering/Agrobot/install/robot_bringup/share/robot_bringup/environment/path.sh
-- Up-to-date: /home/gsylvia/agrobot-reverse-engineering/Agrobot/install/robot_bringup/share/robot_bringup/environment/path.dsv
-- Up-to-date: /home/gsylvia/agrobot-reverse-engineering/Agrobot/install/robot_bringup/share/robot_bringup/local_setup.bash
-- Up-to-date: /home/gsylvia/agrobot-reverse-engineering/Agrobot/install/robot_bringup/share/robot_bringup/local_setup.sh
-- Up-to-date: /home/gsylvia/agrobot-reverse-engineering/Agrobot/install/robot_bringup/share/robot_bringup/local_setup.zsh
-- Up-to-date: /home/gsylvia/agrobot-reverse-engineering/Agrobot/install/robot_bringup/share/robot_bringup/local_setup.dsv
-- Installing: /home/gsylvia/agrobot-reverse-engineering/Agrobot/install/robot_bringup/share/robot_bringup/package.dsv
-- Up-to-date: /home/gsylvia/agrobot-reverse-engineering/Agrobot/install/robot_bringup/share/ament_index/resource_index/packages/robot_bringup
-- Up-to-date: /home/gsylvia/agrobot-reverse-engineering/Agrobot/install/robot_bringup/share/robot_bringup/cmake/robot_bringupConfig.cmake
-- Up-to-date: /home/gsylvia/agrobot-reverse-engineering/Agrobot/install/robot_bringup/share/robot_bringup/cmake/robot_bringupConfig-version.cmake
-- Up-to-date: /home/gsylvia/agrobot-reverse-engineering/Agrobot/install/robot_bringup/share/robot_bringup/package.xml
Finished <<< robot_bringup [0.16s]
running egg_info
writing ../../../build/canopen_utils/canopen_utils.egg-info/PKG-INFO
writing dependency_links to ../../../build/canopen_utils/canopen_utils.egg-info/dependency_links.txt
writing entry points to ../../../build/canopen_utils/canopen_utils.egg-info/entry_points.txt
writing requirements to ../../../build/canopen_utils/canopen_utils.egg-info/requires.txt
writing top-level names to ../../../build/canopen_utils/canopen_utils.egg-info/top_level.txt
reading manifest file '../../../build/canopen_utils/canopen_utils.egg-info/SOURCES.txt'
adding license file 'LICENSE'
writing manifest file '../../../build/canopen_utils/canopen_utils.egg-info/SOURCES.txt'
running build
running build_py
running install
running install_lib
running install_data
running install_egg_info
removing '/home/gsylvia/agrobot-reverse-engineering/Agrobot/install/canopen_utils/lib/python3.12/site-packages/canopen_utils-0.3.1-py3.12.egg-info' (and everything under it)
Copying ../../../build/canopen_utils/canopen_utils.egg-info to /home/gsylvia/agrobot-reverse-engineering/Agrobot/install/canopen_utils/lib/python3.12/site-packages/canopen_utils-0.3.1-py3.12.egg-info
running install_scripts
Installing cyclic_tester script to /home/gsylvia/agrobot-reverse-engineering/Agrobot/install/canopen_utils/lib/canopen_utils
Installing simple_tester script to /home/gsylvia/agrobot-reverse-engineering/Agrobot/install/canopen_utils/lib/canopen_utils
writing list of installed files to '/home/gsylvia/agrobot-reverse-engineering/Agrobot/build/canopen_utils/install.log'
Finished <<< canopen_utils [1.15s]
running egg_info
writing ../../build/epos2_bridge/epos2_bridge.egg-info/PKG-INFO
writing dependency_links to ../../build/epos2_bridge/epos2_bridge.egg-info/dependency_links.txt
writing entry points to ../../build/epos2_bridge/epos2_bridge.egg-info/entry_points.txt
writing requirements to ../../build/epos2_bridge/epos2_bridge.egg-info/requires.txt
writing top-level names to ../../build/epos2_bridge/epos2_bridge.egg-info/top_level.txt
reading manifest file '../../build/epos2_bridge/epos2_bridge.egg-info/SOURCES.txt'
adding license file 'LICENSE'
writing manifest file '../../build/epos2_bridge/epos2_bridge.egg-info/SOURCES.txt'
running build
running build_py
running install
running install_lib
running install_data
running install_egg_info
removing '/home/gsylvia/agrobot-reverse-engineering/Agrobot/install/epos2_bridge/lib/python3.12/site-packages/epos2_bridge-0.0.1-py3.12.egg-info' (and everything under it)
Copying ../../build/epos2_bridge/epos2_bridge.egg-info to /home/gsylvia/agrobot-reverse-engineering/Agrobot/install/epos2_bridge/lib/python3.12/site-packages/epos2_bridge-0.0.1-py3.12.egg-info
running install_scripts
Installing epos2_arm_controller script to /home/gsylvia/agrobot-reverse-engineering/Agrobot/install/epos2_bridge/lib/epos2_bridge
Installing epos2_fjt_fanout script to /home/gsylvia/agrobot-reverse-engineering/Agrobot/install/epos2_bridge/lib/epos2_bridge
Installing epos2_j3_bridge script to /home/gsylvia/agrobot-reverse-engineering/Agrobot/install/epos2_bridge/lib/epos2_bridge
Installing epos2_joint_bridge script to /home/gsylvia/agrobot-reverse-engineering/Agrobot/install/epos2_bridge/lib/epos2_bridge
writing list of installed files to '/home/gsylvia/agrobot-reverse-engineering/Agrobot/build/epos2_bridge/install.log'
Finished <<< epos2_bridge [1.33s]
configure.ac:17: warning: The macro `AC_PROG_CC_STDC' is obsolete.
configure.ac:17: You should run autoupdate.
./lib/autoconf/c.m4:1666: AC_PROG_CC_STDC is expanded from...
configure.ac:17: the top level
configure.ac:442: warning: AC_CHECK_HEADERS($ixxat_header): you should use literals
./lib/autoconf/headers.m4:217: AC_CHECK_HEADERS is expanded from...
lib/m4sugar/m4sh.m4:699: AS_IF is expanded from...
lib/m4sugar/m4sh.m4:699: AS_IF is expanded from...
configure.ac:442: the top level
checking build system type... x86_64-pc-linux-gnu
checking host system type... x86_64-pc-linux-gnu
checking target system type... x86_64-pc-linux-gnu
checking for a BSD-compatible install... /usr/bin/install -c
checking whether build environment is sane... yes
checking for a race-free mkdir -p... /usr/bin/mkdir -p
checking for gawk... gawk
checking whether make sets $(MAKE)... yes
checking whether make supports nested variables... yes
checking whether to enable maintainer-specific portions of Makefiles... yes
checking whether make supports nested variables... (cached) yes
checking for a sed that does not truncate output... /usr/bin/sed
checking whether to build with code coverage support... no
checking for valgrind... no
checking whether make supports the include directive... yes (GNU style)
checking for gcc... gcc
checking whether the C compiler works... yes
checking for C compiler default output file name... a.out
checking for suffix of executables... 
checking whether we are cross compiling... no
checking for suffix of object files... o
checking whether the compiler supports GNU C... yes
checking whether gcc accepts -g... yes
checking for gcc option to enable C11 features... none needed
checking whether gcc understands -c and -o together... yes
checking dependency style of gcc... gcc3
checking for stdio.h... yes
checking for stdlib.h... yes
checking for string.h... yes
checking for inttypes.h... yes
checking for stdint.h... yes
checking for strings.h... yes
checking for sys/stat.h... yes
checking for sys/types.h... yes
checking for unistd.h... yes
checking for wchar.h... yes
checking for minix/config.h... no
checking whether it is safe to define __EXTENSIONS__... yes
checking whether _XOPEN_SOURCE should be defined... no
checking for g++... g++
checking whether the compiler supports GNU C++... yes
checking whether g++ accepts -g... yes
checking for g++ option to enable C++11 features... none needed
checking dependency style of g++... gcc3
checking whether g++ supports C++11 features with -std=gnu++11... yes
checking how to print strings... printf
checking for a sed that does not truncate output... (cached) /usr/bin/sed
checking for grep that handles long lines and -e... /usr/bin/grep
checking for egrep... /usr/bin/grep -E
checking for fgrep... /usr/bin/grep -F
checking for ld used by gcc... /usr/bin/ld
checking if the linker (/usr/bin/ld) is GNU ld... yes
checking for BSD- or MS-compatible name lister (nm)... /usr/bin/nm -B
checking the name lister (/usr/bin/nm -B) interface... BSD nm
checking whether ln -s works... yes
checking the maximum length of command line arguments... 1572864
checking how to convert x86_64-pc-linux-gnu file names to x86_64-pc-linux-gnu format... func_convert_file_noop
checking how to convert x86_64-pc-linux-gnu file names to toolchain format... func_convert_file_noop
checking for /usr/bin/ld option to reload object files... -r
checking for file... file
checking for objdump... objdump
checking how to recognize dependent libraries... pass_all
checking for dlltool... no
checking how to associate runtime and link libraries... printf %s\n
checking for ar... ar
checking for archiver @FILE support... @
checking for strip... strip
checking for ranlib... ranlib
checking command to parse /usr/bin/nm -B output from gcc object... ok
checking for sysroot... no
checking for a working dd... /usr/bin/dd
checking how to truncate binary pipes... /usr/bin/dd bs=4096 count=1
checking for mt... no
checking if : is a manifest tool... no
checking for dlfcn.h... yes
checking for objdir... .libs
checking if gcc supports -fno-rtti -fno-exceptions... no
checking for gcc option to produce PIC... -fPIC -DPIC
checking if gcc PIC flag -fPIC -DPIC works... yes
checking if gcc static flag -static works... yes
checking if gcc supports -c -o file.o... yes
checking if gcc supports -c -o file.o... (cached) yes
checking whether the gcc linker (/usr/bin/ld -m elf_x86_64) supports shared libraries... yes
checking whether -lc should be explicitly linked in... no
checking dynamic linker characteristics... GNU/Linux ld.so
checking how to hardcode library paths into programs... immediate
checking whether stripping libraries is possible... yes
checking if libtool supports shared libraries... yes
checking whether to build shared libraries... yes
checking whether to build static libraries... no
checking how to run the C++ preprocessor... g++ -std=gnu++11 -E
checking for ld used by g++ -std=gnu++11... /usr/bin/ld -m elf_x86_64
checking if the linker (/usr/bin/ld -m elf_x86_64) is GNU ld... yes
checking whether the g++ -std=gnu++11 linker (/usr/bin/ld -m elf_x86_64) supports shared libraries... yes
checking for g++ -std=gnu++11 option to produce PIC... -fPIC -DPIC
checking if g++ -std=gnu++11 PIC flag -fPIC -DPIC works... yes
checking if g++ -std=gnu++11 static flag -static works... yes
checking if g++ -std=gnu++11 supports -c -o file.o... yes
checking if g++ -std=gnu++11 supports -c -o file.o... (cached) yes
checking whether the g++ -std=gnu++11 linker (/usr/bin/ld -m elf_x86_64) supports shared libraries... yes
checking dynamic linker characteristics... (cached) GNU/Linux ld.so
checking how to hardcode library paths into programs... immediate
checking for windres... no
checking for timer_create in -lrt... yes
checking how to run the C preprocessor... gcc -E
checking whether gcc is Clang... no
checking whether pthreads work with "-pthread" and "-lpthread"... yes
checking for joinable pthread attribute... PTHREAD_CREATE_JOINABLE
checking whether more special flags are required for pthreads... no
checking for PTHREAD_PRIO_INHERIT... yes
checking for pkg-config... /usr/bin/pkg-config
checking pkg-config is at least version 0.9.0... yes
checking for cpputest >= 4... no
checking for valgrind/valgrind.h... no
checking for linux/can.h... yes
checking for linux/can/error.h... yes
checking for bluetooth/bluetooth.h... no
checking for bluetooth/rfcomm.h... no
checking for library containing str2ba... no
checking for ifaddrs.h... yes
checking for linux/can/netlink.h... yes
checking for linux/can/raw.h... yes
checking for linux/rtnetlink.h... yes
checking for sys/epoll.h... yes
checking for sys/ioctl.h... yes
checking for a Python interpreter with version >= 3.3... python3
checking for python3... /usr/bin/python3
checking for python3 version... 3.12
checking for python3 platform... linux
checking for GNU default python3 prefix... ${prefix}
checking for GNU default python3 exec_prefix... ${exec_prefix}
checking for python3 script directory (pythondir)... ${PYTHON_PREFIX}/lib/python3.12/site-packages
checking for python3 extension module directory (pyexecdir)... ${PYTHON_EXEC_PREFIX}/lib/python3.12/site-packages
checking for gawk... (cached) gawk
checking that generated files are newer than configure... done
configure: creating ./config.status
config.status: creating doc/Doxyfile
config.status: creating doc/Makefile
config.status: creating include/Makefile
config.status: creating pkgconfig/liblely-can.pc
config.status: creating pkgconfig/liblely-co.pc
config.status: creating pkgconfig/liblely-coapp.pc
config.status: creating pkgconfig/liblely-ev.pc
config.status: creating pkgconfig/liblely-io.pc
config.status: creating pkgconfig/liblely-io2.pc
config.status: creating pkgconfig/liblely-libc.pc
config.status: creating pkgconfig/liblely-libc_rt.pc
config.status: creating pkgconfig/liblely-tap.pc
config.status: creating pkgconfig/liblely-util.pc
config.status: creating pkgconfig/Makefile
config.status: creating python/can/Makefile
config.status: creating python/dcf-tools/Makefile
config.status: creating python/io/Makefile
config.status: creating python/Makefile
config.status: creating src/can/Makefile
config.status: creating src/co/Makefile
config.status: creating src/co/version.rc
config.status: creating src/coapp/Makefile
config.status: creating src/coapp/version.rc
config.status: creating src/ev/Makefile
config.status: creating src/ev/version.rc
config.status: creating src/io/Makefile
config.status: creating src/io2/Makefile
config.status: creating src/io2/version.rc
config.status: creating src/libc/Makefile
config.status: creating src/libc/version.rc
config.status: creating src/tap/Makefile
config.status: creating src/tap/version.rc
config.status: creating src/util/Makefile
config.status: creating src/util/version.rc
config.status: creating src/Makefile
config.status: creating tools/Makefile
config.status: creating tools/version.dcf2c.rc
config.status: creating test/co-nmt-master.dcf
config.status: creating test/Makefile
config.status: creating unit-tests/Makefile
config.status: creating exec-wrapper.sh
config.status: creating lcov-wrapper.sh
config.status: creating Makefile
config.status: creating config.h
config.status: config.h is unchanged
config.status: executing depfiles commands
config.status: executing libtool commands
[ 50%] Performing build step for 'upstr_lely_core_libraries'
config.status: creating config.h
config.status: config.h is unchanged
Making all in doc
Making all in include
Making all in src
Making all in libc
Making all in tap
Making all in util
Making all in can
Making all in co
Making all in io
Making all in ev
Making all in io2
Making all in coapp
Making all in python
Making all in dcf-tools
Making all in pkgconfig
[ 62%] No install step for 'upstr_lely_core_libraries'
[ 75%] Completed 'upstr_lely_core_libraries'
[100%] Built target upstr_lely_core_libraries
-- Install configuration: ""
Making install in doc
gmake[1]: Entering directory '/home/gsylvia/agrobot-reverse-engineering/Agrobot/build/lely_core_libraries/build/doc'
gmake[2]: Entering directory '/home/gsylvia/agrobot-reverse-engineering/Agrobot/build/lely_core_libraries/build/doc'
gmake[2]: Nothing to be done for 'install-exec-am'.
gmake[2]: Nothing to be done for 'install-data-am'.
gmake[2]: Leaving directory '/home/gsylvia/agrobot-reverse-engineering/Agrobot/build/lely_core_libraries/build/doc'
gmake[1]: Leaving directory '/home/gsylvia/agrobot-reverse-engineering/Agrobot/build/lely_core_libraries/build/doc'
Making install in include
gmake[1]: Entering directory '/home/gsylvia/agrobot-reverse-engineering/Agrobot/build/lely_core_libraries/build/include'
gmake[2]: Entering directory '/home/gsylvia/agrobot-reverse-engineering/Agrobot/build/lely_core_libraries/build/include'
gmake[2]: Nothing to be done for 'install-exec-am'.
 /usr/bin/mkdir -p '/home/gsylvia/agrobot-reverse-engineering/Agrobot/install/lely_core_libraries/include'
 /usr/bin/mkdir -p '/home/gsylvia/agrobot-reverse-engineering/Agrobot/install/lely_core_libraries/include/lely/co'
 /usr/bin/install -c -m 644  /home/gsylvia/agrobot-reverse-engineering/Agrobot/build/lely_core_libraries/upstream/include/lely/co/co.h /home/gsylvia/agrobot-reverse-engineering/Agrobot/build/lely_core_libraries/upstream/include/lely/co/crc.h /home/gsylvia/agrobot-reverse-engineering/Agrobot/build/lely_core_libraries/upstream/include/lely/co/csdo.h /home/gsylvia/agrobot-reverse-engineering/Agrobot/build/lely_core_libraries/upstream/include/lely/co/csdo.hpp /home/gsylvia/agrobot-reverse-engineering/Agrobot/build/lely_core_libraries/upstream/include/lely/co/dcf.h /home/gsylvia/agrobot-reverse-engineering/Agrobot/build/lely_core_libraries/upstream/include/lely/co/dcf.hpp /home/gsylvia/agrobot-reverse-engineering/Agrobot/build/lely_core_libraries/upstream/include/lely/co/dev.h /home/gsylvia/agrobot-reverse-engineering/Agrobot/build/lely_core_libraries/upstream/include/lely/co/dev.hpp /home/gsylvia/agrobot-reverse-engineering/Agrobot/build/lely_core_libraries/upstream/include/lely/co/emcy.h /home/gsylvia/agrobot-reverse-engineering/Agrobot/build/lely_core_libraries/upstream/include/lely/co/emcy.hpp /home/gsylvia/agrobot-reverse-engineering/Agrobot/build/lely_core_libraries/upstream/include/lely/co/gw.h /home/gsylvia/agrobot-reverse-engineering/Agrobot/build/lely_core_libraries/upstream/include/lely/co/gw.hpp /home/gsylvia/agrobot-reverse-engineering/Agrobot/build/lely_core_libraries/upstream/include/lely/co/gw_txt.h /home/gsylvia/agrobot-reverse-engineering/Agrobot/build/lely_core_libraries/upstream/include/lely/co/gw_txt.hpp /home/gsylvia/agrobot-reverse-engineering/Agrobot/build/lely_core_libraries/upstream/include/lely/co/lss.h /home/gsylvia/agrobot-reverse-engineering/Agrobot/build/lely_core_libraries/upstream/include/lely/co/lss.hpp /home/gsylvia/agrobot-reverse-engineering/Agrobot/build/lely_core_libraries/upstream/include/lely/co/nmt.h /home/gsylvia/agrobot-reverse-engineering/Agrobot/build/lely_core_libraries/upstream/include/lely/co/nmt.hpp /home/gsylvia/agrobot-reverse-engineering/Agrobot/build/lely_core_libraries/upstream/include/lely/co/obj.h /home/gsylvia/agrobot-reverse-engineering/Agrobot/build/lely_core_libraries/upstream/include/lely/co/obj.hpp /home/gsylvia/agrobot-reverse-engineering/Agrobot/build/lely_core_libraries/upstream/include/lely/co/pdo.h /home/gsylvia/agrobot-reverse-engineering/Agrobot/build/lely_core_libraries/upstream/include/lely/co/rpdo.h /home/gsylvia/agrobot-reverse-engineering/Agrobot/build/lely_core_libraries/upstream/include/lely/co/rpdo.hpp /home/gsylvia/agrobot-reverse-engineering/Agrobot/build/lely_core_libraries/upstream/include/lely/co/sdev.h /home/gsylvia/agrobot-reverse-engineering/Agrobot/build/lely_core_libraries/upstream/include/lely/co/sdev.hpp /home/gsylvia/agrobot-reverse-engineering/Agrobot/build/lely_core_libraries/upstream/include/lely/co/sdo.h /home/gsylvia/agrobot-reverse-engineering/Agrobot/build/lely_core_libraries/upstream/include/lely/co/ssdo.h /home/gsylvia/agrobot-reverse-engineering/Agrobot/build/lely_core_libraries/upstream/include/lely/co/ssdo.hpp /home/gsylvia/agrobot-reverse-engineering/Agrobot/build/lely_core_libraries/upstream/include/lely/co/sync.h /home/gsylvia/agrobot-reverse-engineering/Agrobot/build/lely_core_libraries/upstream/include/lely/co/sync.hpp /home/gsylvia/agrobot-reverse-engineering/Agrobot/build/lely_core_libraries/upstream/include/lely/co/time.h /home/gsylvia/agrobot-reverse-engineering/Agrobot/build/lely_core_libraries/upstream/include/lely/co/time.hpp /home/gsylvia/agrobot-reverse-engineering/Agrobot/build/lely_core_libraries/upstream/include/lely/co/tpdo.h /home/gsylvia/agrobot-reverse-engineering/Agrobot/build/lely_core_libraries/upstream/include/lely/co/tpdo.hpp /home/gsylvia/agrobot-reverse-engineering/Agrobot/build/lely_core_libraries/upstream/include/lely/co/type.h /home/gsylvia/agrobot-reverse-engineering/Agrobot/build/lely_core_libraries/upstream/include/lely/co/type.hpp /home/gsylvia/agrobot-reverse-engineering/Agrobot/build/lely_core_libraries/upstream/include/lely/co/val.h /home/gsylvia/agrobot-reverse-engineering/Agrobot/build/lely_core_libraries/upstream/include/lely/co/val.hpp /home/gsylvia/agrobot-reverse-engineering/Agrobot/build/lely_core_libraries/upstream/include/lely/co/wtm.h /home/gsylvia/agrobot-reverse-engineering/Agrobot/build/lely_core_libraries/upstream/include/lely/co/wtm.hpp '/home/gsylvia/agrobot-reverse-engineering/Agrobot/install/lely_core_libraries/include/lely/co'
 /usr/bin/mkdir -p '/home/gsylvia/agrobot-reverse-engineering/Agrobot/install/lely_core_libraries/include/lely/libc'
 /usr/bin/install -c -m 644  /home/gsylvia/agrobot-reverse-engineering/Agrobot/build/lely_core_libraries/upstream/include/lely/libc/chrono.hpp /home/gsylvia/agrobot-reverse-engineering/Agrobot/build/lely_core_libraries/upstream/include/lely/libc/functional.hpp /home/gsylvia/agrobot-reverse-engineering/Agrobot/build/lely_core_libraries/upstream/include/lely/libc/stdatomic.h /home/gsylvia/agrobot-reverse-engineering/Agrobot/build/lely_core_libraries/upstream/include/lely/libc/stddef.h /home/gsylvia/agrobot-reverse-engineering/Agrobot/build/lely_core_libraries/upstream/include/lely/libc/stdint.h /home/gsylvia/agrobot-reverse-engineering/Agrobot/build/lely_core_libraries/upstream/include/lely/libc/stdio.h /home/gsylvia/agrobot-reverse-engineering/Agrobot/build/lely_core_libraries/upstream/include/lely/libc/stdlib.h /home/gsylvia/agrobot-reverse-engineering/Agrobot/build/lely_core_libraries/upstream/include/lely/libc/string.h /home/gsylvia/agrobot-reverse-engineering/Agrobot/build/lely_core_libraries/upstream/include/lely/libc/strings.h /home/gsylvia/agrobot-reverse-engineering/Agrobot/build/lely_core_libraries/upstream/include/lely/libc/threads.h /home/gsylvia/agrobot-reverse-engineering/Agrobot/build/lely_core_libraries/upstream/include/lely/libc/time.h /home/gsylvia/agrobot-reverse-engineering/Agrobot/build/lely_core_libraries/upstream/include/lely/libc/type_traits.hpp /home/gsylvia/agrobot-reverse-engineering/Agrobot/build/lely_core_libraries/upstream/include/lely/libc/uchar.h /home/gsylvia/agrobot-reverse-engineering/Agrobot/build/lely_core_libraries/upstream/include/lely/libc/unistd.h /home/gsylvia/agrobot-reverse-engineering/Agrobot/build/lely_core_libraries/upstream/include/lely/libc/utility.hpp '/home/gsylvia/agrobot-reverse-engineering/Agrobot/install/lely_core_libraries/include/lely/libc'
 /usr/bin/mkdir -p '/home/gsylvia/agrobot-reverse-engineering/Agrobot/install/lely_core_libraries/include/lely/ev'
 /usr/bin/install -c -m 644  /home/gsylvia/agrobot-reverse-engineering/Agrobot/build/lely_core_libraries/upstream/include/lely/ev/co_task.hpp /home/gsylvia/agrobot-reverse-engineering/Agrobot/build/lely_core_libraries/upstream/include/lely/ev/ev.h /home/gsylvia/agrobot-reverse-engineering/Agrobot/build/lely_core_libraries/upstream/include/lely/ev/exec.h /home/gsylvia/agrobot-reverse-engineering/Agrobot/build/lely_core_libraries/upstream/include/lely/ev/exec.hpp /home/gsylvia/agrobot-reverse-engineering/Agrobot/build/lely_core_libraries/upstream/include/lely/ev/fiber_exec.h /home/gsylvia/agrobot-reverse-engineering/Agrobot/build/lely_core_libraries/upstream/include/lely/ev/fiber_exec.hpp /home/gsylvia/agrobot-reverse-engineering/Agrobot/build/lely_core_libraries/upstream/include/lely/ev/future.h /home/gsylvia/agrobot-reverse-engineering/Agrobot/build/lely_core_libraries/upstream/include/lely/ev/future.hpp /home/gsylvia/agrobot-reverse-engineering/Agrobot/build/lely_core_libraries/upstream/include/lely/ev/loop.h /home/gsylvia/agrobot-reverse-engineering/Agrobot/build/lely_core_libraries/upstream/include/lely/ev/loop.hpp /home/gsylvia/agrobot-reverse-engineering/Agrobot/build/lely_core_libraries/upstream/include/lely/ev/poll.h /home/gsylvia/agrobot-reverse-engineering/Agrobot/build/lely_core_libraries/upstream/include/lely/ev/poll.hpp /home/gsylvia/agrobot-reverse-engineering/Agrobot/build/lely_core_libraries/upstream/include/lely/ev/std_exec.h /home/gsylvia/agrobot-reverse-engineering/Agrobot/build/lely_core_libraries/upstream/include/lely/ev/strand.h /home/gsylvia/agrobot-reverse-engineering/Agrobot/build/lely_core_libraries/upstream/include/lely/ev/strand.hpp /home/gsylvia/agrobot-reverse-engineering/Agrobot/build/lely_core_libraries/upstream/include/lely/ev/task.h /home/gsylvia/agrobot-reverse-engineering/Agrobot/build/lely_core_libraries/upstream/include/lely/ev/task.hpp /home/gsylvia/agrobot-reverse-engineering/Agrobot/build/lely_core_libraries/upstream/include/lely/ev/thrd_loop.h /home/gsylvia/agrobot-reverse-engineering/Agrobot/build/lely_core_libraries/upstream/include/lely/ev/thrd_loop.hpp '/home/gsylvia/agrobot-reverse-engineering/Agrobot/install/lely_core_libraries/include/lely/ev'
 /usr/bin/mkdir -p '/home/gsylvia/agrobot-reverse-engineering/Agrobot/install/lely_core_libraries/include/lely/coapp'
 /usr/bin/install -c -m 644  /home/gsylvia/agrobot-reverse-engineering/Agrobot/build/lely_core_libraries/upstream/include/lely/coapp/type_traits.hpp /home/gsylvia/agrobot-reverse-engineering/Agrobot/build/lely_core_libraries/upstream/include/lely/coapp/device.hpp /home/gsylvia/agrobot-reverse-engineering/Agrobot/build/lely_core_libraries/upstream/include/lely/coapp/driver.hpp /home/gsylvia/agrobot-reverse-engineering/Agrobot/build/lely_core_libraries/upstream/include/lely/coapp/fiber_driver.hpp /home/gsylvia/agrobot-reverse-engineering/Agrobot/build/lely_core_libraries/upstream/include/lely/coapp/logical_driver.hpp /home/gsylvia/agrobot-reverse-engineering/Agrobot/build/lely_core_libraries/upstream/include/lely/coapp/loop_driver.hpp /home/gsylvia/agrobot-reverse-engineering/Agrobot/build/lely_core_libraries/upstream/include/lely/coapp/lss_master.hpp /home/gsylvia/agrobot-reverse-engineering/Agrobot/build/lely_core_libraries/upstream/include/lely/coapp/master.hpp /home/gsylvia/agrobot-reverse-engineering/Agrobot/build/lely_core_libraries/upstream/include/lely/coapp/node.hpp /home/gsylvia/agrobot-reverse-engineering/Agrobot/build/lely_core_libraries/upstream/include/lely/coapp/sdo.hpp /home/gsylvia/agrobot-reverse-engineering/Agrobot/build/lely_core_libraries/upstream/include/lely/coapp/sdo_error.hpp /home/gsylvia/agrobot-reverse-engineering/Agrobot/build/lely_core_libraries/upstream/include/lely/coapp/slave.hpp '/home/gsylvia/agrobot-reverse-engineering/Agrobot/install/lely_core_libraries/include/lely/coapp'
 /usr/bin/mkdir -p '/home/gsylvia/agrobot-reverse-engineering/Agrobot/install/lely_core_libraries/include/lely/can'
 /usr/bin/install -c -m 644  /home/gsylvia/agrobot-reverse-engineering/Agrobot/build/lely_core_libraries/upstream/include/lely/can/buf.h /home/gsylvia/agrobot-reverse-engineering/Agrobot/build/lely_core_libraries/upstream/include/lely/can/buf.hpp /home/gsylvia/agrobot-reverse-engineering/Agrobot/build/lely_core_libraries/upstream/include/lely/can/err.h /home/gsylvia/agrobot-reverse-engineering/Agrobot/build/lely_core_libraries/upstream/include/lely/can/msg.h /home/gsylvia/agrobot-reverse-engineering/Agrobot/build/lely_core_libraries/upstream/include/lely/can/net.h /home/gsylvia/agrobot-reverse-engineering/Agrobot/build/lely_core_libraries/upstream/include/lely/can/net.hpp /home/gsylvia/agrobot-reverse-engineering/Agrobot/build/lely_core_libraries/upstream/include/lely/can/socket.h '/home/gsylvia/agrobot-reverse-engineering/Agrobot/install/lely_core_libraries/include/lely/can'
 /usr/bin/mkdir -p '/home/gsylvia/agrobot-reverse-engineering/Agrobot/install/lely_core_libraries/include/lely/io2/linux'
 /usr/bin/install -c -m 644  /home/gsylvia/agrobot-reverse-engineering/Agrobot/build/lely_core_libraries/upstream/include/lely/io2/linux/can.h /home/gsylvia/agrobot-reverse-engineering/Agrobot/build/lely_core_libraries/upstream/include/lely/io2/linux/can.hpp '/home/gsylvia/agrobot-reverse-engineering/Agrobot/install/lely_core_libraries/include/lely/io2/linux'
 /usr/bin/mkdir -p '/home/gsylvia/agrobot-reverse-engineering/Agrobot/install/lely_core_libraries/include/lely/io2/sys'
 /usr/bin/install -c -m 644  /home/gsylvia/agrobot-reverse-engineering/Agrobot/build/lely_core_libraries/upstream/include/lely/io2/sys/clock.h /home/gsylvia/agrobot-reverse-engineering/Agrobot/build/lely_core_libraries/upstream/include/lely/io2/sys/clock.hpp /home/gsylvia/agrobot-reverse-engineering/Agrobot/build/lely_core_libraries/upstream/include/lely/io2/sys/io.h /home/gsylvia/agrobot-reverse-engineering/Agrobot/build/lely_core_libraries/upstream/include/lely/io2/sys/io.hpp /home/gsylvia/agrobot-reverse-engineering/Agrobot/build/lely_core_libraries/upstream/include/lely/io2/sys/sigset.h /home/gsylvia/agrobot-reverse-engineering/Agrobot/build/lely_core_libraries/upstream/include/lely/io2/sys/sigset.hpp /home/gsylvia/agrobot-reverse-engineering/Agrobot/build/lely_core_libraries/upstream/include/lely/io2/sys/timer.h /home/gsylvia/agrobot-reverse-engineering/Agrobot/build/lely_core_libraries/upstream/include/lely/io2/sys/timer.hpp '/home/gsylvia/agrobot-reverse-engineering/Agrobot/install/lely_core_libraries/include/lely/io2/sys'
 /usr/bin/mkdir -p '/home/gsylvia/agrobot-reverse-engineering/Agrobot/install/lely_core_libraries/include/lely/util'
 /usr/bin/install -c -m 644  /home/gsylvia/agrobot-reverse-engineering/Agrobot/build/lely_core_libraries/upstream/include/lely/util/bimap.h /home/gsylvia/agrobot-reverse-engineering/Agrobot/build/lely_core_libraries/upstream/include/lely/util/coroutine.h /home/gsylvia/agrobot-reverse-engineering/Agrobot/build/lely_core_libraries/upstream/include/lely/util/coroutine.hpp /home/gsylvia/agrobot-reverse-engineering/Agrobot/build/lely_core_libraries/upstream/include/lely/util/mkjmp.h /home/gsylvia/agrobot-reverse-engineering/Agrobot/build/lely_core_libraries/upstream/include/lely/util/sllist.h /home/gsylvia/agrobot-reverse-engineering/Agrobot/build/lely_core_libraries/upstream/include/lely/util/spscring.h /home/gsylvia/agrobot-reverse-engineering/Agrobot/build/lely_core_libraries/upstream/include/lely/util/bits.h /home/gsylvia/agrobot-reverse-engineering/Agrobot/build/lely_core_libraries/upstream/include/lely/util/bitset.h /home/gsylvia/agrobot-reverse-engineering/Agrobot/build/lely_core_libraries/upstream/include/lely/util/c_call.hpp /home/gsylvia/agrobot-reverse-engineering/Agrobot/build/lely_core_libraries/upstream/include/lely/util/c_type.hpp /home/gsylvia/agrobot-reverse-engineering/Agrobot/build/lely_core_libraries/upstream/include/lely/util/chrono.hpp /home/gsylvia/agrobot-reverse-engineering/Agrobot/build/lely_core_libraries/upstream/include/lely/util/cmp.h /home/gsylvia/agrobot-reverse-engineering/Agrobot/build/lely_core_libraries/upstream/include/lely/util/config.h /home/gsylvia/agrobot-reverse-engineering/Agrobot/build/lely_core_libraries/upstream/include/lely/util/daemon.h /home/gsylvia/agrobot-reverse-engineering/Agrobot/build/lely_core_libraries/upstream/include/lely/util/diag.h /home/gsylvia/agrobot-reverse-engineering/Agrobot/build/lely_core_libraries/upstream/include/lely/util/dllist.h /home/gsylvia/agrobot-reverse-engineering/Agrobot/build/lely_core_libraries/upstream/include/lely/util/endian.h /home/gsylvia/agrobot-reverse-engineering/Agrobot/build/lely_core_libraries/upstream/include/lely/util/errnum.h /home/gsylvia/agrobot-reverse-engineering/Agrobot/build/lely_core_libraries/upstream/include/lely/util/error.hpp /home/gsylvia/agrobot-reverse-engineering/Agrobot/build/lely_core_libraries/upstream/include/lely/util/exception.hpp /home/gsylvia/agrobot-reverse-engineering/Agrobot/build/lely_core_libraries/upstream/include/lely/util/fiber.h /home/gsylvia/agrobot-reverse-engineering/Agrobot/build/lely_core_libraries/upstream/include/lely/util/fiber.hpp /home/gsylvia/agrobot-reverse-engineering/Agrobot/build/lely_core_libraries/upstream/include/lely/util/float.h /home/gsylvia/agrobot-reverse-engineering/Agrobot/build/lely_core_libraries/upstream/include/lely/util/frbuf.h /home/gsylvia/agrobot-reverse-engineering/Agrobot/build/lely_core_libraries/upstream/include/lely/util/fwbuf.h /home/gsylvia/agrobot-reverse-engineering/Agrobot/build/lely_core_libraries/upstream/include/lely/util/invoker.hpp /home/gsylvia/agrobot-reverse-engineering/Agrobot/build/lely_core_libraries/upstream/include/lely/util/lex.h /home/gsylvia/agrobot-reverse-engineering/Agrobot/build/lely_core_libraries/upstream/include/lely/util/membuf.h /home/gsylvia/agrobot-reverse-engineering/Agrobot/build/lely_core_libraries/upstream/include/lely/util/mutex.hpp /home/gsylvia/agrobot-reverse-engineering/Agrobot/build/lely_core_libraries/upstream/include/lely/util/pheap.h /home/gsylvia/agrobot-reverse-engineering/Agrobot/build/lely_core_libraries/upstream/include/lely/util/print.h /home/gsylvia/agrobot-reverse-engineering/Agrobot/build/lely_core_libraries/upstream/include/lely/util/rbtree.h /home/gsylvia/agrobot-reverse-engineering/Agrobot/build/lely_core_libraries/upstream/include/lely/util/result.hpp /home/gsylvia/agrobot-reverse-engineering/Agrobot/build/lely_core_libraries/upstream/include/lely/util/stop.h /home/gsylvia/agrobot-reverse-engineering/Agrobot/build/lely_core_libraries/upstream/include/lely/util/stop.hpp /home/gsylvia/agrobot-reverse-engineering/Agrobot/build/lely_core_libraries/upstream/include/lely/util/time.h /home/gsylvia/agrobot-reverse-engineering/Agrobot/build/lely_core_libraries/upstream/include/lely/util/ustring.h /home/gsylvia/agrobot-reverse-engineering/Agrobot/build/lely_core_libraries/upstream/include/lely/util/util.h '/home/gsylvia/agrobot-reverse-engineering/Agrobot/install/lely_core_libraries/include/lely/util'
 /usr/bin/mkdir -p '/home/gsylvia/agrobot-reverse-engineering/Agrobot/install/lely_core_libraries/include/lely/co/detail'
 /usr/bin/install -c -m 644  /home/gsylvia/agrobot-reverse-engineering/Agrobot/build/lely_core_libraries/upstream/include/lely/co/detail/dev.h /home/gsylvia/agrobot-reverse-engineering/Agrobot/build/lely_core_libraries/upstream/include/lely/co/detail/obj.h '/home/gsylvia/agrobot-reverse-engineering/Agrobot/install/lely_core_libraries/include/lely/co/detail'
 /usr/bin/mkdir -p '/home/gsylvia/agrobot-reverse-engineering/Agrobot/install/lely_core_libraries/include/lely/io2/posix'
 /usr/bin/install -c -m 644  /home/gsylvia/agrobot-reverse-engineering/Agrobot/build/lely_core_libraries/upstream/include/lely/io2/posix/poll.h /home/gsylvia/agrobot-reverse-engineering/Agrobot/build/lely_core_libraries/upstream/include/lely/io2/posix/poll.hpp '/home/gsylvia/agrobot-reverse-engineering/Agrobot/install/lely_core_libraries/include/lely/io2/posix'
 /usr/bin/mkdir -p '/home/gsylvia/agrobot-reverse-engineering/Agrobot/install/lely_core_libraries/include/lely/util/def'
 /usr/bin/install -c -m 644  /home/gsylvia/agrobot-reverse-engineering/Agrobot/build/lely_core_libraries/upstream/include/lely/util/def/type.def '/home/gsylvia/agrobot-reverse-engineering/Agrobot/install/lely_core_libraries/include/lely/util/def'
 /usr/bin/mkdir -p '/home/gsylvia/agrobot-reverse-engineering/Agrobot/install/lely_core_libraries/include/lely/io2/user'
 /usr/bin/install -c -m 644  /home/gsylvia/agrobot-reverse-engineering/Agrobot/build/lely_core_libraries/upstream/include/lely/io2/user/can.h /home/gsylvia/agrobot-reverse-engineering/Agrobot/build/lely_core_libraries/upstream/include/lely/io2/user/can.hpp /home/gsylvia/agrobot-reverse-engineering/Agrobot/build/lely_core_libraries/upstream/include/lely/io2/user/timer.h /home/gsylvia/agrobot-reverse-engineering/Agrobot/build/lely_core_libraries/upstream/include/lely/io2/user/timer.hpp '/home/gsylvia/agrobot-reverse-engineering/Agrobot/install/lely_core_libraries/include/lely/io2/user'
 /usr/bin/mkdir -p '/home/gsylvia/agrobot-reverse-engineering/Agrobot/install/lely_core_libraries/include/lely/io2/can'
 /usr/bin/install -c -m 644  /home/gsylvia/agrobot-reverse-engineering/Agrobot/build/lely_core_libraries/upstream/include/lely/io2/can/err.h /home/gsylvia/agrobot-reverse-engineering/Agrobot/build/lely_core_libraries/upstream/include/lely/io2/can/err.hpp /home/gsylvia/agrobot-reverse-engineering/Agrobot/build/lely_core_libraries/upstream/include/lely/io2/can/msg.h /home/gsylvia/agrobot-reverse-engineering/Agrobot/build/lely_core_libraries/upstream/include/lely/io2/can/msg.hpp '/home/gsylvia/agrobot-reverse-engineering/Agrobot/install/lely_core_libraries/include/lely/io2/can'
 /usr/bin/mkdir -p '/home/gsylvia/agrobot-reverse-engineering/Agrobot/install/lely_core_libraries/include/lely/co/def'
 /usr/bin/install -c -m 644  /home/gsylvia/agrobot-reverse-engineering/Agrobot/build/lely_core_libraries/upstream/include/lely/co/def/array.def /home/gsylvia/agrobot-reverse-engineering/Agrobot/build/lely_core_libraries/upstream/include/lely/co/def/basic.def /home/gsylvia/agrobot-reverse-engineering/Agrobot/build/lely_core_libraries/upstream/include/lely/co/def/cxx.def /home/gsylvia/agrobot-reverse-engineering/Agrobot/build/lely_core_libraries/upstream/include/lely/co/def/time.def /home/gsylvia/agrobot-reverse-engineering/Agrobot/build/lely_core_libraries/upstream/include/lely/co/def/type.def '/home/gsylvia/agrobot-reverse-engineering/Agrobot/install/lely_core_libraries/include/lely/co/def'
 /usr/bin/mkdir -p '/home/gsylvia/agrobot-reverse-engineering/Agrobot/install/lely_core_libraries/include/lely/io'
 /usr/bin/install -c -m 644  /home/gsylvia/agrobot-reverse-engineering/Agrobot/build/lely_core_libraries/upstream/include/lely/io/addr.h /home/gsylvia/agrobot-reverse-engineering/Agrobot/build/lely_core_libraries/upstream/include/lely/io/attr.h /home/gsylvia/agrobot-reverse-engineering/Agrobot/build/lely_core_libraries/upstream/include/lely/io/can.h /home/gsylvia/agrobot-reverse-engineering/Agrobot/build/lely_core_libraries/upstream/include/lely/io/can.hpp /home/gsylvia/agrobot-reverse-engineering/Agrobot/build/lely_core_libraries/upstream/include/lely/io/file.h /home/gsylvia/agrobot-reverse-engineering/Agrobot/build/lely_core_libraries/upstream/include/lely/io/file.hpp /home/gsylvia/agrobot-reverse-engineering/Agrobot/build/lely_core_libraries/upstream/include/lely/io/if.h /home/gsylvia/agrobot-reverse-engineering/Agrobot/build/lely_core_libraries/upstream/include/lely/io/io.h /home/gsylvia/agrobot-reverse-engineering/Agrobot/build/lely_core_libraries/upstream/include/lely/io/io.hpp /home/gsylvia/agrobot-reverse-engineering/Agrobot/build/lely_core_libraries/upstream/include/lely/io/pipe.h /home/gsylvia/agrobot-reverse-engineering/Agrobot/build/lely_core_libraries/upstream/include/lely/io/pipe.hpp /home/gsylvia/agrobot-reverse-engineering/Agrobot/build/lely_core_libraries/upstream/include/lely/io/poll.h /home/gsylvia/agrobot-reverse-engineering/Agrobot/build/lely_core_libraries/upstream/include/lely/io/poll.hpp /home/gsylvia/agrobot-reverse-engineering/Agrobot/build/lely_core_libraries/upstream/include/lely/io/serial.h /home/gsylvia/agrobot-reverse-engineering/Agrobot/build/lely_core_libraries/upstream/include/lely/io/serial.hpp /home/gsylvia/agrobot-reverse-engineering/Agrobot/build/lely_core_libraries/upstream/include/lely/io/sock.h /home/gsylvia/agrobot-reverse-engineering/Agrobot/build/lely_core_libraries/upstream/include/lely/io/sock.hpp '/home/gsylvia/agrobot-reverse-engineering/Agrobot/install/lely_core_libraries/include/lely/io'
 /usr/bin/mkdir -p '/home/gsylvia/agrobot-reverse-engineering/Agrobot/install/lely_core_libraries/include/lely/tap'
 /usr/bin/install -c -m 644  /home/gsylvia/agrobot-reverse-engineering/Agrobot/build/lely_core_libraries/upstream/include/lely/tap/tap.h '/home/gsylvia/agrobot-reverse-engineering/Agrobot/install/lely_core_libraries/include/lely/tap'
 /usr/bin/mkdir -p '/home/gsylvia/agrobot-reverse-engineering/Agrobot/install/lely_core_libraries/include/lely/libc/sys'
 /usr/bin/install -c -m 644  /home/gsylvia/agrobot-reverse-engineering/Agrobot/build/lely_core_libraries/upstream/include/lely/libc/sys/types.h '/home/gsylvia/agrobot-reverse-engineering/Agrobot/install/lely_core_libraries/include/lely/libc/sys'
 /usr/bin/mkdir -p '/home/gsylvia/agrobot-reverse-engineering/Agrobot/install/lely_core_libraries/include/lely/io2'
 /usr/bin/install -c -m 644  /home/gsylvia/agrobot-reverse-engineering/Agrobot/build/lely_core_libraries/upstream/include/lely/io2/can.h /home/gsylvia/agrobot-reverse-engineering/Agrobot/build/lely_core_libraries/upstream/include/lely/io2/can.hpp /home/gsylvia/agrobot-reverse-engineering/Agrobot/build/lely_core_libraries/upstream/include/lely/io2/can_net.h /home/gsylvia/agrobot-reverse-engineering/Agrobot/build/lely_core_libraries/upstream/include/lely/io2/can_net.hpp /home/gsylvia/agrobot-reverse-engineering/Agrobot/build/lely_core_libraries/upstream/include/lely/io2/can_rt.h /home/gsylvia/agrobot-reverse-engineering/Agrobot/build/lely_core_libraries/upstream/include/lely/io2/can_rt.hpp /home/gsylvia/agrobot-reverse-engineering/Agrobot/build/lely_core_libraries/upstream/include/lely/io2/clock.h /home/gsylvia/agrobot-reverse-engineering/Agrobot/build/lely_core_libraries/upstream/include/lely/io2/clock.hpp /home/gsylvia/agrobot-reverse-engineering/Agrobot/build/lely_core_libraries/upstream/include/lely/io2/co_can.hpp /home/gsylvia/agrobot-reverse-engineering/Agrobot/build/lely_core_libraries/upstream/include/lely/io2/co_can_rt.hpp /home/gsylvia/agrobot-reverse-engineering/Agrobot/build/lely_core_libraries/upstream/include/lely/io2/co_sigset.hpp /home/gsylvia/agrobot-reverse-engineering/Agrobot/build/lely_core_libraries/upstream/include/lely/io2/co_timer.hpp /home/gsylvia/agrobot-reverse-engineering/Agrobot/build/lely_core_libraries/upstream/include/lely/io2/co_tqueue.hpp /home/gsylvia/agrobot-reverse-engineering/Agrobot/build/lely_core_libraries/upstream/include/lely/io2/ctx.h /home/gsylvia/agrobot-reverse-engineering/Agrobot/build/lely_core_libraries/upstream/include/lely/io2/ctx.hpp /home/gsylvia/agrobot-reverse-engineering/Agrobot/build/lely_core_libraries/upstream/include/lely/io2/dev.h /home/gsylvia/agrobot-reverse-engineering/Agrobot/build/lely_core_libraries/upstream/include/lely/io2/dev.hpp /home/gsylvia/agrobot-reverse-engineering/Agrobot/build/lely_core_libraries/upstream/include/lely/io2/event.h /home/gsylvia/agrobot-reverse-engineering/Agrobot/build/lely_core_libraries/upstream/include/lely/io2/event.hpp /home/gsylvia/agrobot-reverse-engineering/Agrobot/build/lely_core_libraries/upstream/include/lely/io2/io2.h /home/gsylvia/agrobot-reverse-engineering/Agrobot/build/lely_core_libraries/upstream/include/lely/io2/sigset.h /home/gsylvia/agrobot-reverse-engineering/Agrobot/build/lely_core_libraries/upstream/include/lely/io2/sigset.hpp /home/gsylvia/agrobot-reverse-engineering/Agrobot/build/lely_core_libraries/upstream/include/lely/io2/timer.h /home/gsylvia/agrobot-reverse-engineering/Agrobot/build/lely_core_libraries/upstream/include/lely/io2/timer.hpp /home/gsylvia/agrobot-reverse-engineering/Agrobot/build/lely_core_libraries/upstream/include/lely/io2/tqueue.h /home/gsylvia/agrobot-reverse-engineering/Agrobot/build/lely_core_libraries/upstream/include/lely/io2/tqueue.hpp /home/gsylvia/agrobot-reverse-engineering/Agrobot/build/lely_core_libraries/upstream/include/lely/io2/vcan.h /home/gsylvia/agrobot-reverse-engineering/Agrobot/build/lely_core_libraries/upstream/include/lely/io2/vcan.hpp '/home/gsylvia/agrobot-reverse-engineering/Agrobot/install/lely_core_libraries/include/lely/io2'
 /usr/bin/mkdir -p '/home/gsylvia/agrobot-reverse-engineering/Agrobot/install/lely_core_libraries/include/lely'
 /usr/bin/install -c -m 644  /home/gsylvia/agrobot-reverse-engineering/Agrobot/build/lely_core_libraries/upstream/include/lely/features.h '/home/gsylvia/agrobot-reverse-engineering/Agrobot/install/lely_core_libraries/include/lely'
gmake[2]: Leaving directory '/home/gsylvia/agrobot-reverse-engineering/Agrobot/build/lely_core_libraries/build/include'
gmake[1]: Leaving directory '/home/gsylvia/agrobot-reverse-engineering/Agrobot/build/lely_core_libraries/build/include'
Making install in src
gmake[1]: Entering directory '/home/gsylvia/agrobot-reverse-engineering/Agrobot/build/lely_core_libraries/build/src'
Making install in libc
gmake[2]: Entering directory '/home/gsylvia/agrobot-reverse-engineering/Agrobot/build/lely_core_libraries/build/src/libc'
gmake[3]: Entering directory '/home/gsylvia/agrobot-reverse-engineering/Agrobot/build/lely_core_libraries/build/src/libc'
 /usr/bin/mkdir -p '/home/gsylvia/agrobot-reverse-engineering/Agrobot/install/lely_core_libraries/lib'
 /bin/bash ../../libtool   --mode=install /usr/bin/install -c   liblely-libc.la '/home/gsylvia/agrobot-reverse-engineering/Agrobot/install/lely_core_libraries/lib'
libtool: install: /usr/bin/install -c .libs/liblely-libc.so.2.4.0 /home/gsylvia/agrobot-reverse-engineering/Agrobot/install/lely_core_libraries/lib/liblely-libc.so.2.4.0
libtool: install: (cd /home/gsylvia/agrobot-reverse-engineering/Agrobot/install/lely_core_libraries/lib && { ln -s -f liblely-libc.so.2.4.0 liblely-libc.so.2 || { rm -f liblely-libc.so.2 && ln -s liblely-libc.so.2.4.0 liblely-libc.so.2; }; })
libtool: install: (cd /home/gsylvia/agrobot-reverse-engineering/Agrobot/install/lely_core_libraries/lib && { ln -s -f liblely-libc.so.2.4.0 liblely-libc.so || { rm -f liblely-libc.so && ln -s liblely-libc.so.2.4.0 liblely-libc.so; }; })
libtool: install: /usr/bin/install -c .libs/liblely-libc.lai /home/gsylvia/agrobot-reverse-engineering/Agrobot/install/lely_core_libraries/lib/liblely-libc.la
libtool: finish: PATH="/home/gsylvia/.local/bin:/home/gsylvia/.vscode-server/bin/7debcd0e2acdea1c52de81bf9ee1620444407dda/bin/remote-cli:/home/gsylvia/.local/bin:/home/gsylvia/.local/bin:/opt/ros/jazzy/opt/gz_msgs_vendor/bin:/opt/ros/jazzy/opt/gz_tools_vendor/bin:/opt/ros/jazzy/opt/gz_ogre_next_vendor/bin:/opt/ros/jazzy/bin:/usr/local/sbin:/usr/local/bin:/usr/sbin:/usr/bin:/sbin:/bin:/usr/games:/usr/local/games:/usr/lib/wsl/lib:/mnt/c/Windows/system32:/mnt/c/Windows:/mnt/c/Windows/System32/Wbem:/mnt/c/Windows/System32/WindowsPowerShell/v1.0/:/mnt/c/Windows/System32/OpenSSH/:/mnt/c/Program Files/NVIDIA Corporation/NVIDIA app/NvDLISR:/mnt/c/Program Files/dotnet/:/mnt/c/Program Files/MATLAB/R2025a/bin:/mnt/c/Program Files (x86)/Windows Kits/8.1/Windows Performance Toolkit/:/mnt/c/Program Files/Mullvad VPN/resources:/mnt/c/Users/grsga/AppData/Local/Programs/OpenAI/Codex/bin:/mnt/c/Users/grsga/AppData/Local/Programs/Python/Python312/Scripts/:/mnt/c/Users/grsga/AppData/Local/Programs/Python/Python312/:/mnt/c/Users/grsga/AppData/Local/Programs/Python/Launcher/:/mnt/c/Users/grsga/.cargo/bin:/mnt/c/Users/grsga/.local/bin:/mnt/c/Users/grsga/scoop/apps/mpv/current:/mnt/c/Users/grsga/scoop/shims:/mnt/c/Users/grsga/AppData/Local/Microsoft/WindowsApps:/mnt/c/Users/grsga/AppData/Local/Programs/Ollama:/mnt/c/Users/grsga/AppData/Local/Programs/Microsoft VS Code/bin:/mnt/c/Users/grsga/AppData/Local/Microsoft/WinGet/Packages/DenoLand.Deno_Microsoft.Winget.Source_8wekyb3d8bbwe:/mnt/c/Users/grsga/AppData/Local/Microsoft/WinGet/Packages/yt-dlp.FFmpeg_Microsoft.Winget.Source_8wekyb3d8bbwe/ffmpeg-N-124716-g054dffd133-win64-gpl/bin:/mnt/c/Users/grsga/AppData/Local/Microsoft/WinGet/Packages/yt-dlp.yt-dlp_Microsoft.Winget.Source_8wekyb3d8bbwe:/mnt/c/Program Files/qemu:/mnt/c/Users/grsga/AppData/Local/Microsoft/WinGet/Packages/BurntSushi.ripgrep.MSVC_Microsoft.Winget.Source_8wekyb3d8bbwe/ripgrep-15.2.0-x86_64-pc-windows-msvc:/mnt/c/Users/grsga/AppData/Local/Programs/Cua/cua-driver/bin:/snap/bin:/home/gsylvia/.lmstudio/bin:/home/gsylvia/.lmstudio/bin:/home/gsylvia/.lmstudio/bin:/sbin" ldconfig -n /home/gsylvia/agrobot-reverse-engineering/Agrobot/install/lely_core_libraries/lib
----------------------------------------------------------------------
Libraries have been installed in:
   /home/gsylvia/agrobot-reverse-engineering/Agrobot/install/lely_core_libraries/lib

If you ever happen to want to link against installed libraries
in a given directory, LIBDIR, you must either use libtool, and
specify the full pathname of the library, or use the '-LLIBDIR'
flag during linking and do at least one of the following:
   - add LIBDIR to the 'LD_LIBRARY_PATH' environment variable
     during execution
   - add LIBDIR to the 'LD_RUN_PATH' environment variable
     during linking
   - use the '-Wl,-rpath -Wl,LIBDIR' linker flag
   - have your system administrator add LIBDIR to '/etc/ld.so.conf'

See any operating system documentation about shared libraries for
more information, such as the ld(1) and ld.so(8) manual pages.
----------------------------------------------------------------------
gmake[3]: Leaving directory '/home/gsylvia/agrobot-reverse-engineering/Agrobot/build/lely_core_libraries/build/src/libc'
gmake[2]: Leaving directory '/home/gsylvia/agrobot-reverse-engineering/Agrobot/build/lely_core_libraries/build/src/libc'
Making install in tap
gmake[2]: Entering directory '/home/gsylvia/agrobot-reverse-engineering/Agrobot/build/lely_core_libraries/build/src/tap'
gmake[3]: Entering directory '/home/gsylvia/agrobot-reverse-engineering/Agrobot/build/lely_core_libraries/build/src/tap'
 /usr/bin/mkdir -p '/home/gsylvia/agrobot-reverse-engineering/Agrobot/install/lely_core_libraries/lib'
 /bin/bash ../../libtool   --mode=install /usr/bin/install -c   liblely-tap.la '/home/gsylvia/agrobot-reverse-engineering/Agrobot/install/lely_core_libraries/lib'
libtool: warning: relinking 'liblely-tap.la'
libtool: install: (cd /home/gsylvia/agrobot-reverse-engineering/Agrobot/build/lely_core_libraries/build/src/tap; /bin/bash "/home/gsylvia/agrobot-reverse-engineering/Agrobot/build/lely_core_libraries/build/libtool"  --silent --tag CC --mode=relink gcc -Wall -Wextra -pedantic -Werror -Wno-static-in-inline -pthread -g -O2 -no-undefined -version-number 2:4:0 -Wl,--as-needed -o liblely-tap.la -rpath /home/gsylvia/agrobot-reverse-engineering/Agrobot/install/lely_core_libraries/lib liblely_tap_la-tap.lo ../../src/libc/liblely-libc.la -lpthread )
libtool: install: /usr/bin/install -c .libs/liblely-tap.so.2.4.0T /home/gsylvia/agrobot-reverse-engineering/Agrobot/install/lely_core_libraries/lib/liblely-tap.so.2.4.0
libtool: install: (cd /home/gsylvia/agrobot-reverse-engineering/Agrobot/install/lely_core_libraries/lib && { ln -s -f liblely-tap.so.2.4.0 liblely-tap.so.2 || { rm -f liblely-tap.so.2 && ln -s liblely-tap.so.2.4.0 liblely-tap.so.2; }; })
libtool: install: (cd /home/gsylvia/agrobot-reverse-engineering/Agrobot/install/lely_core_libraries/lib && { ln -s -f liblely-tap.so.2.4.0 liblely-tap.so || { rm -f liblely-tap.so && ln -s liblely-tap.so.2.4.0 liblely-tap.so; }; })
libtool: install: /usr/bin/install -c .libs/liblely-tap.lai /home/gsylvia/agrobot-reverse-engineering/Agrobot/install/lely_core_libraries/lib/liblely-tap.la
libtool: finish: PATH="/home/gsylvia/.local/bin:/home/gsylvia/.vscode-server/bin/7debcd0e2acdea1c52de81bf9ee1620444407dda/bin/remote-cli:/home/gsylvia/.local/bin:/home/gsylvia/.local/bin:/opt/ros/jazzy/opt/gz_msgs_vendor/bin:/opt/ros/jazzy/opt/gz_tools_vendor/bin:/opt/ros/jazzy/opt/gz_ogre_next_vendor/bin:/opt/ros/jazzy/bin:/usr/local/sbin:/usr/local/bin:/usr/sbin:/usr/bin:/sbin:/bin:/usr/games:/usr/local/games:/usr/lib/wsl/lib:/mnt/c/Windows/system32:/mnt/c/Windows:/mnt/c/Windows/System32/Wbem:/mnt/c/Windows/System32/WindowsPowerShell/v1.0/:/mnt/c/Windows/System32/OpenSSH/:/mnt/c/Program Files/NVIDIA Corporation/NVIDIA app/NvDLISR:/mnt/c/Program Files/dotnet/:/mnt/c/Program Files/MATLAB/R2025a/bin:/mnt/c/Program Files (x86)/Windows Kits/8.1/Windows Performance Toolkit/:/mnt/c/Program Files/Mullvad VPN/resources:/mnt/c/Users/grsga/AppData/Local/Programs/OpenAI/Codex/bin:/mnt/c/Users/grsga/AppData/Local/Programs/Python/Python312/Scripts/:/mnt/c/Users/grsga/AppData/Local/Programs/Python/Python312/:/mnt/c/Users/grsga/AppData/Local/Programs/Python/Launcher/:/mnt/c/Users/grsga/.cargo/bin:/mnt/c/Users/grsga/.local/bin:/mnt/c/Users/grsga/scoop/apps/mpv/current:/mnt/c/Users/grsga/scoop/shims:/mnt/c/Users/grsga/AppData/Local/Microsoft/WindowsApps:/mnt/c/Users/grsga/AppData/Local/Programs/Ollama:/mnt/c/Users/grsga/AppData/Local/Programs/Microsoft VS Code/bin:/mnt/c/Users/grsga/AppData/Local/Microsoft/WinGet/Packages/DenoLand.Deno_Microsoft.Winget.Source_8wekyb3d8bbwe:/mnt/c/Users/grsga/AppData/Local/Microsoft/WinGet/Packages/yt-dlp.FFmpeg_Microsoft.Winget.Source_8wekyb3d8bbwe/ffmpeg-N-124716-g054dffd133-win64-gpl/bin:/mnt/c/Users/grsga/AppData/Local/Microsoft/WinGet/Packages/yt-dlp.yt-dlp_Microsoft.Winget.Source_8wekyb3d8bbwe:/mnt/c/Program Files/qemu:/mnt/c/Users/grsga/AppData/Local/Microsoft/WinGet/Packages/BurntSushi.ripgrep.MSVC_Microsoft.Winget.Source_8wekyb3d8bbwe/ripgrep-15.2.0-x86_64-pc-windows-msvc:/mnt/c/Users/grsga/AppData/Local/Programs/Cua/cua-driver/bin:/snap/bin:/home/gsylvia/.lmstudio/bin:/home/gsylvia/.lmstudio/bin:/home/gsylvia/.lmstudio/bin:/sbin" ldconfig -n /home/gsylvia/agrobot-reverse-engineering/Agrobot/install/lely_core_libraries/lib
----------------------------------------------------------------------
Libraries have been installed in:
   /home/gsylvia/agrobot-reverse-engineering/Agrobot/install/lely_core_libraries/lib

If you ever happen to want to link against installed libraries
in a given directory, LIBDIR, you must either use libtool, and
specify the full pathname of the library, or use the '-LLIBDIR'
flag during linking and do at least one of the following:
   - add LIBDIR to the 'LD_LIBRARY_PATH' environment variable
     during execution
   - add LIBDIR to the 'LD_RUN_PATH' environment variable
     during linking
   - use the '-Wl,-rpath -Wl,LIBDIR' linker flag
   - have your system administrator add LIBDIR to '/etc/ld.so.conf'

See any operating system documentation about shared libraries for
more information, such as the ld(1) and ld.so(8) manual pages.
----------------------------------------------------------------------
gmake[3]: Leaving directory '/home/gsylvia/agrobot-reverse-engineering/Agrobot/build/lely_core_libraries/build/src/tap'
gmake[2]: Leaving directory '/home/gsylvia/agrobot-reverse-engineering/Agrobot/build/lely_core_libraries/build/src/tap'
Making install in util
gmake[2]: Entering directory '/home/gsylvia/agrobot-reverse-engineering/Agrobot/build/lely_core_libraries/build/src/util'
gmake[3]: Entering directory '/home/gsylvia/agrobot-reverse-engineering/Agrobot/build/lely_core_libraries/build/src/util'
 /usr/bin/mkdir -p '/home/gsylvia/agrobot-reverse-engineering/Agrobot/install/lely_core_libraries/lib'
 /bin/bash ../../libtool   --mode=install /usr/bin/install -c   liblely-util.la '/home/gsylvia/agrobot-reverse-engineering/Agrobot/install/lely_core_libraries/lib'
libtool: warning: relinking 'liblely-util.la'
libtool: install: (cd /home/gsylvia/agrobot-reverse-engineering/Agrobot/build/lely_core_libraries/build/src/util; /bin/bash "/home/gsylvia/agrobot-reverse-engineering/Agrobot/build/lely_core_libraries/build/libtool"  --silent --tag CXX --mode=relink g++ -std=gnu++11 -Wall -Wextra -pedantic -Werror -g -O2 -no-undefined -version-number 2:4:0 -Wl,--as-needed -o liblely-util.la -rpath /home/gsylvia/agrobot-reverse-engineering/Agrobot/install/lely_core_libraries/lib liblely_util_la-bimap.lo liblely_util_la-mkjmp.lo liblely_util_la-sllist.lo liblely_util_la-spscring.lo liblely_util_la-bits.lo liblely_util_la-bitset.lo liblely_util_la-cmp.lo liblely_util_la-config.lo liblely_util_la-config_ini.lo liblely_util_la-daemon.lo liblely_util_la-diag.lo liblely_util_la-dllist.lo liblely_util_la-endian.lo liblely_util_la-errnum.lo liblely_util_la-exception.lo liblely_util_la-fiber.lo liblely_util_la-frbuf.lo liblely_util_la-fwbuf.lo liblely_util_la-lex.lo liblely_util_la-membuf.lo liblely_util_la-pheap.lo liblely_util_la-print.lo liblely_util_la-rbtree.lo liblely_util_la-stop.lo liblely_util_la-time.lo liblely_util_la-ustring.lo ../../src/libc/liblely-libc.la -lm -lpthread )
libtool: install: /usr/bin/install -c .libs/liblely-util.so.2.4.0T /home/gsylvia/agrobot-reverse-engineering/Agrobot/install/lely_core_libraries/lib/liblely-util.so.2.4.0
libtool: install: (cd /home/gsylvia/agrobot-reverse-engineering/Agrobot/install/lely_core_libraries/lib && { ln -s -f liblely-util.so.2.4.0 liblely-util.so.2 || { rm -f liblely-util.so.2 && ln -s liblely-util.so.2.4.0 liblely-util.so.2; }; })
libtool: install: (cd /home/gsylvia/agrobot-reverse-engineering/Agrobot/install/lely_core_libraries/lib && { ln -s -f liblely-util.so.2.4.0 liblely-util.so || { rm -f liblely-util.so && ln -s liblely-util.so.2.4.0 liblely-util.so; }; })
libtool: install: /usr/bin/install -c .libs/liblely-util.lai /home/gsylvia/agrobot-reverse-engineering/Agrobot/install/lely_core_libraries/lib/liblely-util.la
libtool: finish: PATH="/home/gsylvia/.local/bin:/home/gsylvia/.vscode-server/bin/7debcd0e2acdea1c52de81bf9ee1620444407dda/bin/remote-cli:/home/gsylvia/.local/bin:/home/gsylvia/.local/bin:/opt/ros/jazzy/opt/gz_msgs_vendor/bin:/opt/ros/jazzy/opt/gz_tools_vendor/bin:/opt/ros/jazzy/opt/gz_ogre_next_vendor/bin:/opt/ros/jazzy/bin:/usr/local/sbin:/usr/local/bin:/usr/sbin:/usr/bin:/sbin:/bin:/usr/games:/usr/local/games:/usr/lib/wsl/lib:/mnt/c/Windows/system32:/mnt/c/Windows:/mnt/c/Windows/System32/Wbem:/mnt/c/Windows/System32/WindowsPowerShell/v1.0/:/mnt/c/Windows/System32/OpenSSH/:/mnt/c/Program Files/NVIDIA Corporation/NVIDIA app/NvDLISR:/mnt/c/Program Files/dotnet/:/mnt/c/Program Files/MATLAB/R2025a/bin:/mnt/c/Program Files (x86)/Windows Kits/8.1/Windows Performance Toolkit/:/mnt/c/Program Files/Mullvad VPN/resources:/mnt/c/Users/grsga/AppData/Local/Programs/OpenAI/Codex/bin:/mnt/c/Users/grsga/AppData/Local/Programs/Python/Python312/Scripts/:/mnt/c/Users/grsga/AppData/Local/Programs/Python/Python312/:/mnt/c/Users/grsga/AppData/Local/Programs/Python/Launcher/:/mnt/c/Users/grsga/.cargo/bin:/mnt/c/Users/grsga/.local/bin:/mnt/c/Users/grsga/scoop/apps/mpv/current:/mnt/c/Users/grsga/scoop/shims:/mnt/c/Users/grsga/AppData/Local/Microsoft/WindowsApps:/mnt/c/Users/grsga/AppData/Local/Programs/Ollama:/mnt/c/Users/grsga/AppData/Local/Programs/Microsoft VS Code/bin:/mnt/c/Users/grsga/AppData/Local/Microsoft/WinGet/Packages/DenoLand.Deno_Microsoft.Winget.Source_8wekyb3d8bbwe:/mnt/c/Users/grsga/AppData/Local/Microsoft/WinGet/Packages/yt-dlp.FFmpeg_Microsoft.Winget.Source_8wekyb3d8bbwe/ffmpeg-N-124716-g054dffd133-win64-gpl/bin:/mnt/c/Users/grsga/AppData/Local/Microsoft/WinGet/Packages/yt-dlp.yt-dlp_Microsoft.Winget.Source_8wekyb3d8bbwe:/mnt/c/Program Files/qemu:/mnt/c/Users/grsga/AppData/Local/Microsoft/WinGet/Packages/BurntSushi.ripgrep.MSVC_Microsoft.Winget.Source_8wekyb3d8bbwe/ripgrep-15.2.0-x86_64-pc-windows-msvc:/mnt/c/Users/grsga/AppData/Local/Programs/Cua/cua-driver/bin:/snap/bin:/home/gsylvia/.lmstudio/bin:/home/gsylvia/.lmstudio/bin:/home/gsylvia/.lmstudio/bin:/sbin" ldconfig -n /home/gsylvia/agrobot-reverse-engineering/Agrobot/install/lely_core_libraries/lib
----------------------------------------------------------------------
Libraries have been installed in:
   /home/gsylvia/agrobot-reverse-engineering/Agrobot/install/lely_core_libraries/lib

If you ever happen to want to link against installed libraries
in a given directory, LIBDIR, you must either use libtool, and
specify the full pathname of the library, or use the '-LLIBDIR'
flag during linking and do at least one of the following:
   - add LIBDIR to the 'LD_LIBRARY_PATH' environment variable
     during execution
   - add LIBDIR to the 'LD_RUN_PATH' environment variable
     during linking
   - use the '-Wl,-rpath -Wl,LIBDIR' linker flag
   - have your system administrator add LIBDIR to '/etc/ld.so.conf'

See any operating system documentation about shared libraries for
more information, such as the ld(1) and ld.so(8) manual pages.
----------------------------------------------------------------------
gmake[3]: Leaving directory '/home/gsylvia/agrobot-reverse-engineering/Agrobot/build/lely_core_libraries/build/src/util'
gmake[2]: Leaving directory '/home/gsylvia/agrobot-reverse-engineering/Agrobot/build/lely_core_libraries/build/src/util'
Making install in can
gmake[2]: Entering directory '/home/gsylvia/agrobot-reverse-engineering/Agrobot/build/lely_core_libraries/build/src/can'
gmake[3]: Entering directory '/home/gsylvia/agrobot-reverse-engineering/Agrobot/build/lely_core_libraries/build/src/can'
 /usr/bin/mkdir -p '/home/gsylvia/agrobot-reverse-engineering/Agrobot/install/lely_core_libraries/lib'
 /bin/bash ../../libtool   --mode=install /usr/bin/install -c   liblely-can.la '/home/gsylvia/agrobot-reverse-engineering/Agrobot/install/lely_core_libraries/lib'
libtool: warning: relinking 'liblely-can.la'
libtool: install: (cd /home/gsylvia/agrobot-reverse-engineering/Agrobot/build/lely_core_libraries/build/src/can; /bin/bash "/home/gsylvia/agrobot-reverse-engineering/Agrobot/build/lely_core_libraries/build/libtool"  --silent --tag CC --mode=relink gcc -Wall -Wextra -pedantic -Werror -Wno-static-in-inline -pthread -g -O2 -no-undefined -version-number 1:9:2 -Wl,--as-needed -o liblely-can.la -rpath /home/gsylvia/agrobot-reverse-engineering/Agrobot/install/lely_core_libraries/lib liblely_can_la-buf.lo liblely_can_la-msg.lo liblely_can_la-net.lo liblely_can_la-socket.lo ../../src/libc/liblely-libc.la ../../src/util/liblely-util.la -lpthread )
libtool: install: /usr/bin/install -c .libs/liblely-can.so.1.9.2T /home/gsylvia/agrobot-reverse-engineering/Agrobot/install/lely_core_libraries/lib/liblely-can.so.1.9.2
libtool: install: (cd /home/gsylvia/agrobot-reverse-engineering/Agrobot/install/lely_core_libraries/lib && { ln -s -f liblely-can.so.1.9.2 liblely-can.so.1 || { rm -f liblely-can.so.1 && ln -s liblely-can.so.1.9.2 liblely-can.so.1; }; })
libtool: install: (cd /home/gsylvia/agrobot-reverse-engineering/Agrobot/install/lely_core_libraries/lib && { ln -s -f liblely-can.so.1.9.2 liblely-can.so || { rm -f liblely-can.so && ln -s liblely-can.so.1.9.2 liblely-can.so; }; })
libtool: install: /usr/bin/install -c .libs/liblely-can.lai /home/gsylvia/agrobot-reverse-engineering/Agrobot/install/lely_core_libraries/lib/liblely-can.la
libtool: finish: PATH="/home/gsylvia/.local/bin:/home/gsylvia/.vscode-server/bin/7debcd0e2acdea1c52de81bf9ee1620444407dda/bin/remote-cli:/home/gsylvia/.local/bin:/home/gsylvia/.local/bin:/opt/ros/jazzy/opt/gz_msgs_vendor/bin:/opt/ros/jazzy/opt/gz_tools_vendor/bin:/opt/ros/jazzy/opt/gz_ogre_next_vendor/bin:/opt/ros/jazzy/bin:/usr/local/sbin:/usr/local/bin:/usr/sbin:/usr/bin:/sbin:/bin:/usr/games:/usr/local/games:/usr/lib/wsl/lib:/mnt/c/Windows/system32:/mnt/c/Windows:/mnt/c/Windows/System32/Wbem:/mnt/c/Windows/System32/WindowsPowerShell/v1.0/:/mnt/c/Windows/System32/OpenSSH/:/mnt/c/Program Files/NVIDIA Corporation/NVIDIA app/NvDLISR:/mnt/c/Program Files/dotnet/:/mnt/c/Program Files/MATLAB/R2025a/bin:/mnt/c/Program Files (x86)/Windows Kits/8.1/Windows Performance Toolkit/:/mnt/c/Program Files/Mullvad VPN/resources:/mnt/c/Users/grsga/AppData/Local/Programs/OpenAI/Codex/bin:/mnt/c/Users/grsga/AppData/Local/Programs/Python/Python312/Scripts/:/mnt/c/Users/grsga/AppData/Local/Programs/Python/Python312/:/mnt/c/Users/grsga/AppData/Local/Programs/Python/Launcher/:/mnt/c/Users/grsga/.cargo/bin:/mnt/c/Users/grsga/.local/bin:/mnt/c/Users/grsga/scoop/apps/mpv/current:/mnt/c/Users/grsga/scoop/shims:/mnt/c/Users/grsga/AppData/Local/Microsoft/WindowsApps:/mnt/c/Users/grsga/AppData/Local/Programs/Ollama:/mnt/c/Users/grsga/AppData/Local/Programs/Microsoft VS Code/bin:/mnt/c/Users/grsga/AppData/Local/Microsoft/WinGet/Packages/DenoLand.Deno_Microsoft.Winget.Source_8wekyb3d8bbwe:/mnt/c/Users/grsga/AppData/Local/Microsoft/WinGet/Packages/yt-dlp.FFmpeg_Microsoft.Winget.Source_8wekyb3d8bbwe/ffmpeg-N-124716-g054dffd133-win64-gpl/bin:/mnt/c/Users/grsga/AppData/Local/Microsoft/WinGet/Packages/yt-dlp.yt-dlp_Microsoft.Winget.Source_8wekyb3d8bbwe:/mnt/c/Program Files/qemu:/mnt/c/Users/grsga/AppData/Local/Microsoft/WinGet/Packages/BurntSushi.ripgrep.MSVC_Microsoft.Winget.Source_8wekyb3d8bbwe/ripgrep-15.2.0-x86_64-pc-windows-msvc:/mnt/c/Users/grsga/AppData/Local/Programs/Cua/cua-driver/bin:/snap/bin:/home/gsylvia/.lmstudio/bin:/home/gsylvia/.lmstudio/bin:/home/gsylvia/.lmstudio/bin:/sbin" ldconfig -n /home/gsylvia/agrobot-reverse-engineering/Agrobot/install/lely_core_libraries/lib
----------------------------------------------------------------------
Libraries have been installed in:
   /home/gsylvia/agrobot-reverse-engineering/Agrobot/install/lely_core_libraries/lib

If you ever happen to want to link against installed libraries
in a given directory, LIBDIR, you must either use libtool, and
specify the full pathname of the library, or use the '-LLIBDIR'
flag during linking and do at least one of the following:
   - add LIBDIR to the 'LD_LIBRARY_PATH' environment variable
     during execution
   - add LIBDIR to the 'LD_RUN_PATH' environment variable
     during linking
   - use the '-Wl,-rpath -Wl,LIBDIR' linker flag
   - have your system administrator add LIBDIR to '/etc/ld.so.conf'

See any operating system documentation about shared libraries for
more information, such as the ld(1) and ld.so(8) manual pages.
----------------------------------------------------------------------
gmake[3]: Leaving directory '/home/gsylvia/agrobot-reverse-engineering/Agrobot/build/lely_core_libraries/build/src/can'
gmake[2]: Leaving directory '/home/gsylvia/agrobot-reverse-engineering/Agrobot/build/lely_core_libraries/build/src/can'
Making install in co
gmake[2]: Entering directory '/home/gsylvia/agrobot-reverse-engineering/Agrobot/build/lely_core_libraries/build/src/co'
gmake[3]: Entering directory '/home/gsylvia/agrobot-reverse-engineering/Agrobot/build/lely_core_libraries/build/src/co'
 /usr/bin/mkdir -p '/home/gsylvia/agrobot-reverse-engineering/Agrobot/install/lely_core_libraries/lib'
 /bin/bash ../../libtool   --mode=install /usr/bin/install -c   liblely-co.la '/home/gsylvia/agrobot-reverse-engineering/Agrobot/install/lely_core_libraries/lib'
libtool: warning: relinking 'liblely-co.la'
libtool: install: (cd /home/gsylvia/agrobot-reverse-engineering/Agrobot/build/lely_core_libraries/build/src/co; /bin/bash "/home/gsylvia/agrobot-reverse-engineering/Agrobot/build/lely_core_libraries/build/libtool"  --silent --tag CC --mode=relink gcc -Wall -Wextra -pedantic -Werror -Wno-static-in-inline -pthread -g -O2 -no-undefined -version-number 2:4:0 -Wl,--as-needed -o liblely-co.la -rpath /home/gsylvia/agrobot-reverse-engineering/Agrobot/install/lely_core_libraries/lib liblely_co_la-crc.lo liblely_co_la-csdo.lo liblely_co_la-dcf.lo liblely_co_la-dev.lo liblely_co_la-emcy.lo liblely_co_la-gw.lo liblely_co_la-gw_txt.lo liblely_co_la-lss.lo liblely_co_la-nmt.lo liblely_co_la-nmt_boot.lo liblely_co_la-nmt_cfg.lo liblely_co_la-nmt_hb.lo liblely_co_la-nmt_srv.lo liblely_co_la-obj.lo liblely_co_la-pdo.lo liblely_co_la-rpdo.lo liblely_co_la-sdev.lo liblely_co_la-sdo.lo liblely_co_la-ssdo.lo liblely_co_la-sync.lo liblely_co_la-time.lo liblely_co_la-tpdo.lo liblely_co_la-type.lo liblely_co_la-val.lo liblely_co_la-wtm.lo ../../src/libc/liblely-libc.la ../../src/util/liblely-util.la ../../src/can/liblely-can.la -lpthread )
libtool: install: /usr/bin/install -c .libs/liblely-co.so.2.4.0T /home/gsylvia/agrobot-reverse-engineering/Agrobot/install/lely_core_libraries/lib/liblely-co.so.2.4.0
libtool: install: (cd /home/gsylvia/agrobot-reverse-engineering/Agrobot/install/lely_core_libraries/lib && { ln -s -f liblely-co.so.2.4.0 liblely-co.so.2 || { rm -f liblely-co.so.2 && ln -s liblely-co.so.2.4.0 liblely-co.so.2; }; })
libtool: install: (cd /home/gsylvia/agrobot-reverse-engineering/Agrobot/install/lely_core_libraries/lib && { ln -s -f liblely-co.so.2.4.0 liblely-co.so || { rm -f liblely-co.so && ln -s liblely-co.so.2.4.0 liblely-co.so; }; })
libtool: install: /usr/bin/install -c .libs/liblely-co.lai /home/gsylvia/agrobot-reverse-engineering/Agrobot/install/lely_core_libraries/lib/liblely-co.la
libtool: finish: PATH="/home/gsylvia/.local/bin:/home/gsylvia/.vscode-server/bin/7debcd0e2acdea1c52de81bf9ee1620444407dda/bin/remote-cli:/home/gsylvia/.local/bin:/home/gsylvia/.local/bin:/opt/ros/jazzy/opt/gz_msgs_vendor/bin:/opt/ros/jazzy/opt/gz_tools_vendor/bin:/opt/ros/jazzy/opt/gz_ogre_next_vendor/bin:/opt/ros/jazzy/bin:/usr/local/sbin:/usr/local/bin:/usr/sbin:/usr/bin:/sbin:/bin:/usr/games:/usr/local/games:/usr/lib/wsl/lib:/mnt/c/Windows/system32:/mnt/c/Windows:/mnt/c/Windows/System32/Wbem:/mnt/c/Windows/System32/WindowsPowerShell/v1.0/:/mnt/c/Windows/System32/OpenSSH/:/mnt/c/Program Files/NVIDIA Corporation/NVIDIA app/NvDLISR:/mnt/c/Program Files/dotnet/:/mnt/c/Program Files/MATLAB/R2025a/bin:/mnt/c/Program Files (x86)/Windows Kits/8.1/Windows Performance Toolkit/:/mnt/c/Program Files/Mullvad VPN/resources:/mnt/c/Users/grsga/AppData/Local/Programs/OpenAI/Codex/bin:/mnt/c/Users/grsga/AppData/Local/Programs/Python/Python312/Scripts/:/mnt/c/Users/grsga/AppData/Local/Programs/Python/Python312/:/mnt/c/Users/grsga/AppData/Local/Programs/Python/Launcher/:/mnt/c/Users/grsga/.cargo/bin:/mnt/c/Users/grsga/.local/bin:/mnt/c/Users/grsga/scoop/apps/mpv/current:/mnt/c/Users/grsga/scoop/shims:/mnt/c/Users/grsga/AppData/Local/Microsoft/WindowsApps:/mnt/c/Users/grsga/AppData/Local/Programs/Ollama:/mnt/c/Users/grsga/AppData/Local/Programs/Microsoft VS Code/bin:/mnt/c/Users/grsga/AppData/Local/Microsoft/WinGet/Packages/DenoLand.Deno_Microsoft.Winget.Source_8wekyb3d8bbwe:/mnt/c/Users/grsga/AppData/Local/Microsoft/WinGet/Packages/yt-dlp.FFmpeg_Microsoft.Winget.Source_8wekyb3d8bbwe/ffmpeg-N-124716-g054dffd133-win64-gpl/bin:/mnt/c/Users/grsga/AppData/Local/Microsoft/WinGet/Packages/yt-dlp.yt-dlp_Microsoft.Winget.Source_8wekyb3d8bbwe:/mnt/c/Program Files/qemu:/mnt/c/Users/grsga/AppData/Local/Microsoft/WinGet/Packages/BurntSushi.ripgrep.MSVC_Microsoft.Winget.Source_8wekyb3d8bbwe/ripgrep-15.2.0-x86_64-pc-windows-msvc:/mnt/c/Users/grsga/AppData/Local/Programs/Cua/cua-driver/bin:/snap/bin:/home/gsylvia/.lmstudio/bin:/home/gsylvia/.lmstudio/bin:/home/gsylvia/.lmstudio/bin:/sbin" ldconfig -n /home/gsylvia/agrobot-reverse-engineering/Agrobot/install/lely_core_libraries/lib
----------------------------------------------------------------------
Libraries have been installed in:
   /home/gsylvia/agrobot-reverse-engineering/Agrobot/install/lely_core_libraries/lib

If you ever happen to want to link against installed libraries
in a given directory, LIBDIR, you must either use libtool, and
specify the full pathname of the library, or use the '-LLIBDIR'
flag during linking and do at least one of the following:
   - add LIBDIR to the 'LD_LIBRARY_PATH' environment variable
     during execution
   - add LIBDIR to the 'LD_RUN_PATH' environment variable
     during linking
   - use the '-Wl,-rpath -Wl,LIBDIR' linker flag
   - have your system administrator add LIBDIR to '/etc/ld.so.conf'

See any operating system documentation about shared libraries for
more information, such as the ld(1) and ld.so(8) manual pages.
----------------------------------------------------------------------
gmake[3]: Leaving directory '/home/gsylvia/agrobot-reverse-engineering/Agrobot/build/lely_core_libraries/build/src/co'
gmake[2]: Leaving directory '/home/gsylvia/agrobot-reverse-engineering/Agrobot/build/lely_core_libraries/build/src/co'
Making install in io
gmake[2]: Entering directory '/home/gsylvia/agrobot-reverse-engineering/Agrobot/build/lely_core_libraries/build/src/io'
gmake[3]: Entering directory '/home/gsylvia/agrobot-reverse-engineering/Agrobot/build/lely_core_libraries/build/src/io'
 /usr/bin/mkdir -p '/home/gsylvia/agrobot-reverse-engineering/Agrobot/install/lely_core_libraries/lib'
 /bin/bash ../../libtool   --mode=install /usr/bin/install -c   liblely-io.la '/home/gsylvia/agrobot-reverse-engineering/Agrobot/install/lely_core_libraries/lib'
libtool: warning: relinking 'liblely-io.la'
libtool: install: (cd /home/gsylvia/agrobot-reverse-engineering/Agrobot/build/lely_core_libraries/build/src/io; /bin/bash "/home/gsylvia/agrobot-reverse-engineering/Agrobot/build/lely_core_libraries/build/libtool"  --silent --tag CC --mode=relink gcc -Wall -Wextra -pedantic -Werror -Wno-static-in-inline -pthread -g -O2 -no-undefined -version-number 1:9:2 -Wl,--as-needed -o liblely-io.la -rpath /home/gsylvia/agrobot-reverse-engineering/Agrobot/install/lely_core_libraries/lib liblely_io_la-addr.lo liblely_io_la-attr.lo liblely_io_la-can.lo liblely_io_la-file.lo liblely_io_la-handle.lo liblely_io_la-if.lo liblely_io_la-io.lo liblely_io_la-pipe.lo liblely_io_la-poll.lo liblely_io_la-rtnl.lo liblely_io_la-serial.lo liblely_io_la-sock.lo ../../src/libc/liblely-libc.la ../../src/util/liblely-util.la ../../src/can/liblely-can.la -lpthread )
libtool: install: /usr/bin/install -c .libs/liblely-io.so.1.9.2T /home/gsylvia/agrobot-reverse-engineering/Agrobot/install/lely_core_libraries/lib/liblely-io.so.1.9.2
libtool: install: (cd /home/gsylvia/agrobot-reverse-engineering/Agrobot/install/lely_core_libraries/lib && { ln -s -f liblely-io.so.1.9.2 liblely-io.so.1 || { rm -f liblely-io.so.1 && ln -s liblely-io.so.1.9.2 liblely-io.so.1; }; })
libtool: install: (cd /home/gsylvia/agrobot-reverse-engineering/Agrobot/install/lely_core_libraries/lib && { ln -s -f liblely-io.so.1.9.2 liblely-io.so || { rm -f liblely-io.so && ln -s liblely-io.so.1.9.2 liblely-io.so; }; })
libtool: install: /usr/bin/install -c .libs/liblely-io.lai /home/gsylvia/agrobot-reverse-engineering/Agrobot/install/lely_core_libraries/lib/liblely-io.la
libtool: finish: PATH="/home/gsylvia/.local/bin:/home/gsylvia/.vscode-server/bin/7debcd0e2acdea1c52de81bf9ee1620444407dda/bin/remote-cli:/home/gsylvia/.local/bin:/home/gsylvia/.local/bin:/opt/ros/jazzy/opt/gz_msgs_vendor/bin:/opt/ros/jazzy/opt/gz_tools_vendor/bin:/opt/ros/jazzy/opt/gz_ogre_next_vendor/bin:/opt/ros/jazzy/bin:/usr/local/sbin:/usr/local/bin:/usr/sbin:/usr/bin:/sbin:/bin:/usr/games:/usr/local/games:/usr/lib/wsl/lib:/mnt/c/Windows/system32:/mnt/c/Windows:/mnt/c/Windows/System32/Wbem:/mnt/c/Windows/System32/WindowsPowerShell/v1.0/:/mnt/c/Windows/System32/OpenSSH/:/mnt/c/Program Files/NVIDIA Corporation/NVIDIA app/NvDLISR:/mnt/c/Program Files/dotnet/:/mnt/c/Program Files/MATLAB/R2025a/bin:/mnt/c/Program Files (x86)/Windows Kits/8.1/Windows Performance Toolkit/:/mnt/c/Program Files/Mullvad VPN/resources:/mnt/c/Users/grsga/AppData/Local/Programs/OpenAI/Codex/bin:/mnt/c/Users/grsga/AppData/Local/Programs/Python/Python312/Scripts/:/mnt/c/Users/grsga/AppData/Local/Programs/Python/Python312/:/mnt/c/Users/grsga/AppData/Local/Programs/Python/Launcher/:/mnt/c/Users/grsga/.cargo/bin:/mnt/c/Users/grsga/.local/bin:/mnt/c/Users/grsga/scoop/apps/mpv/current:/mnt/c/Users/grsga/scoop/shims:/mnt/c/Users/grsga/AppData/Local/Microsoft/WindowsApps:/mnt/c/Users/grsga/AppData/Local/Programs/Ollama:/mnt/c/Users/grsga/AppData/Local/Programs/Microsoft VS Code/bin:/mnt/c/Users/grsga/AppData/Local/Microsoft/WinGet/Packages/DenoLand.Deno_Microsoft.Winget.Source_8wekyb3d8bbwe:/mnt/c/Users/grsga/AppData/Local/Microsoft/WinGet/Packages/yt-dlp.FFmpeg_Microsoft.Winget.Source_8wekyb3d8bbwe/ffmpeg-N-124716-g054dffd133-win64-gpl/bin:/mnt/c/Users/grsga/AppData/Local/Microsoft/WinGet/Packages/yt-dlp.yt-dlp_Microsoft.Winget.Source_8wekyb3d8bbwe:/mnt/c/Program Files/qemu:/mnt/c/Users/grsga/AppData/Local/Microsoft/WinGet/Packages/BurntSushi.ripgrep.MSVC_Microsoft.Winget.Source_8wekyb3d8bbwe/ripgrep-15.2.0-x86_64-pc-windows-msvc:/mnt/c/Users/grsga/AppData/Local/Programs/Cua/cua-driver/bin:/snap/bin:/home/gsylvia/.lmstudio/bin:/home/gsylvia/.lmstudio/bin:/home/gsylvia/.lmstudio/bin:/sbin" ldconfig -n /home/gsylvia/agrobot-reverse-engineering/Agrobot/install/lely_core_libraries/lib
----------------------------------------------------------------------
Libraries have been installed in:
   /home/gsylvia/agrobot-reverse-engineering/Agrobot/install/lely_core_libraries/lib

If you ever happen to want to link against installed libraries
in a given directory, LIBDIR, you must either use libtool, and
specify the full pathname of the library, or use the '-LLIBDIR'
flag during linking and do at least one of the following:
   - add LIBDIR to the 'LD_LIBRARY_PATH' environment variable
     during execution
   - add LIBDIR to the 'LD_RUN_PATH' environment variable
     during linking
   - use the '-Wl,-rpath -Wl,LIBDIR' linker flag
   - have your system administrator add LIBDIR to '/etc/ld.so.conf'

See any operating system documentation about shared libraries for
more information, such as the ld(1) and ld.so(8) manual pages.
----------------------------------------------------------------------
gmake[3]: Leaving directory '/home/gsylvia/agrobot-reverse-engineering/Agrobot/build/lely_core_libraries/build/src/io'
gmake[2]: Leaving directory '/home/gsylvia/agrobot-reverse-engineering/Agrobot/build/lely_core_libraries/build/src/io'
Making install in ev
gmake[2]: Entering directory '/home/gsylvia/agrobot-reverse-engineering/Agrobot/build/lely_core_libraries/build/src/ev'
gmake[3]: Entering directory '/home/gsylvia/agrobot-reverse-engineering/Agrobot/build/lely_core_libraries/build/src/ev'
 /usr/bin/mkdir -p '/home/gsylvia/agrobot-reverse-engineering/Agrobot/install/lely_core_libraries/lib'
 /bin/bash ../../libtool   --mode=install /usr/bin/install -c   liblely-ev.la '/home/gsylvia/agrobot-reverse-engineering/Agrobot/install/lely_core_libraries/lib'
libtool: warning: relinking 'liblely-ev.la'
libtool: install: (cd /home/gsylvia/agrobot-reverse-engineering/Agrobot/build/lely_core_libraries/build/src/ev; /bin/bash "/home/gsylvia/agrobot-reverse-engineering/Agrobot/build/lely_core_libraries/build/libtool"  --silent --tag CC --mode=relink gcc -Wall -Wextra -pedantic -Werror -Wno-static-in-inline -pthread -g -O2 -no-undefined -version-number 2:4:0 -Wl,--as-needed -o liblely-ev.la -rpath /home/gsylvia/agrobot-reverse-engineering/Agrobot/install/lely_core_libraries/lib liblely_ev_la-exec.lo liblely_ev_la-fiber_exec.lo liblely_ev_la-future.lo liblely_ev_la-loop.lo liblely_ev_la-poll.lo liblely_ev_la-std_exec.lo liblely_ev_la-strand.lo liblely_ev_la-task.lo liblely_ev_la-thrd_loop.lo ../../src/libc/liblely-libc.la ../../src/util/liblely-util.la -lpthread )
libtool: install: /usr/bin/install -c .libs/liblely-ev.so.2.4.0T /home/gsylvia/agrobot-reverse-engineering/Agrobot/install/lely_core_libraries/lib/liblely-ev.so.2.4.0
libtool: install: (cd /home/gsylvia/agrobot-reverse-engineering/Agrobot/install/lely_core_libraries/lib && { ln -s -f liblely-ev.so.2.4.0 liblely-ev.so.2 || { rm -f liblely-ev.so.2 && ln -s liblely-ev.so.2.4.0 liblely-ev.so.2; }; })
libtool: install: (cd /home/gsylvia/agrobot-reverse-engineering/Agrobot/install/lely_core_libraries/lib && { ln -s -f liblely-ev.so.2.4.0 liblely-ev.so || { rm -f liblely-ev.so && ln -s liblely-ev.so.2.4.0 liblely-ev.so; }; })
libtool: install: /usr/bin/install -c .libs/liblely-ev.lai /home/gsylvia/agrobot-reverse-engineering/Agrobot/install/lely_core_libraries/lib/liblely-ev.la
libtool: finish: PATH="/home/gsylvia/.local/bin:/home/gsylvia/.vscode-server/bin/7debcd0e2acdea1c52de81bf9ee1620444407dda/bin/remote-cli:/home/gsylvia/.local/bin:/home/gsylvia/.local/bin:/opt/ros/jazzy/opt/gz_msgs_vendor/bin:/opt/ros/jazzy/opt/gz_tools_vendor/bin:/opt/ros/jazzy/opt/gz_ogre_next_vendor/bin:/opt/ros/jazzy/bin:/usr/local/sbin:/usr/local/bin:/usr/sbin:/usr/bin:/sbin:/bin:/usr/games:/usr/local/games:/usr/lib/wsl/lib:/mnt/c/Windows/system32:/mnt/c/Windows:/mnt/c/Windows/System32/Wbem:/mnt/c/Windows/System32/WindowsPowerShell/v1.0/:/mnt/c/Windows/System32/OpenSSH/:/mnt/c/Program Files/NVIDIA Corporation/NVIDIA app/NvDLISR:/mnt/c/Program Files/dotnet/:/mnt/c/Program Files/MATLAB/R2025a/bin:/mnt/c/Program Files (x86)/Windows Kits/8.1/Windows Performance Toolkit/:/mnt/c/Program Files/Mullvad VPN/resources:/mnt/c/Users/grsga/AppData/Local/Programs/OpenAI/Codex/bin:/mnt/c/Users/grsga/AppData/Local/Programs/Python/Python312/Scripts/:/mnt/c/Users/grsga/AppData/Local/Programs/Python/Python312/:/mnt/c/Users/grsga/AppData/Local/Programs/Python/Launcher/:/mnt/c/Users/grsga/.cargo/bin:/mnt/c/Users/grsga/.local/bin:/mnt/c/Users/grsga/scoop/apps/mpv/current:/mnt/c/Users/grsga/scoop/shims:/mnt/c/Users/grsga/AppData/Local/Microsoft/WindowsApps:/mnt/c/Users/grsga/AppData/Local/Programs/Ollama:/mnt/c/Users/grsga/AppData/Local/Programs/Microsoft VS Code/bin:/mnt/c/Users/grsga/AppData/Local/Microsoft/WinGet/Packages/DenoLand.Deno_Microsoft.Winget.Source_8wekyb3d8bbwe:/mnt/c/Users/grsga/AppData/Local/Microsoft/WinGet/Packages/yt-dlp.FFmpeg_Microsoft.Winget.Source_8wekyb3d8bbwe/ffmpeg-N-124716-g054dffd133-win64-gpl/bin:/mnt/c/Users/grsga/AppData/Local/Microsoft/WinGet/Packages/yt-dlp.yt-dlp_Microsoft.Winget.Source_8wekyb3d8bbwe:/mnt/c/Program Files/qemu:/mnt/c/Users/grsga/AppData/Local/Microsoft/WinGet/Packages/BurntSushi.ripgrep.MSVC_Microsoft.Winget.Source_8wekyb3d8bbwe/ripgrep-15.2.0-x86_64-pc-windows-msvc:/mnt/c/Users/grsga/AppData/Local/Programs/Cua/cua-driver/bin:/snap/bin:/home/gsylvia/.lmstudio/bin:/home/gsylvia/.lmstudio/bin:/home/gsylvia/.lmstudio/bin:/sbin" ldconfig -n /home/gsylvia/agrobot-reverse-engineering/Agrobot/install/lely_core_libraries/lib
----------------------------------------------------------------------
Libraries have been installed in:
   /home/gsylvia/agrobot-reverse-engineering/Agrobot/install/lely_core_libraries/lib

If you ever happen to want to link against installed libraries
in a given directory, LIBDIR, you must either use libtool, and
specify the full pathname of the library, or use the '-LLIBDIR'
flag during linking and do at least one of the following:
   - add LIBDIR to the 'LD_LIBRARY_PATH' environment variable
     during execution
   - add LIBDIR to the 'LD_RUN_PATH' environment variable
     during linking
   - use the '-Wl,-rpath -Wl,LIBDIR' linker flag
   - have your system administrator add LIBDIR to '/etc/ld.so.conf'

See any operating system documentation about shared libraries for
more information, such as the ld(1) and ld.so(8) manual pages.
----------------------------------------------------------------------
gmake[3]: Leaving directory '/home/gsylvia/agrobot-reverse-engineering/Agrobot/build/lely_core_libraries/build/src/ev'
gmake[2]: Leaving directory '/home/gsylvia/agrobot-reverse-engineering/Agrobot/build/lely_core_libraries/build/src/ev'
Making install in io2
gmake[2]: Entering directory '/home/gsylvia/agrobot-reverse-engineering/Agrobot/build/lely_core_libraries/build/src/io2'
gmake[3]: Entering directory '/home/gsylvia/agrobot-reverse-engineering/Agrobot/build/lely_core_libraries/build/src/io2'
 /usr/bin/mkdir -p '/home/gsylvia/agrobot-reverse-engineering/Agrobot/install/lely_core_libraries/lib'
 /bin/bash ../../libtool   --mode=install /usr/bin/install -c   liblely-io2.la '/home/gsylvia/agrobot-reverse-engineering/Agrobot/install/lely_core_libraries/lib'
libtool: warning: relinking 'liblely-io2.la'
libtool: install: (cd /home/gsylvia/agrobot-reverse-engineering/Agrobot/build/lely_core_libraries/build/src/io2; /bin/bash "/home/gsylvia/agrobot-reverse-engineering/Agrobot/build/lely_core_libraries/build/libtool"  --silent --tag CC --mode=relink gcc -Wall -Wextra -pedantic -Werror -Wno-static-in-inline -pthread -g -O2 -no-undefined -version-number 2:4:0 -Wl,--as-needed -o liblely-io2.la -rpath /home/gsylvia/agrobot-reverse-engineering/Agrobot/install/lely_core_libraries/lib can/liblely_io2_la-msg.lo linux/liblely_io2_la-can_chan.lo linux/liblely_io2_la-can_ctrl.lo linux/liblely_io2_la-poll.lo linux/liblely_io2_la-timer.lo posix/liblely_io2_la-fd.lo posix/liblely_io2_la-io.lo posix/liblely_io2_la-sigset.lo sys/liblely_io2_la-clock.lo sys/liblely_io2_la-io.lo user/liblely_io2_la-can.lo user/liblely_io2_la-timer.lo liblely_io2_la-can.lo liblely_io2_la-can_net.lo liblely_io2_la-can_rt.lo liblely_io2_la-clock.lo liblely_io2_la-ctx.lo liblely_io2_la-dev.lo liblely_io2_la-sigset.lo liblely_io2_la-timer.lo liblely_io2_la-tqueue.lo liblely_io2_la-vcan.lo ../../src/libc/liblely-libc.la ../../src/util/liblely-util.la ../../src/can/liblely-can.la ../../src/ev/liblely-ev.la -lrt -lpthread )
libtool: install: /usr/bin/install -c .libs/liblely-io2.so.2.4.0T /home/gsylvia/agrobot-reverse-engineering/Agrobot/install/lely_core_libraries/lib/liblely-io2.so.2.4.0
libtool: install: (cd /home/gsylvia/agrobot-reverse-engineering/Agrobot/install/lely_core_libraries/lib && { ln -s -f liblely-io2.so.2.4.0 liblely-io2.so.2 || { rm -f liblely-io2.so.2 && ln -s liblely-io2.so.2.4.0 liblely-io2.so.2; }; })
libtool: install: (cd /home/gsylvia/agrobot-reverse-engineering/Agrobot/install/lely_core_libraries/lib && { ln -s -f liblely-io2.so.2.4.0 liblely-io2.so || { rm -f liblely-io2.so && ln -s liblely-io2.so.2.4.0 liblely-io2.so; }; })
libtool: install: /usr/bin/install -c .libs/liblely-io2.lai /home/gsylvia/agrobot-reverse-engineering/Agrobot/install/lely_core_libraries/lib/liblely-io2.la
libtool: finish: PATH="/home/gsylvia/.local/bin:/home/gsylvia/.vscode-server/bin/7debcd0e2acdea1c52de81bf9ee1620444407dda/bin/remote-cli:/home/gsylvia/.local/bin:/home/gsylvia/.local/bin:/opt/ros/jazzy/opt/gz_msgs_vendor/bin:/opt/ros/jazzy/opt/gz_tools_vendor/bin:/opt/ros/jazzy/opt/gz_ogre_next_vendor/bin:/opt/ros/jazzy/bin:/usr/local/sbin:/usr/local/bin:/usr/sbin:/usr/bin:/sbin:/bin:/usr/games:/usr/local/games:/usr/lib/wsl/lib:/mnt/c/Windows/system32:/mnt/c/Windows:/mnt/c/Windows/System32/Wbem:/mnt/c/Windows/System32/WindowsPowerShell/v1.0/:/mnt/c/Windows/System32/OpenSSH/:/mnt/c/Program Files/NVIDIA Corporation/NVIDIA app/NvDLISR:/mnt/c/Program Files/dotnet/:/mnt/c/Program Files/MATLAB/R2025a/bin:/mnt/c/Program Files (x86)/Windows Kits/8.1/Windows Performance Toolkit/:/mnt/c/Program Files/Mullvad VPN/resources:/mnt/c/Users/grsga/AppData/Local/Programs/OpenAI/Codex/bin:/mnt/c/Users/grsga/AppData/Local/Programs/Python/Python312/Scripts/:/mnt/c/Users/grsga/AppData/Local/Programs/Python/Python312/:/mnt/c/Users/grsga/AppData/Local/Programs/Python/Launcher/:/mnt/c/Users/grsga/.cargo/bin:/mnt/c/Users/grsga/.local/bin:/mnt/c/Users/grsga/scoop/apps/mpv/current:/mnt/c/Users/grsga/scoop/shims:/mnt/c/Users/grsga/AppData/Local/Microsoft/WindowsApps:/mnt/c/Users/grsga/AppData/Local/Programs/Ollama:/mnt/c/Users/grsga/AppData/Local/Programs/Microsoft VS Code/bin:/mnt/c/Users/grsga/AppData/Local/Microsoft/WinGet/Packages/DenoLand.Deno_Microsoft.Winget.Source_8wekyb3d8bbwe:/mnt/c/Users/grsga/AppData/Local/Microsoft/WinGet/Packages/yt-dlp.FFmpeg_Microsoft.Winget.Source_8wekyb3d8bbwe/ffmpeg-N-124716-g054dffd133-win64-gpl/bin:/mnt/c/Users/grsga/AppData/Local/Microsoft/WinGet/Packages/yt-dlp.yt-dlp_Microsoft.Winget.Source_8wekyb3d8bbwe:/mnt/c/Program Files/qemu:/mnt/c/Users/grsga/AppData/Local/Microsoft/WinGet/Packages/BurntSushi.ripgrep.MSVC_Microsoft.Winget.Source_8wekyb3d8bbwe/ripgrep-15.2.0-x86_64-pc-windows-msvc:/mnt/c/Users/grsga/AppData/Local/Programs/Cua/cua-driver/bin:/snap/bin:/home/gsylvia/.lmstudio/bin:/home/gsylvia/.lmstudio/bin:/home/gsylvia/.lmstudio/bin:/sbin" ldconfig -n /home/gsylvia/agrobot-reverse-engineering/Agrobot/install/lely_core_libraries/lib
----------------------------------------------------------------------
Libraries have been installed in:
   /home/gsylvia/agrobot-reverse-engineering/Agrobot/install/lely_core_libraries/lib

If you ever happen to want to link against installed libraries
in a given directory, LIBDIR, you must either use libtool, and
specify the full pathname of the library, or use the '-LLIBDIR'
flag during linking and do at least one of the following:
   - add LIBDIR to the 'LD_LIBRARY_PATH' environment variable
     during execution
   - add LIBDIR to the 'LD_RUN_PATH' environment variable
     during linking
   - use the '-Wl,-rpath -Wl,LIBDIR' linker flag
   - have your system administrator add LIBDIR to '/etc/ld.so.conf'

See any operating system documentation about shared libraries for
more information, such as the ld(1) and ld.so(8) manual pages.
----------------------------------------------------------------------
gmake[3]: Leaving directory '/home/gsylvia/agrobot-reverse-engineering/Agrobot/build/lely_core_libraries/build/src/io2'
gmake[2]: Leaving directory '/home/gsylvia/agrobot-reverse-engineering/Agrobot/build/lely_core_libraries/build/src/io2'
Making install in coapp
gmake[2]: Entering directory '/home/gsylvia/agrobot-reverse-engineering/Agrobot/build/lely_core_libraries/build/src/coapp'
gmake[3]: Entering directory '/home/gsylvia/agrobot-reverse-engineering/Agrobot/build/lely_core_libraries/build/src/coapp'
 /usr/bin/mkdir -p '/home/gsylvia/agrobot-reverse-engineering/Agrobot/install/lely_core_libraries/lib'
 /bin/bash ../../libtool   --mode=install /usr/bin/install -c   liblely-coapp.la '/home/gsylvia/agrobot-reverse-engineering/Agrobot/install/lely_core_libraries/lib'
libtool: warning: relinking 'liblely-coapp.la'
libtool: install: (cd /home/gsylvia/agrobot-reverse-engineering/Agrobot/build/lely_core_libraries/build/src/coapp; /bin/bash "/home/gsylvia/agrobot-reverse-engineering/Agrobot/build/lely_core_libraries/build/libtool"  --silent --tag CXX --mode=relink g++ -std=gnu++11 -Wall -Wextra -pedantic -Werror -g -O2 -no-undefined -version-number 2:4:0 -Wl,--as-needed -o liblely-coapp.la -rpath /home/gsylvia/agrobot-reverse-engineering/Agrobot/install/lely_core_libraries/lib liblely_coapp_la-device.lo liblely_coapp_la-driver.lo liblely_coapp_la-fiber_driver.lo liblely_coapp_la-logical_driver.lo liblely_coapp_la-loop_driver.lo liblely_coapp_la-lss_master.lo liblely_coapp_la-master.lo liblely_coapp_la-node.lo liblely_coapp_la-sdo.lo liblely_coapp_la-sdo_error.lo liblely_coapp_la-slave.lo liblely_coapp_la-type_traits.lo ../../src/libc/liblely-libc.la ../../src/util/liblely-util.la ../../src/can/liblely-can.la ../../src/ev/liblely-ev.la ../../src/io2/liblely-io2.la ../../src/co/liblely-co.la -lpthread )
libtool: install: /usr/bin/install -c .libs/liblely-coapp.so.2.4.0T /home/gsylvia/agrobot-reverse-engineering/Agrobot/install/lely_core_libraries/lib/liblely-coapp.so.2.4.0
libtool: install: (cd /home/gsylvia/agrobot-reverse-engineering/Agrobot/install/lely_core_libraries/lib && { ln -s -f liblely-coapp.so.2.4.0 liblely-coapp.so.2 || { rm -f liblely-coapp.so.2 && ln -s liblely-coapp.so.2.4.0 liblely-coapp.so.2; }; })
libtool: install: (cd /home/gsylvia/agrobot-reverse-engineering/Agrobot/install/lely_core_libraries/lib && { ln -s -f liblely-coapp.so.2.4.0 liblely-coapp.so || { rm -f liblely-coapp.so && ln -s liblely-coapp.so.2.4.0 liblely-coapp.so; }; })
libtool: install: /usr/bin/install -c .libs/liblely-coapp.lai /home/gsylvia/agrobot-reverse-engineering/Agrobot/install/lely_core_libraries/lib/liblely-coapp.la
libtool: finish: PATH="/home/gsylvia/.local/bin:/home/gsylvia/.vscode-server/bin/7debcd0e2acdea1c52de81bf9ee1620444407dda/bin/remote-cli:/home/gsylvia/.local/bin:/home/gsylvia/.local/bin:/opt/ros/jazzy/opt/gz_msgs_vendor/bin:/opt/ros/jazzy/opt/gz_tools_vendor/bin:/opt/ros/jazzy/opt/gz_ogre_next_vendor/bin:/opt/ros/jazzy/bin:/usr/local/sbin:/usr/local/bin:/usr/sbin:/usr/bin:/sbin:/bin:/usr/games:/usr/local/games:/usr/lib/wsl/lib:/mnt/c/Windows/system32:/mnt/c/Windows:/mnt/c/Windows/System32/Wbem:/mnt/c/Windows/System32/WindowsPowerShell/v1.0/:/mnt/c/Windows/System32/OpenSSH/:/mnt/c/Program Files/NVIDIA Corporation/NVIDIA app/NvDLISR:/mnt/c/Program Files/dotnet/:/mnt/c/Program Files/MATLAB/R2025a/bin:/mnt/c/Program Files (x86)/Windows Kits/8.1/Windows Performance Toolkit/:/mnt/c/Program Files/Mullvad VPN/resources:/mnt/c/Users/grsga/AppData/Local/Programs/OpenAI/Codex/bin:/mnt/c/Users/grsga/AppData/Local/Programs/Python/Python312/Scripts/:/mnt/c/Users/grsga/AppData/Local/Programs/Python/Python312/:/mnt/c/Users/grsga/AppData/Local/Programs/Python/Launcher/:/mnt/c/Users/grsga/.cargo/bin:/mnt/c/Users/grsga/.local/bin:/mnt/c/Users/grsga/scoop/apps/mpv/current:/mnt/c/Users/grsga/scoop/shims:/mnt/c/Users/grsga/AppData/Local/Microsoft/WindowsApps:/mnt/c/Users/grsga/AppData/Local/Programs/Ollama:/mnt/c/Users/grsga/AppData/Local/Programs/Microsoft VS Code/bin:/mnt/c/Users/grsga/AppData/Local/Microsoft/WinGet/Packages/DenoLand.Deno_Microsoft.Winget.Source_8wekyb3d8bbwe:/mnt/c/Users/grsga/AppData/Local/Microsoft/WinGet/Packages/yt-dlp.FFmpeg_Microsoft.Winget.Source_8wekyb3d8bbwe/ffmpeg-N-124716-g054dffd133-win64-gpl/bin:/mnt/c/Users/grsga/AppData/Local/Microsoft/WinGet/Packages/yt-dlp.yt-dlp_Microsoft.Winget.Source_8wekyb3d8bbwe:/mnt/c/Program Files/qemu:/mnt/c/Users/grsga/AppData/Local/Microsoft/WinGet/Packages/BurntSushi.ripgrep.MSVC_Microsoft.Winget.Source_8wekyb3d8bbwe/ripgrep-15.2.0-x86_64-pc-windows-msvc:/mnt/c/Users/grsga/AppData/Local/Programs/Cua/cua-driver/bin:/snap/bin:/home/gsylvia/.lmstudio/bin:/home/gsylvia/.lmstudio/bin:/home/gsylvia/.lmstudio/bin:/sbin" ldconfig -n /home/gsylvia/agrobot-reverse-engineering/Agrobot/install/lely_core_libraries/lib
----------------------------------------------------------------------
Libraries have been installed in:
   /home/gsylvia/agrobot-reverse-engineering/Agrobot/install/lely_core_libraries/lib

If you ever happen to want to link against installed libraries
in a given directory, LIBDIR, you must either use libtool, and
specify the full pathname of the library, or use the '-LLIBDIR'
flag during linking and do at least one of the following:
   - add LIBDIR to the 'LD_LIBRARY_PATH' environment variable
     during execution
   - add LIBDIR to the 'LD_RUN_PATH' environment variable
     during linking
   - use the '-Wl,-rpath -Wl,LIBDIR' linker flag
   - have your system administrator add LIBDIR to '/etc/ld.so.conf'

See any operating system documentation about shared libraries for
more information, such as the ld(1) and ld.so(8) manual pages.
----------------------------------------------------------------------
gmake[3]: Leaving directory '/home/gsylvia/agrobot-reverse-engineering/Agrobot/build/lely_core_libraries/build/src/coapp'
gmake[2]: Leaving directory '/home/gsylvia/agrobot-reverse-engineering/Agrobot/build/lely_core_libraries/build/src/coapp'
gmake[2]: Entering directory '/home/gsylvia/agrobot-reverse-engineering/Agrobot/build/lely_core_libraries/build/src'
gmake[3]: Entering directory '/home/gsylvia/agrobot-reverse-engineering/Agrobot/build/lely_core_libraries/build/src'
gmake[3]: Nothing to be done for 'install-exec-am'.
gmake[3]: Nothing to be done for 'install-data-am'.
gmake[3]: Leaving directory '/home/gsylvia/agrobot-reverse-engineering/Agrobot/build/lely_core_libraries/build/src'
gmake[2]: Leaving directory '/home/gsylvia/agrobot-reverse-engineering/Agrobot/build/lely_core_libraries/build/src'
gmake[1]: Leaving directory '/home/gsylvia/agrobot-reverse-engineering/Agrobot/build/lely_core_libraries/build/src'
Making install in python
gmake[1]: Entering directory '/home/gsylvia/agrobot-reverse-engineering/Agrobot/build/lely_core_libraries/build/python'
Making install in dcf-tools
gmake[2]: Entering directory '/home/gsylvia/agrobot-reverse-engineering/Agrobot/build/lely_core_libraries/build/python/dcf-tools'
gmake[3]: Entering directory '/home/gsylvia/agrobot-reverse-engineering/Agrobot/build/lely_core_libraries/build/python/dcf-tools'
running egg_info
writing dcf_tools.egg-info/PKG-INFO
writing dependency_links to dcf_tools.egg-info/dependency_links.txt
writing entry points to dcf_tools.egg-info/entry_points.txt
writing requirements to dcf_tools.egg-info/requires.txt
writing top-level names to dcf_tools.egg-info/top_level.txt
reading manifest file 'dcf_tools.egg-info/SOURCES.txt'
writing manifest file 'dcf_tools.egg-info/SOURCES.txt'
running build
running build_py
running install
/usr/lib/python3/dist-packages/setuptools/_distutils/cmd.py:66: SetuptoolsDeprecationWarning: setup.py install is deprecated.
!!

        ********************************************************************************
        Please avoid running ``setup.py`` directly.
        Instead, use pypa/build, pypa/installer or other
        standards-based tools.

        See https://blog.ganssle.io/articles/2021/10/setup-py-deprecated.html for details.
        ********************************************************************************

!!
  self.initialize_options()
running install_lib
running install_egg_info
removing '/home/gsylvia/agrobot-reverse-engineering/Agrobot/install/lely_core_libraries/lib/python3.12/site-packages/dcf_tools-2.4.0.egg-info' (and everything under it)
Copying dcf_tools.egg-info to /home/gsylvia/agrobot-reverse-engineering/Agrobot/install/lely_core_libraries/lib/python3.12/site-packages/dcf_tools-2.4.0.egg-info
running install_scripts
Installing dcf2dev script to /home/gsylvia/agrobot-reverse-engineering/Agrobot/install/lely_core_libraries/bin/
Installing dcfchk script to /home/gsylvia/agrobot-reverse-engineering/Agrobot/install/lely_core_libraries/bin/
Installing dcfgen script to /home/gsylvia/agrobot-reverse-engineering/Agrobot/install/lely_core_libraries/bin/
writing list of installed files to 'install.log'
gmake[3]: Nothing to be done for 'install-data-am'.
gmake[3]: Leaving directory '/home/gsylvia/agrobot-reverse-engineering/Agrobot/build/lely_core_libraries/build/python/dcf-tools'
gmake[2]: Leaving directory '/home/gsylvia/agrobot-reverse-engineering/Agrobot/build/lely_core_libraries/build/python/dcf-tools'
gmake[2]: Entering directory '/home/gsylvia/agrobot-reverse-engineering/Agrobot/build/lely_core_libraries/build/python'
gmake[3]: Entering directory '/home/gsylvia/agrobot-reverse-engineering/Agrobot/build/lely_core_libraries/build/python'
gmake[3]: Nothing to be done for 'install-exec-am'.
gmake[3]: Nothing to be done for 'install-data-am'.
gmake[3]: Leaving directory '/home/gsylvia/agrobot-reverse-engineering/Agrobot/build/lely_core_libraries/build/python'
gmake[2]: Leaving directory '/home/gsylvia/agrobot-reverse-engineering/Agrobot/build/lely_core_libraries/build/python'
gmake[1]: Leaving directory '/home/gsylvia/agrobot-reverse-engineering/Agrobot/build/lely_core_libraries/build/python'
Making install in pkgconfig
gmake[1]: Entering directory '/home/gsylvia/agrobot-reverse-engineering/Agrobot/build/lely_core_libraries/build/pkgconfig'
gmake[2]: Entering directory '/home/gsylvia/agrobot-reverse-engineering/Agrobot/build/lely_core_libraries/build/pkgconfig'
gmake[2]: Nothing to be done for 'install-exec-am'.
 /usr/bin/mkdir -p '/home/gsylvia/agrobot-reverse-engineering/Agrobot/install/lely_core_libraries/lib/pkgconfig'
 /usr/bin/install -c -m 644 liblely-can.pc liblely-co.pc liblely-coapp.pc liblely-ev.pc liblely-io.pc liblely-io2.pc liblely-libc.pc liblely-libc_rt.pc liblely-tap.pc liblely-util.pc '/home/gsylvia/agrobot-reverse-engineering/Agrobot/install/lely_core_libraries/lib/pkgconfig'
gmake[2]: Leaving directory '/home/gsylvia/agrobot-reverse-engineering/Agrobot/build/lely_core_libraries/build/pkgconfig'
gmake[1]: Leaving directory '/home/gsylvia/agrobot-reverse-engineering/Agrobot/build/lely_core_libraries/build/pkgconfig'
gmake[1]: Entering directory '/home/gsylvia/agrobot-reverse-engineering/Agrobot/build/lely_core_libraries/build'
gmake[2]: Entering directory '/home/gsylvia/agrobot-reverse-engineering/Agrobot/build/lely_core_libraries/build'
gmake[2]: Nothing to be done for 'install-exec-am'.
gmake[2]: Nothing to be done for 'install-data-am'.
gmake[2]: Leaving directory '/home/gsylvia/agrobot-reverse-engineering/Agrobot/build/lely_core_libraries/build'
gmake[1]: Leaving directory '/home/gsylvia/agrobot-reverse-engineering/Agrobot/build/lely_core_libraries/build'
-- Up-to-date: /home/gsylvia/agrobot-reverse-engineering/Agrobot/install/lely_core_libraries/share/lely_core_libraries/cmake
-- Up-to-date: /home/gsylvia/agrobot-reverse-engineering/Agrobot/install/lely_core_libraries/share/lely_core_libraries/cmake/lely_core_libraries-extras.cmake
-- Up-to-date: /home/gsylvia/agrobot-reverse-engineering/Agrobot/install/lely_core_libraries/share/lely_core_libraries/environment/pythonpath.sh
-- Up-to-date: /home/gsylvia/agrobot-reverse-engineering/Agrobot/install/lely_core_libraries/share/lely_core_libraries/environment/pythonpath.dsv
-- Up-to-date: /home/gsylvia/agrobot-reverse-engineering/Agrobot/install/lely_core_libraries/lib/python3.12/site-packages/cogen-0.3.1-py3.12.egg-info
-- Installing: /home/gsylvia/agrobot-reverse-engineering/Agrobot/install/lely_core_libraries/lib/python3.12/site-packages/cogen-0.3.1-py3.12.egg-info/PKG-INFO
-- Installing: /home/gsylvia/agrobot-reverse-engineering/Agrobot/install/lely_core_libraries/lib/python3.12/site-packages/cogen-0.3.1-py3.12.egg-info/dependency_links.txt
-- Installing: /home/gsylvia/agrobot-reverse-engineering/Agrobot/install/lely_core_libraries/lib/python3.12/site-packages/cogen-0.3.1-py3.12.egg-info/entry_points.txt
-- Installing: /home/gsylvia/agrobot-reverse-engineering/Agrobot/install/lely_core_libraries/lib/python3.12/site-packages/cogen-0.3.1-py3.12.egg-info/top_level.txt
-- Installing: /home/gsylvia/agrobot-reverse-engineering/Agrobot/install/lely_core_libraries/lib/python3.12/site-packages/cogen-0.3.1-py3.12.egg-info/SOURCES.txt
-- Up-to-date: /home/gsylvia/agrobot-reverse-engineering/Agrobot/install/lely_core_libraries/lib/cogen/
-- Installing: /home/gsylvia/agrobot-reverse-engineering/Agrobot/install/lely_core_libraries/lib/cogen//cogen
-- Up-to-date: /home/gsylvia/agrobot-reverse-engineering/Agrobot/install/lely_core_libraries/lib/python3.12/site-packages/cogen
-- Up-to-date: /home/gsylvia/agrobot-reverse-engineering/Agrobot/install/lely_core_libraries/lib/python3.12/site-packages/cogen/cogen.py
-- Up-to-date: /home/gsylvia/agrobot-reverse-engineering/Agrobot/install/lely_core_libraries/lib/python3.12/site-packages/cogen/__init__.py
Listing '/home/gsylvia/agrobot-reverse-engineering/Agrobot/install/lely_core_libraries/lib/python3.12/site-packages/cogen'...
-- Up-to-date: /home/gsylvia/agrobot-reverse-engineering/Agrobot/install/lely_core_libraries/bin/
-- Installing: /home/gsylvia/agrobot-reverse-engineering/Agrobot/install/lely_core_libraries/bin//cogen
-- Up-to-date: /home/gsylvia/agrobot-reverse-engineering/Agrobot/install/lely_core_libraries/share/lely_core_libraries/environment/library_path.sh
-- Up-to-date: /home/gsylvia/agrobot-reverse-engineering/Agrobot/install/lely_core_libraries/share/lely_core_libraries/environment/library_path.dsv
-- Up-to-date: /home/gsylvia/agrobot-reverse-engineering/Agrobot/install/lely_core_libraries/share/ament_index/resource_index/package_run_dependencies/lely_core_libraries
-- Up-to-date: /home/gsylvia/agrobot-reverse-engineering/Agrobot/install/lely_core_libraries/share/ament_index/resource_index/parent_prefix_path/lely_core_libraries
-- Up-to-date: /home/gsylvia/agrobot-reverse-engineering/Agrobot/install/lely_core_libraries/share/lely_core_libraries/environment/ament_prefix_path.sh
-- Up-to-date: /home/gsylvia/agrobot-reverse-engineering/Agrobot/install/lely_core_libraries/share/lely_core_libraries/environment/ament_prefix_path.dsv
-- Up-to-date: /home/gsylvia/agrobot-reverse-engineering/Agrobot/install/lely_core_libraries/share/lely_core_libraries/environment/path.sh
-- Up-to-date: /home/gsylvia/agrobot-reverse-engineering/Agrobot/install/lely_core_libraries/share/lely_core_libraries/environment/path.dsv
-- Up-to-date: /home/gsylvia/agrobot-reverse-engineering/Agrobot/install/lely_core_libraries/share/lely_core_libraries/local_setup.bash
-- Up-to-date: /home/gsylvia/agrobot-reverse-engineering/Agrobot/install/lely_core_libraries/share/lely_core_libraries/local_setup.sh
-- Up-to-date: /home/gsylvia/agrobot-reverse-engineering/Agrobot/install/lely_core_libraries/share/lely_core_libraries/local_setup.zsh
-- Up-to-date: /home/gsylvia/agrobot-reverse-engineering/Agrobot/install/lely_core_libraries/share/lely_core_libraries/local_setup.dsv
-- Installing: /home/gsylvia/agrobot-reverse-engineering/Agrobot/install/lely_core_libraries/share/lely_core_libraries/package.dsv
-- Up-to-date: /home/gsylvia/agrobot-reverse-engineering/Agrobot/install/lely_core_libraries/share/ament_index/resource_index/packages/lely_core_libraries
-- Up-to-date: /home/gsylvia/agrobot-reverse-engineering/Agrobot/install/lely_core_libraries/share/lely_core_libraries/cmake/lely_core_libraries-extras.cmake
-- Up-to-date: /home/gsylvia/agrobot-reverse-engineering/Agrobot/install/lely_core_libraries/share/lely_core_libraries/cmake/ament_cmake_export_include_directories-extras.cmake
-- Up-to-date: /home/gsylvia/agrobot-reverse-engineering/Agrobot/install/lely_core_libraries/share/lely_core_libraries/cmake/ament_cmake_export_libraries-extras.cmake
-- Up-to-date: /home/gsylvia/agrobot-reverse-engineering/Agrobot/install/lely_core_libraries/share/lely_core_libraries/cmake/lely_core_librariesConfig.cmake
-- Up-to-date: /home/gsylvia/agrobot-reverse-engineering/Agrobot/install/lely_core_libraries/share/lely_core_libraries/cmake/lely_core_librariesConfig-version.cmake
-- Up-to-date: /home/gsylvia/agrobot-reverse-engineering/Agrobot/install/lely_core_libraries/share/lely_core_libraries/package.xml
--- stderr: lely_core_libraries
Checking patch configure.ac...
Hunk #1 succeeded at 577 (offset 8 lines).
Checking patch python/dcf-tools/Makefile.am...
Applied patch configure.ac cleanly.
Applied patch python/dcf-tools/Makefile.am cleanly.
/usr/lib/python3/dist-packages/setuptools/_distutils/cmd.py:66: SetuptoolsDeprecationWarning: setup.py install is deprecated.
!!

        ********************************************************************************
        Please avoid running ``setup.py`` directly.
        Instead, use pypa/build, pypa/installer or other
        standards-based tools.

        See https://blog.ganssle.io/articles/2021/10/setup-py-deprecated.html for details.
        ********************************************************************************

!!
  self.initialize_options()
configure.ac:17: warning: The macro `AC_PROG_CC_STDC' is obsolete.
configure.ac:17: You should run autoupdate.
./lib/autoconf/c.m4:1666: AC_PROG_CC_STDC is expanded from...
configure.ac:17: the top level
configure.ac:442: warning: AC_CHECK_HEADERS($ixxat_header): you should use literals
./lib/autoconf/headers.m4:217: AC_CHECK_HEADERS is expanded from...
lib/m4sugar/m4sh.m4:699: AS_IF is expanded from...
lib/m4sugar/m4sh.m4:699: AS_IF is expanded from...
configure.ac:442: the top level
libtool: warning: relinking 'liblely-tap.la'
libtool: warning: relinking 'liblely-util.la'
libtool: warning: relinking 'liblely-can.la'
libtool: warning: relinking 'liblely-co.la'
libtool: warning: relinking 'liblely-io.la'
libtool: warning: relinking 'liblely-ev.la'
libtool: warning: relinking 'liblely-io2.la'
libtool: warning: relinking 'liblely-coapp.la'
/usr/lib/python3/dist-packages/setuptools/_distutils/cmd.py:66: SetuptoolsDeprecationWarning: setup.py install is deprecated.
!!

        ********************************************************************************
        Please avoid running ``setup.py`` directly.
        Instead, use pypa/build, pypa/installer or other
        standards-based tools.

        See https://blog.ganssle.io/articles/2021/10/setup-py-deprecated.html for details.
        ********************************************************************************

!!
  self.initialize_options()
---
Finished <<< lely_core_libraries [12.2s]
Starting >>> canopen_core
Starting >>> canopen_fake_slaves
[ 33%] Built target motion_generator
[ 50%] Building CXX object CMakeFiles/basic_slave_node.dir/src/basic_slave.cpp.o
[ 66%] Building CXX object CMakeFiles/cia402_slave_node.dir/src/cia402_slave.cpp.o
[  5%] Built target gmock_main
[ 13%] Built target gmock
[ 25%] Building CXX object CMakeFiles/node_canopen_master.dir/src/node_interfaces/node_canopen_master.cpp.o
[ 25%] Building CXX object CMakeFiles/node_canopen_driver.dir/src/driver_node.cpp.o
[ 25%] Building CXX object CMakeFiles/node_canopen_master.dir/src/master_node.cpp.o
[ 25%] Building CXX object CMakeFiles/node_canopen_driver.dir/src/node_interfaces/node_canopen_driver.cpp.o
In file included from /home/gsylvia/agrobot-reverse-engineering/Agrobot/src/ros2_canopen/canopen_fake_slaves/src/basic_slave.cpp:15:
/home/gsylvia/agrobot-reverse-engineering/Agrobot/src/ros2_canopen/canopen_fake_slaves/include/canopen_fake_slaves/basic_slave.hpp: In member function ‘uint32_t ros2_canopen::SimpleSlave::GetValue(uint16_t, uint8_t) const’:
/home/gsylvia/agrobot-reverse-engineering/Agrobot/src/ros2_canopen/canopen_fake_slaves/include/canopen_fake_slaves/basic_slave.hpp:123:12: warning: possibly dangling reference to a temporary [-Wdangling-reference]
  123 |     auto & type = (*this)[idx][subidx].Type();
      |            ^~~~
/home/gsylvia/agrobot-reverse-engineering/Agrobot/src/ros2_canopen/canopen_fake_slaves/include/canopen_fake_slaves/basic_slave.hpp:123:44: note: the temporary was destroyed at the end of the full expression ‘((const ros2_canopen::SimpleSlave*)this)->ros2_canopen::SimpleSlave::<anonymous>.lely::canopen::BasicSlave::operator[](((std::ptrdiff_t)((uint16_t)idx))).lely::canopen::BasicSlave::ConstObject::operator[](((int)((uint8_t)subidx))).lely::canopen::BasicSlave::ConstSubObject::Type()’
  123 |     auto & type = (*this)[idx][subidx].Type();
      |                   ~~~~~~~~~~~~~~~~~~~~~~~~~^~
[ 83%] Linking CXX executable basic_slave_node
[100%] Linking CXX executable cia402_slave_node
[100%] Built target basic_slave_node
[100%] Built target cia402_slave_node
-- Install configuration: ""
-- Up-to-date: /home/gsylvia/agrobot-reverse-engineering/Agrobot/install/canopen_fake_slaves/lib/canopen_fake_slaves/libmotion_generator.so
-- Installing: /home/gsylvia/agrobot-reverse-engineering/Agrobot/install/canopen_fake_slaves/lib/canopen_fake_slaves/basic_slave_node
-- Set non-toolchain portion of runtime path of "/home/gsylvia/agrobot-reverse-engineering/Agrobot/install/canopen_fake_slaves/lib/canopen_fake_slaves/basic_slave_node" to ""
-- Installing: /home/gsylvia/agrobot-reverse-engineering/Agrobot/install/canopen_fake_slaves/lib/canopen_fake_slaves/cia402_slave_node
-- Set non-toolchain portion of runtime path of "/home/gsylvia/agrobot-reverse-engineering/Agrobot/install/canopen_fake_slaves/lib/canopen_fake_slaves/cia402_slave_node" to ""
-- Up-to-date: /home/gsylvia/agrobot-reverse-engineering/Agrobot/install/canopen_fake_slaves/share/canopen_fake_slaves/launch/
-- Up-to-date: /home/gsylvia/agrobot-reverse-engineering/Agrobot/install/canopen_fake_slaves/share/canopen_fake_slaves/launch//basic_slave.launch.py
-- Up-to-date: /home/gsylvia/agrobot-reverse-engineering/Agrobot/install/canopen_fake_slaves/share/canopen_fake_slaves/launch//cia402_slave.launch.py
-- Up-to-date: /home/gsylvia/agrobot-reverse-engineering/Agrobot/install/canopen_fake_slaves/share/canopen_fake_slaves/config/
-- Up-to-date: /home/gsylvia/agrobot-reverse-engineering/Agrobot/install/canopen_fake_slaves/share/canopen_fake_slaves/config//simple_slave.eds
-- Up-to-date: /home/gsylvia/agrobot-reverse-engineering/Agrobot/install/canopen_fake_slaves/share/canopen_fake_slaves/config//cia402_slave.eds
-- Up-to-date: /home/gsylvia/agrobot-reverse-engineering/Agrobot/install/canopen_fake_slaves/include
-- Up-to-date: /home/gsylvia/agrobot-reverse-engineering/Agrobot/install/canopen_fake_slaves/include/canopen_fake_slaves
-- Up-to-date: /home/gsylvia/agrobot-reverse-engineering/Agrobot/install/canopen_fake_slaves/include/canopen_fake_slaves/motion_generator.hpp
-- Up-to-date: /home/gsylvia/agrobot-reverse-engineering/Agrobot/install/canopen_fake_slaves/include/canopen_fake_slaves/base_slave.hpp
-- Up-to-date: /home/gsylvia/agrobot-reverse-engineering/Agrobot/install/canopen_fake_slaves/include/canopen_fake_slaves/basic_slave.hpp
-- Up-to-date: /home/gsylvia/agrobot-reverse-engineering/Agrobot/install/canopen_fake_slaves/include/canopen_fake_slaves/cia402_slave.hpp
-- Up-to-date: /home/gsylvia/agrobot-reverse-engineering/Agrobot/install/canopen_fake_slaves/share/ament_index/resource_index/package_run_dependencies/canopen_fake_slaves
-- Up-to-date: /home/gsylvia/agrobot-reverse-engineering/Agrobot/install/canopen_fake_slaves/share/ament_index/resource_index/parent_prefix_path/canopen_fake_slaves
-- Up-to-date: /home/gsylvia/agrobot-reverse-engineering/Agrobot/install/canopen_fake_slaves/share/canopen_fake_slaves/environment/ament_prefix_path.sh
-- Up-to-date: /home/gsylvia/agrobot-reverse-engineering/Agrobot/install/canopen_fake_slaves/share/canopen_fake_slaves/environment/ament_prefix_path.dsv
-- Up-to-date: /home/gsylvia/agrobot-reverse-engineering/Agrobot/install/canopen_fake_slaves/share/canopen_fake_slaves/environment/path.sh
-- Up-to-date: /home/gsylvia/agrobot-reverse-engineering/Agrobot/install/canopen_fake_slaves/share/canopen_fake_slaves/environment/path.dsv
-- Up-to-date: /home/gsylvia/agrobot-reverse-engineering/Agrobot/install/canopen_fake_slaves/share/canopen_fake_slaves/local_setup.bash
-- Up-to-date: /home/gsylvia/agrobot-reverse-engineering/Agrobot/install/canopen_fake_slaves/share/canopen_fake_slaves/local_setup.sh
-- Up-to-date: /home/gsylvia/agrobot-reverse-engineering/Agrobot/install/canopen_fake_slaves/share/canopen_fake_slaves/local_setup.zsh
-- Up-to-date: /home/gsylvia/agrobot-reverse-engineering/Agrobot/install/canopen_fake_slaves/share/canopen_fake_slaves/local_setup.dsv
-- Installing: /home/gsylvia/agrobot-reverse-engineering/Agrobot/install/canopen_fake_slaves/share/canopen_fake_slaves/package.dsv
-- Up-to-date: /home/gsylvia/agrobot-reverse-engineering/Agrobot/install/canopen_fake_slaves/share/ament_index/resource_index/packages/canopen_fake_slaves
-- Up-to-date: /home/gsylvia/agrobot-reverse-engineering/Agrobot/install/canopen_fake_slaves/share/canopen_fake_slaves/cmake/ament_cmake_export_include_directories-extras.cmake
-- Up-to-date: /home/gsylvia/agrobot-reverse-engineering/Agrobot/install/canopen_fake_slaves/share/canopen_fake_slaves/cmake/ament_cmake_export_dependencies-extras.cmake
-- Up-to-date: /home/gsylvia/agrobot-reverse-engineering/Agrobot/install/canopen_fake_slaves/share/canopen_fake_slaves/cmake/canopen_fake_slavesConfig.cmake
-- Up-to-date: /home/gsylvia/agrobot-reverse-engineering/Agrobot/install/canopen_fake_slaves/share/canopen_fake_slaves/cmake/canopen_fake_slavesConfig-version.cmake
-- Up-to-date: /home/gsylvia/agrobot-reverse-engineering/Agrobot/install/canopen_fake_slaves/share/canopen_fake_slaves/package.xml
--- stderr: canopen_fake_slaves
In file included from /home/gsylvia/agrobot-reverse-engineering/Agrobot/src/ros2_canopen/canopen_fake_slaves/src/basic_slave.cpp:15:
/home/gsylvia/agrobot-reverse-engineering/Agrobot/src/ros2_canopen/canopen_fake_slaves/include/canopen_fake_slaves/basic_slave.hpp: In member function ‘uint32_t ros2_canopen::SimpleSlave::GetValue(uint16_t, uint8_t) const’:
/home/gsylvia/agrobot-reverse-engineering/Agrobot/src/ros2_canopen/canopen_fake_slaves/include/canopen_fake_slaves/basic_slave.hpp:123:12: warning: possibly dangling reference to a temporary [-Wdangling-reference]
  123 |     auto & type = (*this)[idx][subidx].Type();
      |            ^~~~
/home/gsylvia/agrobot-reverse-engineering/Agrobot/src/ros2_canopen/canopen_fake_slaves/include/canopen_fake_slaves/basic_slave.hpp:123:44: note: the temporary was destroyed at the end of the full expression ‘((const ros2_canopen::SimpleSlave*)this)->ros2_canopen::SimpleSlave::<anonymous>.lely::canopen::BasicSlave::operator[](((std::ptrdiff_t)((uint16_t)idx))).lely::canopen::BasicSlave::ConstObject::operator[](((int)((uint8_t)subidx))).lely::canopen::BasicSlave::ConstSubObject::Type()’
  123 |     auto & type = (*this)[idx][subidx].Type();
      |                   ~~~~~~~~~~~~~~~~~~~~~~~~~^~
---
Finished <<< canopen_fake_slaves [3.59s]
[ 27%] Linking CXX shared library libnode_canopen_master.so
[ 30%] Linking CXX shared library libnode_canopen_driver.so
[ 33%] Built target node_canopen_master
[ 41%] Building CXX object test/CMakeFiles/test_canopen_master.dir/test_canopen_master.cpp.o
[ 41%] Building CXX object test/CMakeFiles/test_lifecycle_canopen_master.dir/test_lifecycle_canopen_master.cpp.o
[ 41%] Building CXX object test/CMakeFiles/test_node_canopen_master.dir/test_node_canopen_master.cpp.o
[ 44%] Built target node_canopen_driver
[ 47%] Building CXX object test/CMakeFiles/test_node_canopen_driver.dir/test_node_canopen_driver.cpp.o
[ 50%] Building CXX object test/CMakeFiles/test_lifecycle_canopen_driver.dir/test_lifecycle_canopen_driver.cpp.o
[ 52%] Building CXX object test/CMakeFiles/test_canopen_driver.dir/test_canopen_driver.cpp.o
[ 55%] Building CXX object CMakeFiles/device_container.dir/src/device_container.cpp.o
[ 58%] Linking CXX executable test_canopen_master
[ 58%] Built target test_canopen_master
[ 61%] Linking CXX executable test_node_canopen_driver
[ 63%] Linking CXX executable test_node_canopen_master
[ 66%] Linking CXX executable test_lifecycle_canopen_master
[ 66%] Built target test_node_canopen_driver
[ 69%] Linking CXX executable test_canopen_driver
[ 72%] Linking CXX shared library libdevice_container.so
[ 75%] Linking CXX executable test_lifecycle_canopen_driver
[ 75%] Built target test_node_canopen_master
[ 75%] Built target test_lifecycle_canopen_master
[ 83%] Built target device_container
[ 83%] Built target test_canopen_driver
[ 86%] Linking CXX executable test_errors
[ 88%] Linking CXX executable test_lifecycle_manager
[ 91%] Building CXX object CMakeFiles/device_container_node.dir/src/device_container_node.cpp.o
[ 91%] Built target test_lifecycle_canopen_driver
[ 94%] Built target test_errors
[ 97%] Built target test_lifecycle_manager
[100%] Linking CXX executable device_container_node
[100%] Built target device_container_node
-- Install configuration: ""
-- Up-to-date: /home/gsylvia/agrobot-reverse-engineering/Agrobot/install/canopen_core/include
-- Up-to-date: /home/gsylvia/agrobot-reverse-engineering/Agrobot/install/canopen_core/include/canopen_core
-- Up-to-date: /home/gsylvia/agrobot-reverse-engineering/Agrobot/install/canopen_core/include/canopen_core/device_container_error.hpp
-- Up-to-date: /home/gsylvia/agrobot-reverse-engineering/Agrobot/install/canopen_core/include/canopen_core/node_interfaces
-- Up-to-date: /home/gsylvia/agrobot-reverse-engineering/Agrobot/install/canopen_core/include/canopen_core/node_interfaces/node_canopen_driver.hpp
-- Up-to-date: /home/gsylvia/agrobot-reverse-engineering/Agrobot/install/canopen_core/include/canopen_core/node_interfaces/node_canopen_driver_interface.hpp
-- Up-to-date: /home/gsylvia/agrobot-reverse-engineering/Agrobot/install/canopen_core/include/canopen_core/node_interfaces/node_canopen_master.hpp
-- Up-to-date: /home/gsylvia/agrobot-reverse-engineering/Agrobot/install/canopen_core/include/canopen_core/node_interfaces/node_canopen_master_interface.hpp
-- Up-to-date: /home/gsylvia/agrobot-reverse-engineering/Agrobot/install/canopen_core/include/canopen_core/master_node.hpp
-- Up-to-date: /home/gsylvia/agrobot-reverse-engineering/Agrobot/install/canopen_core/include/canopen_core/device_container.hpp
-- Up-to-date: /home/gsylvia/agrobot-reverse-engineering/Agrobot/install/canopen_core/include/canopen_core/exchange.hpp
-- Up-to-date: /home/gsylvia/agrobot-reverse-engineering/Agrobot/install/canopen_core/include/canopen_core/visibility_control.h
-- Up-to-date: /home/gsylvia/agrobot-reverse-engineering/Agrobot/install/canopen_core/include/canopen_core/driver_node.hpp
-- Up-to-date: /home/gsylvia/agrobot-reverse-engineering/Agrobot/install/canopen_core/include/canopen_core/configuration_manager.hpp
-- Up-to-date: /home/gsylvia/agrobot-reverse-engineering/Agrobot/install/canopen_core/include/canopen_core/driver_error.hpp
-- Up-to-date: /home/gsylvia/agrobot-reverse-engineering/Agrobot/install/canopen_core/include/canopen_core/master_error.hpp
-- Up-to-date: /home/gsylvia/agrobot-reverse-engineering/Agrobot/install/canopen_core/include/canopen_core/lifecycle_manager.hpp
-- Up-to-date: /home/gsylvia/agrobot-reverse-engineering/Agrobot/install/canopen_core/share/canopen_core/launch/
-- Up-to-date: /home/gsylvia/agrobot-reverse-engineering/Agrobot/install/canopen_core/share/canopen_core/launch//canopen.launch.py
-- Installing: /home/gsylvia/agrobot-reverse-engineering/Agrobot/install/canopen_core/lib/libnode_canopen_driver.so
-- Set non-toolchain portion of runtime path of "/home/gsylvia/agrobot-reverse-engineering/Agrobot/install/canopen_core/lib/libnode_canopen_driver.so" to ""
-- Installing: /home/gsylvia/agrobot-reverse-engineering/Agrobot/install/canopen_core/lib/libnode_canopen_master.so
-- Set non-toolchain portion of runtime path of "/home/gsylvia/agrobot-reverse-engineering/Agrobot/install/canopen_core/lib/libnode_canopen_master.so" to ""
-- Installing: /home/gsylvia/agrobot-reverse-engineering/Agrobot/install/canopen_core/lib/libdevice_container.so
-- Set non-toolchain portion of runtime path of "/home/gsylvia/agrobot-reverse-engineering/Agrobot/install/canopen_core/lib/libdevice_container.so" to ""
-- Installing: /home/gsylvia/agrobot-reverse-engineering/Agrobot/install/canopen_core/lib/canopen_core/device_container_node
-- Set non-toolchain portion of runtime path of "/home/gsylvia/agrobot-reverse-engineering/Agrobot/install/canopen_core/lib/canopen_core/device_container_node" to ""
-- Up-to-date: /home/gsylvia/agrobot-reverse-engineering/Agrobot/install/canopen_core/share/canopen_core/environment/library_path.sh
-- Up-to-date: /home/gsylvia/agrobot-reverse-engineering/Agrobot/install/canopen_core/share/canopen_core/environment/library_path.dsv
-- Up-to-date: /home/gsylvia/agrobot-reverse-engineering/Agrobot/install/canopen_core/share/ament_index/resource_index/package_run_dependencies/canopen_core
-- Up-to-date: /home/gsylvia/agrobot-reverse-engineering/Agrobot/install/canopen_core/share/ament_index/resource_index/parent_prefix_path/canopen_core
-- Up-to-date: /home/gsylvia/agrobot-reverse-engineering/Agrobot/install/canopen_core/share/canopen_core/environment/ament_prefix_path.sh
-- Up-to-date: /home/gsylvia/agrobot-reverse-engineering/Agrobot/install/canopen_core/share/canopen_core/environment/ament_prefix_path.dsv
-- Up-to-date: /home/gsylvia/agrobot-reverse-engineering/Agrobot/install/canopen_core/share/canopen_core/environment/path.sh
-- Up-to-date: /home/gsylvia/agrobot-reverse-engineering/Agrobot/install/canopen_core/share/canopen_core/environment/path.dsv
-- Up-to-date: /home/gsylvia/agrobot-reverse-engineering/Agrobot/install/canopen_core/share/canopen_core/local_setup.bash
-- Up-to-date: /home/gsylvia/agrobot-reverse-engineering/Agrobot/install/canopen_core/share/canopen_core/local_setup.sh
-- Up-to-date: /home/gsylvia/agrobot-reverse-engineering/Agrobot/install/canopen_core/share/canopen_core/local_setup.zsh
-- Up-to-date: /home/gsylvia/agrobot-reverse-engineering/Agrobot/install/canopen_core/share/canopen_core/local_setup.dsv
-- Installing: /home/gsylvia/agrobot-reverse-engineering/Agrobot/install/canopen_core/share/canopen_core/package.dsv
-- Up-to-date: /home/gsylvia/agrobot-reverse-engineering/Agrobot/install/canopen_core/share/ament_index/resource_index/packages/canopen_core
-- Up-to-date: /home/gsylvia/agrobot-reverse-engineering/Agrobot/install/canopen_core/share/canopen_core/cmake/export_canopen_coreExport.cmake
-- Up-to-date: /home/gsylvia/agrobot-reverse-engineering/Agrobot/install/canopen_core/share/canopen_core/cmake/export_canopen_coreExport-noconfig.cmake
-- Up-to-date: /home/gsylvia/agrobot-reverse-engineering/Agrobot/install/canopen_core/share/canopen_core/cmake/ConfigExtras.cmake
-- Up-to-date: /home/gsylvia/agrobot-reverse-engineering/Agrobot/install/canopen_core/share/canopen_core/cmake/ament_cmake_export_include_directories-extras.cmake
-- Up-to-date: /home/gsylvia/agrobot-reverse-engineering/Agrobot/install/canopen_core/share/canopen_core/cmake/ament_cmake_export_libraries-extras.cmake
-- Up-to-date: /home/gsylvia/agrobot-reverse-engineering/Agrobot/install/canopen_core/share/canopen_core/cmake/ament_cmake_export_targets-extras.cmake
-- Up-to-date: /home/gsylvia/agrobot-reverse-engineering/Agrobot/install/canopen_core/share/canopen_core/cmake/ament_cmake_export_dependencies-extras.cmake
-- Up-to-date: /home/gsylvia/agrobot-reverse-engineering/Agrobot/install/canopen_core/share/canopen_core/cmake/canopen_coreConfig.cmake
-- Up-to-date: /home/gsylvia/agrobot-reverse-engineering/Agrobot/install/canopen_core/share/canopen_core/cmake/canopen_coreConfig-version.cmake
-- Up-to-date: /home/gsylvia/agrobot-reverse-engineering/Agrobot/install/canopen_core/share/canopen_core/package.xml
Finished <<< canopen_core [12.4s]
Starting >>> canopen_base_driver
Starting >>> canopen_master_driver
[ 25%] Built target gtest
[ 25%] Built target gtest_main
[ 16%] Built target gtest_main
[ 22%] Built target gtest
[ 27%] Building CXX object CMakeFiles/lely_master_bridge.dir/src/lely_master_bridge.cpp.o
[ 31%] Building CXX object CMakeFiles/lely_driver_bridge.dir/src/lely_driver_bridge.cpp.o
[ 37%] Building CXX object test/CMakeFiles/test_base_driver_component.dir/test_base_driver_component.cpp.o
[ 33%] Linking CXX shared library liblely_master_bridge.so
[ 33%] Built target lely_master_bridge
[ 38%] Building CXX object CMakeFiles/node_canopen_basic_master.dir/src/node_interfaces/node_canopen_basic_master.cpp.o
[ 43%] Linking CXX shared library liblely_driver_bridge.so
[ 43%] Built target lely_driver_bridge
[ 50%] Building CXX object CMakeFiles/node_canopen_base_driver.dir/src/node_interfaces/node_canopen_base_driver.cpp.o
[ 56%] Linking CXX executable test_base_driver_component
[ 56%] Built target test_base_driver_component
[ 44%] Linking CXX shared library libnode_canopen_basic_master.so
[ 44%] Built target node_canopen_basic_master
[ 55%] Building CXX object CMakeFiles/lifecycle_master_driver.dir/src/lifecycle_master_driver.cpp.o
[ 55%] Building CXX object CMakeFiles/master_driver.dir/src/master_driver.cpp.o
[ 62%] Linking CXX shared library libnode_canopen_base_driver.so
[ 62%] Built target node_canopen_base_driver
[ 81%] Building CXX object CMakeFiles/base_driver.dir/src/base_driver.cpp.o
[ 81%] Building CXX object test/CMakeFiles/test_node_canopen_base_driver_ros.dir/test_node_canopen_base_driver_ros.cpp.o
[ 81%] Building CXX object CMakeFiles/lifecycle_base_driver.dir/src/lifecycle_base_driver.cpp.o
[ 61%] Linking CXX shared library liblifecycle_master_driver.so
[ 66%] Linking CXX shared library libmaster_driver.so
[ 66%] Built target lifecycle_master_driver
[ 66%] Built target master_driver
[ 77%] Building CXX object test/CMakeFiles/test_master_driver_component.dir/test_master_driver_component.cpp.o
[ 77%] Building CXX object test/CMakeFiles/test_node_canopen_basic_driver_ros.dir/test_node_canopen_basic_master_ros.cpp.o
[ 83%] Building CXX object test/CMakeFiles/test_node_canopen_basic_driver.dir/test_node_canopen_basic_master.cpp.o
[ 87%] Linking CXX shared library libbase_driver.so
[ 87%] Built target base_driver
[ 93%] Linking CXX executable test_node_canopen_base_driver_ros
[100%] Linking CXX shared library liblifecycle_base_driver.so
[100%] Built target test_node_canopen_base_driver_ros
[100%] Built target lifecycle_base_driver
-- Install configuration: ""
-- Up-to-date: /home/gsylvia/agrobot-reverse-engineering/Agrobot/install/canopen_base_driver/include
-- Up-to-date: /home/gsylvia/agrobot-reverse-engineering/Agrobot/install/canopen_base_driver/include/canopen_base_driver
-- Up-to-date: /home/gsylvia/agrobot-reverse-engineering/Agrobot/install/canopen_base_driver/include/canopen_base_driver/node_interfaces
-- Up-to-date: /home/gsylvia/agrobot-reverse-engineering/Agrobot/install/canopen_base_driver/include/canopen_base_driver/node_interfaces/node_canopen_base_driver.hpp
-- Up-to-date: /home/gsylvia/agrobot-reverse-engineering/Agrobot/install/canopen_base_driver/include/canopen_base_driver/node_interfaces/node_canopen_base_driver_impl.hpp
-- Up-to-date: /home/gsylvia/agrobot-reverse-engineering/Agrobot/install/canopen_base_driver/include/canopen_base_driver/lely_driver_bridge.hpp
-- Up-to-date: /home/gsylvia/agrobot-reverse-engineering/Agrobot/install/canopen_base_driver/include/canopen_base_driver/visibility_control.h
-- Up-to-date: /home/gsylvia/agrobot-reverse-engineering/Agrobot/install/canopen_base_driver/include/canopen_base_driver/lifecycle_base_driver.hpp
-- Up-to-date: /home/gsylvia/agrobot-reverse-engineering/Agrobot/install/canopen_base_driver/include/canopen_base_driver/diagnostic_collector.hpp
-- Up-to-date: /home/gsylvia/agrobot-reverse-engineering/Agrobot/install/canopen_base_driver/include/canopen_base_driver/base_driver.hpp
-- Installing: /home/gsylvia/agrobot-reverse-engineering/Agrobot/install/canopen_base_driver/lib/liblifecycle_base_driver.so
-- Set non-toolchain portion of runtime path of "/home/gsylvia/agrobot-reverse-engineering/Agrobot/install/canopen_base_driver/lib/liblifecycle_base_driver.so" to ""
-- Installing: /home/gsylvia/agrobot-reverse-engineering/Agrobot/install/canopen_base_driver/lib/libbase_driver.so
-- Set non-toolchain portion of runtime path of "/home/gsylvia/agrobot-reverse-engineering/Agrobot/install/canopen_base_driver/lib/libbase_driver.so" to ""
-- Installing: /home/gsylvia/agrobot-reverse-engineering/Agrobot/install/canopen_base_driver/lib/libnode_canopen_base_driver.so
-- Set non-toolchain portion of runtime path of "/home/gsylvia/agrobot-reverse-engineering/Agrobot/install/canopen_base_driver/lib/libnode_canopen_base_driver.so" to ""
-- Installing: /home/gsylvia/agrobot-reverse-engineering/Agrobot/install/canopen_base_driver/lib/liblely_driver_bridge.so
-- Set non-toolchain portion of runtime path of "/home/gsylvia/agrobot-reverse-engineering/Agrobot/install/canopen_base_driver/lib/liblely_driver_bridge.so" to ""
-- Up-to-date: /home/gsylvia/agrobot-reverse-engineering/Agrobot/install/canopen_base_driver/share/canopen_base_driver/environment/library_path.sh
-- Up-to-date: /home/gsylvia/agrobot-reverse-engineering/Agrobot/install/canopen_base_driver/share/canopen_base_driver/environment/library_path.dsv
-- Up-to-date: /home/gsylvia/agrobot-reverse-engineering/Agrobot/install/canopen_base_driver/share/ament_index/resource_index/package_run_dependencies/canopen_base_driver
-- Up-to-date: /home/gsylvia/agrobot-reverse-engineering/Agrobot/install/canopen_base_driver/share/ament_index/resource_index/parent_prefix_path/canopen_base_driver
-- Up-to-date: /home/gsylvia/agrobot-reverse-engineering/Agrobot/install/canopen_base_driver/share/canopen_base_driver/environment/ament_prefix_path.sh
-- Up-to-date: /home/gsylvia/agrobot-reverse-engineering/Agrobot/install/canopen_base_driver/share/canopen_base_driver/environment/ament_prefix_path.dsv
-- Up-to-date: /home/gsylvia/agrobot-reverse-engineering/Agrobot/install/canopen_base_driver/share/canopen_base_driver/environment/path.sh
-- Up-to-date: /home/gsylvia/agrobot-reverse-engineering/Agrobot/install/canopen_base_driver/share/canopen_base_driver/environment/path.dsv
-- Up-to-date: /home/gsylvia/agrobot-reverse-engineering/Agrobot/install/canopen_base_driver/share/canopen_base_driver/local_setup.bash
-- Up-to-date: /home/gsylvia/agrobot-reverse-engineering/Agrobot/install/canopen_base_driver/share/canopen_base_driver/local_setup.sh
-- Up-to-date: /home/gsylvia/agrobot-reverse-engineering/Agrobot/install/canopen_base_driver/share/canopen_base_driver/local_setup.zsh
-- Up-to-date: /home/gsylvia/agrobot-reverse-engineering/Agrobot/install/canopen_base_driver/share/canopen_base_driver/local_setup.dsv
-- Installing: /home/gsylvia/agrobot-reverse-engineering/Agrobot/install/canopen_base_driver/share/canopen_base_driver/package.dsv
-- Up-to-date: /home/gsylvia/agrobot-reverse-engineering/Agrobot/install/canopen_base_driver/share/ament_index/resource_index/packages/canopen_base_driver
-- Up-to-date: /home/gsylvia/agrobot-reverse-engineering/Agrobot/install/canopen_base_driver/share/ament_index/resource_index/rclcpp_components/canopen_base_driver
-- Up-to-date: /home/gsylvia/agrobot-reverse-engineering/Agrobot/install/canopen_base_driver/share/canopen_base_driver/cmake/export_canopen_base_driverExport.cmake
-- Up-to-date: /home/gsylvia/agrobot-reverse-engineering/Agrobot/install/canopen_base_driver/share/canopen_base_driver/cmake/export_canopen_base_driverExport-noconfig.cmake
-- Up-to-date: /home/gsylvia/agrobot-reverse-engineering/Agrobot/install/canopen_base_driver/share/canopen_base_driver/cmake/ament_cmake_export_include_directories-extras.cmake
-- Up-to-date: /home/gsylvia/agrobot-reverse-engineering/Agrobot/install/canopen_base_driver/share/canopen_base_driver/cmake/ament_cmake_export_libraries-extras.cmake
-- Up-to-date: /home/gsylvia/agrobot-reverse-engineering/Agrobot/install/canopen_base_driver/share/canopen_base_driver/cmake/ament_cmake_export_targets-extras.cmake
-- Up-to-date: /home/gsylvia/agrobot-reverse-engineering/Agrobot/install/canopen_base_driver/share/canopen_base_driver/cmake/ament_cmake_export_dependencies-extras.cmake
-- Up-to-date: /home/gsylvia/agrobot-reverse-engineering/Agrobot/install/canopen_base_driver/share/canopen_base_driver/cmake/canopen_base_driverConfig.cmake
-- Up-to-date: /home/gsylvia/agrobot-reverse-engineering/Agrobot/install/canopen_base_driver/share/canopen_base_driver/cmake/canopen_base_driverConfig-version.cmake
-- Up-to-date: /home/gsylvia/agrobot-reverse-engineering/Agrobot/install/canopen_base_driver/share/canopen_base_driver/package.xml
Finished <<< canopen_base_driver [15.9s]
Starting >>> canopen_proxy_driver
[ 28%] Built target gtest_main
[ 28%] Built target gtest
[ 35%] Building CXX object CMakeFiles/node_canopen_proxy_driver.dir/src/node_interfaces/node_canopen_proxy_driver.cpp.o
[ 42%] Building CXX object test/CMakeFiles/test_driver_component.dir/test_driver_component.cpp.o
[ 88%] Linking CXX executable test_node_canopen_basic_driver
[ 94%] Linking CXX executable test_master_driver_component
[ 94%] Built target test_master_driver_component
[ 94%] Built target test_node_canopen_basic_driver
[100%] Linking CXX executable test_node_canopen_basic_driver_ros
[100%] Built target test_node_canopen_basic_driver_ros
-- Install configuration: ""
-- Up-to-date: /home/gsylvia/agrobot-reverse-engineering/Agrobot/install/canopen_master_driver/include
-- Up-to-date: /home/gsylvia/agrobot-reverse-engineering/Agrobot/install/canopen_master_driver/include/canopen_master_driver
-- Up-to-date: /home/gsylvia/agrobot-reverse-engineering/Agrobot/install/canopen_master_driver/include/canopen_master_driver/node_interfaces
-- Up-to-date: /home/gsylvia/agrobot-reverse-engineering/Agrobot/install/canopen_master_driver/include/canopen_master_driver/node_interfaces/node_canopen_basic_master.hpp
-- Up-to-date: /home/gsylvia/agrobot-reverse-engineering/Agrobot/install/canopen_master_driver/include/canopen_master_driver/node_interfaces/node_canopen_basic_master_impl.hpp
-- Up-to-date: /home/gsylvia/agrobot-reverse-engineering/Agrobot/install/canopen_master_driver/include/canopen_master_driver/lifecycle_master_driver.hpp
-- Up-to-date: /home/gsylvia/agrobot-reverse-engineering/Agrobot/install/canopen_master_driver/include/canopen_master_driver/visibility_control.h
-- Up-to-date: /home/gsylvia/agrobot-reverse-engineering/Agrobot/install/canopen_master_driver/include/canopen_master_driver/master_driver.hpp
-- Up-to-date: /home/gsylvia/agrobot-reverse-engineering/Agrobot/install/canopen_master_driver/include/canopen_master_driver/lely_master_bridge.hpp
-- Installing: /home/gsylvia/agrobot-reverse-engineering/Agrobot/install/canopen_master_driver/lib/liblifecycle_master_driver.so
-- Set non-toolchain portion of runtime path of "/home/gsylvia/agrobot-reverse-engineering/Agrobot/install/canopen_master_driver/lib/liblifecycle_master_driver.so" to ""
-- Installing: /home/gsylvia/agrobot-reverse-engineering/Agrobot/install/canopen_master_driver/lib/libmaster_driver.so
-- Set non-toolchain portion of runtime path of "/home/gsylvia/agrobot-reverse-engineering/Agrobot/install/canopen_master_driver/lib/libmaster_driver.so" to ""
-- Installing: /home/gsylvia/agrobot-reverse-engineering/Agrobot/install/canopen_master_driver/lib/libnode_canopen_basic_master.so
-- Set non-toolchain portion of runtime path of "/home/gsylvia/agrobot-reverse-engineering/Agrobot/install/canopen_master_driver/lib/libnode_canopen_basic_master.so" to ""
-- Installing: /home/gsylvia/agrobot-reverse-engineering/Agrobot/install/canopen_master_driver/lib/liblely_master_bridge.so
-- Set non-toolchain portion of runtime path of "/home/gsylvia/agrobot-reverse-engineering/Agrobot/install/canopen_master_driver/lib/liblely_master_bridge.so" to ""
-- Up-to-date: /home/gsylvia/agrobot-reverse-engineering/Agrobot/install/canopen_master_driver/share/canopen_master_driver/environment/library_path.sh
-- Up-to-date: /home/gsylvia/agrobot-reverse-engineering/Agrobot/install/canopen_master_driver/share/canopen_master_driver/environment/library_path.dsv
-- Up-to-date: /home/gsylvia/agrobot-reverse-engineering/Agrobot/install/canopen_master_driver/share/ament_index/resource_index/package_run_dependencies/canopen_master_driver
-- Up-to-date: /home/gsylvia/agrobot-reverse-engineering/Agrobot/install/canopen_master_driver/share/ament_index/resource_index/parent_prefix_path/canopen_master_driver
-- Up-to-date: /home/gsylvia/agrobot-reverse-engineering/Agrobot/install/canopen_master_driver/share/canopen_master_driver/environment/ament_prefix_path.sh
-- Up-to-date: /home/gsylvia/agrobot-reverse-engineering/Agrobot/install/canopen_master_driver/share/canopen_master_driver/environment/ament_prefix_path.dsv
-- Up-to-date: /home/gsylvia/agrobot-reverse-engineering/Agrobot/install/canopen_master_driver/share/canopen_master_driver/environment/path.sh
-- Up-to-date: /home/gsylvia/agrobot-reverse-engineering/Agrobot/install/canopen_master_driver/share/canopen_master_driver/environment/path.dsv
-- Up-to-date: /home/gsylvia/agrobot-reverse-engineering/Agrobot/install/canopen_master_driver/share/canopen_master_driver/local_setup.bash
-- Up-to-date: /home/gsylvia/agrobot-reverse-engineering/Agrobot/install/canopen_master_driver/share/canopen_master_driver/local_setup.sh
-- Up-to-date: /home/gsylvia/agrobot-reverse-engineering/Agrobot/install/canopen_master_driver/share/canopen_master_driver/local_setup.zsh
-- Up-to-date: /home/gsylvia/agrobot-reverse-engineering/Agrobot/install/canopen_master_driver/share/canopen_master_driver/local_setup.dsv
-- Installing: /home/gsylvia/agrobot-reverse-engineering/Agrobot/install/canopen_master_driver/share/canopen_master_driver/package.dsv
-- Up-to-date: /home/gsylvia/agrobot-reverse-engineering/Agrobot/install/canopen_master_driver/share/ament_index/resource_index/packages/canopen_master_driver
-- Up-to-date: /home/gsylvia/agrobot-reverse-engineering/Agrobot/install/canopen_master_driver/share/ament_index/resource_index/rclcpp_components/canopen_master_driver
-- Up-to-date: /home/gsylvia/agrobot-reverse-engineering/Agrobot/install/canopen_master_driver/share/canopen_master_driver/cmake/export_canopen_master_driverExport.cmake
-- Up-to-date: /home/gsylvia/agrobot-reverse-engineering/Agrobot/install/canopen_master_driver/share/canopen_master_driver/cmake/export_canopen_master_driverExport-noconfig.cmake
-- Up-to-date: /home/gsylvia/agrobot-reverse-engineering/Agrobot/install/canopen_master_driver/share/canopen_master_driver/cmake/ament_cmake_export_include_directories-extras.cmake
-- Up-to-date: /home/gsylvia/agrobot-reverse-engineering/Agrobot/install/canopen_master_driver/share/canopen_master_driver/cmake/ament_cmake_export_libraries-extras.cmake
-- Up-to-date: /home/gsylvia/agrobot-reverse-engineering/Agrobot/install/canopen_master_driver/share/canopen_master_driver/cmake/ament_cmake_export_targets-extras.cmake
-- Up-to-date: /home/gsylvia/agrobot-reverse-engineering/Agrobot/install/canopen_master_driver/share/canopen_master_driver/cmake/ament_cmake_export_dependencies-extras.cmake
-- Up-to-date: /home/gsylvia/agrobot-reverse-engineering/Agrobot/install/canopen_master_driver/share/canopen_master_driver/cmake/canopen_master_driverConfig.cmake
-- Up-to-date: /home/gsylvia/agrobot-reverse-engineering/Agrobot/install/canopen_master_driver/share/canopen_master_driver/cmake/canopen_master_driverConfig-version.cmake
-- Up-to-date: /home/gsylvia/agrobot-reverse-engineering/Agrobot/install/canopen_master_driver/share/canopen_master_driver/package.xml
Finished <<< canopen_master_driver [18.6s]
[ 50%] Linking CXX executable test_driver_component
[ 50%] Built target test_driver_component
[ 57%] Linking CXX shared library libnode_canopen_proxy_driver.so
[ 57%] Built target node_canopen_proxy_driver
[ 71%] Building CXX object CMakeFiles/lifecycle_proxy_driver.dir/src/lifecycle_proxy_driver.cpp.o
[ 78%] Building CXX object test/CMakeFiles/test_node_interface.dir/test_node_interface.cpp.o
[ 71%] Building CXX object CMakeFiles/proxy_driver.dir/src/proxy_driver.cpp.o
[ 85%] Linking CXX executable test_node_interface
[ 92%] Linking CXX shared library libproxy_driver.so
[100%] Linking CXX shared library liblifecycle_proxy_driver.so
[100%] Built target test_node_interface
[100%] Built target proxy_driver
[100%] Built target lifecycle_proxy_driver
-- Install configuration: ""
-- Up-to-date: /home/gsylvia/agrobot-reverse-engineering/Agrobot/install/canopen_proxy_driver/include
-- Up-to-date: /home/gsylvia/agrobot-reverse-engineering/Agrobot/install/canopen_proxy_driver/include/canopen_proxy_driver
-- Up-to-date: /home/gsylvia/agrobot-reverse-engineering/Agrobot/install/canopen_proxy_driver/include/canopen_proxy_driver/node_interfaces
-- Up-to-date: /home/gsylvia/agrobot-reverse-engineering/Agrobot/install/canopen_proxy_driver/include/canopen_proxy_driver/node_interfaces/node_canopen_proxy_driver_impl.hpp
-- Up-to-date: /home/gsylvia/agrobot-reverse-engineering/Agrobot/install/canopen_proxy_driver/include/canopen_proxy_driver/node_interfaces/node_canopen_proxy_driver.hpp
-- Up-to-date: /home/gsylvia/agrobot-reverse-engineering/Agrobot/install/canopen_proxy_driver/include/canopen_proxy_driver/proxy_driver.hpp
-- Up-to-date: /home/gsylvia/agrobot-reverse-engineering/Agrobot/install/canopen_proxy_driver/include/canopen_proxy_driver/visibility_control.h
-- Up-to-date: /home/gsylvia/agrobot-reverse-engineering/Agrobot/install/canopen_proxy_driver/include/canopen_proxy_driver/lifecycle_proxy_driver.hpp
-- Installing: /home/gsylvia/agrobot-reverse-engineering/Agrobot/install/canopen_proxy_driver/lib/liblifecycle_proxy_driver.so
-- Set non-toolchain portion of runtime path of "/home/gsylvia/agrobot-reverse-engineering/Agrobot/install/canopen_proxy_driver/lib/liblifecycle_proxy_driver.so" to ""
-- Installing: /home/gsylvia/agrobot-reverse-engineering/Agrobot/install/canopen_proxy_driver/lib/libproxy_driver.so
-- Set non-toolchain portion of runtime path of "/home/gsylvia/agrobot-reverse-engineering/Agrobot/install/canopen_proxy_driver/lib/libproxy_driver.so" to ""
-- Installing: /home/gsylvia/agrobot-reverse-engineering/Agrobot/install/canopen_proxy_driver/lib/libnode_canopen_proxy_driver.so
-- Set non-toolchain portion of runtime path of "/home/gsylvia/agrobot-reverse-engineering/Agrobot/install/canopen_proxy_driver/lib/libnode_canopen_proxy_driver.so" to ""
-- Up-to-date: /home/gsylvia/agrobot-reverse-engineering/Agrobot/install/canopen_proxy_driver/share/canopen_proxy_driver/environment/library_path.sh
-- Up-to-date: /home/gsylvia/agrobot-reverse-engineering/Agrobot/install/canopen_proxy_driver/share/canopen_proxy_driver/environment/library_path.dsv
-- Up-to-date: /home/gsylvia/agrobot-reverse-engineering/Agrobot/install/canopen_proxy_driver/share/ament_index/resource_index/package_run_dependencies/canopen_proxy_driver
-- Up-to-date: /home/gsylvia/agrobot-reverse-engineering/Agrobot/install/canopen_proxy_driver/share/ament_index/resource_index/parent_prefix_path/canopen_proxy_driver
-- Up-to-date: /home/gsylvia/agrobot-reverse-engineering/Agrobot/install/canopen_proxy_driver/share/canopen_proxy_driver/environment/ament_prefix_path.sh
-- Up-to-date: /home/gsylvia/agrobot-reverse-engineering/Agrobot/install/canopen_proxy_driver/share/canopen_proxy_driver/environment/ament_prefix_path.dsv
-- Up-to-date: /home/gsylvia/agrobot-reverse-engineering/Agrobot/install/canopen_proxy_driver/share/canopen_proxy_driver/environment/path.sh
-- Up-to-date: /home/gsylvia/agrobot-reverse-engineering/Agrobot/install/canopen_proxy_driver/share/canopen_proxy_driver/environment/path.dsv
-- Up-to-date: /home/gsylvia/agrobot-reverse-engineering/Agrobot/install/canopen_proxy_driver/share/canopen_proxy_driver/local_setup.bash
-- Up-to-date: /home/gsylvia/agrobot-reverse-engineering/Agrobot/install/canopen_proxy_driver/share/canopen_proxy_driver/local_setup.sh
-- Up-to-date: /home/gsylvia/agrobot-reverse-engineering/Agrobot/install/canopen_proxy_driver/share/canopen_proxy_driver/local_setup.zsh
-- Up-to-date: /home/gsylvia/agrobot-reverse-engineering/Agrobot/install/canopen_proxy_driver/share/canopen_proxy_driver/local_setup.dsv
-- Installing: /home/gsylvia/agrobot-reverse-engineering/Agrobot/install/canopen_proxy_driver/share/canopen_proxy_driver/package.dsv
-- Up-to-date: /home/gsylvia/agrobot-reverse-engineering/Agrobot/install/canopen_proxy_driver/share/ament_index/resource_index/packages/canopen_proxy_driver
-- Up-to-date: /home/gsylvia/agrobot-reverse-engineering/Agrobot/install/canopen_proxy_driver/share/ament_index/resource_index/rclcpp_components/canopen_proxy_driver
-- Up-to-date: /home/gsylvia/agrobot-reverse-engineering/Agrobot/install/canopen_proxy_driver/share/canopen_proxy_driver/cmake/export_canopen_proxy_driverExport.cmake
-- Up-to-date: /home/gsylvia/agrobot-reverse-engineering/Agrobot/install/canopen_proxy_driver/share/canopen_proxy_driver/cmake/export_canopen_proxy_driverExport-noconfig.cmake
-- Up-to-date: /home/gsylvia/agrobot-reverse-engineering/Agrobot/install/canopen_proxy_driver/share/canopen_proxy_driver/cmake/ament_cmake_export_include_directories-extras.cmake
-- Up-to-date: /home/gsylvia/agrobot-reverse-engineering/Agrobot/install/canopen_proxy_driver/share/canopen_proxy_driver/cmake/ament_cmake_export_libraries-extras.cmake
-- Up-to-date: /home/gsylvia/agrobot-reverse-engineering/Agrobot/install/canopen_proxy_driver/share/canopen_proxy_driver/cmake/ament_cmake_export_targets-extras.cmake
-- Up-to-date: /home/gsylvia/agrobot-reverse-engineering/Agrobot/install/canopen_proxy_driver/share/canopen_proxy_driver/cmake/ament_cmake_export_dependencies-extras.cmake
-- Up-to-date: /home/gsylvia/agrobot-reverse-engineering/Agrobot/install/canopen_proxy_driver/share/canopen_proxy_driver/cmake/canopen_proxy_driverConfig.cmake
-- Up-to-date: /home/gsylvia/agrobot-reverse-engineering/Agrobot/install/canopen_proxy_driver/share/canopen_proxy_driver/cmake/canopen_proxy_driverConfig-version.cmake
-- Up-to-date: /home/gsylvia/agrobot-reverse-engineering/Agrobot/install/canopen_proxy_driver/share/canopen_proxy_driver/package.xml
Finished <<< canopen_proxy_driver [15.3s]
Starting >>> canopen_402_driver
[ 11%] Built target gtest
[ 23%] Built target gtest_main
[ 29%] Building CXX object CMakeFiles/lely_motion_controller_bridge.dir/src/motor.cpp.o
[ 35%] Building CXX object CMakeFiles/lely_motion_controller_bridge.dir/src/default_homing_mode.cpp.o
[ 41%] Building CXX object test/CMakeFiles/test_driver_component.dir/test_driver_component.cpp.o
[ 47%] Linking CXX executable test_driver_component
[ 47%] Built target test_driver_component
[ 52%] Linking CXX shared library liblely_motion_controller_bridge.so
[ 64%] Built target lely_motion_controller_bridge
[ 70%] Building CXX object CMakeFiles/node_canopen_cia402_driver.dir/src/node_interfaces/node_canopen_402_driver.cpp.o
[ 76%] Linking CXX shared library libnode_canopen_cia402_driver.so
[ 76%] Built target node_canopen_cia402_driver
[ 88%] Building CXX object CMakeFiles/lifecycle_cia402_driver.dir/src/lifecycle_cia402_driver.cpp.o
[ 88%] Building CXX object CMakeFiles/cia402_driver.dir/src/cia402_driver.cpp.o
[ 94%] Linking CXX shared library libcia402_driver.so
[100%] Linking CXX shared library liblifecycle_cia402_driver.so
[100%] Built target cia402_driver
[100%] Built target lifecycle_cia402_driver
-- Install configuration: ""
-- Up-to-date: /home/gsylvia/agrobot-reverse-engineering/Agrobot/install/canopen_402_driver/include
-- Up-to-date: /home/gsylvia/agrobot-reverse-engineering/Agrobot/install/canopen_402_driver/include/canopen_402_driver
-- Up-to-date: /home/gsylvia/agrobot-reverse-engineering/Agrobot/install/canopen_402_driver/include/canopen_402_driver/node_interfaces
-- Up-to-date: /home/gsylvia/agrobot-reverse-engineering/Agrobot/install/canopen_402_driver/include/canopen_402_driver/node_interfaces/node_canopen_402_driver.hpp
-- Up-to-date: /home/gsylvia/agrobot-reverse-engineering/Agrobot/install/canopen_402_driver/include/canopen_402_driver/node_interfaces/node_canopen_402_driver_impl.hpp
-- Up-to-date: /home/gsylvia/agrobot-reverse-engineering/Agrobot/install/canopen_402_driver/include/canopen_402_driver/state.hpp
-- Up-to-date: /home/gsylvia/agrobot-reverse-engineering/Agrobot/install/canopen_402_driver/include/canopen_402_driver/base.hpp
-- Up-to-date: /home/gsylvia/agrobot-reverse-engineering/Agrobot/install/canopen_402_driver/include/canopen_402_driver/command.hpp
-- Up-to-date: /home/gsylvia/agrobot-reverse-engineering/Agrobot/install/canopen_402_driver/include/canopen_402_driver/profiled_position_mode.hpp
-- Up-to-date: /home/gsylvia/agrobot-reverse-engineering/Agrobot/install/canopen_402_driver/include/canopen_402_driver/cia402_driver.hpp
-- Up-to-date: /home/gsylvia/agrobot-reverse-engineering/Agrobot/install/canopen_402_driver/include/canopen_402_driver/lifecycle_cia402_driver.hpp
-- Up-to-date: /home/gsylvia/agrobot-reverse-engineering/Agrobot/install/canopen_402_driver/include/canopen_402_driver/default_homing_mode.hpp
-- Up-to-date: /home/gsylvia/agrobot-reverse-engineering/Agrobot/install/canopen_402_driver/include/canopen_402_driver/visibility_control.h
-- Up-to-date: /home/gsylvia/agrobot-reverse-engineering/Agrobot/install/canopen_402_driver/include/canopen_402_driver/mode_forward_helper.hpp
-- Up-to-date: /home/gsylvia/agrobot-reverse-engineering/Agrobot/install/canopen_402_driver/include/canopen_402_driver/motor.hpp
-- Up-to-date: /home/gsylvia/agrobot-reverse-engineering/Agrobot/install/canopen_402_driver/include/canopen_402_driver/homing_mode.hpp
-- Up-to-date: /home/gsylvia/agrobot-reverse-engineering/Agrobot/install/canopen_402_driver/include/canopen_402_driver/word_accessor.hpp
-- Up-to-date: /home/gsylvia/agrobot-reverse-engineering/Agrobot/install/canopen_402_driver/include/canopen_402_driver/mode.hpp
-- Up-to-date: /home/gsylvia/agrobot-reverse-engineering/Agrobot/install/canopen_402_driver/include/canopen_402_driver/mode_target_helper.hpp
-- Installing: /home/gsylvia/agrobot-reverse-engineering/Agrobot/install/canopen_402_driver/lib/liblifecycle_cia402_driver.so
-- Set non-toolchain portion of runtime path of "/home/gsylvia/agrobot-reverse-engineering/Agrobot/install/canopen_402_driver/lib/liblifecycle_cia402_driver.so" to ""
-- Installing: /home/gsylvia/agrobot-reverse-engineering/Agrobot/install/canopen_402_driver/lib/libcia402_driver.so
-- Set non-toolchain portion of runtime path of "/home/gsylvia/agrobot-reverse-engineering/Agrobot/install/canopen_402_driver/lib/libcia402_driver.so" to ""
-- Installing: /home/gsylvia/agrobot-reverse-engineering/Agrobot/install/canopen_402_driver/lib/libnode_canopen_cia402_driver.so
-- Set non-toolchain portion of runtime path of "/home/gsylvia/agrobot-reverse-engineering/Agrobot/install/canopen_402_driver/lib/libnode_canopen_cia402_driver.so" to ""
-- Installing: /home/gsylvia/agrobot-reverse-engineering/Agrobot/install/canopen_402_driver/lib/liblely_motion_controller_bridge.so
-- Set non-toolchain portion of runtime path of "/home/gsylvia/agrobot-reverse-engineering/Agrobot/install/canopen_402_driver/lib/liblely_motion_controller_bridge.so" to ""
-- Up-to-date: /home/gsylvia/agrobot-reverse-engineering/Agrobot/install/canopen_402_driver/share/canopen_402_driver/environment/library_path.sh
-- Up-to-date: /home/gsylvia/agrobot-reverse-engineering/Agrobot/install/canopen_402_driver/share/canopen_402_driver/environment/library_path.dsv
-- Up-to-date: /home/gsylvia/agrobot-reverse-engineering/Agrobot/install/canopen_402_driver/share/ament_index/resource_index/package_run_dependencies/canopen_402_driver
-- Up-to-date: /home/gsylvia/agrobot-reverse-engineering/Agrobot/install/canopen_402_driver/share/ament_index/resource_index/parent_prefix_path/canopen_402_driver
-- Up-to-date: /home/gsylvia/agrobot-reverse-engineering/Agrobot/install/canopen_402_driver/share/canopen_402_driver/environment/ament_prefix_path.sh
-- Up-to-date: /home/gsylvia/agrobot-reverse-engineering/Agrobot/install/canopen_402_driver/share/canopen_402_driver/environment/ament_prefix_path.dsv
-- Up-to-date: /home/gsylvia/agrobot-reverse-engineering/Agrobot/install/canopen_402_driver/share/canopen_402_driver/environment/path.sh
-- Up-to-date: /home/gsylvia/agrobot-reverse-engineering/Agrobot/install/canopen_402_driver/share/canopen_402_driver/environment/path.dsv
-- Up-to-date: /home/gsylvia/agrobot-reverse-engineering/Agrobot/install/canopen_402_driver/share/canopen_402_driver/local_setup.bash
-- Up-to-date: /home/gsylvia/agrobot-reverse-engineering/Agrobot/install/canopen_402_driver/share/canopen_402_driver/local_setup.sh
-- Up-to-date: /home/gsylvia/agrobot-reverse-engineering/Agrobot/install/canopen_402_driver/share/canopen_402_driver/local_setup.zsh
-- Up-to-date: /home/gsylvia/agrobot-reverse-engineering/Agrobot/install/canopen_402_driver/share/canopen_402_driver/local_setup.dsv
-- Installing: /home/gsylvia/agrobot-reverse-engineering/Agrobot/install/canopen_402_driver/share/canopen_402_driver/package.dsv
-- Up-to-date: /home/gsylvia/agrobot-reverse-engineering/Agrobot/install/canopen_402_driver/share/ament_index/resource_index/packages/canopen_402_driver
-- Up-to-date: /home/gsylvia/agrobot-reverse-engineering/Agrobot/install/canopen_402_driver/share/ament_index/resource_index/rclcpp_components/canopen_402_driver
-- Up-to-date: /home/gsylvia/agrobot-reverse-engineering/Agrobot/install/canopen_402_driver/share/canopen_402_driver/cmake/export_canopen_402_driverExport.cmake
-- Up-to-date: /home/gsylvia/agrobot-reverse-engineering/Agrobot/install/canopen_402_driver/share/canopen_402_driver/cmake/export_canopen_402_driverExport-noconfig.cmake
-- Up-to-date: /home/gsylvia/agrobot-reverse-engineering/Agrobot/install/canopen_402_driver/share/canopen_402_driver/cmake/ament_cmake_export_include_directories-extras.cmake
-- Up-to-date: /home/gsylvia/agrobot-reverse-engineering/Agrobot/install/canopen_402_driver/share/canopen_402_driver/cmake/ament_cmake_export_libraries-extras.cmake
-- Up-to-date: /home/gsylvia/agrobot-reverse-engineering/Agrobot/install/canopen_402_driver/share/canopen_402_driver/cmake/ament_cmake_export_targets-extras.cmake
-- Up-to-date: /home/gsylvia/agrobot-reverse-engineering/Agrobot/install/canopen_402_driver/share/canopen_402_driver/cmake/ament_cmake_export_dependencies-extras.cmake
-- Up-to-date: /home/gsylvia/agrobot-reverse-engineering/Agrobot/install/canopen_402_driver/share/canopen_402_driver/cmake/canopen_402_driverConfig.cmake
-- Up-to-date: /home/gsylvia/agrobot-reverse-engineering/Agrobot/install/canopen_402_driver/share/canopen_402_driver/cmake/canopen_402_driverConfig-version.cmake
-- Up-to-date: /home/gsylvia/agrobot-reverse-engineering/Agrobot/install/canopen_402_driver/share/canopen_402_driver/package.xml
Finished <<< canopen_402_driver [18.7s]
Starting >>> canopen_ros2_controllers
Starting >>> canopen
Starting >>> canopen_ros2_control
[ 33%] Building CXX object CMakeFiles/canopen_ros2_controllers.dir/src/canopen_proxy_controller.cpp.o
[ 66%] Building CXX object CMakeFiles/canopen_ros2_controllers.dir/src/cia402_device_controller.cpp.o
-- Install configuration: ""
-- Up-to-date: /home/gsylvia/agrobot-reverse-engineering/Agrobot/install/canopen/share/ament_index/resource_index/package_run_dependencies/canopen
-- Up-to-date: /home/gsylvia/agrobot-reverse-engineering/Agrobot/install/canopen/share/ament_index/resource_index/parent_prefix_path/canopen
-- Up-to-date: /home/gsylvia/agrobot-reverse-engineering/Agrobot/install/canopen/share/canopen/environment/ament_prefix_path.sh
-- Up-to-date: /home/gsylvia/agrobot-reverse-engineering/Agrobot/install/canopen/share/canopen/environment/ament_prefix_path.dsv
-- Up-to-date: /home/gsylvia/agrobot-reverse-engineering/Agrobot/install/canopen/share/canopen/environment/path.sh
-- Up-to-date: /home/gsylvia/agrobot-reverse-engineering/Agrobot/install/canopen/share/canopen/environment/path.dsv
-- Up-to-date: /home/gsylvia/agrobot-reverse-engineering/Agrobot/install/canopen/share/canopen/local_setup.bash
-- Up-to-date: /home/gsylvia/agrobot-reverse-engineering/Agrobot/install/canopen/share/canopen/local_setup.sh
-- Up-to-date: /home/gsylvia/agrobot-reverse-engineering/Agrobot/install/canopen/share/canopen/local_setup.zsh
-- Up-to-date: /home/gsylvia/agrobot-reverse-engineering/Agrobot/install/canopen/share/canopen/local_setup.dsv
-- Installing: /home/gsylvia/agrobot-reverse-engineering/Agrobot/install/canopen/share/canopen/package.dsv
-- Up-to-date: /home/gsylvia/agrobot-reverse-engineering/Agrobot/install/canopen/share/ament_index/resource_index/packages/canopen
-- Up-to-date: /home/gsylvia/agrobot-reverse-engineering/Agrobot/install/canopen/share/canopen/cmake/canopenConfig.cmake
-- Up-to-date: /home/gsylvia/agrobot-reverse-engineering/Agrobot/install/canopen/share/canopen/cmake/canopenConfig-version.cmake
-- Up-to-date: /home/gsylvia/agrobot-reverse-engineering/Agrobot/install/canopen/share/canopen/package.xml
Finished <<< canopen [0.60s]
[ 25%] Building CXX object CMakeFiles/canopen_ros2_control.dir/src/canopen_system.cpp.o
[ 50%] Building CXX object CMakeFiles/canopen_ros2_control.dir/src/cia402_system.cpp.o
[ 75%] Building CXX object CMakeFiles/canopen_ros2_control.dir/src/robot_system.cpp.o
In file included from /home/gsylvia/agrobot-reverse-engineering/Agrobot/src/ros2_canopen/canopen_ros2_controllers/src/cia402_device_controller.cpp:15:
/home/gsylvia/agrobot-reverse-engineering/Agrobot/src/ros2_canopen/canopen_ros2_controllers/include/canopen_ros2_controllers/cia402_device_controller.hpp: In lambda function:
/home/gsylvia/agrobot-reverse-engineering/Agrobot/src/ros2_canopen/canopen_ros2_controllers/include/canopen_ros2_controllers/cia402_device_controller.hpp:100:45: warning: ignoring return value of ‘bool hardware_interface::LoanedCommandInterface::set_value(const T&, unsigned int) [with T = double]’, declared with attribute ‘nodiscard’ [-Wunused-result]
  100 |           command_interfaces_[cmd].set_value(kCommandValue);
      |           ~~~~~~~~~~~~~~~~~~~~~~~~~~~~~~~~~~^~~~~~~~~~~~~~~
In file included from /opt/ros/jazzy/include/controller_interface/controller_interface/controller_interface_base.hpp:29,
                 from /opt/ros/jazzy/include/controller_interface/controller_interface/controller_interface.hpp:21,
                 from /home/gsylvia/agrobot-reverse-engineering/Agrobot/src/ros2_canopen/canopen_ros2_controllers/include/canopen_ros2_controllers/canopen_proxy_controller.hpp:26,
                 from /home/gsylvia/agrobot-reverse-engineering/Agrobot/src/ros2_canopen/canopen_ros2_controllers/include/canopen_ros2_controllers/cia402_device_controller.hpp:19:
/opt/ros/jazzy/include/hardware_interface/hardware_interface/loaned_command_interface.hpp:117:22: note: declared here
  117 |   [[nodiscard]] bool set_value(const T & value, unsigned int max_tries = 10)
      |                      ^~~~~~~~~
/home/gsylvia/agrobot-reverse-engineering/Agrobot/src/ros2_canopen/canopen_ros2_controllers/include/canopen_ros2_controllers/cia402_device_controller.hpp:102:63: warning: ‘double hardware_interface::LoanedCommandInterface::get_value() const’ is deprecated: Use std::optional<T> get_optional() instead to retrieve the value. This method will be removed by the ROS 2 Kilted Kaiju release. [-Wdeprecated-declarations]
  102 |           while (std::isnan(command_interfaces_[fbk].get_value()) && rclcpp::ok())
      |                             ~~~~~~~~~~~~~~~~~~~~~~~~~~~~~~~~~~^~
/opt/ros/jazzy/include/hardware_interface/hardware_interface/loaned_command_interface.hpp:138:10: note: declared here
  138 |   double get_value() const
      |          ^~~~~~~~~
/home/gsylvia/agrobot-reverse-engineering/Agrobot/src/ros2_canopen/canopen_ros2_controllers/include/canopen_ros2_controllers/cia402_device_controller.hpp:108:83: warning: ‘double hardware_interface::LoanedCommandInterface::get_value() const’ is deprecated: Use std::optional<T> get_optional() instead to retrieve the value. This method will be removed by the ROS 2 Kilted Kaiju release. [-Wdeprecated-declarations]
  108 |           response->success = static_cast<bool>(command_interfaces_[fbk].get_value());
      |                                                 ~~~~~~~~~~~~~~~~~~~~~~~~~~~~~~~~~~^~
/opt/ros/jazzy/include/hardware_interface/hardware_interface/loaned_command_interface.hpp:138:10: note: declared here
  138 |   double get_value() const
      |          ^~~~~~~~~
/home/gsylvia/agrobot-reverse-engineering/Agrobot/src/ros2_canopen/canopen_ros2_controllers/include/canopen_ros2_controllers/cia402_device_controller.hpp:110:45: warning: ignoring return value of ‘bool hardware_interface::LoanedCommandInterface::set_value(const T&, unsigned int) [with T = double]’, declared with attribute ‘nodiscard’ [-Wunused-result]
  110 |           command_interfaces_[fbk].set_value(std::numeric_limits<double>::quiet_NaN());
      |           ~~~~~~~~~~~~~~~~~~~~~~~~~~~~~~~~~~^~~~~~~~~~~~~~~~~~~~~~~~~~~~~~~~~~~~~~~~~~
/opt/ros/jazzy/include/hardware_interface/hardware_interface/loaned_command_interface.hpp:117:22: note: declared here
  117 |   [[nodiscard]] bool set_value(const T & value, unsigned int max_tries = 10)
      |                      ^~~~~~~~~
/home/gsylvia/agrobot-reverse-engineering/Agrobot/src/ros2_canopen/canopen_ros2_controllers/include/canopen_ros2_controllers/cia402_device_controller.hpp:111:45: warning: ignoring return value of ‘bool hardware_interface::LoanedCommandInterface::set_value(const T&, unsigned int) [with T = double]’, declared with attribute ‘nodiscard’ [-Wunused-result]
  111 |           command_interfaces_[cmd].set_value(std::numeric_limits<double>::quiet_NaN());
      |           ~~~~~~~~~~~~~~~~~~~~~~~~~~~~~~~~~~^~~~~~~~~~~~~~~~~~~~~~~~~~~~~~~~~~~~~~~~~~
/opt/ros/jazzy/include/hardware_interface/hardware_interface/loaned_command_interface.hpp:117:22: note: declared here
  117 |   [[nodiscard]] bool set_value(const T & value, unsigned int max_tries = 10)
      |                      ^~~~~~~~~
/home/gsylvia/agrobot-reverse-engineering/Agrobot/src/ros2_canopen/canopen_ros2_controllers/src/canopen_proxy_controller.cpp: In lambda function:
/home/gsylvia/agrobot-reverse-engineering/Agrobot/src/ros2_canopen/canopen_ros2_controllers/src/canopen_proxy_controller.cpp:141:64: warning: ignoring return value of ‘bool hardware_interface::LoanedCommandInterface::set_value(const T&, unsigned int) [with T = double]’, declared with attribute ‘nodiscard’ [-Wunused-result]
  141 |     command_interfaces_[CommandInterfaces::NMT_RESET].set_value(kCommandValue);
      |     ~~~~~~~~~~~~~~~~~~~~~~~~~~~~~~~~~~~~~~~~~~~~~~~~~~~~~~~~~~~^~~~~~~~~~~~~~~
In file included from /opt/ros/jazzy/include/controller_interface/controller_interface/controller_interface_base.hpp:29,
                 from /opt/ros/jazzy/include/controller_interface/controller_interface/controller_interface.hpp:21,
                 from /home/gsylvia/agrobot-reverse-engineering/Agrobot/src/ros2_canopen/canopen_ros2_controllers/include/canopen_ros2_controllers/canopen_proxy_controller.hpp:26,
                 from /home/gsylvia/agrobot-reverse-engineering/Agrobot/src/ros2_canopen/canopen_ros2_controllers/src/canopen_proxy_controller.cpp:15:
/opt/ros/jazzy/include/hardware_interface/hardware_interface/loaned_command_interface.hpp:117:22: note: declared here
  117 |   [[nodiscard]] bool set_value(const T & value, unsigned int max_tries = 10)
      |                      ^~~~~~~~~
/home/gsylvia/agrobot-reverse-engineering/Agrobot/src/ros2_canopen/canopen_ros2_controllers/src/canopen_proxy_controller.cpp:143:83: warning: ‘double hardware_interface::LoanedCommandInterface::get_value() const’ is deprecated: Use std::optional<T> get_optional() instead to retrieve the value. This method will be removed by the ROS 2 Kilted Kaiju release. [-Wdeprecated-declarations]
  143 |     while (!std::isnan(command_interfaces_[CommandInterfaces::NMT_RESET].get_value()))
      |                        ~~~~~~~~~~~~~~~~~~~~~~~~~~~~~~~~~~~~~~~~~~~~~~~~~~~~~~~~~~~^~
/opt/ros/jazzy/include/hardware_interface/hardware_interface/loaned_command_interface.hpp:138:10: note: declared here
  138 |   double get_value() const
      |          ^~~~~~~~~
/home/gsylvia/agrobot-reverse-engineering/Agrobot/src/ros2_canopen/canopen_ros2_controllers/src/canopen_proxy_controller.cpp:150:88: warning: ‘double hardware_interface::LoanedCommandInterface::get_value() const’ is deprecated: Use std::optional<T> get_optional() instead to retrieve the value. This method will be removed by the ROS 2 Kilted Kaiju release. [-Wdeprecated-declarations]
  150 |       static_cast<bool>(command_interfaces_[CommandInterfaces::NMT_RESET_FBK].get_value());
      |                         ~~~~~~~~~~~~~~~~~~~~~~~~~~~~~~~~~~~~~~~~~~~~~~~~~~~~~~~~~~~~~~~^~
/opt/ros/jazzy/include/hardware_interface/hardware_interface/loaned_command_interface.hpp:138:10: note: declared here
  138 |   double get_value() const
      |          ^~~~~~~~~
/home/gsylvia/agrobot-reverse-engineering/Agrobot/src/ros2_canopen/canopen_ros2_controllers/src/canopen_proxy_controller.cpp:152:68: warning: ignoring return value of ‘bool hardware_interface::LoanedCommandInterface::set_value(const T&, unsigned int) [with T = double]’, declared with attribute ‘nodiscard’ [-Wunused-result]
  152 |     command_interfaces_[CommandInterfaces::NMT_RESET_FBK].set_value(
      |     ~~~~~~~~~~~~~~~~~~~~~~~~~~~~~~~~~~~~~~~~~~~~~~~~~~~~~~~~~~~~~~~^
  153 |       std::numeric_limits<double>::quiet_NaN());
      |       ~~~~~~~~~~~~~~~~~~~~~~~~~~~~~~~~~~~~~~~~~                     
/opt/ros/jazzy/include/hardware_interface/hardware_interface/loaned_command_interface.hpp:117:22: note: declared here
  117 |   [[nodiscard]] bool set_value(const T & value, unsigned int max_tries = 10)
      |                      ^~~~~~~~~
/home/gsylvia/agrobot-reverse-engineering/Agrobot/src/ros2_canopen/canopen_ros2_controllers/src/canopen_proxy_controller.cpp: In lambda function:
/home/gsylvia/agrobot-reverse-engineering/Agrobot/src/ros2_canopen/canopen_ros2_controllers/src/canopen_proxy_controller.cpp:166:64: warning: ignoring return value of ‘bool hardware_interface::LoanedCommandInterface::set_value(const T&, unsigned int) [with T = double]’, declared with attribute ‘nodiscard’ [-Wunused-result]
  166 |     command_interfaces_[CommandInterfaces::NMT_START].set_value(kCommandValue);
      |     ~~~~~~~~~~~~~~~~~~~~~~~~~~~~~~~~~~~~~~~~~~~~~~~~~~~~~~~~~~~^~~~~~~~~~~~~~~
/opt/ros/jazzy/include/hardware_interface/hardware_interface/loaned_command_interface.hpp:117:22: note: declared here
  117 |   [[nodiscard]] bool set_value(const T & value, unsigned int max_tries = 10)
      |                      ^~~~~~~~~
/home/gsylvia/agrobot-reverse-engineering/Agrobot/src/ros2_canopen/canopen_ros2_controllers/src/canopen_proxy_controller.cpp:168:83: warning: ‘double hardware_interface::LoanedCommandInterface::get_value() const’ is deprecated: Use std::optional<T> get_optional() instead to retrieve the value. This method will be removed by the ROS 2 Kilted Kaiju release. [-Wdeprecated-declarations]
  168 |     while (!std::isnan(command_interfaces_[CommandInterfaces::NMT_START].get_value()))
      |                        ~~~~~~~~~~~~~~~~~~~~~~~~~~~~~~~~~~~~~~~~~~~~~~~~~~~~~~~~~~~^~
/opt/ros/jazzy/include/hardware_interface/hardware_interface/loaned_command_interface.hpp:138:10: note: declared here
  138 |   double get_value() const
      |          ^~~~~~~~~
/home/gsylvia/agrobot-reverse-engineering/Agrobot/src/ros2_canopen/canopen_ros2_controllers/src/canopen_proxy_controller.cpp:175:88: warning: ‘double hardware_interface::LoanedCommandInterface::get_value() const’ is deprecated: Use std::optional<T> get_optional() instead to retrieve the value. This method will be removed by the ROS 2 Kilted Kaiju release. [-Wdeprecated-declarations]
  175 |       static_cast<bool>(command_interfaces_[CommandInterfaces::NMT_START_FBK].get_value());
      |                         ~~~~~~~~~~~~~~~~~~~~~~~~~~~~~~~~~~~~~~~~~~~~~~~~~~~~~~~~~~~~~~~^~
/opt/ros/jazzy/include/hardware_interface/hardware_interface/loaned_command_interface.hpp:138:10: note: declared here
  138 |   double get_value() const
      |          ^~~~~~~~~
/home/gsylvia/agrobot-reverse-engineering/Agrobot/src/ros2_canopen/canopen_ros2_controllers/src/canopen_proxy_controller.cpp:177:68: warning: ignoring return value of ‘bool hardware_interface::LoanedCommandInterface::set_value(const T&, unsigned int) [with T = double]’, declared with attribute ‘nodiscard’ [-Wunused-result]
  177 |     command_interfaces_[CommandInterfaces::NMT_START_FBK].set_value(
      |     ~~~~~~~~~~~~~~~~~~~~~~~~~~~~~~~~~~~~~~~~~~~~~~~~~~~~~~~~~~~~~~~^
  178 |       std::numeric_limits<double>::quiet_NaN());
      |       ~~~~~~~~~~~~~~~~~~~~~~~~~~~~~~~~~~~~~~~~~                     
/opt/ros/jazzy/include/hardware_interface/hardware_interface/loaned_command_interface.hpp:117:22: note: declared here
  117 |   [[nodiscard]] bool set_value(const T & value, unsigned int max_tries = 10)
      |                      ^~~~~~~~~
/home/gsylvia/agrobot-reverse-engineering/Agrobot/src/ros2_canopen/canopen_ros2_controllers/src/canopen_proxy_controller.cpp: In member function ‘virtual controller_interface::CallbackReturn canopen_ros2_controllers::CanopenProxyController::on_deactivate(const rclcpp_lifecycle::State&)’:
/home/gsylvia/agrobot-reverse-engineering/Agrobot/src/ros2_canopen/canopen_ros2_controllers/src/canopen_proxy_controller.cpp:257:37: warning: ignoring return value of ‘bool hardware_interface::LoanedCommandInterface::set_value(const T&, unsigned int) [with T = double]’, declared with attribute ‘nodiscard’ [-Wunused-result]
  257 |     command_interfaces_[i].set_value(std::numeric_limits<double>::quiet_NaN());
      |     ~~~~~~~~~~~~~~~~~~~~~~~~~~~~~~~~^~~~~~~~~~~~~~~~~~~~~~~~~~~~~~~~~~~~~~~~~~
/opt/ros/jazzy/include/hardware_interface/hardware_interface/loaned_command_interface.hpp:117:22: note: declared here
  117 |   [[nodiscard]] bool set_value(const T & value, unsigned int max_tries = 10)
      |                      ^~~~~~~~~
/home/gsylvia/agrobot-reverse-engineering/Agrobot/src/ros2_canopen/canopen_ros2_controllers/src/canopen_proxy_controller.cpp: In member function ‘virtual controller_interface::return_type canopen_ros2_controllers::CanopenProxyController::update(const rclcpp::Time&, const rclcpp::Duration&)’:
/home/gsylvia/agrobot-reverse-engineering/Agrobot/src/ros2_canopen/canopen_ros2_controllers/src/canopen_proxy_controller.cpp:269:94: warning: ‘double hardware_interface::LoanedStateInterface::get_value() const’ is deprecated: Use std::optional<T> get_optional() instead to retrieve the value. This method will be removed by the ROS 2 Kilted Kaiju release. [-Wdeprecated-declarations]
  269 |     auto nmt_state = static_cast<int>(state_interfaces_[StateInterfaces::NMT_STATE].get_value());
      |                                       ~~~~~~~~~~~~~~~~~~~~~~~~~~~~~~~~~~~~~~~~~~~~~~~~~~~~~~~^~
In file included from /opt/ros/jazzy/include/controller_interface/controller_interface/controller_interface_base.hpp:30:
/opt/ros/jazzy/include/hardware_interface/hardware_interface/loaned_state_interface.hpp:98:10: note: declared here
   98 |   double get_value() const
      |          ^~~~~~~~~
/home/gsylvia/agrobot-reverse-engineering/Agrobot/src/ros2_canopen/canopen_ros2_controllers/src/canopen_proxy_controller.cpp:313:85: warning: ‘double hardware_interface::LoanedStateInterface::get_value() const’ is deprecated: Use std::optional<T> get_optional() instead to retrieve the value. This method will be removed by the ROS 2 Kilted Kaiju release. [-Wdeprecated-declarations]
  313 |       static_cast<uint16_t>(state_interfaces_[StateInterfaces::RPDO_INDEX].get_value());
      |                             ~~~~~~~~~~~~~~~~~~~~~~~~~~~~~~~~~~~~~~~~~~~~~~~~~~~~~~~~^~
/opt/ros/jazzy/include/hardware_interface/hardware_interface/loaned_state_interface.hpp:98:10: note: declared here
   98 |   double get_value() const
      |          ^~~~~~~~~
/home/gsylvia/agrobot-reverse-engineering/Agrobot/src/ros2_canopen/canopen_ros2_controllers/src/canopen_proxy_controller.cpp:315:87: warning: ‘double hardware_interface::LoanedStateInterface::get_value() const’ is deprecated: Use std::optional<T> get_optional() instead to retrieve the value. This method will be removed by the ROS 2 Kilted Kaiju release. [-Wdeprecated-declarations]
  315 |       static_cast<uint8_t>(state_interfaces_[StateInterfaces::RPDO_SUBINDEX].get_value());
      |                            ~~~~~~~~~~~~~~~~~~~~~~~~~~~~~~~~~~~~~~~~~~~~~~~~~~~~~~~~~~~^~
/opt/ros/jazzy/include/hardware_interface/hardware_interface/loaned_state_interface.hpp:98:10: note: declared here
   98 |   double get_value() const
      |          ^~~~~~~~~
/home/gsylvia/agrobot-reverse-engineering/Agrobot/src/ros2_canopen/canopen_ros2_controllers/src/canopen_proxy_controller.cpp:317:84: warning: ‘double hardware_interface::LoanedStateInterface::get_value() const’ is deprecated: Use std::optional<T> get_optional() instead to retrieve the value. This method will be removed by the ROS 2 Kilted Kaiju release. [-Wdeprecated-declarations]
  317 |       static_cast<uint32_t>(state_interfaces_[StateInterfaces::RPDO_DATA].get_value());
      |                             ~~~~~~~~~~~~~~~~~~~~~~~~~~~~~~~~~~~~~~~~~~~~~~~~~~~~~~~^~
/opt/ros/jazzy/include/hardware_interface/hardware_interface/loaned_state_interface.hpp:98:10: note: declared here
   98 |   double get_value() const
      |          ^~~~~~~~~
/home/gsylvia/agrobot-reverse-engineering/Agrobot/src/ros2_canopen/canopen_ros2_controllers/src/canopen_proxy_controller.cpp:330:65: warning: ignoring return value of ‘bool hardware_interface::LoanedCommandInterface::set_value(const T&, unsigned int) [with T = double]’, declared with attribute ‘nodiscard’ [-Wunused-result]
  330 |     command_interfaces_[CommandInterfaces::TPDO_INDEX].set_value(
      |     ~~~~~~~~~~~~~~~~~~~~~~~~~~~~~~~~~~~~~~~~~~~~~~~~~~~~~~~~~~~~^
  331 |       static_cast<double>((*current_cmd)->index));
      |       ~~~~~~~~~~~~~~~~~~~~~~~~~~~~~~~~~~~~~~~~~~~                
/opt/ros/jazzy/include/hardware_interface/hardware_interface/loaned_command_interface.hpp:117:22: note: declared here
  117 |   [[nodiscard]] bool set_value(const T & value, unsigned int max_tries = 10)
      |                      ^~~~~~~~~
/home/gsylvia/agrobot-reverse-engineering/Agrobot/src/ros2_canopen/canopen_ros2_controllers/src/canopen_proxy_controller.cpp:332:68: warning: ignoring return value of ‘bool hardware_interface::LoanedCommandInterface::set_value(const T&, unsigned int) [with T = double]’, declared with attribute ‘nodiscard’ [-Wunused-result]
  332 |     command_interfaces_[CommandInterfaces::TPDO_SUBINDEX].set_value(
      |     ~~~~~~~~~~~~~~~~~~~~~~~~~~~~~~~~~~~~~~~~~~~~~~~~~~~~~~~~~~~~~~~^
  333 |       static_cast<double>((*current_cmd)->subindex));
      |       ~~~~~~~~~~~~~~~~~~~~~~~~~~~~~~~~~~~~~~~~~~~~~~                
/opt/ros/jazzy/include/hardware_interface/hardware_interface/loaned_command_interface.hpp:117:22: note: declared here
  117 |   [[nodiscard]] bool set_value(const T & value, unsigned int max_tries = 10)
      |                      ^~~~~~~~~
/home/gsylvia/agrobot-reverse-engineering/Agrobot/src/ros2_canopen/canopen_ros2_controllers/src/canopen_proxy_controller.cpp:334:64: warning: ignoring return value of ‘bool hardware_interface::LoanedCommandInterface::set_value(const T&, unsigned int) [with T = double]’, declared with attribute ‘nodiscard’ [-Wunused-result]
  334 |     command_interfaces_[CommandInterfaces::TPDO_DATA].set_value(
      |     ~~~~~~~~~~~~~~~~~~~~~~~~~~~~~~~~~~~~~~~~~~~~~~~~~~~~~~~~~~~^
  335 |       static_cast<double>((*current_cmd)->data));
      |       ~~~~~~~~~~~~~~~~~~~~~~~~~~~~~~~~~~~~~~~~~~                
/opt/ros/jazzy/include/hardware_interface/hardware_interface/loaned_command_interface.hpp:117:22: note: declared here
  117 |   [[nodiscard]] bool set_value(const T & value, unsigned int max_tries = 10)
      |                      ^~~~~~~~~
/home/gsylvia/agrobot-reverse-engineering/Agrobot/src/ros2_canopen/canopen_ros2_controllers/src/canopen_proxy_controller.cpp:337:63: warning: ignoring return value of ‘bool hardware_interface::LoanedCommandInterface::set_value(const T&, unsigned int) [with T = double]’, declared with attribute ‘nodiscard’ [-Wunused-result]
  337 |     command_interfaces_[CommandInterfaces::TPDO_ONS].set_value(kCommandValue);
      |     ~~~~~~~~~~~~~~~~~~~~~~~~~~~~~~~~~~~~~~~~~~~~~~~~~~~~~~~~~~^~~~~~~~~~~~~~~
/opt/ros/jazzy/include/hardware_interface/hardware_interface/loaned_command_interface.hpp:117:22: note: declared here
  117 |   [[nodiscard]] bool set_value(const T & value, unsigned int max_tries = 10)
      |                      ^~~~~~~~~
In file included from /home/gsylvia/agrobot-reverse-engineering/Agrobot/src/ros2_canopen/canopen_ros2_control/src/canopen_system.cpp:24:
/home/gsylvia/agrobot-reverse-engineering/Agrobot/src/ros2_canopen/canopen_ros2_control/include/canopen_ros2_control/canopen_system.hpp: In member function ‘void canopen_ros2_control::Ros2ControlEmcyData::set_emcy(ros2_canopen::COEmcy)’:
/home/gsylvia/agrobot-reverse-engineering/Agrobot/src/ros2_canopen/canopen_ros2_control/include/canopen_ros2_control/canopen_system.hpp:264:16: warning: ‘void* memcpy(void*, const void*, size_t)’ reading 2 bytes from a region of size 1 [-Wstringop-overread]
  264 |     std::memcpy(&msef_data, &e.msef[4], sizeof(uint16_t));
      |     ~~~~~~~~~~~^~~~~~~~~~~~~~~~~~~~~~~~~~~~~~~~~~~~~~~~~~
/home/gsylvia/agrobot-reverse-engineering/Agrobot/src/ros2_canopen/canopen_ros2_control/include/canopen_ros2_control/canopen_system.hpp:243:38: note: at offset 7 into source object ‘e’ of size 8
  243 |   void set_emcy(ros2_canopen::COEmcy e)
      |                 ~~~~~~~~~~~~~~~~~~~~~^
[100%] Linking CXX shared library libcanopen_ros2_control.so
[100%] Built target canopen_ros2_control
-- Install configuration: ""
-- Up-to-date: /home/gsylvia/agrobot-reverse-engineering/Agrobot/install/canopen_ros2_control/share/canopen_ros2_control/canopen_ros2_control.xml
-- Installing: /home/gsylvia/agrobot-reverse-engineering/Agrobot/install/canopen_ros2_control/lib/libcanopen_ros2_control.so
-- Set non-toolchain portion of runtime path of "/home/gsylvia/agrobot-reverse-engineering/Agrobot/install/canopen_ros2_control/lib/libcanopen_ros2_control.so" to ""
-- Up-to-date: /home/gsylvia/agrobot-reverse-engineering/Agrobot/install/canopen_ros2_control/include
-- Up-to-date: /home/gsylvia/agrobot-reverse-engineering/Agrobot/install/canopen_ros2_control/include/canopen_ros2_control
-- Up-to-date: /home/gsylvia/agrobot-reverse-engineering/Agrobot/install/canopen_ros2_control/include/canopen_ros2_control/cia402_data.hpp
-- Up-to-date: /home/gsylvia/agrobot-reverse-engineering/Agrobot/install/canopen_ros2_control/include/canopen_ros2_control/cia402_system.hpp
-- Up-to-date: /home/gsylvia/agrobot-reverse-engineering/Agrobot/install/canopen_ros2_control/include/canopen_ros2_control/visibility_control.h
-- Up-to-date: /home/gsylvia/agrobot-reverse-engineering/Agrobot/install/canopen_ros2_control/include/canopen_ros2_control/helpers.hpp
-- Up-to-date: /home/gsylvia/agrobot-reverse-engineering/Agrobot/install/canopen_ros2_control/include/canopen_ros2_control/canopen_system.hpp
-- Up-to-date: /home/gsylvia/agrobot-reverse-engineering/Agrobot/install/canopen_ros2_control/include/canopen_ros2_control/robot_system.hpp
-- Up-to-date: /home/gsylvia/agrobot-reverse-engineering/Agrobot/install/canopen_ros2_control/share/canopen_ros2_control/environment/library_path.sh
-- Up-to-date: /home/gsylvia/agrobot-reverse-engineering/Agrobot/install/canopen_ros2_control/share/canopen_ros2_control/environment/library_path.dsv
-- Up-to-date: /home/gsylvia/agrobot-reverse-engineering/Agrobot/install/canopen_ros2_control/share/ament_index/resource_index/package_run_dependencies/canopen_ros2_control
-- Up-to-date: /home/gsylvia/agrobot-reverse-engineering/Agrobot/install/canopen_ros2_control/share/ament_index/resource_index/parent_prefix_path/canopen_ros2_control
-- Up-to-date: /home/gsylvia/agrobot-reverse-engineering/Agrobot/install/canopen_ros2_control/share/canopen_ros2_control/environment/ament_prefix_path.sh
-- Up-to-date: /home/gsylvia/agrobot-reverse-engineering/Agrobot/install/canopen_ros2_control/share/canopen_ros2_control/environment/ament_prefix_path.dsv
-- Up-to-date: /home/gsylvia/agrobot-reverse-engineering/Agrobot/install/canopen_ros2_control/share/canopen_ros2_control/environment/path.sh
-- Up-to-date: /home/gsylvia/agrobot-reverse-engineering/Agrobot/install/canopen_ros2_control/share/canopen_ros2_control/environment/path.dsv
-- Up-to-date: /home/gsylvia/agrobot-reverse-engineering/Agrobot/install/canopen_ros2_control/share/canopen_ros2_control/local_setup.bash
-- Up-to-date: /home/gsylvia/agrobot-reverse-engineering/Agrobot/install/canopen_ros2_control/share/canopen_ros2_control/local_setup.sh
-- Up-to-date: /home/gsylvia/agrobot-reverse-engineering/Agrobot/install/canopen_ros2_control/share/canopen_ros2_control/local_setup.zsh
-- Up-to-date: /home/gsylvia/agrobot-reverse-engineering/Agrobot/install/canopen_ros2_control/share/canopen_ros2_control/local_setup.dsv
-- Installing: /home/gsylvia/agrobot-reverse-engineering/Agrobot/install/canopen_ros2_control/share/canopen_ros2_control/package.dsv
-- Up-to-date: /home/gsylvia/agrobot-reverse-engineering/Agrobot/install/canopen_ros2_control/share/ament_index/resource_index/packages/canopen_ros2_control
-- Up-to-date: /home/gsylvia/agrobot-reverse-engineering/Agrobot/install/canopen_ros2_control/share/ament_index/resource_index/hardware_interface__pluginlib__plugin/canopen_ros2_control
-- Up-to-date: /home/gsylvia/agrobot-reverse-engineering/Agrobot/install/canopen_ros2_control/share/canopen_ros2_control/cmake/ament_cmake_export_include_directories-extras.cmake
-- Up-to-date: /home/gsylvia/agrobot-reverse-engineering/Agrobot/install/canopen_ros2_control/share/canopen_ros2_control/cmake/ament_cmake_export_libraries-extras.cmake
-- Up-to-date: /home/gsylvia/agrobot-reverse-engineering/Agrobot/install/canopen_ros2_control/share/canopen_ros2_control/cmake/ament_cmake_export_dependencies-extras.cmake
-- Up-to-date: /home/gsylvia/agrobot-reverse-engineering/Agrobot/install/canopen_ros2_control/share/canopen_ros2_control/cmake/canopen_ros2_controlConfig.cmake
-- Up-to-date: /home/gsylvia/agrobot-reverse-engineering/Agrobot/install/canopen_ros2_control/share/canopen_ros2_control/cmake/canopen_ros2_controlConfig-version.cmake
-- Up-to-date: /home/gsylvia/agrobot-reverse-engineering/Agrobot/install/canopen_ros2_control/share/canopen_ros2_control/package.xml
--- stderr: canopen_ros2_control
In file included from /home/gsylvia/agrobot-reverse-engineering/Agrobot/src/ros2_canopen/canopen_ros2_control/src/canopen_system.cpp:24:
/home/gsylvia/agrobot-reverse-engineering/Agrobot/src/ros2_canopen/canopen_ros2_control/include/canopen_ros2_control/canopen_system.hpp: In member function ‘void canopen_ros2_control::Ros2ControlEmcyData::set_emcy(ros2_canopen::COEmcy)’:
/home/gsylvia/agrobot-reverse-engineering/Agrobot/src/ros2_canopen/canopen_ros2_control/include/canopen_ros2_control/canopen_system.hpp:264:16: warning: ‘void* memcpy(void*, const void*, size_t)’ reading 2 bytes from a region of size 1 [-Wstringop-overread]
  264 |     std::memcpy(&msef_data, &e.msef[4], sizeof(uint16_t));
      |     ~~~~~~~~~~~^~~~~~~~~~~~~~~~~~~~~~~~~~~~~~~~~~~~~~~~~~
/home/gsylvia/agrobot-reverse-engineering/Agrobot/src/ros2_canopen/canopen_ros2_control/include/canopen_ros2_control/canopen_system.hpp:243:38: note: at offset 7 into source object ‘e’ of size 8
  243 |   void set_emcy(ros2_canopen::COEmcy e)
      |                 ~~~~~~~~~~~~~~~~~~~~~^
---
Finished <<< canopen_ros2_control [12.8s]
[100%] Linking CXX shared library libcanopen_ros2_controllers.so
[100%] Built target canopen_ros2_controllers
-- Install configuration: ""
-- Up-to-date: /home/gsylvia/agrobot-reverse-engineering/Agrobot/install/canopen_ros2_controllers/share/canopen_ros2_controllers/canopen_ros2_controllers.xml
-- Installing: /home/gsylvia/agrobot-reverse-engineering/Agrobot/install/canopen_ros2_controllers/lib/libcanopen_ros2_controllers.so
-- Set non-toolchain portion of runtime path of "/home/gsylvia/agrobot-reverse-engineering/Agrobot/install/canopen_ros2_controllers/lib/libcanopen_ros2_controllers.so" to ""
-- Up-to-date: /home/gsylvia/agrobot-reverse-engineering/Agrobot/install/canopen_ros2_controllers/include
-- Up-to-date: /home/gsylvia/agrobot-reverse-engineering/Agrobot/install/canopen_ros2_controllers/include/canopen_ros2_controllers
-- Up-to-date: /home/gsylvia/agrobot-reverse-engineering/Agrobot/install/canopen_ros2_controllers/include/canopen_ros2_controllers/visibility_control.h
-- Up-to-date: /home/gsylvia/agrobot-reverse-engineering/Agrobot/install/canopen_ros2_controllers/include/canopen_ros2_controllers/cia402_device_controller.hpp
-- Up-to-date: /home/gsylvia/agrobot-reverse-engineering/Agrobot/install/canopen_ros2_controllers/include/canopen_ros2_controllers/canopen_proxy_controller.hpp
-- Up-to-date: /home/gsylvia/agrobot-reverse-engineering/Agrobot/install/canopen_ros2_controllers/share/canopen_ros2_controllers/environment/library_path.sh
-- Up-to-date: /home/gsylvia/agrobot-reverse-engineering/Agrobot/install/canopen_ros2_controllers/share/canopen_ros2_controllers/environment/library_path.dsv
-- Up-to-date: /home/gsylvia/agrobot-reverse-engineering/Agrobot/install/canopen_ros2_controllers/share/ament_index/resource_index/package_run_dependencies/canopen_ros2_controllers
-- Up-to-date: /home/gsylvia/agrobot-reverse-engineering/Agrobot/install/canopen_ros2_controllers/share/ament_index/resource_index/parent_prefix_path/canopen_ros2_controllers
-- Up-to-date: /home/gsylvia/agrobot-reverse-engineering/Agrobot/install/canopen_ros2_controllers/share/canopen_ros2_controllers/environment/ament_prefix_path.sh
-- Up-to-date: /home/gsylvia/agrobot-reverse-engineering/Agrobot/install/canopen_ros2_controllers/share/canopen_ros2_controllers/environment/ament_prefix_path.dsv
-- Up-to-date: /home/gsylvia/agrobot-reverse-engineering/Agrobot/install/canopen_ros2_controllers/share/canopen_ros2_controllers/environment/path.sh
-- Up-to-date: /home/gsylvia/agrobot-reverse-engineering/Agrobot/install/canopen_ros2_controllers/share/canopen_ros2_controllers/environment/path.dsv
-- Up-to-date: /home/gsylvia/agrobot-reverse-engineering/Agrobot/install/canopen_ros2_controllers/share/canopen_ros2_controllers/local_setup.bash
-- Up-to-date: /home/gsylvia/agrobot-reverse-engineering/Agrobot/install/canopen_ros2_controllers/share/canopen_ros2_controllers/local_setup.sh
-- Up-to-date: /home/gsylvia/agrobot-reverse-engineering/Agrobot/install/canopen_ros2_controllers/share/canopen_ros2_controllers/local_setup.zsh
-- Up-to-date: /home/gsylvia/agrobot-reverse-engineering/Agrobot/install/canopen_ros2_controllers/share/canopen_ros2_controllers/local_setup.dsv
-- Installing: /home/gsylvia/agrobot-reverse-engineering/Agrobot/install/canopen_ros2_controllers/share/canopen_ros2_controllers/package.dsv
-- Up-to-date: /home/gsylvia/agrobot-reverse-engineering/Agrobot/install/canopen_ros2_controllers/share/ament_index/resource_index/packages/canopen_ros2_controllers
-- Up-to-date: /home/gsylvia/agrobot-reverse-engineering/Agrobot/install/canopen_ros2_controllers/share/ament_index/resource_index/controller_interface__pluginlib__plugin/canopen_ros2_controllers
-- Up-to-date: /home/gsylvia/agrobot-reverse-engineering/Agrobot/install/canopen_ros2_controllers/share/canopen_ros2_controllers/cmake/ament_cmake_export_include_directories-extras.cmake
-- Up-to-date: /home/gsylvia/agrobot-reverse-engineering/Agrobot/install/canopen_ros2_controllers/share/canopen_ros2_controllers/cmake/ament_cmake_export_libraries-extras.cmake
-- Up-to-date: /home/gsylvia/agrobot-reverse-engineering/Agrobot/install/canopen_ros2_controllers/share/canopen_ros2_controllers/cmake/ament_cmake_export_dependencies-extras.cmake
-- Up-to-date: /home/gsylvia/agrobot-reverse-engineering/Agrobot/install/canopen_ros2_controllers/share/canopen_ros2_controllers/cmake/canopen_ros2_controllersConfig.cmake
-- Up-to-date: /home/gsylvia/agrobot-reverse-engineering/Agrobot/install/canopen_ros2_controllers/share/canopen_ros2_controllers/cmake/canopen_ros2_controllersConfig-version.cmake
-- Up-to-date: /home/gsylvia/agrobot-reverse-engineering/Agrobot/install/canopen_ros2_controllers/share/canopen_ros2_controllers/package.xml
--- stderr: canopen_ros2_controllers
In file included from /home/gsylvia/agrobot-reverse-engineering/Agrobot/src/ros2_canopen/canopen_ros2_controllers/src/cia402_device_controller.cpp:15:
/home/gsylvia/agrobot-reverse-engineering/Agrobot/src/ros2_canopen/canopen_ros2_controllers/include/canopen_ros2_controllers/cia402_device_controller.hpp: In lambda function:
/home/gsylvia/agrobot-reverse-engineering/Agrobot/src/ros2_canopen/canopen_ros2_controllers/include/canopen_ros2_controllers/cia402_device_controller.hpp:100:45: warning: ignoring return value of ‘bool hardware_interface::LoanedCommandInterface::set_value(const T&, unsigned int) [with T = double]’, declared with attribute ‘nodiscard’ [-Wunused-result]
  100 |           command_interfaces_[cmd].set_value(kCommandValue);
      |           ~~~~~~~~~~~~~~~~~~~~~~~~~~~~~~~~~~^~~~~~~~~~~~~~~
In file included from /opt/ros/jazzy/include/controller_interface/controller_interface/controller_interface_base.hpp:29,
                 from /opt/ros/jazzy/include/controller_interface/controller_interface/controller_interface.hpp:21,
                 from /home/gsylvia/agrobot-reverse-engineering/Agrobot/src/ros2_canopen/canopen_ros2_controllers/include/canopen_ros2_controllers/canopen_proxy_controller.hpp:26,
                 from /home/gsylvia/agrobot-reverse-engineering/Agrobot/src/ros2_canopen/canopen_ros2_controllers/include/canopen_ros2_controllers/cia402_device_controller.hpp:19:
/opt/ros/jazzy/include/hardware_interface/hardware_interface/loaned_command_interface.hpp:117:22: note: declared here
  117 |   [[nodiscard]] bool set_value(const T & value, unsigned int max_tries = 10)
      |                      ^~~~~~~~~
/home/gsylvia/agrobot-reverse-engineering/Agrobot/src/ros2_canopen/canopen_ros2_controllers/include/canopen_ros2_controllers/cia402_device_controller.hpp:102:63: warning: ‘double hardware_interface::LoanedCommandInterface::get_value() const’ is deprecated: Use std::optional<T> get_optional() instead to retrieve the value. This method will be removed by the ROS 2 Kilted Kaiju release. [-Wdeprecated-declarations]
  102 |           while (std::isnan(command_interfaces_[fbk].get_value()) && rclcpp::ok())
      |                             ~~~~~~~~~~~~~~~~~~~~~~~~~~~~~~~~~~^~
/opt/ros/jazzy/include/hardware_interface/hardware_interface/loaned_command_interface.hpp:138:10: note: declared here
  138 |   double get_value() const
      |          ^~~~~~~~~
/home/gsylvia/agrobot-reverse-engineering/Agrobot/src/ros2_canopen/canopen_ros2_controllers/include/canopen_ros2_controllers/cia402_device_controller.hpp:108:83: warning: ‘double hardware_interface::LoanedCommandInterface::get_value() const’ is deprecated: Use std::optional<T> get_optional() instead to retrieve the value. This method will be removed by the ROS 2 Kilted Kaiju release. [-Wdeprecated-declarations]
  108 |           response->success = static_cast<bool>(command_interfaces_[fbk].get_value());
      |                                                 ~~~~~~~~~~~~~~~~~~~~~~~~~~~~~~~~~~^~
/opt/ros/jazzy/include/hardware_interface/hardware_interface/loaned_command_interface.hpp:138:10: note: declared here
  138 |   double get_value() const
      |          ^~~~~~~~~
/home/gsylvia/agrobot-reverse-engineering/Agrobot/src/ros2_canopen/canopen_ros2_controllers/include/canopen_ros2_controllers/cia402_device_controller.hpp:110:45: warning: ignoring return value of ‘bool hardware_interface::LoanedCommandInterface::set_value(const T&, unsigned int) [with T = double]’, declared with attribute ‘nodiscard’ [-Wunused-result]
  110 |           command_interfaces_[fbk].set_value(std::numeric_limits<double>::quiet_NaN());
      |           ~~~~~~~~~~~~~~~~~~~~~~~~~~~~~~~~~~^~~~~~~~~~~~~~~~~~~~~~~~~~~~~~~~~~~~~~~~~~
/opt/ros/jazzy/include/hardware_interface/hardware_interface/loaned_command_interface.hpp:117:22: note: declared here
  117 |   [[nodiscard]] bool set_value(const T & value, unsigned int max_tries = 10)
      |                      ^~~~~~~~~
/home/gsylvia/agrobot-reverse-engineering/Agrobot/src/ros2_canopen/canopen_ros2_controllers/include/canopen_ros2_controllers/cia402_device_controller.hpp:111:45: warning: ignoring return value of ‘bool hardware_interface::LoanedCommandInterface::set_value(const T&, unsigned int) [with T = double]’, declared with attribute ‘nodiscard’ [-Wunused-result]
  111 |           command_interfaces_[cmd].set_value(std::numeric_limits<double>::quiet_NaN());
      |           ~~~~~~~~~~~~~~~~~~~~~~~~~~~~~~~~~~^~~~~~~~~~~~~~~~~~~~~~~~~~~~~~~~~~~~~~~~~~
/opt/ros/jazzy/include/hardware_interface/hardware_interface/loaned_command_interface.hpp:117:22: note: declared here
  117 |   [[nodiscard]] bool set_value(const T & value, unsigned int max_tries = 10)
      |                      ^~~~~~~~~
/home/gsylvia/agrobot-reverse-engineering/Agrobot/src/ros2_canopen/canopen_ros2_controllers/src/canopen_proxy_controller.cpp: In lambda function:
/home/gsylvia/agrobot-reverse-engineering/Agrobot/src/ros2_canopen/canopen_ros2_controllers/src/canopen_proxy_controller.cpp:141:64: warning: ignoring return value of ‘bool hardware_interface::LoanedCommandInterface::set_value(const T&, unsigned int) [with T = double]’, declared with attribute ‘nodiscard’ [-Wunused-result]
  141 |     command_interfaces_[CommandInterfaces::NMT_RESET].set_value(kCommandValue);
      |     ~~~~~~~~~~~~~~~~~~~~~~~~~~~~~~~~~~~~~~~~~~~~~~~~~~~~~~~~~~~^~~~~~~~~~~~~~~
In file included from /opt/ros/jazzy/include/controller_interface/controller_interface/controller_interface_base.hpp:29,
                 from /opt/ros/jazzy/include/controller_interface/controller_interface/controller_interface.hpp:21,
                 from /home/gsylvia/agrobot-reverse-engineering/Agrobot/src/ros2_canopen/canopen_ros2_controllers/include/canopen_ros2_controllers/canopen_proxy_controller.hpp:26,
                 from /home/gsylvia/agrobot-reverse-engineering/Agrobot/src/ros2_canopen/canopen_ros2_controllers/src/canopen_proxy_controller.cpp:15:
/opt/ros/jazzy/include/hardware_interface/hardware_interface/loaned_command_interface.hpp:117:22: note: declared here
  117 |   [[nodiscard]] bool set_value(const T & value, unsigned int max_tries = 10)
      |                      ^~~~~~~~~
/home/gsylvia/agrobot-reverse-engineering/Agrobot/src/ros2_canopen/canopen_ros2_controllers/src/canopen_proxy_controller.cpp:143:83: warning: ‘double hardware_interface::LoanedCommandInterface::get_value() const’ is deprecated: Use std::optional<T> get_optional() instead to retrieve the value. This method will be removed by the ROS 2 Kilted Kaiju release. [-Wdeprecated-declarations]
  143 |     while (!std::isnan(command_interfaces_[CommandInterfaces::NMT_RESET].get_value()))
      |                        ~~~~~~~~~~~~~~~~~~~~~~~~~~~~~~~~~~~~~~~~~~~~~~~~~~~~~~~~~~~^~
/opt/ros/jazzy/include/hardware_interface/hardware_interface/loaned_command_interface.hpp:138:10: note: declared here
  138 |   double get_value() const
      |          ^~~~~~~~~
/home/gsylvia/agrobot-reverse-engineering/Agrobot/src/ros2_canopen/canopen_ros2_controllers/src/canopen_proxy_controller.cpp:150:88: warning: ‘double hardware_interface::LoanedCommandInterface::get_value() const’ is deprecated: Use std::optional<T> get_optional() instead to retrieve the value. This method will be removed by the ROS 2 Kilted Kaiju release. [-Wdeprecated-declarations]
  150 |       static_cast<bool>(command_interfaces_[CommandInterfaces::NMT_RESET_FBK].get_value());
      |                         ~~~~~~~~~~~~~~~~~~~~~~~~~~~~~~~~~~~~~~~~~~~~~~~~~~~~~~~~~~~~~~~^~
/opt/ros/jazzy/include/hardware_interface/hardware_interface/loaned_command_interface.hpp:138:10: note: declared here
  138 |   double get_value() const
      |          ^~~~~~~~~
/home/gsylvia/agrobot-reverse-engineering/Agrobot/src/ros2_canopen/canopen_ros2_controllers/src/canopen_proxy_controller.cpp:152:68: warning: ignoring return value of ‘bool hardware_interface::LoanedCommandInterface::set_value(const T&, unsigned int) [with T = double]’, declared with attribute ‘nodiscard’ [-Wunused-result]
  152 |     command_interfaces_[CommandInterfaces::NMT_RESET_FBK].set_value(
      |     ~~~~~~~~~~~~~~~~~~~~~~~~~~~~~~~~~~~~~~~~~~~~~~~~~~~~~~~~~~~~~~~^
  153 |       std::numeric_limits<double>::quiet_NaN());
      |       ~~~~~~~~~~~~~~~~~~~~~~~~~~~~~~~~~~~~~~~~~                     
/opt/ros/jazzy/include/hardware_interface/hardware_interface/loaned_command_interface.hpp:117:22: note: declared here
  117 |   [[nodiscard]] bool set_value(const T & value, unsigned int max_tries = 10)
      |                      ^~~~~~~~~
/home/gsylvia/agrobot-reverse-engineering/Agrobot/src/ros2_canopen/canopen_ros2_controllers/src/canopen_proxy_controller.cpp: In lambda function:
/home/gsylvia/agrobot-reverse-engineering/Agrobot/src/ros2_canopen/canopen_ros2_controllers/src/canopen_proxy_controller.cpp:166:64: warning: ignoring return value of ‘bool hardware_interface::LoanedCommandInterface::set_value(const T&, unsigned int) [with T = double]’, declared with attribute ‘nodiscard’ [-Wunused-result]
  166 |     command_interfaces_[CommandInterfaces::NMT_START].set_value(kCommandValue);
      |     ~~~~~~~~~~~~~~~~~~~~~~~~~~~~~~~~~~~~~~~~~~~~~~~~~~~~~~~~~~~^~~~~~~~~~~~~~~
/opt/ros/jazzy/include/hardware_interface/hardware_interface/loaned_command_interface.hpp:117:22: note: declared here
  117 |   [[nodiscard]] bool set_value(const T & value, unsigned int max_tries = 10)
      |                      ^~~~~~~~~
/home/gsylvia/agrobot-reverse-engineering/Agrobot/src/ros2_canopen/canopen_ros2_controllers/src/canopen_proxy_controller.cpp:168:83: warning: ‘double hardware_interface::LoanedCommandInterface::get_value() const’ is deprecated: Use std::optional<T> get_optional() instead to retrieve the value. This method will be removed by the ROS 2 Kilted Kaiju release. [-Wdeprecated-declarations]
  168 |     while (!std::isnan(command_interfaces_[CommandInterfaces::NMT_START].get_value()))
      |                        ~~~~~~~~~~~~~~~~~~~~~~~~~~~~~~~~~~~~~~~~~~~~~~~~~~~~~~~~~~~^~
/opt/ros/jazzy/include/hardware_interface/hardware_interface/loaned_command_interface.hpp:138:10: note: declared here
  138 |   double get_value() const
      |          ^~~~~~~~~
/home/gsylvia/agrobot-reverse-engineering/Agrobot/src/ros2_canopen/canopen_ros2_controllers/src/canopen_proxy_controller.cpp:175:88: warning: ‘double hardware_interface::LoanedCommandInterface::get_value() const’ is deprecated: Use std::optional<T> get_optional() instead to retrieve the value. This method will be removed by the ROS 2 Kilted Kaiju release. [-Wdeprecated-declarations]
  175 |       static_cast<bool>(command_interfaces_[CommandInterfaces::NMT_START_FBK].get_value());
      |                         ~~~~~~~~~~~~~~~~~~~~~~~~~~~~~~~~~~~~~~~~~~~~~~~~~~~~~~~~~~~~~~~^~
/opt/ros/jazzy/include/hardware_interface/hardware_interface/loaned_command_interface.hpp:138:10: note: declared here
  138 |   double get_value() const
      |          ^~~~~~~~~
/home/gsylvia/agrobot-reverse-engineering/Agrobot/src/ros2_canopen/canopen_ros2_controllers/src/canopen_proxy_controller.cpp:177:68: warning: ignoring return value of ‘bool hardware_interface::LoanedCommandInterface::set_value(const T&, unsigned int) [with T = double]’, declared with attribute ‘nodiscard’ [-Wunused-result]
  177 |     command_interfaces_[CommandInterfaces::NMT_START_FBK].set_value(
      |     ~~~~~~~~~~~~~~~~~~~~~~~~~~~~~~~~~~~~~~~~~~~~~~~~~~~~~~~~~~~~~~~^
  178 |       std::numeric_limits<double>::quiet_NaN());
      |       ~~~~~~~~~~~~~~~~~~~~~~~~~~~~~~~~~~~~~~~~~                     
/opt/ros/jazzy/include/hardware_interface/hardware_interface/loaned_command_interface.hpp:117:22: note: declared here
  117 |   [[nodiscard]] bool set_value(const T & value, unsigned int max_tries = 10)
      |                      ^~~~~~~~~
/home/gsylvia/agrobot-reverse-engineering/Agrobot/src/ros2_canopen/canopen_ros2_controllers/src/canopen_proxy_controller.cpp: In member function ‘virtual controller_interface::CallbackReturn canopen_ros2_controllers::CanopenProxyController::on_deactivate(const rclcpp_lifecycle::State&)’:
/home/gsylvia/agrobot-reverse-engineering/Agrobot/src/ros2_canopen/canopen_ros2_controllers/src/canopen_proxy_controller.cpp:257:37: warning: ignoring return value of ‘bool hardware_interface::LoanedCommandInterface::set_value(const T&, unsigned int) [with T = double]’, declared with attribute ‘nodiscard’ [-Wunused-result]
  257 |     command_interfaces_[i].set_value(std::numeric_limits<double>::quiet_NaN());
      |     ~~~~~~~~~~~~~~~~~~~~~~~~~~~~~~~~^~~~~~~~~~~~~~~~~~~~~~~~~~~~~~~~~~~~~~~~~~
/opt/ros/jazzy/include/hardware_interface/hardware_interface/loaned_command_interface.hpp:117:22: note: declared here
  117 |   [[nodiscard]] bool set_value(const T & value, unsigned int max_tries = 10)
      |                      ^~~~~~~~~
/home/gsylvia/agrobot-reverse-engineering/Agrobot/src/ros2_canopen/canopen_ros2_controllers/src/canopen_proxy_controller.cpp: In member function ‘virtual controller_interface::return_type canopen_ros2_controllers::CanopenProxyController::update(const rclcpp::Time&, const rclcpp::Duration&)’:
/home/gsylvia/agrobot-reverse-engineering/Agrobot/src/ros2_canopen/canopen_ros2_controllers/src/canopen_proxy_controller.cpp:269:94: warning: ‘double hardware_interface::LoanedStateInterface::get_value() const’ is deprecated: Use std::optional<T> get_optional() instead to retrieve the value. This method will be removed by the ROS 2 Kilted Kaiju release. [-Wdeprecated-declarations]
  269 |     auto nmt_state = static_cast<int>(state_interfaces_[StateInterfaces::NMT_STATE].get_value());
      |                                       ~~~~~~~~~~~~~~~~~~~~~~~~~~~~~~~~~~~~~~~~~~~~~~~~~~~~~~~^~
In file included from /opt/ros/jazzy/include/controller_interface/controller_interface/controller_interface_base.hpp:30:
/opt/ros/jazzy/include/hardware_interface/hardware_interface/loaned_state_interface.hpp:98:10: note: declared here
   98 |   double get_value() const
      |          ^~~~~~~~~
/home/gsylvia/agrobot-reverse-engineering/Agrobot/src/ros2_canopen/canopen_ros2_controllers/src/canopen_proxy_controller.cpp:313:85: warning: ‘double hardware_interface::LoanedStateInterface::get_value() const’ is deprecated: Use std::optional<T> get_optional() instead to retrieve the value. This method will be removed by the ROS 2 Kilted Kaiju release. [-Wdeprecated-declarations]
  313 |       static_cast<uint16_t>(state_interfaces_[StateInterfaces::RPDO_INDEX].get_value());
      |                             ~~~~~~~~~~~~~~~~~~~~~~~~~~~~~~~~~~~~~~~~~~~~~~~~~~~~~~~~^~
/opt/ros/jazzy/include/hardware_interface/hardware_interface/loaned_state_interface.hpp:98:10: note: declared here
   98 |   double get_value() const
      |          ^~~~~~~~~
/home/gsylvia/agrobot-reverse-engineering/Agrobot/src/ros2_canopen/canopen_ros2_controllers/src/canopen_proxy_controller.cpp:315:87: warning: ‘double hardware_interface::LoanedStateInterface::get_value() const’ is deprecated: Use std::optional<T> get_optional() instead to retrieve the value. This method will be removed by the ROS 2 Kilted Kaiju release. [-Wdeprecated-declarations]
  315 |       static_cast<uint8_t>(state_interfaces_[StateInterfaces::RPDO_SUBINDEX].get_value());
      |                            ~~~~~~~~~~~~~~~~~~~~~~~~~~~~~~~~~~~~~~~~~~~~~~~~~~~~~~~~~~~^~
/opt/ros/jazzy/include/hardware_interface/hardware_interface/loaned_state_interface.hpp:98:10: note: declared here
   98 |   double get_value() const
      |          ^~~~~~~~~
/home/gsylvia/agrobot-reverse-engineering/Agrobot/src/ros2_canopen/canopen_ros2_controllers/src/canopen_proxy_controller.cpp:317:84: warning: ‘double hardware_interface::LoanedStateInterface::get_value() const’ is deprecated: Use std::optional<T> get_optional() instead to retrieve the value. This method will be removed by the ROS 2 Kilted Kaiju release. [-Wdeprecated-declarations]
  317 |       static_cast<uint32_t>(state_interfaces_[StateInterfaces::RPDO_DATA].get_value());
      |                             ~~~~~~~~~~~~~~~~~~~~~~~~~~~~~~~~~~~~~~~~~~~~~~~~~~~~~~~^~
/opt/ros/jazzy/include/hardware_interface/hardware_interface/loaned_state_interface.hpp:98:10: note: declared here
   98 |   double get_value() const
      |          ^~~~~~~~~
/home/gsylvia/agrobot-reverse-engineering/Agrobot/src/ros2_canopen/canopen_ros2_controllers/src/canopen_proxy_controller.cpp:330:65: warning: ignoring return value of ‘bool hardware_interface::LoanedCommandInterface::set_value(const T&, unsigned int) [with T = double]’, declared with attribute ‘nodiscard’ [-Wunused-result]
  330 |     command_interfaces_[CommandInterfaces::TPDO_INDEX].set_value(
      |     ~~~~~~~~~~~~~~~~~~~~~~~~~~~~~~~~~~~~~~~~~~~~~~~~~~~~~~~~~~~~^
  331 |       static_cast<double>((*current_cmd)->index));
      |       ~~~~~~~~~~~~~~~~~~~~~~~~~~~~~~~~~~~~~~~~~~~                
/opt/ros/jazzy/include/hardware_interface/hardware_interface/loaned_command_interface.hpp:117:22: note: declared here
  117 |   [[nodiscard]] bool set_value(const T & value, unsigned int max_tries = 10)
      |                      ^~~~~~~~~
/home/gsylvia/agrobot-reverse-engineering/Agrobot/src/ros2_canopen/canopen_ros2_controllers/src/canopen_proxy_controller.cpp:332:68: warning: ignoring return value of ‘bool hardware_interface::LoanedCommandInterface::set_value(const T&, unsigned int) [with T = double]’, declared with attribute ‘nodiscard’ [-Wunused-result]
  332 |     command_interfaces_[CommandInterfaces::TPDO_SUBINDEX].set_value(
      |     ~~~~~~~~~~~~~~~~~~~~~~~~~~~~~~~~~~~~~~~~~~~~~~~~~~~~~~~~~~~~~~~^
  333 |       static_cast<double>((*current_cmd)->subindex));
      |       ~~~~~~~~~~~~~~~~~~~~~~~~~~~~~~~~~~~~~~~~~~~~~~                
/opt/ros/jazzy/include/hardware_interface/hardware_interface/loaned_command_interface.hpp:117:22: note: declared here
  117 |   [[nodiscard]] bool set_value(const T & value, unsigned int max_tries = 10)
      |                      ^~~~~~~~~
/home/gsylvia/agrobot-reverse-engineering/Agrobot/src/ros2_canopen/canopen_ros2_controllers/src/canopen_proxy_controller.cpp:334:64: warning: ignoring return value of ‘bool hardware_interface::LoanedCommandInterface::set_value(const T&, unsigned int) [with T = double]’, declared with attribute ‘nodiscard’ [-Wunused-result]
  334 |     command_interfaces_[CommandInterfaces::TPDO_DATA].set_value(
      |     ~~~~~~~~~~~~~~~~~~~~~~~~~~~~~~~~~~~~~~~~~~~~~~~~~~~~~~~~~~~^
  335 |       static_cast<double>((*current_cmd)->data));
      |       ~~~~~~~~~~~~~~~~~~~~~~~~~~~~~~~~~~~~~~~~~~                
/opt/ros/jazzy/include/hardware_interface/hardware_interface/loaned_command_interface.hpp:117:22: note: declared here
  117 |   [[nodiscard]] bool set_value(const T & value, unsigned int max_tries = 10)
      |                      ^~~~~~~~~
/home/gsylvia/agrobot-reverse-engineering/Agrobot/src/ros2_canopen/canopen_ros2_controllers/src/canopen_proxy_controller.cpp:337:63: warning: ignoring return value of ‘bool hardware_interface::LoanedCommandInterface::set_value(const T&, unsigned int) [with T = double]’, declared with attribute ‘nodiscard’ [-Wunused-result]
  337 |     command_interfaces_[CommandInterfaces::TPDO_ONS].set_value(kCommandValue);
      |     ~~~~~~~~~~~~~~~~~~~~~~~~~~~~~~~~~~~~~~~~~~~~~~~~~~~~~~~~~~^~~~~~~~~~~~~~~
/opt/ros/jazzy/include/hardware_interface/hardware_interface/loaned_command_interface.hpp:117:22: note: declared here
  117 |   [[nodiscard]] bool set_value(const T & value, unsigned int max_tries = 10)
      |                      ^~~~~~~~~
---
Finished <<< canopen_ros2_controllers [15.2s]
Starting >>> canopen_tests
Built target cia402_diagnostics_prepare
Built target simple_diagnostics_prepare
Built target simple_prepare
Built target canopen_system_prepare
Built target cia402_prepare
Built target cia402_system_prepare
Built target cia402_lifecycle_prepare
Built target cia402_namespaced_system_prepare
Built target simple_lifecycle_prepare
Built target robot_control_prepare
cia402_device_1: writing 4 bytes to 0x1400/1: 02 02 00 80
cia402_device_1: writing 1 bytes to 0x1600/0: 00
cia402_device_1: writing 4 bytes to 0x1600/1: 10 00 40 60
cia402_device_1: writing 4 bytes to 0x1600/2: 08 00 60 60
cia402_device_1: writing 1 bytes to 0x1600/0: 02
cia402_device_1: writing 4 bytes to 0x1400/1: 02 02 00 00
cia402_device_1: writing 4 bytes to 0x1401/1: 02 03 00 80
cia402_device_1: writing 1 bytes to 0x1601/0: 00
cia402_device_1: writing 4 bytes to 0x1601/1: 20 00 7A 60
cia402_device_1: writing 4 bytes to 0x1601/2: 20 00 FF 60
cia402_device_1: writing 1 bytes to 0x1601/0: 02
cia402_device_1: writing 4 bytes to 0x1401/1: 02 03 00 00
cia402_device_1: writing 4 bytes to 0x1800/1: 82 01 00 80
cia402_device_1: writing 1 bytes to 0x1A00/0: 00
cia402_device_1: writing 4 bytes to 0x1A00/1: 10 00 41 60
cia402_device_1: writing 4 bytes to 0x1A00/2: 08 00 61 60
cia402_device_1: writing 1 bytes to 0x1A00/0: 02
cia402_device_1: writing 4 bytes to 0x1800/1: 82 01 00 00
cia402_device_1: writing 4 bytes to 0x1801/1: 82 02 00 80
cia402_device_1: writing 1 bytes to 0x1A01/0: 00
cia402_device_1: writing 4 bytes to 0x1A01/1: 20 00 64 60
cia402_device_1: writing 4 bytes to 0x1A01/2: 20 00 6C 60
cia402_device_1: writing 1 bytes to 0x1A01/0: 02
cia402_device_1: writing 4 bytes to 0x1801/1: 82 02 00 00
cia402_device_1: writing 4 bytes to 0x1802/1: 82 03 00 C0
cia402_device_1: writing 1 bytes to 0x60C2/1: 32
cia402_device_1: writing 1 bytes to 0x60C2/2: FD
Built target simple
Built target simple_lifecycle
Built target canopen_system
Built target cia402_lifecycle
joint_1: writing 4 bytes to 0x1400/1: 02 02 00 80
joint_1: writing 1 bytes to 0x1600/0: 00
joint_1: writing 4 bytes to 0x1600/1: 10 00 40 60
joint_1: writing 4 bytes to 0x1600/2: 08 00 60 60
joint_1: writing 1 bytes to 0x1600/0: 02
joint_1: writing 4 bytes to 0x1400/1: 02 02 00 00
joint_1: writing 4 bytes to 0x1401/1: 02 03 00 80
joint_1: writing 1 bytes to 0x1601/0: 00
joint_1: writing 4 bytes to 0x1601/1: 20 00 7A 60
joint_1: writing 1 bytes to 0x1601/0: 01
joint_1: writing 4 bytes to 0x1401/1: 02 03 00 00
joint_1: writing 4 bytes to 0x1800/1: 82 01 00 80
joint_1: writing 1 bytes to 0x1800/2: 01
joint_1: writing 1 bytes to 0x1A00/0: 00
joint_1: writing 4 bytes to 0x1A00/1: 10 00 41 60
joint_1: writing 4 bytes to 0x1A00/2: 08 00 61 60
joint_1: writing 1 bytes to 0x1A00/0: 02
joint_1: writing 4 bytes to 0x1800/1: 82 01 00 00
joint_1: writing 4 bytes to 0x1801/1: 82 02 00 80
joint_1: writing 1 bytes to 0x1801/2: 01
joint_1: writing 1 bytes to 0x1A01/0: 00
joint_1: writing 4 bytes to 0x1A01/1: 20 00 64 60
joint_1: writing 4 bytes to 0x1A01/2: 20 00 6C 60
joint_1: writing 1 bytes to 0x1A01/0: 02
joint_1: writing 4 bytes to 0x1801/1: 82 02 00 00
joint_1: writing 1 bytes to 0x60C2/1: 32
joint_1: writing 1 bytes to 0x60C2/2: FD
joint_1: writing 4 bytes to 0x6081/0: E8 03 00 00
joint_1: writing 4 bytes to 0x6083/0: D0 07 00 00
joint_1: writing 1 bytes to 0x6060/0: 07
joint_2: writing 4 bytes to 0x1400/1: 03 02 00 80
joint_2: writing 1 bytes to 0x1600/0: 00
joint_2: writing 4 bytes to 0x1600/1: 10 00 40 60
joint_2: writing 4 bytes to 0x1600/2: 08 00 60 60
joint_2: writing 1 bytes to 0x1600/0: 02
joint_2: writing 4 bytes to 0x1400/1: 03 02 00 00
joint_2: writing 4 bytes to 0x1401/1: 03 03 00 80
joint_2: writing 1 bytes to 0x1601/0: 00
joint_2: writing 4 bytes to 0x1601/1: 20 00 7A 60
joint_2: writing 1 bytes to 0x1601/0: 01
joint_2: writing 4 bytes to 0x1401/1: 03 03 00 00
joint_2: writing 4 bytes to 0x1800/1: 83 01 00 80
joint_2: writing 1 bytes to 0x1800/2: 01
joint_2: writing 1 bytes to 0x1A00/0: 00
joint_2: writing 4 bytes to 0x1A00/1: 10 00 41 60
joint_2: writing 4 bytes to 0x1A00/2: 08 00 61 60
joint_2: writing 1 bytes to 0x1A00/0: 02
joint_2: writing 4 bytes to 0x1800/1: 83 01 00 00
joint_2: writing 4 bytes to 0x1801/1: 83 02 00 80
joint_2: writing 1 bytes to 0x1801/2: 01
joint_2: writing 1 bytes to 0x1A01/0: 00
joint_2: writing 4 bytes to 0x1A01/1: 20 00 64 60
joint_2: writing 4 bytes to 0x1A01/2: 20 00 6C 60
joint_2: writing 1 bytes to 0x1A01/0: 02
joint_2: writing 4 bytes to 0x1801/1: 83 02 00 00
joint_2: writing 1 bytes to 0x60C2/1: 32
joint_2: writing 1 bytes to 0x60C2/2: FD
joint_2: writing 4 bytes to 0x6081/0: E8 03 00 00
joint_2: writing 4 bytes to 0x6083/0: D0 07 00 00
joint_2: writing 1 bytes to 0x6060/0: 07
cia402_device_1: writing 1 bytes to 0x1600/0: 00
cia402_device_1: writing 4 bytes to 0x1600/1: 10 00 40 60
cia402_device_1: writing 4 bytes to 0x1600/2: 08 00 60 60
cia402_device_1: writing 1 bytes to 0x1600/0: 02
cia402_device_1: writing 4 bytes to 0x1400/1: 02 02 00 00
cia402_device_1: writing 1 bytes to 0x1601/0: 00
cia402_device_1: writing 4 bytes to 0x1601/1: 20 00 7A 60
cia402_device_1: writing 4 bytes to 0x1601/2: 20 00 FF 60
cia402_device_1: writing 1 bytes to 0x1601/0: 02
cia402_device_1: writing 4 bytes to 0x1401/1: 02 03 00 00
cia402_device_1: writing 1 bytes to 0x1A00/0: 00
cia402_device_1: writing 4 bytes to 0x1A00/1: 10 00 41 60
cia402_device_1: writing 4 bytes to 0x1A00/2: 08 00 61 60
cia402_device_1: writing 1 bytes to 0x1A00/0: 02
cia402_device_1: writing 4 bytes to 0x1800/1: 82 01 00 00
cia402_device_1: writing 1 bytes to 0x1A01/0: 00
cia402_device_1: writing 4 bytes to 0x1A01/1: 20 00 64 60
cia402_device_1: writing 4 bytes to 0x1A01/2: 20 00 6C 60
cia402_device_1: writing 1 bytes to 0x1A01/0: 02
cia402_device_1: writing 4 bytes to 0x1801/1: 82 02 00 00
cia402_device_1: writing 1 bytes to 0x60C2/1: 32
cia402_device_1: writing 1 bytes to 0x60C2/2: FD
cia402_device_1: writing 4 bytes to 0x6081/0: E8 03 00 00
cia402_device_1: writing 4 bytes to 0x6083/0: D0 07 00 00
Built target simple_diagnostics
cia402_device_1: writing 1 bytes to 0x1600/0: 00
cia402_device_1: writing 4 bytes to 0x1600/1: 10 00 40 60
cia402_device_1: writing 4 bytes to 0x1600/2: 08 00 60 60
cia402_device_1: writing 1 bytes to 0x1600/0: 02
cia402_device_1: writing 4 bytes to 0x1400/1: 02 02 00 00
cia402_device_1: writing 1 bytes to 0x1601/0: 00
cia402_device_1: writing 4 bytes to 0x1601/1: 20 00 7A 60
cia402_device_1: writing 4 bytes to 0x1601/2: 20 00 FF 60
cia402_device_1: writing 1 bytes to 0x1601/0: 02
cia402_device_1: writing 4 bytes to 0x1401/1: 02 03 00 00
cia402_device_1: writing 1 bytes to 0x1A00/0: 00
cia402_device_1: writing 4 bytes to 0x1A00/1: 10 00 41 60
cia402_device_1: writing 4 bytes to 0x1A00/2: 08 00 61 60
cia402_device_1: writing 1 bytes to 0x1A00/0: 02
cia402_device_1: writing 4 bytes to 0x1800/1: 82 01 00 00
cia402_device_1: writing 1 bytes to 0x1A01/0: 00
cia402_device_1: writing 4 bytes to 0x1A01/1: 20 00 64 60
cia402_device_1: writing 4 bytes to 0x1A01/2: 20 00 6C 60
cia402_device_1: writing 1 bytes to 0x1A01/0: 02
cia402_device_1: writing 4 bytes to 0x1801/1: 82 02 00 00
cia402_device_1: writing 1 bytes to 0x60C2/1: 32
cia402_device_1: writing 1 bytes to 0x60C2/2: FD
cia402_device_1: writing 4 bytes to 0x6081/0: E8 03 00 00
cia402_device_1: writing 4 bytes to 0x6083/0: D0 07 00 00
Built target robot_control
Built target cia402_system
cia402_device_1: writing 1 bytes to 0x1600/0: 00
cia402_device_1: writing 4 bytes to 0x1600/1: 10 00 40 60
cia402_device_1: writing 4 bytes to 0x1600/2: 08 00 60 60
cia402_device_1: writing 1 bytes to 0x1600/0: 02
cia402_device_1: writing 4 bytes to 0x1400/1: 02 02 00 00
cia402_device_1: writing 1 bytes to 0x1601/0: 00
cia402_device_1: writing 4 bytes to 0x1601/1: 20 00 7A 60
cia402_device_1: writing 4 bytes to 0x1601/2: 20 00 FF 60
cia402_device_1: writing 1 bytes to 0x1601/0: 02
cia402_device_1: writing 4 bytes to 0x1401/1: 02 03 00 00
cia402_device_1: writing 1 bytes to 0x1A00/0: 00
cia402_device_1: writing 4 bytes to 0x1A00/1: 10 00 41 60
cia402_device_1: writing 4 bytes to 0x1A00/2: 08 00 61 60
cia402_device_1: writing 1 bytes to 0x1A00/0: 02
cia402_device_1: writing 4 bytes to 0x1800/1: 82 01 00 00
cia402_device_1: writing 1 bytes to 0x1A01/0: 00
cia402_device_1: writing 4 bytes to 0x1A01/1: 20 00 64 60
cia402_device_1: writing 4 bytes to 0x1A01/2: 20 00 6C 60
cia402_device_1: writing 1 bytes to 0x1A01/0: 02
cia402_device_1: writing 4 bytes to 0x1801/1: 82 02 00 00
cia402_device_1: writing 1 bytes to 0x60C2/1: 32
cia402_device_1: writing 1 bytes to 0x60C2/2: FD
cia402_device_1: writing 4 bytes to 0x6081/0: E8 03 00 00
cia402_device_1: writing 4 bytes to 0x6083/0: D0 07 00 00
Built target cia402_namespaced_system
Built target cia402
cia402_device_1: writing 1 bytes to 0x1600/0: 00
cia402_device_1: writing 4 bytes to 0x1600/1: 10 00 40 60
cia402_device_1: writing 4 bytes to 0x1600/2: 08 00 60 60
cia402_device_1: writing 1 bytes to 0x1600/0: 02
cia402_device_1: writing 4 bytes to 0x1400/1: 02 02 00 00
cia402_device_1: writing 1 bytes to 0x1601/0: 00
cia402_device_1: writing 4 bytes to 0x1601/1: 20 00 7A 60
cia402_device_1: writing 4 bytes to 0x1601/2: 20 00 FF 60
cia402_device_1: writing 1 bytes to 0x1601/0: 02
cia402_device_1: writing 4 bytes to 0x1401/1: 02 03 00 00
cia402_device_1: writing 1 bytes to 0x1A00/0: 00
cia402_device_1: writing 4 bytes to 0x1A00/1: 10 00 41 60
cia402_device_1: writing 4 bytes to 0x1A00/2: 08 00 61 60
cia402_device_1: writing 1 bytes to 0x1A00/0: 02
cia402_device_1: writing 4 bytes to 0x1800/1: 82 01 00 00
cia402_device_1: writing 1 bytes to 0x1A01/0: 00
cia402_device_1: writing 4 bytes to 0x1A01/1: 20 00 64 60
cia402_device_1: writing 4 bytes to 0x1A01/2: 20 00 6C 60
cia402_device_1: writing 1 bytes to 0x1A01/0: 02
cia402_device_1: writing 4 bytes to 0x1801/1: 82 02 00 00
cia402_device_1: writing 1 bytes to 0x60C2/1: 32
cia402_device_1: writing 1 bytes to 0x60C2/2: FD
cia402_device_1: writing 4 bytes to 0x6081/0: E8 03 00 00
cia402_device_1: writing 4 bytes to 0x6083/0: D0 07 00 00
cia402_device_2: writing 1 bytes to 0x1600/0: 00
cia402_device_2: writing 4 bytes to 0x1600/1: 10 00 40 60
cia402_device_2: writing 4 bytes to 0x1600/2: 08 00 60 60
cia402_device_2: writing 1 bytes to 0x1600/0: 02
cia402_device_2: writing 4 bytes to 0x1400/1: 03 02 00 00
cia402_device_2: writing 1 bytes to 0x1601/0: 00
cia402_device_2: writing 4 bytes to 0x1601/1: 20 00 7A 60
cia402_device_2: writing 4 bytes to 0x1601/2: 20 00 FF 60
cia402_device_2: writing 1 bytes to 0x1601/0: 02
cia402_device_2: writing 4 bytes to 0x1401/1: 03 03 00 00
cia402_device_2: writing 1 bytes to 0x1A00/0: 00
cia402_device_2: writing 4 bytes to 0x1A00/1: 10 00 41 60
cia402_device_2: writing 4 bytes to 0x1A00/2: 08 00 61 60
cia402_device_2: writing 1 bytes to 0x1A00/0: 02
cia402_device_2: writing 4 bytes to 0x1800/1: 83 01 00 00
cia402_device_2: writing 1 bytes to 0x1A01/0: 00
cia402_device_2: writing 4 bytes to 0x1A01/1: 20 00 64 60
cia402_device_2: writing 4 bytes to 0x1A01/2: 20 00 6C 60
cia402_device_2: writing 1 bytes to 0x1A01/0: 02
cia402_device_2: writing 4 bytes to 0x1801/1: 83 02 00 00
cia402_device_2: writing 1 bytes to 0x60C2/1: 32
cia402_device_2: writing 1 bytes to 0x60C2/2: FD
cia402_device_2: writing 4 bytes to 0x6081/0: E8 03 00 00
cia402_device_2: writing 4 bytes to 0x6083/0: D0 07 00 00
cia402_device_3: writing 1 bytes to 0x1600/0: 00
cia402_device_3: writing 4 bytes to 0x1600/1: 10 00 40 60
cia402_device_3: writing 4 bytes to 0x1600/2: 08 00 60 60
cia402_device_3: writing 1 bytes to 0x1600/0: 02
cia402_device_3: writing 4 bytes to 0x1400/1: 04 02 00 00
cia402_device_3: writing 1 bytes to 0x1601/0: 00
cia402_device_3: writing 4 bytes to 0x1601/1: 20 00 7A 60
cia402_device_3: writing 4 bytes to 0x1601/2: 20 00 FF 60
cia402_device_3: writing 1 bytes to 0x1601/0: 02
cia402_device_3: writing 4 bytes to 0x1401/1: 04 03 00 00
cia402_device_3: writing 1 bytes to 0x1A00/0: 00
cia402_device_3: writing 4 bytes to 0x1A00/1: 10 00 41 60
cia402_device_3: writing 4 bytes to 0x1A00/2: 08 00 61 60
cia402_device_3: writing 1 bytes to 0x1A00/0: 02
cia402_device_3: writing 4 bytes to 0x1800/1: 84 01 00 00
cia402_device_3: writing 1 bytes to 0x1A01/0: 00
cia402_device_3: writing 4 bytes to 0x1A01/1: 20 00 64 60
cia402_device_3: writing 4 bytes to 0x1A01/2: 20 00 6C 60
cia402_device_3: writing 1 bytes to 0x1A01/0: 02
cia402_device_3: writing 4 bytes to 0x1801/1: 84 02 00 00
cia402_device_3: writing 1 bytes to 0x60C2/1: 32
cia402_device_3: writing 1 bytes to 0x60C2/2: FD
cia402_device_3: writing 4 bytes to 0x6081/0: E8 03 00 00
cia402_device_3: writing 4 bytes to 0x6083/0: D0 07 00 00
Built target cia402_diagnostics
-- Install configuration: ""
-- Up-to-date: /home/gsylvia/agrobot-reverse-engineering/Agrobot/install/canopen_tests/share/canopen_tests/config/simple/
-- Installing: /home/gsylvia/agrobot-reverse-engineering/Agrobot/install/canopen_tests/share/canopen_tests/config/simple//simple.eds
-- Up-to-date: /home/gsylvia/agrobot-reverse-engineering/Agrobot/install/canopen_tests/share/canopen_tests/config/simple/
-- Installing: /home/gsylvia/agrobot-reverse-engineering/Agrobot/install/canopen_tests/share/canopen_tests/config/simple//bus.yml
-- Installing: /home/gsylvia/agrobot-reverse-engineering/Agrobot/install/canopen_tests/share/canopen_tests/config/simple//master.dcf
-- Up-to-date: /home/gsylvia/agrobot-reverse-engineering/Agrobot/install/canopen_tests/share/canopen_tests/config/canopen_system/
-- Installing: /home/gsylvia/agrobot-reverse-engineering/Agrobot/install/canopen_tests/share/canopen_tests/config/canopen_system//simple.eds
-- Installing: /home/gsylvia/agrobot-reverse-engineering/Agrobot/install/canopen_tests/share/canopen_tests/config/canopen_system//ros2_controllers.yaml
-- Up-to-date: /home/gsylvia/agrobot-reverse-engineering/Agrobot/install/canopen_tests/share/canopen_tests/config/canopen_system/
-- Installing: /home/gsylvia/agrobot-reverse-engineering/Agrobot/install/canopen_tests/share/canopen_tests/config/canopen_system//bus.yml
-- Installing: /home/gsylvia/agrobot-reverse-engineering/Agrobot/install/canopen_tests/share/canopen_tests/config/canopen_system//master.dcf
-- Up-to-date: /home/gsylvia/agrobot-reverse-engineering/Agrobot/install/canopen_tests/share/canopen_tests/config/cia402_system/
-- Installing: /home/gsylvia/agrobot-reverse-engineering/Agrobot/install/canopen_tests/share/canopen_tests/config/cia402_system//cia402_slave.eds
-- Installing: /home/gsylvia/agrobot-reverse-engineering/Agrobot/install/canopen_tests/share/canopen_tests/config/cia402_system//ros2_controllers.yaml
-- Up-to-date: /home/gsylvia/agrobot-reverse-engineering/Agrobot/install/canopen_tests/share/canopen_tests/config/cia402_system/
-- Installing: /home/gsylvia/agrobot-reverse-engineering/Agrobot/install/canopen_tests/share/canopen_tests/config/cia402_system//bus.yml
-- Installing: /home/gsylvia/agrobot-reverse-engineering/Agrobot/install/canopen_tests/share/canopen_tests/config/cia402_system//preprocessed_bus.yml
-- Installing: /home/gsylvia/agrobot-reverse-engineering/Agrobot/install/canopen_tests/share/canopen_tests/config/cia402_system//master.dcf
-- Installing: /home/gsylvia/agrobot-reverse-engineering/Agrobot/install/canopen_tests/share/canopen_tests/config/cia402_system//cia402_device_1.bin
-- Up-to-date: /home/gsylvia/agrobot-reverse-engineering/Agrobot/install/canopen_tests/share/canopen_tests/config/cia402_namespaced_system/
-- Installing: /home/gsylvia/agrobot-reverse-engineering/Agrobot/install/canopen_tests/share/canopen_tests/config/cia402_namespaced_system//cia402_slave.eds
-- Installing: /home/gsylvia/agrobot-reverse-engineering/Agrobot/install/canopen_tests/share/canopen_tests/config/cia402_namespaced_system//ros2_controllers.yaml
-- Up-to-date: /home/gsylvia/agrobot-reverse-engineering/Agrobot/install/canopen_tests/share/canopen_tests/config/cia402_namespaced_system/
-- Installing: /home/gsylvia/agrobot-reverse-engineering/Agrobot/install/canopen_tests/share/canopen_tests/config/cia402_namespaced_system//bus.yml
-- Installing: /home/gsylvia/agrobot-reverse-engineering/Agrobot/install/canopen_tests/share/canopen_tests/config/cia402_namespaced_system//preprocessed_bus.yml
-- Installing: /home/gsylvia/agrobot-reverse-engineering/Agrobot/install/canopen_tests/share/canopen_tests/config/cia402_namespaced_system//master.dcf
-- Installing: /home/gsylvia/agrobot-reverse-engineering/Agrobot/install/canopen_tests/share/canopen_tests/config/cia402_namespaced_system//cia402_device_1.bin
-- Up-to-date: /home/gsylvia/agrobot-reverse-engineering/Agrobot/install/canopen_tests/share/canopen_tests/config/cia402/
-- Installing: /home/gsylvia/agrobot-reverse-engineering/Agrobot/install/canopen_tests/share/canopen_tests/config/cia402//cia402_slave.eds
-- Up-to-date: /home/gsylvia/agrobot-reverse-engineering/Agrobot/install/canopen_tests/share/canopen_tests/config/cia402/
-- Installing: /home/gsylvia/agrobot-reverse-engineering/Agrobot/install/canopen_tests/share/canopen_tests/config/cia402//bus.yml
-- Installing: /home/gsylvia/agrobot-reverse-engineering/Agrobot/install/canopen_tests/share/canopen_tests/config/cia402//preprocessed_bus.yml
-- Installing: /home/gsylvia/agrobot-reverse-engineering/Agrobot/install/canopen_tests/share/canopen_tests/config/cia402//master.dcf
-- Installing: /home/gsylvia/agrobot-reverse-engineering/Agrobot/install/canopen_tests/share/canopen_tests/config/cia402//cia402_device_1.bin
-- Up-to-date: /home/gsylvia/agrobot-reverse-engineering/Agrobot/install/canopen_tests/share/canopen_tests/config/cia402_lifecycle/
-- Installing: /home/gsylvia/agrobot-reverse-engineering/Agrobot/install/canopen_tests/share/canopen_tests/config/cia402_lifecycle//cia402_slave.eds
-- Up-to-date: /home/gsylvia/agrobot-reverse-engineering/Agrobot/install/canopen_tests/share/canopen_tests/config/cia402_lifecycle/
-- Installing: /home/gsylvia/agrobot-reverse-engineering/Agrobot/install/canopen_tests/share/canopen_tests/config/cia402_lifecycle//bus.yml
-- Installing: /home/gsylvia/agrobot-reverse-engineering/Agrobot/install/canopen_tests/share/canopen_tests/config/cia402_lifecycle//master.dcf
-- Installing: /home/gsylvia/agrobot-reverse-engineering/Agrobot/install/canopen_tests/share/canopen_tests/config/cia402_lifecycle//cia402_device_1.bin
-- Up-to-date: /home/gsylvia/agrobot-reverse-engineering/Agrobot/install/canopen_tests/share/canopen_tests/config/cia402_diagnostics/
-- Installing: /home/gsylvia/agrobot-reverse-engineering/Agrobot/install/canopen_tests/share/canopen_tests/config/cia402_diagnostics//cia402_slave.eds
-- Up-to-date: /home/gsylvia/agrobot-reverse-engineering/Agrobot/install/canopen_tests/share/canopen_tests/config/cia402_diagnostics/
-- Installing: /home/gsylvia/agrobot-reverse-engineering/Agrobot/install/canopen_tests/share/canopen_tests/config/cia402_diagnostics//cia402_device_3.bin
-- Installing: /home/gsylvia/agrobot-reverse-engineering/Agrobot/install/canopen_tests/share/canopen_tests/config/cia402_diagnostics//bus.yml
-- Installing: /home/gsylvia/agrobot-reverse-engineering/Agrobot/install/canopen_tests/share/canopen_tests/config/cia402_diagnostics//preprocessed_bus.yml
-- Installing: /home/gsylvia/agrobot-reverse-engineering/Agrobot/install/canopen_tests/share/canopen_tests/config/cia402_diagnostics//cia402_device_2.bin
-- Installing: /home/gsylvia/agrobot-reverse-engineering/Agrobot/install/canopen_tests/share/canopen_tests/config/cia402_diagnostics//master.dcf
-- Installing: /home/gsylvia/agrobot-reverse-engineering/Agrobot/install/canopen_tests/share/canopen_tests/config/cia402_diagnostics//cia402_device_1.bin
-- Up-to-date: /home/gsylvia/agrobot-reverse-engineering/Agrobot/install/canopen_tests/share/canopen_tests/config/simple_lifecycle/
-- Installing: /home/gsylvia/agrobot-reverse-engineering/Agrobot/install/canopen_tests/share/canopen_tests/config/simple_lifecycle//simple.eds
-- Up-to-date: /home/gsylvia/agrobot-reverse-engineering/Agrobot/install/canopen_tests/share/canopen_tests/config/simple_lifecycle/
-- Installing: /home/gsylvia/agrobot-reverse-engineering/Agrobot/install/canopen_tests/share/canopen_tests/config/simple_lifecycle//bus.yml
-- Installing: /home/gsylvia/agrobot-reverse-engineering/Agrobot/install/canopen_tests/share/canopen_tests/config/simple_lifecycle//master.dcf
-- Up-to-date: /home/gsylvia/agrobot-reverse-engineering/Agrobot/install/canopen_tests/share/canopen_tests/config/simple_diagnostics/
-- Installing: /home/gsylvia/agrobot-reverse-engineering/Agrobot/install/canopen_tests/share/canopen_tests/config/simple_diagnostics//simple.eds
-- Up-to-date: /home/gsylvia/agrobot-reverse-engineering/Agrobot/install/canopen_tests/share/canopen_tests/config/simple_diagnostics/
-- Installing: /home/gsylvia/agrobot-reverse-engineering/Agrobot/install/canopen_tests/share/canopen_tests/config/simple_diagnostics//bus.yml
-- Installing: /home/gsylvia/agrobot-reverse-engineering/Agrobot/install/canopen_tests/share/canopen_tests/config/simple_diagnostics//preprocessed_bus.yml
-- Installing: /home/gsylvia/agrobot-reverse-engineering/Agrobot/install/canopen_tests/share/canopen_tests/config/simple_diagnostics//master.dcf
-- Up-to-date: /home/gsylvia/agrobot-reverse-engineering/Agrobot/install/canopen_tests/share/canopen_tests/config/robot_control/
-- Installing: /home/gsylvia/agrobot-reverse-engineering/Agrobot/install/canopen_tests/share/canopen_tests/config/robot_control//prbt_0_1.dcf
-- Installing: /home/gsylvia/agrobot-reverse-engineering/Agrobot/install/canopen_tests/share/canopen_tests/config/robot_control//cia402_slave.eds
-- Installing: /home/gsylvia/agrobot-reverse-engineering/Agrobot/install/canopen_tests/share/canopen_tests/config/robot_control//ros2_controllers.yaml
-- Up-to-date: /home/gsylvia/agrobot-reverse-engineering/Agrobot/install/canopen_tests/share/canopen_tests/config/robot_control/
-- Installing: /home/gsylvia/agrobot-reverse-engineering/Agrobot/install/canopen_tests/share/canopen_tests/config/robot_control//bus.yml
-- Installing: /home/gsylvia/agrobot-reverse-engineering/Agrobot/install/canopen_tests/share/canopen_tests/config/robot_control//joint_1.bin
-- Installing: /home/gsylvia/agrobot-reverse-engineering/Agrobot/install/canopen_tests/share/canopen_tests/config/robot_control//joint_2.bin
-- Installing: /home/gsylvia/agrobot-reverse-engineering/Agrobot/install/canopen_tests/share/canopen_tests/config/robot_control//master.dcf
-- Up-to-date: /home/gsylvia/agrobot-reverse-engineering/Agrobot/install/canopen_tests/share/canopen_tests/launch
-- Up-to-date: /home/gsylvia/agrobot-reverse-engineering/Agrobot/install/canopen_tests/share/canopen_tests/launch/cia402_namespaced_system.launch.py
-- Up-to-date: /home/gsylvia/agrobot-reverse-engineering/Agrobot/install/canopen_tests/share/canopen_tests/launch/cia402_diagnostics_setup.launch.py
-- Up-to-date: /home/gsylvia/agrobot-reverse-engineering/Agrobot/install/canopen_tests/share/canopen_tests/launch/cia402_lifecycle_setup.launch.py
-- Up-to-date: /home/gsylvia/agrobot-reverse-engineering/Agrobot/install/canopen_tests/share/canopen_tests/launch/cia402_system.launch.py
-- Up-to-date: /home/gsylvia/agrobot-reverse-engineering/Agrobot/install/canopen_tests/share/canopen_tests/launch/cia402_setup.launch.py
-- Up-to-date: /home/gsylvia/agrobot-reverse-engineering/Agrobot/install/canopen_tests/share/canopen_tests/launch/canopen_system.launch.py
-- Up-to-date: /home/gsylvia/agrobot-reverse-engineering/Agrobot/install/canopen_tests/share/canopen_tests/launch/proxy_setup.launch.py
-- Up-to-date: /home/gsylvia/agrobot-reverse-engineering/Agrobot/install/canopen_tests/share/canopen_tests/launch/proxy_lifecycle_setup.launch.py
-- Up-to-date: /home/gsylvia/agrobot-reverse-engineering/Agrobot/install/canopen_tests/share/canopen_tests/launch/proxy_diagnostics_setup.launch.py
-- Up-to-date: /home/gsylvia/agrobot-reverse-engineering/Agrobot/install/canopen_tests/share/canopen_tests/launch/view_urdf.launch.py
-- Up-to-date: /home/gsylvia/agrobot-reverse-engineering/Agrobot/install/canopen_tests/share/canopen_tests/launch/robot_control_setup.launch.py
-- Up-to-date: /home/gsylvia/agrobot-reverse-engineering/Agrobot/install/canopen_tests/share/canopen_tests/launch/analyzers
-- Up-to-date: /home/gsylvia/agrobot-reverse-engineering/Agrobot/install/canopen_tests/share/canopen_tests/launch/analyzers/cia402_diagnostic_analyzer.yaml
-- Up-to-date: /home/gsylvia/agrobot-reverse-engineering/Agrobot/install/canopen_tests/share/canopen_tests/launch/analyzers/proxy_diagnostic_analyzer.yaml
-- Up-to-date: /home/gsylvia/agrobot-reverse-engineering/Agrobot/install/canopen_tests/share/canopen_tests/launch/proxy_setup_namespaced.launch.py
-- Up-to-date: /home/gsylvia/agrobot-reverse-engineering/Agrobot/install/canopen_tests/share/canopen_tests/rviz
-- Up-to-date: /home/gsylvia/agrobot-reverse-engineering/Agrobot/install/canopen_tests/share/canopen_tests/rviz/robot_controller.rviz
-- Up-to-date: /home/gsylvia/agrobot-reverse-engineering/Agrobot/install/canopen_tests/share/canopen_tests/urdf
-- Up-to-date: /home/gsylvia/agrobot-reverse-engineering/Agrobot/install/canopen_tests/share/canopen_tests/urdf/cia402_system
-- Up-to-date: /home/gsylvia/agrobot-reverse-engineering/Agrobot/install/canopen_tests/share/canopen_tests/urdf/cia402_system/cia402_system.urdf.xacro
-- Up-to-date: /home/gsylvia/agrobot-reverse-engineering/Agrobot/install/canopen_tests/share/canopen_tests/urdf/cia402_system/cia402_system.ros2_control.xacro
-- Up-to-date: /home/gsylvia/agrobot-reverse-engineering/Agrobot/install/canopen_tests/share/canopen_tests/urdf/robot_controller
-- Up-to-date: /home/gsylvia/agrobot-reverse-engineering/Agrobot/install/canopen_tests/share/canopen_tests/urdf/robot_controller/robot_controller.urdf.xacro
-- Up-to-date: /home/gsylvia/agrobot-reverse-engineering/Agrobot/install/canopen_tests/share/canopen_tests/urdf/robot_controller/robot_controller.ros2_control.xacro
-- Up-to-date: /home/gsylvia/agrobot-reverse-engineering/Agrobot/install/canopen_tests/share/canopen_tests/urdf/robot_controller/robot_controller.macro.xacro
-- Up-to-date: /home/gsylvia/agrobot-reverse-engineering/Agrobot/install/canopen_tests/share/canopen_tests/urdf/canopen_system
-- Up-to-date: /home/gsylvia/agrobot-reverse-engineering/Agrobot/install/canopen_tests/share/canopen_tests/urdf/canopen_system/canopen_system.urdf.xacro
-- Up-to-date: /home/gsylvia/agrobot-reverse-engineering/Agrobot/install/canopen_tests/share/canopen_tests/urdf/canopen_system/canopen_system.ros2_control.xacro
-- Up-to-date: /home/gsylvia/agrobot-reverse-engineering/Agrobot/install/canopen_tests/share/canopen_tests/launch_tests
-- Up-to-date: /home/gsylvia/agrobot-reverse-engineering/Agrobot/install/canopen_tests/share/canopen_tests/launch_tests/test_proxy_lifecycle_driver.py
-- Up-to-date: /home/gsylvia/agrobot-reverse-engineering/Agrobot/install/canopen_tests/share/canopen_tests/launch_tests/test_cia402_driver.py
-- Up-to-date: /home/gsylvia/agrobot-reverse-engineering/Agrobot/install/canopen_tests/share/canopen_tests/launch_tests/test_robot_control.py
-- Up-to-date: /home/gsylvia/agrobot-reverse-engineering/Agrobot/install/canopen_tests/share/canopen_tests/launch_tests/test_proxy_driver.py
-- Up-to-date: /home/gsylvia/agrobot-reverse-engineering/Agrobot/install/canopen_tests/share/canopen_tests/launch_tests/test_proxy_driver_namespaced.py
-- Up-to-date: /home/gsylvia/agrobot-reverse-engineering/Agrobot/install/canopen_tests/share/ament_index/resource_index/package_run_dependencies/canopen_tests
-- Up-to-date: /home/gsylvia/agrobot-reverse-engineering/Agrobot/install/canopen_tests/share/ament_index/resource_index/parent_prefix_path/canopen_tests
-- Up-to-date: /home/gsylvia/agrobot-reverse-engineering/Agrobot/install/canopen_tests/share/canopen_tests/environment/ament_prefix_path.sh
-- Up-to-date: /home/gsylvia/agrobot-reverse-engineering/Agrobot/install/canopen_tests/share/canopen_tests/environment/ament_prefix_path.dsv
-- Up-to-date: /home/gsylvia/agrobot-reverse-engineering/Agrobot/install/canopen_tests/share/canopen_tests/environment/path.sh
-- Up-to-date: /home/gsylvia/agrobot-reverse-engineering/Agrobot/install/canopen_tests/share/canopen_tests/environment/path.dsv
-- Up-to-date: /home/gsylvia/agrobot-reverse-engineering/Agrobot/install/canopen_tests/share/canopen_tests/local_setup.bash
-- Up-to-date: /home/gsylvia/agrobot-reverse-engineering/Agrobot/install/canopen_tests/share/canopen_tests/local_setup.sh
-- Up-to-date: /home/gsylvia/agrobot-reverse-engineering/Agrobot/install/canopen_tests/share/canopen_tests/local_setup.zsh
-- Up-to-date: /home/gsylvia/agrobot-reverse-engineering/Agrobot/install/canopen_tests/share/canopen_tests/local_setup.dsv
-- Installing: /home/gsylvia/agrobot-reverse-engineering/Agrobot/install/canopen_tests/share/canopen_tests/package.dsv
-- Up-to-date: /home/gsylvia/agrobot-reverse-engineering/Agrobot/install/canopen_tests/share/ament_index/resource_index/packages/canopen_tests
-- Up-to-date: /home/gsylvia/agrobot-reverse-engineering/Agrobot/install/canopen_tests/share/canopen_tests/cmake/canopen_testsConfig.cmake
-- Up-to-date: /home/gsylvia/agrobot-reverse-engineering/Agrobot/install/canopen_tests/share/canopen_tests/cmake/canopen_testsConfig-version.cmake
-- Up-to-date: /home/gsylvia/agrobot-reverse-engineering/Agrobot/install/canopen_tests/share/canopen_tests/package.xml
Finished <<< canopen_tests [1.43s]

Summary: 20 packages finished [1min 31s]
  4 packages had stderr output: canopen_fake_slaves canopen_ros2_control canopen_ros2_controllers lely_core_libraries
