[0.124s] DEBUG:colcon:Command line arguments: ['/usr/bin/colcon', '--log-base', '../build_logs/compile-ybgPHn/colcon', 'build', '--build-base', '/tmp/agrobot-next-build-ybgPHn/build', '--install-base', '/tmp/agrobot-next-build-ybgPHn/install', '--parallel-workers', '4', '--event-handlers', 'console_direct+']
[0.124s] DEBUG:colcon:Parsed command line arguments: Namespace(log_base='../build_logs/compile-ybgPHn/colcon', log_level=None, verb_name='build', build_base='/tmp/agrobot-next-build-ybgPHn/build', install_base='/tmp/agrobot-next-build-ybgPHn/install', merge_install=False, symlink_install=False, test_result_base=None, continue_on_error=False, executor='parallel', parallel_workers=4, event_handlers=['console_direct+'], ignore_user_meta=False, metas=['./colcon.meta'], base_paths=['.'], packages_ignore=None, packages_ignore_regex=None, paths=None, packages_up_to=None, packages_up_to_regex=None, packages_above=None, packages_above_and_dependencies=None, packages_above_depth=None, packages_select_by_dep=None, packages_skip_by_dep=None, packages_skip_up_to=None, packages_select_build_failed=False, packages_skip_build_finished=False, packages_select_test_failures=False, packages_skip_test_passed=False, packages_select=None, packages_skip=None, packages_select_regex=None, packages_skip_regex=None, packages_start=None, packages_end=None, allow_overriding=[], cmake_args=None, cmake_target=None, cmake_target_skip_unavailable=False, cmake_clean_cache=False, cmake_clean_first=False, cmake_force_configure=False, ament_cmake_args=None, catkin_cmake_args=None, catkin_skip_building_tests=False, mixin_files=None, mixin=None, verb_parser=<colcon_mixin.mixin.mixin_argument.MixinArgumentDecorator object at 0x78ba6fe83d40>, verb_extension=<colcon_core.verb.build.BuildVerb object at 0x78ba6fe29d00>, main=<bound method BuildVerb.main of <colcon_core.verb.build.BuildVerb object at 0x78ba6fe29d00>>, mixin_verb=('build',))
[0.148s] Level 1:colcon.colcon_core.package_discovery:discover_packages(colcon_meta) check parameters
[0.148s] Level 1:colcon.colcon_core.package_discovery:discover_packages(recursive) check parameters
[0.148s] Level 1:colcon.colcon_core.package_discovery:discover_packages(ignore) check parameters
[0.148s] Level 1:colcon.colcon_core.package_discovery:discover_packages(path) check parameters
[0.148s] Level 1:colcon.colcon_core.package_discovery:discover_packages(colcon_meta) discover
[0.148s] Level 1:colcon.colcon_core.package_discovery:discover_packages(recursive) discover
[0.148s] INFO:colcon.colcon_core.package_discovery:Crawling recursively for packages in '/home/gsylvia/agrobot-reverse-engineering/Agrobot'
[0.148s] Level 1:colcon.colcon_core.package_identification:_identify(.) by extensions ['ignore', 'ignore_ament_install']
[0.149s] Level 1:colcon.colcon_core.package_identification:_identify(.) by extension 'ignore'
[0.149s] Level 1:colcon.colcon_core.package_identification:_identify(.) by extension 'ignore_ament_install'
[0.149s] Level 1:colcon.colcon_core.package_identification:_identify(.) by extensions ['colcon_pkg']
[0.149s] Level 1:colcon.colcon_core.package_identification:_identify(.) by extension 'colcon_pkg'
[0.149s] Level 1:colcon.colcon_core.package_identification:_identify(.) by extensions ['colcon_meta']
[0.149s] Level 1:colcon.colcon_core.package_identification:_identify(.) by extension 'colcon_meta'
[0.149s] Level 1:colcon.colcon_core.package_identification:_identify(.) by extensions ['ros']
[0.149s] Level 1:colcon.colcon_core.package_identification:_identify(.) by extension 'ros'
[0.165s] Level 1:colcon.colcon_core.package_identification:_identify(.) by extensions ['cmake', 'python']
[0.165s] Level 1:colcon.colcon_core.package_identification:_identify(.) by extension 'cmake'
[0.165s] Level 1:colcon.colcon_core.package_identification:_identify(.) by extension 'python'
[0.165s] Level 1:colcon.colcon_core.package_identification:_identify(.) by extensions ['python_setup_py']
[0.165s] Level 1:colcon.colcon_core.package_identification:_identify(.) by extension 'python_setup_py'
[0.165s] Level 1:colcon.colcon_core.package_identification:_identify(build) by extensions ['ignore', 'ignore_ament_install']
[0.165s] Level 1:colcon.colcon_core.package_identification:_identify(build) by extension 'ignore'
[0.165s] Level 1:colcon.colcon_core.package_identification:_identify(build) ignored
[0.165s] Level 1:colcon.colcon_core.package_identification:_identify(install) by extensions ['ignore', 'ignore_ament_install']
[0.165s] Level 1:colcon.colcon_core.package_identification:_identify(install) by extension 'ignore'
[0.165s] Level 1:colcon.colcon_core.package_identification:_identify(install) ignored
[0.165s] Level 1:colcon.colcon_core.package_identification:_identify(log) by extensions ['ignore', 'ignore_ament_install']
[0.165s] Level 1:colcon.colcon_core.package_identification:_identify(log) by extension 'ignore'
[0.165s] Level 1:colcon.colcon_core.package_identification:_identify(log) ignored
[0.165s] Level 1:colcon.colcon_core.package_identification:_identify(scripts) by extensions ['ignore', 'ignore_ament_install']
[0.165s] Level 1:colcon.colcon_core.package_identification:_identify(scripts) by extension 'ignore'
[0.165s] Level 1:colcon.colcon_core.package_identification:_identify(scripts) by extension 'ignore_ament_install'
[0.165s] Level 1:colcon.colcon_core.package_identification:_identify(scripts) by extensions ['colcon_pkg']
[0.165s] Level 1:colcon.colcon_core.package_identification:_identify(scripts) by extension 'colcon_pkg'
[0.165s] Level 1:colcon.colcon_core.package_identification:_identify(scripts) by extensions ['colcon_meta']
[0.165s] Level 1:colcon.colcon_core.package_identification:_identify(scripts) by extension 'colcon_meta'
[0.165s] Level 1:colcon.colcon_core.package_identification:_identify(scripts) by extensions ['ros']
[0.165s] Level 1:colcon.colcon_core.package_identification:_identify(scripts) by extension 'ros'
[0.165s] Level 1:colcon.colcon_core.package_identification:_identify(scripts) by extensions ['cmake', 'python']
[0.165s] Level 1:colcon.colcon_core.package_identification:_identify(scripts) by extension 'cmake'
[0.165s] Level 1:colcon.colcon_core.package_identification:_identify(scripts) by extension 'python'
[0.165s] Level 1:colcon.colcon_core.package_identification:_identify(scripts) by extensions ['python_setup_py']
[0.165s] Level 1:colcon.colcon_core.package_identification:_identify(scripts) by extension 'python_setup_py'
[0.166s] Level 1:colcon.colcon_core.package_identification:_identify(src) by extensions ['ignore', 'ignore_ament_install']
[0.166s] Level 1:colcon.colcon_core.package_identification:_identify(src) by extension 'ignore'
[0.166s] Level 1:colcon.colcon_core.package_identification:_identify(src) by extension 'ignore_ament_install'
[0.166s] Level 1:colcon.colcon_core.package_identification:_identify(src) by extensions ['colcon_pkg']
[0.166s] Level 1:colcon.colcon_core.package_identification:_identify(src) by extension 'colcon_pkg'
[0.166s] Level 1:colcon.colcon_core.package_identification:_identify(src) by extensions ['colcon_meta']
[0.166s] Level 1:colcon.colcon_core.package_identification:_identify(src) by extension 'colcon_meta'
[0.166s] Level 1:colcon.colcon_core.package_identification:_identify(src) by extensions ['ros']
[0.166s] Level 1:colcon.colcon_core.package_identification:_identify(src) by extension 'ros'
[0.166s] Level 1:colcon.colcon_core.package_identification:_identify(src) by extensions ['cmake', 'python']
[0.166s] Level 1:colcon.colcon_core.package_identification:_identify(src) by extension 'cmake'
[0.166s] Level 1:colcon.colcon_core.package_identification:_identify(src) by extension 'python'
[0.166s] Level 1:colcon.colcon_core.package_identification:_identify(src) by extensions ['python_setup_py']
[0.166s] Level 1:colcon.colcon_core.package_identification:_identify(src) by extension 'python_setup_py'
[0.166s] Level 1:colcon.colcon_core.package_identification:_identify(src/epos2_bridge) by extensions ['ignore', 'ignore_ament_install']
[0.166s] Level 1:colcon.colcon_core.package_identification:_identify(src/epos2_bridge) by extension 'ignore'
[0.166s] Level 1:colcon.colcon_core.package_identification:_identify(src/epos2_bridge) by extension 'ignore_ament_install'
[0.166s] Level 1:colcon.colcon_core.package_identification:_identify(src/epos2_bridge) by extensions ['colcon_pkg']
[0.166s] Level 1:colcon.colcon_core.package_identification:_identify(src/epos2_bridge) by extension 'colcon_pkg'
[0.166s] Level 1:colcon.colcon_core.package_identification:_identify(src/epos2_bridge) by extensions ['colcon_meta']
[0.166s] Level 1:colcon.colcon_core.package_identification:_identify(src/epos2_bridge) by extension 'colcon_meta'
[0.166s] Level 1:colcon.colcon_core.package_identification:_identify(src/epos2_bridge) by extensions ['ros']
[0.166s] Level 1:colcon.colcon_core.package_identification:_identify(src/epos2_bridge) by extension 'ros'
[0.168s] DEBUG:colcon.colcon_core.package_identification:Package 'src/epos2_bridge' with type 'ros.ament_python' and name 'epos2_bridge'
[0.168s] Level 1:colcon.colcon_core.package_identification:_identify(src/epos2_bridge_interfaces) by extensions ['ignore', 'ignore_ament_install']
[0.168s] Level 1:colcon.colcon_core.package_identification:_identify(src/epos2_bridge_interfaces) by extension 'ignore'
[0.168s] Level 1:colcon.colcon_core.package_identification:_identify(src/epos2_bridge_interfaces) by extension 'ignore_ament_install'
[0.168s] Level 1:colcon.colcon_core.package_identification:_identify(src/epos2_bridge_interfaces) by extensions ['colcon_pkg']
[0.168s] Level 1:colcon.colcon_core.package_identification:_identify(src/epos2_bridge_interfaces) by extension 'colcon_pkg'
[0.168s] Level 1:colcon.colcon_core.package_identification:_identify(src/epos2_bridge_interfaces) by extensions ['colcon_meta']
[0.168s] Level 1:colcon.colcon_core.package_identification:_identify(src/epos2_bridge_interfaces) by extension 'colcon_meta'
[0.168s] Level 1:colcon.colcon_core.package_identification:_identify(src/epos2_bridge_interfaces) by extensions ['ros']
[0.168s] Level 1:colcon.colcon_core.package_identification:_identify(src/epos2_bridge_interfaces) by extension 'ros'
[0.168s] DEBUG:colcon.colcon_core.package_identification:Package 'src/epos2_bridge_interfaces' with type 'ros.ament_cmake' and name 'epos2_bridge_interfaces'
[0.168s] Level 1:colcon.colcon_core.package_identification:_identify(src/moveit_config) by extensions ['ignore', 'ignore_ament_install']
[0.168s] Level 1:colcon.colcon_core.package_identification:_identify(src/moveit_config) by extension 'ignore'
[0.168s] Level 1:colcon.colcon_core.package_identification:_identify(src/moveit_config) by extension 'ignore_ament_install'
[0.169s] Level 1:colcon.colcon_core.package_identification:_identify(src/moveit_config) by extensions ['colcon_pkg']
[0.169s] Level 1:colcon.colcon_core.package_identification:_identify(src/moveit_config) by extension 'colcon_pkg'
[0.169s] Level 1:colcon.colcon_core.package_identification:_identify(src/moveit_config) by extensions ['colcon_meta']
[0.169s] Level 1:colcon.colcon_core.package_identification:_identify(src/moveit_config) by extension 'colcon_meta'
[0.169s] Level 1:colcon.colcon_core.package_identification:_identify(src/moveit_config) by extensions ['ros']
[0.169s] Level 1:colcon.colcon_core.package_identification:_identify(src/moveit_config) by extension 'ros'
[0.169s] DEBUG:colcon.colcon_core.package_identification:Package 'src/moveit_config' with type 'ros.ament_cmake' and name 'moveit_config'
[0.169s] Level 1:colcon.colcon_core.package_identification:_identify(src/robot_bringup) by extensions ['ignore', 'ignore_ament_install']
[0.169s] Level 1:colcon.colcon_core.package_identification:_identify(src/robot_bringup) by extension 'ignore'
[0.169s] Level 1:colcon.colcon_core.package_identification:_identify(src/robot_bringup) by extension 'ignore_ament_install'
[0.169s] Level 1:colcon.colcon_core.package_identification:_identify(src/robot_bringup) by extensions ['colcon_pkg']
[0.169s] Level 1:colcon.colcon_core.package_identification:_identify(src/robot_bringup) by extension 'colcon_pkg'
[0.169s] Level 1:colcon.colcon_core.package_identification:_identify(src/robot_bringup) by extensions ['colcon_meta']
[0.169s] Level 1:colcon.colcon_core.package_identification:_identify(src/robot_bringup) by extension 'colcon_meta'
[0.169s] Level 1:colcon.colcon_core.package_identification:_identify(src/robot_bringup) by extensions ['ros']
[0.169s] Level 1:colcon.colcon_core.package_identification:_identify(src/robot_bringup) by extension 'ros'
[0.169s] DEBUG:colcon.colcon_core.package_identification:Package 'src/robot_bringup' with type 'ros.ament_cmake' and name 'robot_bringup'
[0.169s] Level 1:colcon.colcon_core.package_identification:_identify(src/robot_commander) by extensions ['ignore', 'ignore_ament_install']
[0.169s] Level 1:colcon.colcon_core.package_identification:_identify(src/robot_commander) by extension 'ignore'
[0.169s] Level 1:colcon.colcon_core.package_identification:_identify(src/robot_commander) by extension 'ignore_ament_install'
[0.169s] Level 1:colcon.colcon_core.package_identification:_identify(src/robot_commander) by extensions ['colcon_pkg']
[0.169s] Level 1:colcon.colcon_core.package_identification:_identify(src/robot_commander) by extension 'colcon_pkg'
[0.169s] Level 1:colcon.colcon_core.package_identification:_identify(src/robot_commander) by extensions ['colcon_meta']
[0.169s] Level 1:colcon.colcon_core.package_identification:_identify(src/robot_commander) by extension 'colcon_meta'
[0.169s] Level 1:colcon.colcon_core.package_identification:_identify(src/robot_commander) by extensions ['ros']
[0.169s] Level 1:colcon.colcon_core.package_identification:_identify(src/robot_commander) by extension 'ros'
[0.170s] DEBUG:colcon.colcon_core.package_identification:Package 'src/robot_commander' with type 'ros.ament_cmake' and name 'robot_commander'
[0.170s] Level 1:colcon.colcon_core.package_identification:_identify(src/robot_description) by extensions ['ignore', 'ignore_ament_install']
[0.170s] Level 1:colcon.colcon_core.package_identification:_identify(src/robot_description) by extension 'ignore'
[0.170s] Level 1:colcon.colcon_core.package_identification:_identify(src/robot_description) by extension 'ignore_ament_install'
[0.170s] Level 1:colcon.colcon_core.package_identification:_identify(src/robot_description) by extensions ['colcon_pkg']
[0.170s] Level 1:colcon.colcon_core.package_identification:_identify(src/robot_description) by extension 'colcon_pkg'
[0.170s] Level 1:colcon.colcon_core.package_identification:_identify(src/robot_description) by extensions ['colcon_meta']
[0.170s] Level 1:colcon.colcon_core.package_identification:_identify(src/robot_description) by extension 'colcon_meta'
[0.170s] Level 1:colcon.colcon_core.package_identification:_identify(src/robot_description) by extensions ['ros']
[0.170s] Level 1:colcon.colcon_core.package_identification:_identify(src/robot_description) by extension 'ros'
[0.170s] DEBUG:colcon.colcon_core.package_identification:Package 'src/robot_description' with type 'ros.ament_cmake' and name 'robot_description'
[0.170s] Level 1:colcon.colcon_core.package_identification:_identify(src/robot_interfaces) by extensions ['ignore', 'ignore_ament_install']
[0.170s] Level 1:colcon.colcon_core.package_identification:_identify(src/robot_interfaces) by extension 'ignore'
[0.170s] Level 1:colcon.colcon_core.package_identification:_identify(src/robot_interfaces) by extension 'ignore_ament_install'
[0.170s] Level 1:colcon.colcon_core.package_identification:_identify(src/robot_interfaces) by extensions ['colcon_pkg']
[0.170s] Level 1:colcon.colcon_core.package_identification:_identify(src/robot_interfaces) by extension 'colcon_pkg'
[0.171s] Level 1:colcon.colcon_core.package_identification:_identify(src/robot_interfaces) by extensions ['colcon_meta']
[0.171s] Level 1:colcon.colcon_core.package_identification:_identify(src/robot_interfaces) by extension 'colcon_meta'
[0.171s] Level 1:colcon.colcon_core.package_identification:_identify(src/robot_interfaces) by extensions ['ros']
[0.171s] Level 1:colcon.colcon_core.package_identification:_identify(src/robot_interfaces) by extension 'ros'
[0.171s] DEBUG:colcon.colcon_core.package_identification:Package 'src/robot_interfaces' with type 'ros.ament_cmake' and name 'robot_interfaces'
[0.171s] Level 1:colcon.colcon_core.package_identification:_identify(src/ros2_canopen) by extensions ['ignore', 'ignore_ament_install']
[0.171s] Level 1:colcon.colcon_core.package_identification:_identify(src/ros2_canopen) by extension 'ignore'
[0.171s] Level 1:colcon.colcon_core.package_identification:_identify(src/ros2_canopen) by extension 'ignore_ament_install'
[0.171s] Level 1:colcon.colcon_core.package_identification:_identify(src/ros2_canopen) by extensions ['colcon_pkg']
[0.171s] Level 1:colcon.colcon_core.package_identification:_identify(src/ros2_canopen) by extension 'colcon_pkg'
[0.171s] Level 1:colcon.colcon_core.package_identification:_identify(src/ros2_canopen) by extensions ['colcon_meta']
[0.171s] Level 1:colcon.colcon_core.package_identification:_identify(src/ros2_canopen) by extension 'colcon_meta'
[0.171s] Level 1:colcon.colcon_core.package_identification:_identify(src/ros2_canopen) by extensions ['ros']
[0.171s] Level 1:colcon.colcon_core.package_identification:_identify(src/ros2_canopen) by extension 'ros'
[0.171s] Level 1:colcon.colcon_core.package_identification:_identify(src/ros2_canopen) by extensions ['cmake', 'python']
[0.171s] Level 1:colcon.colcon_core.package_identification:_identify(src/ros2_canopen) by extension 'cmake'
[0.171s] Level 1:colcon.colcon_core.package_identification:_identify(src/ros2_canopen) by extension 'python'
[0.171s] Level 1:colcon.colcon_core.package_identification:_identify(src/ros2_canopen) by extensions ['python_setup_py']
[0.171s] Level 1:colcon.colcon_core.package_identification:_identify(src/ros2_canopen) by extension 'python_setup_py'
[0.171s] Level 1:colcon.colcon_core.package_identification:_identify(src/ros2_canopen/canopen) by extensions ['ignore', 'ignore_ament_install']
[0.171s] Level 1:colcon.colcon_core.package_identification:_identify(src/ros2_canopen/canopen) by extension 'ignore'
[0.171s] Level 1:colcon.colcon_core.package_identification:_identify(src/ros2_canopen/canopen) by extension 'ignore_ament_install'
[0.171s] Level 1:colcon.colcon_core.package_identification:_identify(src/ros2_canopen/canopen) by extensions ['colcon_pkg']
[0.171s] Level 1:colcon.colcon_core.package_identification:_identify(src/ros2_canopen/canopen) by extension 'colcon_pkg'
[0.171s] Level 1:colcon.colcon_core.package_identification:_identify(src/ros2_canopen/canopen) by extensions ['colcon_meta']
[0.171s] Level 1:colcon.colcon_core.package_identification:_identify(src/ros2_canopen/canopen) by extension 'colcon_meta'
[0.171s] Level 1:colcon.colcon_core.package_identification:_identify(src/ros2_canopen/canopen) by extensions ['ros']
[0.171s] Level 1:colcon.colcon_core.package_identification:_identify(src/ros2_canopen/canopen) by extension 'ros'
[0.172s] DEBUG:colcon.colcon_core.package_identification:Package 'src/ros2_canopen/canopen' with type 'ros.ament_cmake' and name 'canopen'
[0.172s] Level 1:colcon.colcon_core.package_identification:_identify(src/ros2_canopen/canopen_402_driver) by extensions ['ignore', 'ignore_ament_install']
[0.172s] Level 1:colcon.colcon_core.package_identification:_identify(src/ros2_canopen/canopen_402_driver) by extension 'ignore'
[0.172s] Level 1:colcon.colcon_core.package_identification:_identify(src/ros2_canopen/canopen_402_driver) by extension 'ignore_ament_install'
[0.172s] Level 1:colcon.colcon_core.package_identification:_identify(src/ros2_canopen/canopen_402_driver) by extensions ['colcon_pkg']
[0.172s] Level 1:colcon.colcon_core.package_identification:_identify(src/ros2_canopen/canopen_402_driver) by extension 'colcon_pkg'
[0.172s] Level 1:colcon.colcon_core.package_identification:_identify(src/ros2_canopen/canopen_402_driver) by extensions ['colcon_meta']
[0.172s] Level 1:colcon.colcon_core.package_identification:_identify(src/ros2_canopen/canopen_402_driver) by extension 'colcon_meta'
[0.172s] Level 1:colcon.colcon_core.package_identification:_identify(src/ros2_canopen/canopen_402_driver) by extensions ['ros']
[0.172s] Level 1:colcon.colcon_core.package_identification:_identify(src/ros2_canopen/canopen_402_driver) by extension 'ros'
[0.172s] DEBUG:colcon.colcon_core.package_identification:Package 'src/ros2_canopen/canopen_402_driver' with type 'ros.ament_cmake' and name 'canopen_402_driver'
[0.172s] Level 1:colcon.colcon_core.package_identification:_identify(src/ros2_canopen/canopen_base_driver) by extensions ['ignore', 'ignore_ament_install']
[0.172s] Level 1:colcon.colcon_core.package_identification:_identify(src/ros2_canopen/canopen_base_driver) by extension 'ignore'
[0.172s] Level 1:colcon.colcon_core.package_identification:_identify(src/ros2_canopen/canopen_base_driver) by extension 'ignore_ament_install'
[0.172s] Level 1:colcon.colcon_core.package_identification:_identify(src/ros2_canopen/canopen_base_driver) by extensions ['colcon_pkg']
[0.172s] Level 1:colcon.colcon_core.package_identification:_identify(src/ros2_canopen/canopen_base_driver) by extension 'colcon_pkg'
[0.172s] Level 1:colcon.colcon_core.package_identification:_identify(src/ros2_canopen/canopen_base_driver) by extensions ['colcon_meta']
[0.172s] Level 1:colcon.colcon_core.package_identification:_identify(src/ros2_canopen/canopen_base_driver) by extension 'colcon_meta'
[0.172s] Level 1:colcon.colcon_core.package_identification:_identify(src/ros2_canopen/canopen_base_driver) by extensions ['ros']
[0.172s] Level 1:colcon.colcon_core.package_identification:_identify(src/ros2_canopen/canopen_base_driver) by extension 'ros'
[0.173s] DEBUG:colcon.colcon_core.package_identification:Package 'src/ros2_canopen/canopen_base_driver' with type 'ros.ament_cmake' and name 'canopen_base_driver'
[0.173s] Level 1:colcon.colcon_core.package_identification:_identify(src/ros2_canopen/canopen_core) by extensions ['ignore', 'ignore_ament_install']
[0.173s] Level 1:colcon.colcon_core.package_identification:_identify(src/ros2_canopen/canopen_core) by extension 'ignore'
[0.173s] Level 1:colcon.colcon_core.package_identification:_identify(src/ros2_canopen/canopen_core) by extension 'ignore_ament_install'
[0.173s] Level 1:colcon.colcon_core.package_identification:_identify(src/ros2_canopen/canopen_core) by extensions ['colcon_pkg']
[0.173s] Level 1:colcon.colcon_core.package_identification:_identify(src/ros2_canopen/canopen_core) by extension 'colcon_pkg'
[0.173s] Level 1:colcon.colcon_core.package_identification:_identify(src/ros2_canopen/canopen_core) by extensions ['colcon_meta']
[0.173s] Level 1:colcon.colcon_core.package_identification:_identify(src/ros2_canopen/canopen_core) by extension 'colcon_meta'
[0.173s] Level 1:colcon.colcon_core.package_identification:_identify(src/ros2_canopen/canopen_core) by extensions ['ros']
[0.173s] Level 1:colcon.colcon_core.package_identification:_identify(src/ros2_canopen/canopen_core) by extension 'ros'
[0.173s] DEBUG:colcon.colcon_core.package_identification:Package 'src/ros2_canopen/canopen_core' with type 'ros.ament_cmake' and name 'canopen_core'
[0.173s] Level 1:colcon.colcon_core.package_identification:_identify(src/ros2_canopen/canopen_fake_slaves) by extensions ['ignore', 'ignore_ament_install']
[0.173s] Level 1:colcon.colcon_core.package_identification:_identify(src/ros2_canopen/canopen_fake_slaves) by extension 'ignore'
[0.173s] Level 1:colcon.colcon_core.package_identification:_identify(src/ros2_canopen/canopen_fake_slaves) by extension 'ignore_ament_install'
[0.173s] Level 1:colcon.colcon_core.package_identification:_identify(src/ros2_canopen/canopen_fake_slaves) by extensions ['colcon_pkg']
[0.173s] Level 1:colcon.colcon_core.package_identification:_identify(src/ros2_canopen/canopen_fake_slaves) by extension 'colcon_pkg'
[0.173s] Level 1:colcon.colcon_core.package_identification:_identify(src/ros2_canopen/canopen_fake_slaves) by extensions ['colcon_meta']
[0.173s] Level 1:colcon.colcon_core.package_identification:_identify(src/ros2_canopen/canopen_fake_slaves) by extension 'colcon_meta'
[0.173s] Level 1:colcon.colcon_core.package_identification:_identify(src/ros2_canopen/canopen_fake_slaves) by extensions ['ros']
[0.173s] Level 1:colcon.colcon_core.package_identification:_identify(src/ros2_canopen/canopen_fake_slaves) by extension 'ros'
[0.174s] DEBUG:colcon.colcon_core.package_identification:Package 'src/ros2_canopen/canopen_fake_slaves' with type 'ros.ament_cmake' and name 'canopen_fake_slaves'
[0.174s] Level 1:colcon.colcon_core.package_identification:_identify(src/ros2_canopen/canopen_interfaces) by extensions ['ignore', 'ignore_ament_install']
[0.174s] Level 1:colcon.colcon_core.package_identification:_identify(src/ros2_canopen/canopen_interfaces) by extension 'ignore'
[0.174s] Level 1:colcon.colcon_core.package_identification:_identify(src/ros2_canopen/canopen_interfaces) by extension 'ignore_ament_install'
[0.174s] Level 1:colcon.colcon_core.package_identification:_identify(src/ros2_canopen/canopen_interfaces) by extensions ['colcon_pkg']
[0.174s] Level 1:colcon.colcon_core.package_identification:_identify(src/ros2_canopen/canopen_interfaces) by extension 'colcon_pkg'
[0.174s] Level 1:colcon.colcon_core.package_identification:_identify(src/ros2_canopen/canopen_interfaces) by extensions ['colcon_meta']
[0.174s] Level 1:colcon.colcon_core.package_identification:_identify(src/ros2_canopen/canopen_interfaces) by extension 'colcon_meta'
[0.174s] Level 1:colcon.colcon_core.package_identification:_identify(src/ros2_canopen/canopen_interfaces) by extensions ['ros']
[0.174s] Level 1:colcon.colcon_core.package_identification:_identify(src/ros2_canopen/canopen_interfaces) by extension 'ros'
[0.174s] DEBUG:colcon.colcon_core.package_identification:Package 'src/ros2_canopen/canopen_interfaces' with type 'ros.ament_cmake' and name 'canopen_interfaces'
[0.174s] Level 1:colcon.colcon_core.package_identification:_identify(src/ros2_canopen/canopen_master_driver) by extensions ['ignore', 'ignore_ament_install']
[0.174s] Level 1:colcon.colcon_core.package_identification:_identify(src/ros2_canopen/canopen_master_driver) by extension 'ignore'
[0.174s] Level 1:colcon.colcon_core.package_identification:_identify(src/ros2_canopen/canopen_master_driver) by extension 'ignore_ament_install'
[0.174s] Level 1:colcon.colcon_core.package_identification:_identify(src/ros2_canopen/canopen_master_driver) by extensions ['colcon_pkg']
[0.174s] Level 1:colcon.colcon_core.package_identification:_identify(src/ros2_canopen/canopen_master_driver) by extension 'colcon_pkg'
[0.174s] Level 1:colcon.colcon_core.package_identification:_identify(src/ros2_canopen/canopen_master_driver) by extensions ['colcon_meta']
[0.174s] Level 1:colcon.colcon_core.package_identification:_identify(src/ros2_canopen/canopen_master_driver) by extension 'colcon_meta'
[0.174s] Level 1:colcon.colcon_core.package_identification:_identify(src/ros2_canopen/canopen_master_driver) by extensions ['ros']
[0.174s] Level 1:colcon.colcon_core.package_identification:_identify(src/ros2_canopen/canopen_master_driver) by extension 'ros'
[0.175s] DEBUG:colcon.colcon_core.package_identification:Package 'src/ros2_canopen/canopen_master_driver' with type 'ros.ament_cmake' and name 'canopen_master_driver'
[0.175s] Level 1:colcon.colcon_core.package_identification:_identify(src/ros2_canopen/canopen_proxy_driver) by extensions ['ignore', 'ignore_ament_install']
[0.175s] Level 1:colcon.colcon_core.package_identification:_identify(src/ros2_canopen/canopen_proxy_driver) by extension 'ignore'
[0.175s] Level 1:colcon.colcon_core.package_identification:_identify(src/ros2_canopen/canopen_proxy_driver) by extension 'ignore_ament_install'
[0.175s] Level 1:colcon.colcon_core.package_identification:_identify(src/ros2_canopen/canopen_proxy_driver) by extensions ['colcon_pkg']
[0.175s] Level 1:colcon.colcon_core.package_identification:_identify(src/ros2_canopen/canopen_proxy_driver) by extension 'colcon_pkg'
[0.175s] Level 1:colcon.colcon_core.package_identification:_identify(src/ros2_canopen/canopen_proxy_driver) by extensions ['colcon_meta']
[0.175s] Level 1:colcon.colcon_core.package_identification:_identify(src/ros2_canopen/canopen_proxy_driver) by extension 'colcon_meta'
[0.175s] Level 1:colcon.colcon_core.package_identification:_identify(src/ros2_canopen/canopen_proxy_driver) by extensions ['ros']
[0.175s] Level 1:colcon.colcon_core.package_identification:_identify(src/ros2_canopen/canopen_proxy_driver) by extension 'ros'
[0.175s] DEBUG:colcon.colcon_core.package_identification:Package 'src/ros2_canopen/canopen_proxy_driver' with type 'ros.ament_cmake' and name 'canopen_proxy_driver'
[0.175s] Level 1:colcon.colcon_core.package_identification:_identify(src/ros2_canopen/canopen_ros2_control) by extensions ['ignore', 'ignore_ament_install']
[0.175s] Level 1:colcon.colcon_core.package_identification:_identify(src/ros2_canopen/canopen_ros2_control) by extension 'ignore'
[0.175s] Level 1:colcon.colcon_core.package_identification:_identify(src/ros2_canopen/canopen_ros2_control) by extension 'ignore_ament_install'
[0.176s] Level 1:colcon.colcon_core.package_identification:_identify(src/ros2_canopen/canopen_ros2_control) by extensions ['colcon_pkg']
[0.176s] Level 1:colcon.colcon_core.package_identification:_identify(src/ros2_canopen/canopen_ros2_control) by extension 'colcon_pkg'
[0.176s] Level 1:colcon.colcon_core.package_identification:_identify(src/ros2_canopen/canopen_ros2_control) by extensions ['colcon_meta']
[0.176s] Level 1:colcon.colcon_core.package_identification:_identify(src/ros2_canopen/canopen_ros2_control) by extension 'colcon_meta'
[0.176s] Level 1:colcon.colcon_core.package_identification:_identify(src/ros2_canopen/canopen_ros2_control) by extensions ['ros']
[0.176s] Level 1:colcon.colcon_core.package_identification:_identify(src/ros2_canopen/canopen_ros2_control) by extension 'ros'
[0.176s] DEBUG:colcon.colcon_core.package_identification:Package 'src/ros2_canopen/canopen_ros2_control' with type 'ros.ament_cmake' and name 'canopen_ros2_control'
[0.176s] Level 1:colcon.colcon_core.package_identification:_identify(src/ros2_canopen/canopen_ros2_controllers) by extensions ['ignore', 'ignore_ament_install']
[0.176s] Level 1:colcon.colcon_core.package_identification:_identify(src/ros2_canopen/canopen_ros2_controllers) by extension 'ignore'
[0.176s] Level 1:colcon.colcon_core.package_identification:_identify(src/ros2_canopen/canopen_ros2_controllers) by extension 'ignore_ament_install'
[0.176s] Level 1:colcon.colcon_core.package_identification:_identify(src/ros2_canopen/canopen_ros2_controllers) by extensions ['colcon_pkg']
[0.176s] Level 1:colcon.colcon_core.package_identification:_identify(src/ros2_canopen/canopen_ros2_controllers) by extension 'colcon_pkg'
[0.176s] Level 1:colcon.colcon_core.package_identification:_identify(src/ros2_canopen/canopen_ros2_controllers) by extensions ['colcon_meta']
[0.176s] Level 1:colcon.colcon_core.package_identification:_identify(src/ros2_canopen/canopen_ros2_controllers) by extension 'colcon_meta'
[0.176s] Level 1:colcon.colcon_core.package_identification:_identify(src/ros2_canopen/canopen_ros2_controllers) by extensions ['ros']
[0.176s] Level 1:colcon.colcon_core.package_identification:_identify(src/ros2_canopen/canopen_ros2_controllers) by extension 'ros'
[0.177s] DEBUG:colcon.colcon_core.package_identification:Package 'src/ros2_canopen/canopen_ros2_controllers' with type 'ros.ament_cmake' and name 'canopen_ros2_controllers'
[0.177s] Level 1:colcon.colcon_core.package_identification:_identify(src/ros2_canopen/canopen_tests) by extensions ['ignore', 'ignore_ament_install']
[0.177s] Level 1:colcon.colcon_core.package_identification:_identify(src/ros2_canopen/canopen_tests) by extension 'ignore'
[0.177s] Level 1:colcon.colcon_core.package_identification:_identify(src/ros2_canopen/canopen_tests) by extension 'ignore_ament_install'
[0.177s] Level 1:colcon.colcon_core.package_identification:_identify(src/ros2_canopen/canopen_tests) by extensions ['colcon_pkg']
[0.177s] Level 1:colcon.colcon_core.package_identification:_identify(src/ros2_canopen/canopen_tests) by extension 'colcon_pkg'
[0.177s] Level 1:colcon.colcon_core.package_identification:_identify(src/ros2_canopen/canopen_tests) by extensions ['colcon_meta']
[0.177s] Level 1:colcon.colcon_core.package_identification:_identify(src/ros2_canopen/canopen_tests) by extension 'colcon_meta'
[0.177s] Level 1:colcon.colcon_core.package_identification:_identify(src/ros2_canopen/canopen_tests) by extensions ['ros']
[0.177s] Level 1:colcon.colcon_core.package_identification:_identify(src/ros2_canopen/canopen_tests) by extension 'ros'
[0.177s] DEBUG:colcon.colcon_core.package_identification:Package 'src/ros2_canopen/canopen_tests' with type 'ros.ament_cmake' and name 'canopen_tests'
[0.177s] Level 1:colcon.colcon_core.package_identification:_identify(src/ros2_canopen/canopen_utils) by extensions ['ignore', 'ignore_ament_install']
[0.177s] Level 1:colcon.colcon_core.package_identification:_identify(src/ros2_canopen/canopen_utils) by extension 'ignore'
[0.177s] Level 1:colcon.colcon_core.package_identification:_identify(src/ros2_canopen/canopen_utils) by extension 'ignore_ament_install'
[0.177s] Level 1:colcon.colcon_core.package_identification:_identify(src/ros2_canopen/canopen_utils) by extensions ['colcon_pkg']
[0.177s] Level 1:colcon.colcon_core.package_identification:_identify(src/ros2_canopen/canopen_utils) by extension 'colcon_pkg'
[0.177s] Level 1:colcon.colcon_core.package_identification:_identify(src/ros2_canopen/canopen_utils) by extensions ['colcon_meta']
[0.177s] Level 1:colcon.colcon_core.package_identification:_identify(src/ros2_canopen/canopen_utils) by extension 'colcon_meta'
[0.177s] Level 1:colcon.colcon_core.package_identification:_identify(src/ros2_canopen/canopen_utils) by extensions ['ros']
[0.177s] Level 1:colcon.colcon_core.package_identification:_identify(src/ros2_canopen/canopen_utils) by extension 'ros'
[0.178s] DEBUG:colcon.colcon_core.package_identification:Package 'src/ros2_canopen/canopen_utils' with type 'ros.ament_python' and name 'canopen_utils'
[0.178s] Level 1:colcon.colcon_core.package_identification:_identify(src/ros2_canopen/lely_core_libraries) by extensions ['ignore', 'ignore_ament_install']
[0.178s] Level 1:colcon.colcon_core.package_identification:_identify(src/ros2_canopen/lely_core_libraries) by extension 'ignore'
[0.178s] Level 1:colcon.colcon_core.package_identification:_identify(src/ros2_canopen/lely_core_libraries) by extension 'ignore_ament_install'
[0.178s] Level 1:colcon.colcon_core.package_identification:_identify(src/ros2_canopen/lely_core_libraries) by extensions ['colcon_pkg']
[0.178s] Level 1:colcon.colcon_core.package_identification:_identify(src/ros2_canopen/lely_core_libraries) by extension 'colcon_pkg'
[0.178s] Level 1:colcon.colcon_core.package_identification:_identify(src/ros2_canopen/lely_core_libraries) by extensions ['colcon_meta']
[0.178s] Level 1:colcon.colcon_core.package_identification:_identify(src/ros2_canopen/lely_core_libraries) by extension 'colcon_meta'
[0.178s] Level 1:colcon.colcon_core.package_identification:_identify(src/ros2_canopen/lely_core_libraries) by extensions ['ros']
[0.178s] Level 1:colcon.colcon_core.package_identification:_identify(src/ros2_canopen/lely_core_libraries) by extension 'ros'
[0.178s] DEBUG:colcon.colcon_core.package_identification:Package 'src/ros2_canopen/lely_core_libraries' with type 'ros.ament_cmake' and name 'lely_core_libraries'
[0.178s] Level 1:colcon.colcon_core.package_discovery:discover_packages(recursive) using defaults
[0.178s] Level 1:colcon.colcon_core.package_discovery:discover_packages(ignore) discover
[0.178s] Level 1:colcon.colcon_core.package_discovery:discover_packages(ignore) using defaults
[0.178s] Level 1:colcon.colcon_core.package_discovery:discover_packages(path) discover
[0.178s] Level 1:colcon.colcon_core.package_discovery:discover_packages(path) using defaults
[0.194s] Level 1:colcon.colcon_core.package_discovery:discover_packages(prefix_path) check parameters
[0.194s] Level 1:colcon.colcon_core.package_discovery:discover_packages(prefix_path) discover
[0.195s] DEBUG:colcon.colcon_installed_package_information.package_discovery:Found 389 installed packages in /opt/ros/jazzy
[0.196s] Level 1:colcon.colcon_core.package_discovery:discover_packages(prefix_path) using defaults
[0.221s] Level 5:colcon.colcon_core.verb:set package 'canopen_interfaces' build argument 'cmake_args' from command line to 'None'
[0.221s] Level 5:colcon.colcon_core.verb:set package 'canopen_interfaces' build argument 'cmake_target' from command line to 'None'
[0.221s] Level 5:colcon.colcon_core.verb:set package 'canopen_interfaces' build argument 'cmake_target_skip_unavailable' from command line to 'False'
[0.221s] Level 5:colcon.colcon_core.verb:set package 'canopen_interfaces' build argument 'cmake_clean_cache' from command line to 'False'
[0.221s] Level 5:colcon.colcon_core.verb:set package 'canopen_interfaces' build argument 'cmake_clean_first' from command line to 'False'
[0.221s] Level 5:colcon.colcon_core.verb:set package 'canopen_interfaces' build argument 'cmake_force_configure' from command line to 'False'
[0.221s] Level 5:colcon.colcon_core.verb:set package 'canopen_interfaces' build argument 'ament_cmake_args' from command line to 'None'
[0.221s] Level 5:colcon.colcon_core.verb:set package 'canopen_interfaces' build argument 'catkin_cmake_args' from command line to 'None'
[0.221s] Level 5:colcon.colcon_core.verb:set package 'canopen_interfaces' build argument 'catkin_skip_building_tests' from command line to 'False'
[0.221s] DEBUG:colcon.colcon_core.verb:Building package 'canopen_interfaces' with the following arguments: {'ament_cmake_args': None, 'build_base': '/tmp/agrobot-next-build-ybgPHn/build/canopen_interfaces', 'catkin_cmake_args': None, 'catkin_skip_building_tests': False, 'cmake_args': None, 'cmake_clean_cache': False, 'cmake_clean_first': False, 'cmake_force_configure': False, 'cmake_target': None, 'cmake_target_skip_unavailable': False, 'install_base': '/tmp/agrobot-next-build-ybgPHn/install/canopen_interfaces', 'merge_install': False, 'path': '/home/gsylvia/agrobot-reverse-engineering/Agrobot/src/ros2_canopen/canopen_interfaces', 'symlink_install': False, 'test_result_base': None}
[0.221s] Level 5:colcon.colcon_core.verb:set package 'epos2_bridge_interfaces' build argument 'cmake_args' from command line to 'None'
[0.222s] Level 5:colcon.colcon_core.verb:set package 'epos2_bridge_interfaces' build argument 'cmake_target' from command line to 'None'
[0.222s] Level 5:colcon.colcon_core.verb:set package 'epos2_bridge_interfaces' build argument 'cmake_target_skip_unavailable' from command line to 'False'
[0.222s] Level 5:colcon.colcon_core.verb:set package 'epos2_bridge_interfaces' build argument 'cmake_clean_cache' from command line to 'False'
[0.222s] Level 5:colcon.colcon_core.verb:set package 'epos2_bridge_interfaces' build argument 'cmake_clean_first' from command line to 'False'
[0.222s] Level 5:colcon.colcon_core.verb:set package 'epos2_bridge_interfaces' build argument 'cmake_force_configure' from command line to 'False'
[0.222s] Level 5:colcon.colcon_core.verb:set package 'epos2_bridge_interfaces' build argument 'ament_cmake_args' from command line to 'None'
[0.222s] Level 5:colcon.colcon_core.verb:set package 'epos2_bridge_interfaces' build argument 'catkin_cmake_args' from command line to 'None'
[0.222s] Level 5:colcon.colcon_core.verb:set package 'epos2_bridge_interfaces' build argument 'catkin_skip_building_tests' from command line to 'False'
[0.222s] DEBUG:colcon.colcon_core.verb:Building package 'epos2_bridge_interfaces' with the following arguments: {'ament_cmake_args': None, 'build_base': '/tmp/agrobot-next-build-ybgPHn/build/epos2_bridge_interfaces', 'catkin_cmake_args': None, 'catkin_skip_building_tests': False, 'cmake_args': None, 'cmake_clean_cache': False, 'cmake_clean_first': False, 'cmake_force_configure': False, 'cmake_target': None, 'cmake_target_skip_unavailable': False, 'install_base': '/tmp/agrobot-next-build-ybgPHn/install/epos2_bridge_interfaces', 'merge_install': False, 'path': '/home/gsylvia/agrobot-reverse-engineering/Agrobot/src/epos2_bridge_interfaces', 'symlink_install': False, 'test_result_base': None}
[0.222s] Level 5:colcon.colcon_core.verb:set package 'lely_core_libraries' build argument 'cmake_args' from command line to 'None'
[0.222s] Level 5:colcon.colcon_core.verb:set package 'lely_core_libraries' build argument 'cmake_target' from command line to 'None'
[0.222s] Level 5:colcon.colcon_core.verb:set package 'lely_core_libraries' build argument 'cmake_target_skip_unavailable' from command line to 'False'
[0.222s] Level 5:colcon.colcon_core.verb:set package 'lely_core_libraries' build argument 'cmake_clean_cache' from command line to 'False'
[0.222s] Level 5:colcon.colcon_core.verb:set package 'lely_core_libraries' build argument 'cmake_clean_first' from command line to 'False'
[0.222s] Level 5:colcon.colcon_core.verb:set package 'lely_core_libraries' build argument 'cmake_force_configure' from command line to 'False'
[0.222s] Level 5:colcon.colcon_core.verb:set package 'lely_core_libraries' build argument 'ament_cmake_args' from command line to 'None'
[0.222s] Level 5:colcon.colcon_core.verb:set package 'lely_core_libraries' build argument 'catkin_cmake_args' from command line to 'None'
[0.222s] Level 5:colcon.colcon_core.verb:set package 'lely_core_libraries' build argument 'catkin_skip_building_tests' from command line to 'False'
[0.222s] DEBUG:colcon.colcon_core.verb:Building package 'lely_core_libraries' with the following arguments: {'ament_cmake_args': None, 'build_base': '/tmp/agrobot-next-build-ybgPHn/build/lely_core_libraries', 'catkin_cmake_args': None, 'catkin_skip_building_tests': False, 'cmake_args': None, 'cmake_clean_cache': False, 'cmake_clean_first': False, 'cmake_force_configure': False, 'cmake_target': None, 'cmake_target_skip_unavailable': False, 'install_base': '/tmp/agrobot-next-build-ybgPHn/install/lely_core_libraries', 'merge_install': False, 'path': '/home/gsylvia/agrobot-reverse-engineering/Agrobot/src/ros2_canopen/lely_core_libraries', 'symlink_install': False, 'test_result_base': None}
[0.222s] Level 5:colcon.colcon_core.verb:set package 'robot_description' build argument 'cmake_args' from command line to 'None'
[0.222s] Level 5:colcon.colcon_core.verb:set package 'robot_description' build argument 'cmake_target' from command line to 'None'
[0.222s] Level 5:colcon.colcon_core.verb:set package 'robot_description' build argument 'cmake_target_skip_unavailable' from command line to 'False'
[0.222s] Level 5:colcon.colcon_core.verb:set package 'robot_description' build argument 'cmake_clean_cache' from command line to 'False'
[0.222s] Level 5:colcon.colcon_core.verb:set package 'robot_description' build argument 'cmake_clean_first' from command line to 'False'
[0.222s] Level 5:colcon.colcon_core.verb:set package 'robot_description' build argument 'cmake_force_configure' from command line to 'False'
[0.222s] Level 5:colcon.colcon_core.verb:set package 'robot_description' build argument 'ament_cmake_args' from command line to 'None'
[0.222s] Level 5:colcon.colcon_core.verb:set package 'robot_description' build argument 'catkin_cmake_args' from command line to 'None'
[0.222s] Level 5:colcon.colcon_core.verb:set package 'robot_description' build argument 'catkin_skip_building_tests' from command line to 'False'
[0.222s] DEBUG:colcon.colcon_core.verb:Building package 'robot_description' with the following arguments: {'ament_cmake_args': None, 'build_base': '/tmp/agrobot-next-build-ybgPHn/build/robot_description', 'catkin_cmake_args': None, 'catkin_skip_building_tests': False, 'cmake_args': None, 'cmake_clean_cache': False, 'cmake_clean_first': False, 'cmake_force_configure': False, 'cmake_target': None, 'cmake_target_skip_unavailable': False, 'install_base': '/tmp/agrobot-next-build-ybgPHn/install/robot_description', 'merge_install': False, 'path': '/home/gsylvia/agrobot-reverse-engineering/Agrobot/src/robot_description', 'symlink_install': False, 'test_result_base': None}
[0.222s] Level 5:colcon.colcon_core.verb:set package 'robot_interfaces' build argument 'cmake_args' from command line to 'None'
[0.222s] Level 5:colcon.colcon_core.verb:set package 'robot_interfaces' build argument 'cmake_target' from command line to 'None'
[0.222s] Level 5:colcon.colcon_core.verb:set package 'robot_interfaces' build argument 'cmake_target_skip_unavailable' from command line to 'False'
[0.222s] Level 5:colcon.colcon_core.verb:set package 'robot_interfaces' build argument 'cmake_clean_cache' from command line to 'False'
[0.222s] Level 5:colcon.colcon_core.verb:set package 'robot_interfaces' build argument 'cmake_clean_first' from command line to 'False'
[0.222s] Level 5:colcon.colcon_core.verb:set package 'robot_interfaces' build argument 'cmake_force_configure' from command line to 'False'
[0.222s] Level 5:colcon.colcon_core.verb:set package 'robot_interfaces' build argument 'ament_cmake_args' from command line to 'None'
[0.222s] Level 5:colcon.colcon_core.verb:set package 'robot_interfaces' build argument 'catkin_cmake_args' from command line to 'None'
[0.222s] Level 5:colcon.colcon_core.verb:set package 'robot_interfaces' build argument 'catkin_skip_building_tests' from command line to 'False'
[0.222s] DEBUG:colcon.colcon_core.verb:Building package 'robot_interfaces' with the following arguments: {'ament_cmake_args': None, 'build_base': '/tmp/agrobot-next-build-ybgPHn/build/robot_interfaces', 'catkin_cmake_args': None, 'catkin_skip_building_tests': False, 'cmake_args': None, 'cmake_clean_cache': False, 'cmake_clean_first': False, 'cmake_force_configure': False, 'cmake_target': None, 'cmake_target_skip_unavailable': False, 'install_base': '/tmp/agrobot-next-build-ybgPHn/install/robot_interfaces', 'merge_install': False, 'path': '/home/gsylvia/agrobot-reverse-engineering/Agrobot/src/robot_interfaces', 'symlink_install': False, 'test_result_base': None}
[0.222s] Level 5:colcon.colcon_core.verb:set package 'canopen_core' build argument 'cmake_args' from command line to 'None'
[0.222s] Level 5:colcon.colcon_core.verb:set package 'canopen_core' build argument 'cmake_target' from command line to 'None'
[0.222s] Level 5:colcon.colcon_core.verb:set package 'canopen_core' build argument 'cmake_target_skip_unavailable' from command line to 'False'
[0.222s] Level 5:colcon.colcon_core.verb:set package 'canopen_core' build argument 'cmake_clean_cache' from command line to 'False'
[0.222s] Level 5:colcon.colcon_core.verb:set package 'canopen_core' build argument 'cmake_clean_first' from command line to 'False'
[0.222s] Level 5:colcon.colcon_core.verb:set package 'canopen_core' build argument 'cmake_force_configure' from command line to 'False'
[0.222s] Level 5:colcon.colcon_core.verb:set package 'canopen_core' build argument 'ament_cmake_args' from command line to 'None'
[0.222s] Level 5:colcon.colcon_core.verb:set package 'canopen_core' build argument 'catkin_cmake_args' from command line to 'None'
[0.222s] Level 5:colcon.colcon_core.verb:set package 'canopen_core' build argument 'catkin_skip_building_tests' from command line to 'False'
[0.222s] DEBUG:colcon.colcon_core.verb:Building package 'canopen_core' with the following arguments: {'ament_cmake_args': None, 'build_base': '/tmp/agrobot-next-build-ybgPHn/build/canopen_core', 'catkin_cmake_args': None, 'catkin_skip_building_tests': False, 'cmake_args': None, 'cmake_clean_cache': False, 'cmake_clean_first': False, 'cmake_force_configure': False, 'cmake_target': None, 'cmake_target_skip_unavailable': False, 'install_base': '/tmp/agrobot-next-build-ybgPHn/install/canopen_core', 'merge_install': False, 'path': '/home/gsylvia/agrobot-reverse-engineering/Agrobot/src/ros2_canopen/canopen_core', 'symlink_install': False, 'test_result_base': None}
[0.222s] Level 5:colcon.colcon_core.verb:set package 'canopen_fake_slaves' build argument 'cmake_args' from command line to 'None'
[0.222s] Level 5:colcon.colcon_core.verb:set package 'canopen_fake_slaves' build argument 'cmake_target' from command line to 'None'
[0.222s] Level 5:colcon.colcon_core.verb:set package 'canopen_fake_slaves' build argument 'cmake_target_skip_unavailable' from command line to 'False'
[0.222s] Level 5:colcon.colcon_core.verb:set package 'canopen_fake_slaves' build argument 'cmake_clean_cache' from command line to 'False'
[0.222s] Level 5:colcon.colcon_core.verb:set package 'canopen_fake_slaves' build argument 'cmake_clean_first' from command line to 'False'
[0.223s] Level 5:colcon.colcon_core.verb:set package 'canopen_fake_slaves' build argument 'cmake_force_configure' from command line to 'False'
[0.223s] Level 5:colcon.colcon_core.verb:set package 'canopen_fake_slaves' build argument 'ament_cmake_args' from command line to 'None'
[0.223s] Level 5:colcon.colcon_core.verb:set package 'canopen_fake_slaves' build argument 'catkin_cmake_args' from command line to 'None'
[0.223s] Level 5:colcon.colcon_core.verb:set package 'canopen_fake_slaves' build argument 'catkin_skip_building_tests' from command line to 'False'
[0.223s] DEBUG:colcon.colcon_core.verb:Building package 'canopen_fake_slaves' with the following arguments: {'ament_cmake_args': None, 'build_base': '/tmp/agrobot-next-build-ybgPHn/build/canopen_fake_slaves', 'catkin_cmake_args': None, 'catkin_skip_building_tests': False, 'cmake_args': None, 'cmake_clean_cache': False, 'cmake_clean_first': False, 'cmake_force_configure': False, 'cmake_target': None, 'cmake_target_skip_unavailable': False, 'install_base': '/tmp/agrobot-next-build-ybgPHn/install/canopen_fake_slaves', 'merge_install': False, 'path': '/home/gsylvia/agrobot-reverse-engineering/Agrobot/src/ros2_canopen/canopen_fake_slaves', 'symlink_install': False, 'test_result_base': None}
[0.223s] Level 5:colcon.colcon_core.verb:set package 'canopen_utils' build argument 'cmake_args' from command line to 'None'
[0.223s] Level 5:colcon.colcon_core.verb:set package 'canopen_utils' build argument 'cmake_target' from command line to 'None'
[0.223s] Level 5:colcon.colcon_core.verb:set package 'canopen_utils' build argument 'cmake_target_skip_unavailable' from command line to 'False'
[0.223s] Level 5:colcon.colcon_core.verb:set package 'canopen_utils' build argument 'cmake_clean_cache' from command line to 'False'
[0.223s] Level 5:colcon.colcon_core.verb:set package 'canopen_utils' build argument 'cmake_clean_first' from command line to 'False'
[0.223s] Level 5:colcon.colcon_core.verb:set package 'canopen_utils' build argument 'cmake_force_configure' from command line to 'False'
[0.223s] Level 5:colcon.colcon_core.verb:set package 'canopen_utils' build argument 'ament_cmake_args' from command line to 'None'
[0.223s] Level 5:colcon.colcon_core.verb:set package 'canopen_utils' build argument 'catkin_cmake_args' from command line to 'None'
[0.223s] Level 5:colcon.colcon_core.verb:set package 'canopen_utils' build argument 'catkin_skip_building_tests' from command line to 'False'
[0.223s] DEBUG:colcon.colcon_core.verb:Building package 'canopen_utils' with the following arguments: {'ament_cmake_args': None, 'build_base': '/tmp/agrobot-next-build-ybgPHn/build/canopen_utils', 'catkin_cmake_args': None, 'catkin_skip_building_tests': False, 'cmake_args': None, 'cmake_clean_cache': False, 'cmake_clean_first': False, 'cmake_force_configure': False, 'cmake_target': None, 'cmake_target_skip_unavailable': False, 'install_base': '/tmp/agrobot-next-build-ybgPHn/install/canopen_utils', 'merge_install': False, 'path': '/home/gsylvia/agrobot-reverse-engineering/Agrobot/src/ros2_canopen/canopen_utils', 'symlink_install': False, 'test_result_base': None}
[0.223s] Level 5:colcon.colcon_core.verb:set package 'epos2_bridge' build argument 'cmake_args' from command line to 'None'
[0.223s] Level 5:colcon.colcon_core.verb:set package 'epos2_bridge' build argument 'cmake_target' from command line to 'None'
[0.223s] Level 5:colcon.colcon_core.verb:set package 'epos2_bridge' build argument 'cmake_target_skip_unavailable' from command line to 'False'
[0.223s] Level 5:colcon.colcon_core.verb:set package 'epos2_bridge' build argument 'cmake_clean_cache' from command line to 'False'
[0.223s] Level 5:colcon.colcon_core.verb:set package 'epos2_bridge' build argument 'cmake_clean_first' from command line to 'False'
[0.223s] Level 5:colcon.colcon_core.verb:set package 'epos2_bridge' build argument 'cmake_force_configure' from command line to 'False'
[0.223s] Level 5:colcon.colcon_core.verb:set package 'epos2_bridge' build argument 'ament_cmake_args' from command line to 'None'
[0.223s] Level 5:colcon.colcon_core.verb:set package 'epos2_bridge' build argument 'catkin_cmake_args' from command line to 'None'
[0.223s] Level 5:colcon.colcon_core.verb:set package 'epos2_bridge' build argument 'catkin_skip_building_tests' from command line to 'False'
[0.223s] DEBUG:colcon.colcon_core.verb:Building package 'epos2_bridge' with the following arguments: {'ament_cmake_args': None, 'build_base': '/tmp/agrobot-next-build-ybgPHn/build/epos2_bridge', 'catkin_cmake_args': None, 'catkin_skip_building_tests': False, 'cmake_args': None, 'cmake_clean_cache': False, 'cmake_clean_first': False, 'cmake_force_configure': False, 'cmake_target': None, 'cmake_target_skip_unavailable': False, 'install_base': '/tmp/agrobot-next-build-ybgPHn/install/epos2_bridge', 'merge_install': False, 'path': '/home/gsylvia/agrobot-reverse-engineering/Agrobot/src/epos2_bridge', 'symlink_install': False, 'test_result_base': None}
[0.223s] Level 5:colcon.colcon_core.verb:set package 'moveit_config' build argument 'cmake_args' from command line to 'None'
[0.223s] Level 5:colcon.colcon_core.verb:set package 'moveit_config' build argument 'cmake_target' from command line to 'None'
[0.223s] Level 5:colcon.colcon_core.verb:set package 'moveit_config' build argument 'cmake_target_skip_unavailable' from command line to 'False'
[0.223s] Level 5:colcon.colcon_core.verb:set package 'moveit_config' build argument 'cmake_clean_cache' from command line to 'False'
[0.223s] Level 5:colcon.colcon_core.verb:set package 'moveit_config' build argument 'cmake_clean_first' from command line to 'False'
[0.223s] Level 5:colcon.colcon_core.verb:set package 'moveit_config' build argument 'cmake_force_configure' from command line to 'False'
[0.223s] Level 5:colcon.colcon_core.verb:set package 'moveit_config' build argument 'ament_cmake_args' from command line to 'None'
[0.223s] Level 5:colcon.colcon_core.verb:set package 'moveit_config' build argument 'catkin_cmake_args' from command line to 'None'
[0.223s] Level 5:colcon.colcon_core.verb:set package 'moveit_config' build argument 'catkin_skip_building_tests' from command line to 'False'
[0.223s] DEBUG:colcon.colcon_core.verb:Building package 'moveit_config' with the following arguments: {'ament_cmake_args': None, 'build_base': '/tmp/agrobot-next-build-ybgPHn/build/moveit_config', 'catkin_cmake_args': None, 'catkin_skip_building_tests': False, 'cmake_args': None, 'cmake_clean_cache': False, 'cmake_clean_first': False, 'cmake_force_configure': False, 'cmake_target': None, 'cmake_target_skip_unavailable': False, 'install_base': '/tmp/agrobot-next-build-ybgPHn/install/moveit_config', 'merge_install': False, 'path': '/home/gsylvia/agrobot-reverse-engineering/Agrobot/src/moveit_config', 'symlink_install': False, 'test_result_base': None}
[0.223s] Level 5:colcon.colcon_core.verb:set package 'robot_commander' build argument 'cmake_args' from command line to 'None'
[0.223s] Level 5:colcon.colcon_core.verb:set package 'robot_commander' build argument 'cmake_target' from command line to 'None'
[0.223s] Level 5:colcon.colcon_core.verb:set package 'robot_commander' build argument 'cmake_target_skip_unavailable' from command line to 'False'
[0.223s] Level 5:colcon.colcon_core.verb:set package 'robot_commander' build argument 'cmake_clean_cache' from command line to 'False'
[0.223s] Level 5:colcon.colcon_core.verb:set package 'robot_commander' build argument 'cmake_clean_first' from command line to 'False'
[0.223s] Level 5:colcon.colcon_core.verb:set package 'robot_commander' build argument 'cmake_force_configure' from command line to 'False'
[0.223s] Level 5:colcon.colcon_core.verb:set package 'robot_commander' build argument 'ament_cmake_args' from command line to 'None'
[0.223s] Level 5:colcon.colcon_core.verb:set package 'robot_commander' build argument 'catkin_cmake_args' from command line to 'None'
[0.223s] Level 5:colcon.colcon_core.verb:set package 'robot_commander' build argument 'catkin_skip_building_tests' from command line to 'False'
[0.223s] DEBUG:colcon.colcon_core.verb:Building package 'robot_commander' with the following arguments: {'ament_cmake_args': None, 'build_base': '/tmp/agrobot-next-build-ybgPHn/build/robot_commander', 'catkin_cmake_args': None, 'catkin_skip_building_tests': False, 'cmake_args': None, 'cmake_clean_cache': False, 'cmake_clean_first': False, 'cmake_force_configure': False, 'cmake_target': None, 'cmake_target_skip_unavailable': False, 'install_base': '/tmp/agrobot-next-build-ybgPHn/install/robot_commander', 'merge_install': False, 'path': '/home/gsylvia/agrobot-reverse-engineering/Agrobot/src/robot_commander', 'symlink_install': False, 'test_result_base': None}
[0.223s] Level 5:colcon.colcon_core.verb:set package 'canopen_base_driver' build argument 'cmake_args' from command line to 'None'
[0.223s] Level 5:colcon.colcon_core.verb:set package 'canopen_base_driver' build argument 'cmake_target' from command line to 'None'
[0.223s] Level 5:colcon.colcon_core.verb:set package 'canopen_base_driver' build argument 'cmake_target_skip_unavailable' from command line to 'False'
[0.223s] Level 5:colcon.colcon_core.verb:set package 'canopen_base_driver' build argument 'cmake_clean_cache' from command line to 'False'
[0.223s] Level 5:colcon.colcon_core.verb:set package 'canopen_base_driver' build argument 'cmake_clean_first' from command line to 'False'
[0.223s] Level 5:colcon.colcon_core.verb:set package 'canopen_base_driver' build argument 'cmake_force_configure' from command line to 'False'
[0.223s] Level 5:colcon.colcon_core.verb:set package 'canopen_base_driver' build argument 'ament_cmake_args' from command line to 'None'
[0.223s] Level 5:colcon.colcon_core.verb:set package 'canopen_base_driver' build argument 'catkin_cmake_args' from command line to 'None'
[0.223s] Level 5:colcon.colcon_core.verb:set package 'canopen_base_driver' build argument 'catkin_skip_building_tests' from command line to 'False'
[0.223s] DEBUG:colcon.colcon_core.verb:Building package 'canopen_base_driver' with the following arguments: {'ament_cmake_args': None, 'build_base': '/tmp/agrobot-next-build-ybgPHn/build/canopen_base_driver', 'catkin_cmake_args': None, 'catkin_skip_building_tests': False, 'cmake_args': None, 'cmake_clean_cache': False, 'cmake_clean_first': False, 'cmake_force_configure': False, 'cmake_target': None, 'cmake_target_skip_unavailable': False, 'install_base': '/tmp/agrobot-next-build-ybgPHn/install/canopen_base_driver', 'merge_install': False, 'path': '/home/gsylvia/agrobot-reverse-engineering/Agrobot/src/ros2_canopen/canopen_base_driver', 'symlink_install': False, 'test_result_base': None}
[0.223s] Level 5:colcon.colcon_core.verb:set package 'canopen_master_driver' build argument 'cmake_args' from command line to 'None'
[0.223s] Level 5:colcon.colcon_core.verb:set package 'canopen_master_driver' build argument 'cmake_target' from command line to 'None'
[0.223s] Level 5:colcon.colcon_core.verb:set package 'canopen_master_driver' build argument 'cmake_target_skip_unavailable' from command line to 'False'
[0.223s] Level 5:colcon.colcon_core.verb:set package 'canopen_master_driver' build argument 'cmake_clean_cache' from command line to 'False'
[0.223s] Level 5:colcon.colcon_core.verb:set package 'canopen_master_driver' build argument 'cmake_clean_first' from command line to 'False'
[0.224s] Level 5:colcon.colcon_core.verb:set package 'canopen_master_driver' build argument 'cmake_force_configure' from command line to 'False'
[0.224s] Level 5:colcon.colcon_core.verb:set package 'canopen_master_driver' build argument 'ament_cmake_args' from command line to 'None'
[0.224s] Level 5:colcon.colcon_core.verb:set package 'canopen_master_driver' build argument 'catkin_cmake_args' from command line to 'None'
[0.224s] Level 5:colcon.colcon_core.verb:set package 'canopen_master_driver' build argument 'catkin_skip_building_tests' from command line to 'False'
[0.224s] DEBUG:colcon.colcon_core.verb:Building package 'canopen_master_driver' with the following arguments: {'ament_cmake_args': None, 'build_base': '/tmp/agrobot-next-build-ybgPHn/build/canopen_master_driver', 'catkin_cmake_args': None, 'catkin_skip_building_tests': False, 'cmake_args': None, 'cmake_clean_cache': False, 'cmake_clean_first': False, 'cmake_force_configure': False, 'cmake_target': None, 'cmake_target_skip_unavailable': False, 'install_base': '/tmp/agrobot-next-build-ybgPHn/install/canopen_master_driver', 'merge_install': False, 'path': '/home/gsylvia/agrobot-reverse-engineering/Agrobot/src/ros2_canopen/canopen_master_driver', 'symlink_install': False, 'test_result_base': None}
[0.224s] Level 5:colcon.colcon_core.verb:set package 'robot_bringup' build argument 'cmake_args' from command line to 'None'
[0.224s] Level 5:colcon.colcon_core.verb:set package 'robot_bringup' build argument 'cmake_target' from command line to 'None'
[0.224s] Level 5:colcon.colcon_core.verb:set package 'robot_bringup' build argument 'cmake_target_skip_unavailable' from command line to 'False'
[0.224s] Level 5:colcon.colcon_core.verb:set package 'robot_bringup' build argument 'cmake_clean_cache' from command line to 'False'
[0.224s] Level 5:colcon.colcon_core.verb:set package 'robot_bringup' build argument 'cmake_clean_first' from command line to 'False'
[0.224s] Level 5:colcon.colcon_core.verb:set package 'robot_bringup' build argument 'cmake_force_configure' from command line to 'False'
[0.224s] Level 5:colcon.colcon_core.verb:set package 'robot_bringup' build argument 'ament_cmake_args' from command line to 'None'
[0.224s] Level 5:colcon.colcon_core.verb:set package 'robot_bringup' build argument 'catkin_cmake_args' from command line to 'None'
[0.224s] Level 5:colcon.colcon_core.verb:set package 'robot_bringup' build argument 'catkin_skip_building_tests' from command line to 'False'
[0.224s] DEBUG:colcon.colcon_core.verb:Building package 'robot_bringup' with the following arguments: {'ament_cmake_args': None, 'build_base': '/tmp/agrobot-next-build-ybgPHn/build/robot_bringup', 'catkin_cmake_args': None, 'catkin_skip_building_tests': False, 'cmake_args': None, 'cmake_clean_cache': False, 'cmake_clean_first': False, 'cmake_force_configure': False, 'cmake_target': None, 'cmake_target_skip_unavailable': False, 'install_base': '/tmp/agrobot-next-build-ybgPHn/install/robot_bringup', 'merge_install': False, 'path': '/home/gsylvia/agrobot-reverse-engineering/Agrobot/src/robot_bringup', 'symlink_install': False, 'test_result_base': None}
[0.224s] Level 5:colcon.colcon_core.verb:set package 'canopen_proxy_driver' build argument 'cmake_args' from command line to 'None'
[0.224s] Level 5:colcon.colcon_core.verb:set package 'canopen_proxy_driver' build argument 'cmake_target' from command line to 'None'
[0.224s] Level 5:colcon.colcon_core.verb:set package 'canopen_proxy_driver' build argument 'cmake_target_skip_unavailable' from command line to 'False'
[0.224s] Level 5:colcon.colcon_core.verb:set package 'canopen_proxy_driver' build argument 'cmake_clean_cache' from command line to 'False'
[0.224s] Level 5:colcon.colcon_core.verb:set package 'canopen_proxy_driver' build argument 'cmake_clean_first' from command line to 'False'
[0.224s] Level 5:colcon.colcon_core.verb:set package 'canopen_proxy_driver' build argument 'cmake_force_configure' from command line to 'False'
[0.224s] Level 5:colcon.colcon_core.verb:set package 'canopen_proxy_driver' build argument 'ament_cmake_args' from command line to 'None'
[0.224s] Level 5:colcon.colcon_core.verb:set package 'canopen_proxy_driver' build argument 'catkin_cmake_args' from command line to 'None'
[0.224s] Level 5:colcon.colcon_core.verb:set package 'canopen_proxy_driver' build argument 'catkin_skip_building_tests' from command line to 'False'
[0.224s] DEBUG:colcon.colcon_core.verb:Building package 'canopen_proxy_driver' with the following arguments: {'ament_cmake_args': None, 'build_base': '/tmp/agrobot-next-build-ybgPHn/build/canopen_proxy_driver', 'catkin_cmake_args': None, 'catkin_skip_building_tests': False, 'cmake_args': None, 'cmake_clean_cache': False, 'cmake_clean_first': False, 'cmake_force_configure': False, 'cmake_target': None, 'cmake_target_skip_unavailable': False, 'install_base': '/tmp/agrobot-next-build-ybgPHn/install/canopen_proxy_driver', 'merge_install': False, 'path': '/home/gsylvia/agrobot-reverse-engineering/Agrobot/src/ros2_canopen/canopen_proxy_driver', 'symlink_install': False, 'test_result_base': None}
[0.224s] Level 5:colcon.colcon_core.verb:set package 'canopen_402_driver' build argument 'cmake_args' from command line to 'None'
[0.224s] Level 5:colcon.colcon_core.verb:set package 'canopen_402_driver' build argument 'cmake_target' from command line to 'None'
[0.224s] Level 5:colcon.colcon_core.verb:set package 'canopen_402_driver' build argument 'cmake_target_skip_unavailable' from command line to 'False'
[0.224s] Level 5:colcon.colcon_core.verb:set package 'canopen_402_driver' build argument 'cmake_clean_cache' from command line to 'False'
[0.224s] Level 5:colcon.colcon_core.verb:set package 'canopen_402_driver' build argument 'cmake_clean_first' from command line to 'False'
[0.224s] Level 5:colcon.colcon_core.verb:set package 'canopen_402_driver' build argument 'cmake_force_configure' from command line to 'False'
[0.224s] Level 5:colcon.colcon_core.verb:set package 'canopen_402_driver' build argument 'ament_cmake_args' from command line to 'None'
[0.224s] Level 5:colcon.colcon_core.verb:set package 'canopen_402_driver' build argument 'catkin_cmake_args' from command line to 'None'
[0.224s] Level 5:colcon.colcon_core.verb:set package 'canopen_402_driver' build argument 'catkin_skip_building_tests' from command line to 'False'
[0.224s] DEBUG:colcon.colcon_core.verb:Building package 'canopen_402_driver' with the following arguments: {'ament_cmake_args': None, 'build_base': '/tmp/agrobot-next-build-ybgPHn/build/canopen_402_driver', 'catkin_cmake_args': None, 'catkin_skip_building_tests': False, 'cmake_args': None, 'cmake_clean_cache': False, 'cmake_clean_first': False, 'cmake_force_configure': False, 'cmake_target': None, 'cmake_target_skip_unavailable': False, 'install_base': '/tmp/agrobot-next-build-ybgPHn/install/canopen_402_driver', 'merge_install': False, 'path': '/home/gsylvia/agrobot-reverse-engineering/Agrobot/src/ros2_canopen/canopen_402_driver', 'symlink_install': False, 'test_result_base': None}
[0.224s] Level 5:colcon.colcon_core.verb:set package 'canopen' build argument 'cmake_args' from command line to 'None'
[0.224s] Level 5:colcon.colcon_core.verb:set package 'canopen' build argument 'cmake_target' from command line to 'None'
[0.224s] Level 5:colcon.colcon_core.verb:set package 'canopen' build argument 'cmake_target_skip_unavailable' from command line to 'False'
[0.224s] Level 5:colcon.colcon_core.verb:set package 'canopen' build argument 'cmake_clean_cache' from command line to 'False'
[0.224s] Level 5:colcon.colcon_core.verb:set package 'canopen' build argument 'cmake_clean_first' from command line to 'False'
[0.224s] Level 5:colcon.colcon_core.verb:set package 'canopen' build argument 'cmake_force_configure' from command line to 'False'
[0.224s] Level 5:colcon.colcon_core.verb:set package 'canopen' build argument 'ament_cmake_args' from command line to 'None'
[0.224s] Level 5:colcon.colcon_core.verb:set package 'canopen' build argument 'catkin_cmake_args' from command line to 'None'
[0.224s] Level 5:colcon.colcon_core.verb:set package 'canopen' build argument 'catkin_skip_building_tests' from command line to 'False'
[0.224s] DEBUG:colcon.colcon_core.verb:Building package 'canopen' with the following arguments: {'ament_cmake_args': None, 'build_base': '/tmp/agrobot-next-build-ybgPHn/build/canopen', 'catkin_cmake_args': None, 'catkin_skip_building_tests': False, 'cmake_args': None, 'cmake_clean_cache': False, 'cmake_clean_first': False, 'cmake_force_configure': False, 'cmake_target': None, 'cmake_target_skip_unavailable': False, 'install_base': '/tmp/agrobot-next-build-ybgPHn/install/canopen', 'merge_install': False, 'path': '/home/gsylvia/agrobot-reverse-engineering/Agrobot/src/ros2_canopen/canopen', 'symlink_install': False, 'test_result_base': None}
[0.224s] Level 5:colcon.colcon_core.verb:set package 'canopen_ros2_control' build argument 'cmake_args' from command line to 'None'
[0.224s] Level 5:colcon.colcon_core.verb:set package 'canopen_ros2_control' build argument 'cmake_target' from command line to 'None'
[0.224s] Level 5:colcon.colcon_core.verb:set package 'canopen_ros2_control' build argument 'cmake_target_skip_unavailable' from command line to 'False'
[0.224s] Level 5:colcon.colcon_core.verb:set package 'canopen_ros2_control' build argument 'cmake_clean_cache' from command line to 'False'
[0.224s] Level 5:colcon.colcon_core.verb:set package 'canopen_ros2_control' build argument 'cmake_clean_first' from command line to 'False'
[0.224s] Level 5:colcon.colcon_core.verb:set package 'canopen_ros2_control' build argument 'cmake_force_configure' from command line to 'False'
[0.224s] Level 5:colcon.colcon_core.verb:set package 'canopen_ros2_control' build argument 'ament_cmake_args' from command line to 'None'
[0.224s] Level 5:colcon.colcon_core.verb:set package 'canopen_ros2_control' build argument 'catkin_cmake_args' from command line to 'None'
[0.224s] Level 5:colcon.colcon_core.verb:set package 'canopen_ros2_control' build argument 'catkin_skip_building_tests' from command line to 'False'
[0.224s] DEBUG:colcon.colcon_core.verb:Building package 'canopen_ros2_control' with the following arguments: {'ament_cmake_args': None, 'build_base': '/tmp/agrobot-next-build-ybgPHn/build/canopen_ros2_control', 'catkin_cmake_args': None, 'catkin_skip_building_tests': False, 'cmake_args': None, 'cmake_clean_cache': False, 'cmake_clean_first': False, 'cmake_force_configure': False, 'cmake_target': None, 'cmake_target_skip_unavailable': False, 'install_base': '/tmp/agrobot-next-build-ybgPHn/install/canopen_ros2_control', 'merge_install': False, 'path': '/home/gsylvia/agrobot-reverse-engineering/Agrobot/src/ros2_canopen/canopen_ros2_control', 'symlink_install': False, 'test_result_base': None}
[0.224s] Level 5:colcon.colcon_core.verb:set package 'canopen_ros2_controllers' build argument 'cmake_args' from command line to 'None'
[0.224s] Level 5:colcon.colcon_core.verb:set package 'canopen_ros2_controllers' build argument 'cmake_target' from command line to 'None'
[0.224s] Level 5:colcon.colcon_core.verb:set package 'canopen_ros2_controllers' build argument 'cmake_target_skip_unavailable' from command line to 'False'
[0.224s] Level 5:colcon.colcon_core.verb:set package 'canopen_ros2_controllers' build argument 'cmake_clean_cache' from command line to 'False'
[0.224s] Level 5:colcon.colcon_core.verb:set package 'canopen_ros2_controllers' build argument 'cmake_clean_first' from command line to 'False'
[0.224s] Level 5:colcon.colcon_core.verb:set package 'canopen_ros2_controllers' build argument 'cmake_force_configure' from command line to 'False'
[0.224s] Level 5:colcon.colcon_core.verb:set package 'canopen_ros2_controllers' build argument 'ament_cmake_args' from command line to 'None'
[0.224s] Level 5:colcon.colcon_core.verb:set package 'canopen_ros2_controllers' build argument 'catkin_cmake_args' from command line to 'None'
[0.224s] Level 5:colcon.colcon_core.verb:set package 'canopen_ros2_controllers' build argument 'catkin_skip_building_tests' from command line to 'False'
[0.224s] DEBUG:colcon.colcon_core.verb:Building package 'canopen_ros2_controllers' with the following arguments: {'ament_cmake_args': None, 'build_base': '/tmp/agrobot-next-build-ybgPHn/build/canopen_ros2_controllers', 'catkin_cmake_args': None, 'catkin_skip_building_tests': False, 'cmake_args': None, 'cmake_clean_cache': False, 'cmake_clean_first': False, 'cmake_force_configure': False, 'cmake_target': None, 'cmake_target_skip_unavailable': False, 'install_base': '/tmp/agrobot-next-build-ybgPHn/install/canopen_ros2_controllers', 'merge_install': False, 'path': '/home/gsylvia/agrobot-reverse-engineering/Agrobot/src/ros2_canopen/canopen_ros2_controllers', 'symlink_install': False, 'test_result_base': None}
[0.225s] Level 5:colcon.colcon_core.verb:set package 'canopen_tests' build argument 'cmake_args' from command line to 'None'
[0.225s] Level 5:colcon.colcon_core.verb:set package 'canopen_tests' build argument 'cmake_target' from command line to 'None'
[0.225s] Level 5:colcon.colcon_core.verb:set package 'canopen_tests' build argument 'cmake_target_skip_unavailable' from command line to 'False'
[0.225s] Level 5:colcon.colcon_core.verb:set package 'canopen_tests' build argument 'cmake_clean_cache' from command line to 'False'
[0.225s] Level 5:colcon.colcon_core.verb:set package 'canopen_tests' build argument 'cmake_clean_first' from command line to 'False'
[0.225s] Level 5:colcon.colcon_core.verb:set package 'canopen_tests' build argument 'cmake_force_configure' from command line to 'False'
[0.225s] Level 5:colcon.colcon_core.verb:set package 'canopen_tests' build argument 'ament_cmake_args' from command line to 'None'
[0.225s] Level 5:colcon.colcon_core.verb:set package 'canopen_tests' build argument 'catkin_cmake_args' from command line to 'None'
[0.225s] Level 5:colcon.colcon_core.verb:set package 'canopen_tests' build argument 'catkin_skip_building_tests' from command line to 'False'
[0.225s] DEBUG:colcon.colcon_core.verb:Building package 'canopen_tests' with the following arguments: {'ament_cmake_args': None, 'build_base': '/tmp/agrobot-next-build-ybgPHn/build/canopen_tests', 'catkin_cmake_args': None, 'catkin_skip_building_tests': False, 'cmake_args': None, 'cmake_clean_cache': False, 'cmake_clean_first': False, 'cmake_force_configure': False, 'cmake_target': None, 'cmake_target_skip_unavailable': False, 'install_base': '/tmp/agrobot-next-build-ybgPHn/install/canopen_tests', 'merge_install': False, 'path': '/home/gsylvia/agrobot-reverse-engineering/Agrobot/src/ros2_canopen/canopen_tests', 'symlink_install': False, 'test_result_base': None}
[0.225s] INFO:colcon.colcon_core.executor:Executing jobs using 'parallel' executor
[0.226s] DEBUG:colcon.colcon_parallel_executor.executor.parallel:run_until_complete
[0.226s] INFO:colcon.colcon_ros.task.ament_cmake.build:Building ROS package in '/home/gsylvia/agrobot-reverse-engineering/Agrobot/src/ros2_canopen/canopen_interfaces' with build type 'ament_cmake'
[0.226s] INFO:colcon.colcon_cmake.task.cmake.build:Building CMake package in '/home/gsylvia/agrobot-reverse-engineering/Agrobot/src/ros2_canopen/canopen_interfaces'
[0.227s] INFO:colcon.colcon_core.plugin_system:Skipping extension 'colcon_core.shell.bat': Not used on non-Windows systems
[0.228s] INFO:colcon.colcon_core.shell:Skip shell extension 'powershell' for command environment: Not usable outside of PowerShell
[0.228s] DEBUG:colcon.colcon_core.shell:Skip shell extension 'dsv' for command environment
[0.229s] INFO:colcon.colcon_ros.task.ament_cmake.build:Building ROS package in '/home/gsylvia/agrobot-reverse-engineering/Agrobot/src/ros2_canopen/lely_core_libraries' with build type 'ament_cmake'
[0.230s] INFO:colcon.colcon_cmake.task.cmake.build:Building CMake package in '/home/gsylvia/agrobot-reverse-engineering/Agrobot/src/ros2_canopen/lely_core_libraries'
[0.230s] INFO:colcon.colcon_core.shell:Skip shell extension 'powershell' for command environment: Not usable outside of PowerShell
[0.230s] DEBUG:colcon.colcon_core.shell:Skip shell extension 'dsv' for command environment
[0.231s] INFO:colcon.colcon_ros.task.ament_cmake.build:Building ROS package in '/home/gsylvia/agrobot-reverse-engineering/Agrobot/src/robot_description' with build type 'ament_cmake'
[0.232s] INFO:colcon.colcon_cmake.task.cmake.build:Building CMake package in '/home/gsylvia/agrobot-reverse-engineering/Agrobot/src/robot_description'
[0.232s] INFO:colcon.colcon_core.shell:Skip shell extension 'powershell' for command environment: Not usable outside of PowerShell
[0.232s] DEBUG:colcon.colcon_core.shell:Skip shell extension 'dsv' for command environment
[0.233s] INFO:colcon.colcon_ros.task.ament_cmake.build:Building ROS package in '/home/gsylvia/agrobot-reverse-engineering/Agrobot/src/epos2_bridge_interfaces' with build type 'ament_cmake'
[0.233s] INFO:colcon.colcon_cmake.task.cmake.build:Building CMake package in '/home/gsylvia/agrobot-reverse-engineering/Agrobot/src/epos2_bridge_interfaces'
[0.233s] INFO:colcon.colcon_core.shell:Skip shell extension 'powershell' for command environment: Not usable outside of PowerShell
[0.233s] DEBUG:colcon.colcon_core.shell:Skip shell extension 'dsv' for command environment
[0.238s] DEBUG:colcon.colcon_core.event_handler.log_command:Invoking command in '/tmp/agrobot-next-build-ybgPHn/build/canopen_interfaces': CMAKE_PREFIX_PATH=${CMAKE_PREFIX_PATH}:/opt/ros/jazzy /usr/bin/cmake /home/gsylvia/agrobot-reverse-engineering/Agrobot/src/ros2_canopen/canopen_interfaces -DCMAKE_INSTALL_PREFIX=/tmp/agrobot-next-build-ybgPHn/install/canopen_interfaces
[0.239s] DEBUG:colcon.colcon_core.event_handler.log_command:Invoking command in '/tmp/agrobot-next-build-ybgPHn/build/lely_core_libraries': CMAKE_PREFIX_PATH=${CMAKE_PREFIX_PATH}:/opt/ros/jazzy /usr/bin/cmake /home/gsylvia/agrobot-reverse-engineering/Agrobot/src/ros2_canopen/lely_core_libraries -DCMAKE_INSTALL_PREFIX=/tmp/agrobot-next-build-ybgPHn/install/lely_core_libraries
[0.241s] DEBUG:colcon.colcon_core.event_handler.log_command:Invoking command in '/tmp/agrobot-next-build-ybgPHn/build/robot_description': CMAKE_PREFIX_PATH=${CMAKE_PREFIX_PATH}:/opt/ros/jazzy /usr/bin/cmake /home/gsylvia/agrobot-reverse-engineering/Agrobot/src/robot_description -DCMAKE_INSTALL_PREFIX=/tmp/agrobot-next-build-ybgPHn/install/robot_description
[0.242s] DEBUG:colcon.colcon_core.event_handler.log_command:Invoking command in '/tmp/agrobot-next-build-ybgPHn/build/epos2_bridge_interfaces': CMAKE_PREFIX_PATH=${CMAKE_PREFIX_PATH}:/opt/ros/jazzy /usr/bin/cmake /home/gsylvia/agrobot-reverse-engineering/Agrobot/src/epos2_bridge_interfaces -DCMAKE_INSTALL_PREFIX=/tmp/agrobot-next-build-ybgPHn/install/epos2_bridge_interfaces
[2.130s] DEBUG:colcon.colcon_core.event_handler.log_command:Invoked command in '/tmp/agrobot-next-build-ybgPHn/build/robot_description' returned '0': CMAKE_PREFIX_PATH=${CMAKE_PREFIX_PATH}:/opt/ros/jazzy /usr/bin/cmake /home/gsylvia/agrobot-reverse-engineering/Agrobot/src/robot_description -DCMAKE_INSTALL_PREFIX=/tmp/agrobot-next-build-ybgPHn/install/robot_description
[2.131s] DEBUG:colcon.colcon_core.event_handler.log_command:Invoking command in '/tmp/agrobot-next-build-ybgPHn/build/robot_description': CMAKE_PREFIX_PATH=${CMAKE_PREFIX_PATH}:/opt/ros/jazzy /usr/bin/cmake --build /tmp/agrobot-next-build-ybgPHn/build/robot_description -- -j16 -l16
[2.159s] DEBUG:colcon.colcon_core.event_handler.log_command:Invoked command in '/tmp/agrobot-next-build-ybgPHn/build/robot_description' returned '0': CMAKE_PREFIX_PATH=${CMAKE_PREFIX_PATH}:/opt/ros/jazzy /usr/bin/cmake --build /tmp/agrobot-next-build-ybgPHn/build/robot_description -- -j16 -l16
[2.166s] DEBUG:colcon.colcon_core.event_handler.log_command:Invoking command in '/tmp/agrobot-next-build-ybgPHn/build/robot_description': CMAKE_PREFIX_PATH=${CMAKE_PREFIX_PATH}:/opt/ros/jazzy /usr/bin/cmake --install /tmp/agrobot-next-build-ybgPHn/build/robot_description
[2.207s] Level 1:colcon.colcon_core.environment:create_environment_scripts_only(robot_description)
[2.207s] DEBUG:colcon.colcon_core.event_handler.log_command:Invoked command in '/tmp/agrobot-next-build-ybgPHn/build/robot_description' returned '0': CMAKE_PREFIX_PATH=${CMAKE_PREFIX_PATH}:/opt/ros/jazzy /usr/bin/cmake --install /tmp/agrobot-next-build-ybgPHn/build/robot_description
[2.208s] Level 1:colcon.colcon_core.environment:checking '/tmp/agrobot-next-build-ybgPHn/install/robot_description' for CMake module files
[2.209s] Level 1:colcon.colcon_core.environment:checking '/tmp/agrobot-next-build-ybgPHn/install/robot_description' for CMake config files
[2.209s] Level 1:colcon.colcon_core.shell:create_environment_hook('robot_description', 'cmake_prefix_path')
[2.209s] INFO:colcon.colcon_core.shell:Creating environment hook '/tmp/agrobot-next-build-ybgPHn/install/robot_description/share/robot_description/hook/cmake_prefix_path.ps1'
[2.210s] INFO:colcon.colcon_core.shell:Creating environment descriptor '/tmp/agrobot-next-build-ybgPHn/install/robot_description/share/robot_description/hook/cmake_prefix_path.dsv'
[2.210s] INFO:colcon.colcon_core.shell:Creating environment hook '/tmp/agrobot-next-build-ybgPHn/install/robot_description/share/robot_description/hook/cmake_prefix_path.sh'
[2.210s] Level 1:colcon.colcon_core.environment:checking '/tmp/agrobot-next-build-ybgPHn/install/robot_description/bin'
[2.210s] Level 1:colcon.colcon_core.environment:checking '/tmp/agrobot-next-build-ybgPHn/install/robot_description/lib/pkgconfig/robot_description.pc'
[2.211s] Level 1:colcon.colcon_core.environment:checking '/tmp/agrobot-next-build-ybgPHn/install/robot_description/lib/python3.12/site-packages'
[2.211s] Level 1:colcon.colcon_core.environment:checking '/tmp/agrobot-next-build-ybgPHn/install/robot_description/bin'
[2.211s] INFO:colcon.colcon_core.shell:Creating package script '/tmp/agrobot-next-build-ybgPHn/install/robot_description/share/robot_description/package.ps1'
[2.211s] INFO:colcon.colcon_core.shell:Creating package descriptor '/tmp/agrobot-next-build-ybgPHn/install/robot_description/share/robot_description/package.dsv'
[2.212s] INFO:colcon.colcon_core.shell:Creating package script '/tmp/agrobot-next-build-ybgPHn/install/robot_description/share/robot_description/package.sh'
[2.212s] INFO:colcon.colcon_core.shell:Creating package script '/tmp/agrobot-next-build-ybgPHn/install/robot_description/share/robot_description/package.bash'
[2.212s] INFO:colcon.colcon_core.shell:Creating package script '/tmp/agrobot-next-build-ybgPHn/install/robot_description/share/robot_description/package.zsh'
[2.212s] Level 1:colcon.colcon_core.environment:create_file_with_runtime_dependencies(/tmp/agrobot-next-build-ybgPHn/install/robot_description/share/colcon-core/packages/robot_description)
[2.213s] Level 1:colcon.colcon_core.environment:create_environment_scripts_only(robot_description)
[2.213s] Level 1:colcon.colcon_core.environment:checking '/tmp/agrobot-next-build-ybgPHn/install/robot_description' for CMake module files
[2.213s] Level 1:colcon.colcon_core.environment:checking '/tmp/agrobot-next-build-ybgPHn/install/robot_description' for CMake config files
[2.213s] Level 1:colcon.colcon_core.shell:create_environment_hook('robot_description', 'cmake_prefix_path')
[2.214s] INFO:colcon.colcon_core.shell:Creating environment hook '/tmp/agrobot-next-build-ybgPHn/install/robot_description/share/robot_description/hook/cmake_prefix_path.ps1'
[2.214s] INFO:colcon.colcon_core.shell:Creating environment descriptor '/tmp/agrobot-next-build-ybgPHn/install/robot_description/share/robot_description/hook/cmake_prefix_path.dsv'
[2.214s] INFO:colcon.colcon_core.shell:Creating environment hook '/tmp/agrobot-next-build-ybgPHn/install/robot_description/share/robot_description/hook/cmake_prefix_path.sh'
[2.214s] Level 1:colcon.colcon_core.environment:checking '/tmp/agrobot-next-build-ybgPHn/install/robot_description/bin'
[2.214s] Level 1:colcon.colcon_core.environment:checking '/tmp/agrobot-next-build-ybgPHn/install/robot_description/lib/pkgconfig/robot_description.pc'
[2.214s] Level 1:colcon.colcon_core.environment:checking '/tmp/agrobot-next-build-ybgPHn/install/robot_description/lib/python3.12/site-packages'
[2.215s] Level 1:colcon.colcon_core.environment:checking '/tmp/agrobot-next-build-ybgPHn/install/robot_description/bin'
[2.215s] INFO:colcon.colcon_core.shell:Creating package script '/tmp/agrobot-next-build-ybgPHn/install/robot_description/share/robot_description/package.ps1'
[2.215s] INFO:colcon.colcon_core.shell:Creating package descriptor '/tmp/agrobot-next-build-ybgPHn/install/robot_description/share/robot_description/package.dsv'
[2.215s] INFO:colcon.colcon_core.shell:Creating package script '/tmp/agrobot-next-build-ybgPHn/install/robot_description/share/robot_description/package.sh'
[2.215s] INFO:colcon.colcon_core.shell:Creating package script '/tmp/agrobot-next-build-ybgPHn/install/robot_description/share/robot_description/package.bash'
[2.216s] INFO:colcon.colcon_core.shell:Creating package script '/tmp/agrobot-next-build-ybgPHn/install/robot_description/share/robot_description/package.zsh'
[2.216s] Level 1:colcon.colcon_core.environment:create_file_with_runtime_dependencies(/tmp/agrobot-next-build-ybgPHn/install/robot_description/share/colcon-core/packages/robot_description)
[2.216s] INFO:colcon.colcon_ros.task.ament_cmake.build:Building ROS package in '/home/gsylvia/agrobot-reverse-engineering/Agrobot/src/robot_interfaces' with build type 'ament_cmake'
[2.216s] INFO:colcon.colcon_cmake.task.cmake.build:Building CMake package in '/home/gsylvia/agrobot-reverse-engineering/Agrobot/src/robot_interfaces'
[2.216s] INFO:colcon.colcon_core.shell:Skip shell extension 'powershell' for command environment: Not usable outside of PowerShell
[2.216s] DEBUG:colcon.colcon_core.shell:Skip shell extension 'dsv' for command environment
[2.222s] DEBUG:colcon.colcon_core.event_handler.log_command:Invoking command in '/tmp/agrobot-next-build-ybgPHn/build/robot_interfaces': CMAKE_PREFIX_PATH=${CMAKE_PREFIX_PATH}:/opt/ros/jazzy /usr/bin/cmake /home/gsylvia/agrobot-reverse-engineering/Agrobot/src/robot_interfaces -DCMAKE_INSTALL_PREFIX=/tmp/agrobot-next-build-ybgPHn/install/robot_interfaces
[2.232s] DEBUG:colcon.colcon_core.event_handler.log_command:Invoked command in '/tmp/agrobot-next-build-ybgPHn/build/lely_core_libraries' returned '0': CMAKE_PREFIX_PATH=${CMAKE_PREFIX_PATH}:/opt/ros/jazzy /usr/bin/cmake /home/gsylvia/agrobot-reverse-engineering/Agrobot/src/ros2_canopen/lely_core_libraries -DCMAKE_INSTALL_PREFIX=/tmp/agrobot-next-build-ybgPHn/install/lely_core_libraries
[2.232s] DEBUG:colcon.colcon_core.event_handler.log_command:Invoking command in '/tmp/agrobot-next-build-ybgPHn/build/lely_core_libraries': CMAKE_PREFIX_PATH=${CMAKE_PREFIX_PATH}:/opt/ros/jazzy /usr/bin/cmake --build /tmp/agrobot-next-build-ybgPHn/build/lely_core_libraries -- -j16 -l16
[3.870s] DEBUG:colcon.colcon_core.event_handler.log_command:Invoked command in '/tmp/agrobot-next-build-ybgPHn/build/epos2_bridge_interfaces' returned '0': CMAKE_PREFIX_PATH=${CMAKE_PREFIX_PATH}:/opt/ros/jazzy /usr/bin/cmake /home/gsylvia/agrobot-reverse-engineering/Agrobot/src/epos2_bridge_interfaces -DCMAKE_INSTALL_PREFIX=/tmp/agrobot-next-build-ybgPHn/install/epos2_bridge_interfaces
[3.871s] DEBUG:colcon.colcon_core.event_handler.log_command:Invoking command in '/tmp/agrobot-next-build-ybgPHn/build/epos2_bridge_interfaces': CMAKE_PREFIX_PATH=${CMAKE_PREFIX_PATH}:/opt/ros/jazzy /usr/bin/cmake --build /tmp/agrobot-next-build-ybgPHn/build/epos2_bridge_interfaces -- -j16 -l16
[4.105s] DEBUG:colcon.colcon_core.event_handler.log_command:Invoked command in '/tmp/agrobot-next-build-ybgPHn/build/canopen_interfaces' returned '0': CMAKE_PREFIX_PATH=${CMAKE_PREFIX_PATH}:/opt/ros/jazzy /usr/bin/cmake /home/gsylvia/agrobot-reverse-engineering/Agrobot/src/ros2_canopen/canopen_interfaces -DCMAKE_INSTALL_PREFIX=/tmp/agrobot-next-build-ybgPHn/install/canopen_interfaces
[4.105s] DEBUG:colcon.colcon_core.event_handler.log_command:Invoking command in '/tmp/agrobot-next-build-ybgPHn/build/canopen_interfaces': CMAKE_PREFIX_PATH=${CMAKE_PREFIX_PATH}:/opt/ros/jazzy /usr/bin/cmake --build /tmp/agrobot-next-build-ybgPHn/build/canopen_interfaces -- -j16 -l16
[9.348s] DEBUG:colcon.colcon_core.event_handler.log_command:Invoked command in '/tmp/agrobot-next-build-ybgPHn/build/epos2_bridge_interfaces' returned '0': CMAKE_PREFIX_PATH=${CMAKE_PREFIX_PATH}:/opt/ros/jazzy /usr/bin/cmake --build /tmp/agrobot-next-build-ybgPHn/build/epos2_bridge_interfaces -- -j16 -l16
[9.348s] DEBUG:colcon.colcon_core.event_handler.log_command:Invoking command in '/tmp/agrobot-next-build-ybgPHn/build/epos2_bridge_interfaces': CMAKE_PREFIX_PATH=${CMAKE_PREFIX_PATH}:/opt/ros/jazzy /usr/bin/cmake --install /tmp/agrobot-next-build-ybgPHn/build/epos2_bridge_interfaces
[9.503s] Level 1:colcon.colcon_core.environment:create_environment_scripts_only(epos2_bridge_interfaces)
[9.504s] Level 1:colcon.colcon_core.environment:checking '/tmp/agrobot-next-build-ybgPHn/install/epos2_bridge_interfaces' for CMake module files
[9.508s] Level 1:colcon.colcon_core.environment:checking '/tmp/agrobot-next-build-ybgPHn/install/epos2_bridge_interfaces' for CMake config files
[9.512s] Level 1:colcon.colcon_core.shell:create_environment_hook('epos2_bridge_interfaces', 'cmake_prefix_path')
[9.512s] INFO:colcon.colcon_core.shell:Creating environment hook '/tmp/agrobot-next-build-ybgPHn/install/epos2_bridge_interfaces/share/epos2_bridge_interfaces/hook/cmake_prefix_path.ps1'
[9.514s] INFO:colcon.colcon_core.shell:Creating environment descriptor '/tmp/agrobot-next-build-ybgPHn/install/epos2_bridge_interfaces/share/epos2_bridge_interfaces/hook/cmake_prefix_path.dsv'
[9.515s] DEBUG:colcon.colcon_core.event_handler.log_command:Invoked command in '/tmp/agrobot-next-build-ybgPHn/build/epos2_bridge_interfaces' returned '0': CMAKE_PREFIX_PATH=${CMAKE_PREFIX_PATH}:/opt/ros/jazzy /usr/bin/cmake --install /tmp/agrobot-next-build-ybgPHn/build/epos2_bridge_interfaces
[9.518s] INFO:colcon.colcon_core.shell:Creating environment hook '/tmp/agrobot-next-build-ybgPHn/install/epos2_bridge_interfaces/share/epos2_bridge_interfaces/hook/cmake_prefix_path.sh'
[9.519s] Level 1:colcon.colcon_core.environment:checking '/tmp/agrobot-next-build-ybgPHn/install/epos2_bridge_interfaces/lib'
[9.519s] Level 1:colcon.colcon_core.shell:create_environment_hook('epos2_bridge_interfaces', 'ld_library_path_lib')
[9.519s] INFO:colcon.colcon_core.shell:Creating environment hook '/tmp/agrobot-next-build-ybgPHn/install/epos2_bridge_interfaces/share/epos2_bridge_interfaces/hook/ld_library_path_lib.ps1'
[9.519s] INFO:colcon.colcon_core.shell:Creating environment descriptor '/tmp/agrobot-next-build-ybgPHn/install/epos2_bridge_interfaces/share/epos2_bridge_interfaces/hook/ld_library_path_lib.dsv'
[9.519s] INFO:colcon.colcon_core.shell:Creating environment hook '/tmp/agrobot-next-build-ybgPHn/install/epos2_bridge_interfaces/share/epos2_bridge_interfaces/hook/ld_library_path_lib.sh'
[9.520s] Level 1:colcon.colcon_core.environment:checking '/tmp/agrobot-next-build-ybgPHn/install/epos2_bridge_interfaces/bin'
[9.520s] Level 1:colcon.colcon_core.environment:checking '/tmp/agrobot-next-build-ybgPHn/install/epos2_bridge_interfaces/lib/pkgconfig/epos2_bridge_interfaces.pc'
[9.520s] Level 1:colcon.colcon_core.environment:checking '/tmp/agrobot-next-build-ybgPHn/install/epos2_bridge_interfaces/lib/python3.12/site-packages'
[9.520s] Level 1:colcon.colcon_core.shell:create_environment_hook('epos2_bridge_interfaces', 'pythonpath')
[9.520s] INFO:colcon.colcon_core.shell:Creating environment hook '/tmp/agrobot-next-build-ybgPHn/install/epos2_bridge_interfaces/share/epos2_bridge_interfaces/hook/pythonpath.ps1'
[9.520s] INFO:colcon.colcon_core.shell:Creating environment descriptor '/tmp/agrobot-next-build-ybgPHn/install/epos2_bridge_interfaces/share/epos2_bridge_interfaces/hook/pythonpath.dsv'
[9.520s] INFO:colcon.colcon_core.shell:Creating environment hook '/tmp/agrobot-next-build-ybgPHn/install/epos2_bridge_interfaces/share/epos2_bridge_interfaces/hook/pythonpath.sh'
[9.521s] Level 1:colcon.colcon_core.environment:checking '/tmp/agrobot-next-build-ybgPHn/install/epos2_bridge_interfaces/bin'
[9.521s] INFO:colcon.colcon_core.shell:Creating package script '/tmp/agrobot-next-build-ybgPHn/install/epos2_bridge_interfaces/share/epos2_bridge_interfaces/package.ps1'
[9.521s] INFO:colcon.colcon_core.shell:Creating package descriptor '/tmp/agrobot-next-build-ybgPHn/install/epos2_bridge_interfaces/share/epos2_bridge_interfaces/package.dsv'
[9.521s] INFO:colcon.colcon_core.shell:Creating package script '/tmp/agrobot-next-build-ybgPHn/install/epos2_bridge_interfaces/share/epos2_bridge_interfaces/package.sh'
[9.522s] INFO:colcon.colcon_core.shell:Creating package script '/tmp/agrobot-next-build-ybgPHn/install/epos2_bridge_interfaces/share/epos2_bridge_interfaces/package.bash'
[9.522s] INFO:colcon.colcon_core.shell:Creating package script '/tmp/agrobot-next-build-ybgPHn/install/epos2_bridge_interfaces/share/epos2_bridge_interfaces/package.zsh'
[9.522s] Level 1:colcon.colcon_core.environment:create_file_with_runtime_dependencies(/tmp/agrobot-next-build-ybgPHn/install/epos2_bridge_interfaces/share/colcon-core/packages/epos2_bridge_interfaces)
[9.523s] Level 1:colcon.colcon_core.environment:create_environment_scripts_only(epos2_bridge_interfaces)
[9.523s] Level 1:colcon.colcon_core.environment:checking '/tmp/agrobot-next-build-ybgPHn/install/epos2_bridge_interfaces' for CMake module files
[9.523s] Level 1:colcon.colcon_core.environment:checking '/tmp/agrobot-next-build-ybgPHn/install/epos2_bridge_interfaces' for CMake config files
[9.523s] Level 1:colcon.colcon_core.shell:create_environment_hook('epos2_bridge_interfaces', 'cmake_prefix_path')
[9.523s] INFO:colcon.colcon_core.shell:Creating environment hook '/tmp/agrobot-next-build-ybgPHn/install/epos2_bridge_interfaces/share/epos2_bridge_interfaces/hook/cmake_prefix_path.ps1'
[9.524s] INFO:colcon.colcon_core.shell:Creating environment descriptor '/tmp/agrobot-next-build-ybgPHn/install/epos2_bridge_interfaces/share/epos2_bridge_interfaces/hook/cmake_prefix_path.dsv'
[9.524s] INFO:colcon.colcon_core.shell:Creating environment hook '/tmp/agrobot-next-build-ybgPHn/install/epos2_bridge_interfaces/share/epos2_bridge_interfaces/hook/cmake_prefix_path.sh'
[9.524s] Level 1:colcon.colcon_core.environment:checking '/tmp/agrobot-next-build-ybgPHn/install/epos2_bridge_interfaces/lib'
[9.524s] Level 1:colcon.colcon_core.shell:create_environment_hook('epos2_bridge_interfaces', 'ld_library_path_lib')
[9.524s] INFO:colcon.colcon_core.shell:Creating environment hook '/tmp/agrobot-next-build-ybgPHn/install/epos2_bridge_interfaces/share/epos2_bridge_interfaces/hook/ld_library_path_lib.ps1'
[9.524s] INFO:colcon.colcon_core.shell:Creating environment descriptor '/tmp/agrobot-next-build-ybgPHn/install/epos2_bridge_interfaces/share/epos2_bridge_interfaces/hook/ld_library_path_lib.dsv'
[9.525s] INFO:colcon.colcon_core.shell:Creating environment hook '/tmp/agrobot-next-build-ybgPHn/install/epos2_bridge_interfaces/share/epos2_bridge_interfaces/hook/ld_library_path_lib.sh'
[9.525s] Level 1:colcon.colcon_core.environment:checking '/tmp/agrobot-next-build-ybgPHn/install/epos2_bridge_interfaces/bin'
[9.525s] Level 1:colcon.colcon_core.environment:checking '/tmp/agrobot-next-build-ybgPHn/install/epos2_bridge_interfaces/lib/pkgconfig/epos2_bridge_interfaces.pc'
[9.525s] Level 1:colcon.colcon_core.environment:checking '/tmp/agrobot-next-build-ybgPHn/install/epos2_bridge_interfaces/lib/python3.12/site-packages'
[9.525s] Level 1:colcon.colcon_core.shell:create_environment_hook('epos2_bridge_interfaces', 'pythonpath')
[9.525s] INFO:colcon.colcon_core.shell:Creating environment hook '/tmp/agrobot-next-build-ybgPHn/install/epos2_bridge_interfaces/share/epos2_bridge_interfaces/hook/pythonpath.ps1'
[9.525s] INFO:colcon.colcon_core.shell:Creating environment descriptor '/tmp/agrobot-next-build-ybgPHn/install/epos2_bridge_interfaces/share/epos2_bridge_interfaces/hook/pythonpath.dsv'
[9.526s] INFO:colcon.colcon_core.shell:Creating environment hook '/tmp/agrobot-next-build-ybgPHn/install/epos2_bridge_interfaces/share/epos2_bridge_interfaces/hook/pythonpath.sh'
[9.527s] Level 1:colcon.colcon_core.environment:checking '/tmp/agrobot-next-build-ybgPHn/install/epos2_bridge_interfaces/bin'
[9.527s] INFO:colcon.colcon_core.shell:Creating package script '/tmp/agrobot-next-build-ybgPHn/install/epos2_bridge_interfaces/share/epos2_bridge_interfaces/package.ps1'
[9.528s] INFO:colcon.colcon_core.shell:Creating package descriptor '/tmp/agrobot-next-build-ybgPHn/install/epos2_bridge_interfaces/share/epos2_bridge_interfaces/package.dsv'
[9.528s] INFO:colcon.colcon_core.shell:Creating package script '/tmp/agrobot-next-build-ybgPHn/install/epos2_bridge_interfaces/share/epos2_bridge_interfaces/package.sh'
[9.528s] INFO:colcon.colcon_core.shell:Creating package script '/tmp/agrobot-next-build-ybgPHn/install/epos2_bridge_interfaces/share/epos2_bridge_interfaces/package.bash'
[9.529s] INFO:colcon.colcon_core.shell:Creating package script '/tmp/agrobot-next-build-ybgPHn/install/epos2_bridge_interfaces/share/epos2_bridge_interfaces/package.zsh'
[9.529s] Level 1:colcon.colcon_core.environment:create_file_with_runtime_dependencies(/tmp/agrobot-next-build-ybgPHn/install/epos2_bridge_interfaces/share/colcon-core/packages/epos2_bridge_interfaces)
[9.530s] INFO:colcon.colcon_ros.task.ament_cmake.build:Building ROS package in '/home/gsylvia/agrobot-reverse-engineering/Agrobot/src/moveit_config' with build type 'ament_cmake'
[9.530s] INFO:colcon.colcon_cmake.task.cmake.build:Building CMake package in '/home/gsylvia/agrobot-reverse-engineering/Agrobot/src/moveit_config'
[9.530s] INFO:colcon.colcon_core.shell:Skip shell extension 'powershell' for command environment: Not usable outside of PowerShell
[9.530s] DEBUG:colcon.colcon_core.shell:Skip shell extension 'dsv' for command environment
[9.595s] DEBUG:colcon.colcon_core.event_handler.log_command:Invoking command in '/tmp/agrobot-next-build-ybgPHn/build/moveit_config': AMENT_PREFIX_PATH=/tmp/agrobot-next-build-ybgPHn/install/robot_description:${AMENT_PREFIX_PATH} CMAKE_PREFIX_PATH=/tmp/agrobot-next-build-ybgPHn/install/robot_description:/opt/ros/jazzy/opt/gz_sim_vendor:/opt/ros/jazzy/opt/gz_sensors_vendor:/opt/ros/jazzy/opt/gz_physics_vendor:/opt/ros/jazzy/opt/sdformat_vendor:/opt/ros/jazzy/opt/gz_gui_vendor:/opt/ros/jazzy/opt/gz_transport_vendor:/opt/ros/jazzy/opt/gz_rendering_vendor:/opt/ros/jazzy/opt/gz_plugin_vendor:/opt/ros/jazzy/opt/gz_fuel_tools_vendor:/opt/ros/jazzy/opt/gz_msgs_vendor:/opt/ros/jazzy/opt/gz_common_vendor:/opt/ros/jazzy/opt/gz_math_vendor:/opt/ros/jazzy/opt/gz_utils_vendor:/opt/ros/jazzy/opt/gz_tools_vendor:/opt/ros/jazzy/opt/gz_ogre_next_vendor:/opt/ros/jazzy/opt/gz_dartsim_vendor:/opt/ros/jazzy/opt/gz_cmake_vendor:/opt/ros/jazzy /usr/bin/cmake /home/gsylvia/agrobot-reverse-engineering/Agrobot/src/moveit_config -DCMAKE_INSTALL_PREFIX=/tmp/agrobot-next-build-ybgPHn/install/moveit_config
[10.054s] DEBUG:colcon.colcon_core.event_handler.log_command:Invoked command in '/tmp/agrobot-next-build-ybgPHn/build/robot_interfaces' returned '0': CMAKE_PREFIX_PATH=${CMAKE_PREFIX_PATH}:/opt/ros/jazzy /usr/bin/cmake /home/gsylvia/agrobot-reverse-engineering/Agrobot/src/robot_interfaces -DCMAKE_INSTALL_PREFIX=/tmp/agrobot-next-build-ybgPHn/install/robot_interfaces
[10.054s] DEBUG:colcon.colcon_core.event_handler.log_command:Invoking command in '/tmp/agrobot-next-build-ybgPHn/build/robot_interfaces': CMAKE_PREFIX_PATH=${CMAKE_PREFIX_PATH}:/opt/ros/jazzy /usr/bin/cmake --build /tmp/agrobot-next-build-ybgPHn/build/robot_interfaces -- -j16 -l16
[11.780s] DEBUG:colcon.colcon_core.event_handler.log_command:Invoked command in '/tmp/agrobot-next-build-ybgPHn/build/canopen_interfaces' returned '0': CMAKE_PREFIX_PATH=${CMAKE_PREFIX_PATH}:/opt/ros/jazzy /usr/bin/cmake --build /tmp/agrobot-next-build-ybgPHn/build/canopen_interfaces -- -j16 -l16
[11.780s] DEBUG:colcon.colcon_core.event_handler.log_command:Invoking command in '/tmp/agrobot-next-build-ybgPHn/build/canopen_interfaces': CMAKE_PREFIX_PATH=${CMAKE_PREFIX_PATH}:/opt/ros/jazzy /usr/bin/cmake --install /tmp/agrobot-next-build-ybgPHn/build/canopen_interfaces
[12.995s] Level 1:colcon.colcon_core.environment:create_environment_scripts_only(canopen_interfaces)
[12.996s] Level 1:colcon.colcon_core.environment:checking '/tmp/agrobot-next-build-ybgPHn/install/canopen_interfaces' for CMake module files
[12.996s] Level 1:colcon.colcon_core.environment:checking '/tmp/agrobot-next-build-ybgPHn/install/canopen_interfaces' for CMake config files
[12.997s] Level 1:colcon.colcon_core.shell:create_environment_hook('canopen_interfaces', 'cmake_prefix_path')
[12.997s] INFO:colcon.colcon_core.shell:Creating environment hook '/tmp/agrobot-next-build-ybgPHn/install/canopen_interfaces/share/canopen_interfaces/hook/cmake_prefix_path.ps1'
[13.001s] INFO:colcon.colcon_core.shell:Creating environment descriptor '/tmp/agrobot-next-build-ybgPHn/install/canopen_interfaces/share/canopen_interfaces/hook/cmake_prefix_path.dsv'
[13.001s] INFO:colcon.colcon_core.shell:Creating environment hook '/tmp/agrobot-next-build-ybgPHn/install/canopen_interfaces/share/canopen_interfaces/hook/cmake_prefix_path.sh'
[13.002s] Level 1:colcon.colcon_core.environment:checking '/tmp/agrobot-next-build-ybgPHn/install/canopen_interfaces/lib'
[13.002s] Level 1:colcon.colcon_core.shell:create_environment_hook('canopen_interfaces', 'ld_library_path_lib')
[13.002s] INFO:colcon.colcon_core.shell:Creating environment hook '/tmp/agrobot-next-build-ybgPHn/install/canopen_interfaces/share/canopen_interfaces/hook/ld_library_path_lib.ps1'
[13.003s] INFO:colcon.colcon_core.shell:Creating environment descriptor '/tmp/agrobot-next-build-ybgPHn/install/canopen_interfaces/share/canopen_interfaces/hook/ld_library_path_lib.dsv'
[13.003s] INFO:colcon.colcon_core.shell:Creating environment hook '/tmp/agrobot-next-build-ybgPHn/install/canopen_interfaces/share/canopen_interfaces/hook/ld_library_path_lib.sh'
[13.008s] Level 1:colcon.colcon_core.environment:checking '/tmp/agrobot-next-build-ybgPHn/install/canopen_interfaces/bin'
[13.008s] Level 1:colcon.colcon_core.environment:checking '/tmp/agrobot-next-build-ybgPHn/install/canopen_interfaces/lib/pkgconfig/canopen_interfaces.pc'
[13.008s] Level 1:colcon.colcon_core.environment:checking '/tmp/agrobot-next-build-ybgPHn/install/canopen_interfaces/lib/python3.12/site-packages'
[13.008s] Level 1:colcon.colcon_core.shell:create_environment_hook('canopen_interfaces', 'pythonpath')
[13.009s] INFO:colcon.colcon_core.shell:Creating environment hook '/tmp/agrobot-next-build-ybgPHn/install/canopen_interfaces/share/canopen_interfaces/hook/pythonpath.ps1'
[13.009s] INFO:colcon.colcon_core.shell:Creating environment descriptor '/tmp/agrobot-next-build-ybgPHn/install/canopen_interfaces/share/canopen_interfaces/hook/pythonpath.dsv'
[13.009s] INFO:colcon.colcon_core.shell:Creating environment hook '/tmp/agrobot-next-build-ybgPHn/install/canopen_interfaces/share/canopen_interfaces/hook/pythonpath.sh'
[13.016s] Level 1:colcon.colcon_core.environment:checking '/tmp/agrobot-next-build-ybgPHn/install/canopen_interfaces/bin'
[13.017s] INFO:colcon.colcon_core.shell:Creating package script '/tmp/agrobot-next-build-ybgPHn/install/canopen_interfaces/share/canopen_interfaces/package.ps1'
[13.024s] DEBUG:colcon.colcon_core.event_handler.log_command:Invoked command in '/tmp/agrobot-next-build-ybgPHn/build/canopen_interfaces' returned '0': CMAKE_PREFIX_PATH=${CMAKE_PREFIX_PATH}:/opt/ros/jazzy /usr/bin/cmake --install /tmp/agrobot-next-build-ybgPHn/build/canopen_interfaces
[13.025s] INFO:colcon.colcon_core.shell:Creating package descriptor '/tmp/agrobot-next-build-ybgPHn/install/canopen_interfaces/share/canopen_interfaces/package.dsv'
[13.025s] INFO:colcon.colcon_core.shell:Creating package script '/tmp/agrobot-next-build-ybgPHn/install/canopen_interfaces/share/canopen_interfaces/package.sh'
[13.025s] INFO:colcon.colcon_core.shell:Creating package script '/tmp/agrobot-next-build-ybgPHn/install/canopen_interfaces/share/canopen_interfaces/package.bash'
[13.026s] INFO:colcon.colcon_core.shell:Creating package script '/tmp/agrobot-next-build-ybgPHn/install/canopen_interfaces/share/canopen_interfaces/package.zsh'
[13.026s] Level 1:colcon.colcon_core.environment:create_file_with_runtime_dependencies(/tmp/agrobot-next-build-ybgPHn/install/canopen_interfaces/share/colcon-core/packages/canopen_interfaces)
[13.026s] Level 1:colcon.colcon_core.environment:create_environment_scripts_only(canopen_interfaces)
[13.027s] Level 1:colcon.colcon_core.environment:checking '/tmp/agrobot-next-build-ybgPHn/install/canopen_interfaces' for CMake module files
[13.027s] Level 1:colcon.colcon_core.environment:checking '/tmp/agrobot-next-build-ybgPHn/install/canopen_interfaces' for CMake config files
[13.028s] Level 1:colcon.colcon_core.shell:create_environment_hook('canopen_interfaces', 'cmake_prefix_path')
[13.028s] INFO:colcon.colcon_core.shell:Creating environment hook '/tmp/agrobot-next-build-ybgPHn/install/canopen_interfaces/share/canopen_interfaces/hook/cmake_prefix_path.ps1'
[13.028s] INFO:colcon.colcon_core.shell:Creating environment descriptor '/tmp/agrobot-next-build-ybgPHn/install/canopen_interfaces/share/canopen_interfaces/hook/cmake_prefix_path.dsv'
[13.030s] INFO:colcon.colcon_core.shell:Creating environment hook '/tmp/agrobot-next-build-ybgPHn/install/canopen_interfaces/share/canopen_interfaces/hook/cmake_prefix_path.sh'
[13.030s] Level 1:colcon.colcon_core.environment:checking '/tmp/agrobot-next-build-ybgPHn/install/canopen_interfaces/lib'
[13.030s] Level 1:colcon.colcon_core.shell:create_environment_hook('canopen_interfaces', 'ld_library_path_lib')
[13.031s] INFO:colcon.colcon_core.shell:Creating environment hook '/tmp/agrobot-next-build-ybgPHn/install/canopen_interfaces/share/canopen_interfaces/hook/ld_library_path_lib.ps1'
[13.031s] INFO:colcon.colcon_core.shell:Creating environment descriptor '/tmp/agrobot-next-build-ybgPHn/install/canopen_interfaces/share/canopen_interfaces/hook/ld_library_path_lib.dsv'
[13.032s] INFO:colcon.colcon_core.shell:Creating environment hook '/tmp/agrobot-next-build-ybgPHn/install/canopen_interfaces/share/canopen_interfaces/hook/ld_library_path_lib.sh'
[13.032s] Level 1:colcon.colcon_core.environment:checking '/tmp/agrobot-next-build-ybgPHn/install/canopen_interfaces/bin'
[13.032s] Level 1:colcon.colcon_core.environment:checking '/tmp/agrobot-next-build-ybgPHn/install/canopen_interfaces/lib/pkgconfig/canopen_interfaces.pc'
[13.033s] Level 1:colcon.colcon_core.environment:checking '/tmp/agrobot-next-build-ybgPHn/install/canopen_interfaces/lib/python3.12/site-packages'
[13.033s] Level 1:colcon.colcon_core.shell:create_environment_hook('canopen_interfaces', 'pythonpath')
[13.034s] INFO:colcon.colcon_core.shell:Creating environment hook '/tmp/agrobot-next-build-ybgPHn/install/canopen_interfaces/share/canopen_interfaces/hook/pythonpath.ps1'
[13.035s] INFO:colcon.colcon_core.shell:Creating environment descriptor '/tmp/agrobot-next-build-ybgPHn/install/canopen_interfaces/share/canopen_interfaces/hook/pythonpath.dsv'
[13.035s] INFO:colcon.colcon_core.shell:Creating environment hook '/tmp/agrobot-next-build-ybgPHn/install/canopen_interfaces/share/canopen_interfaces/hook/pythonpath.sh'
[13.038s] Level 1:colcon.colcon_core.environment:checking '/tmp/agrobot-next-build-ybgPHn/install/canopen_interfaces/bin'
[13.038s] INFO:colcon.colcon_core.shell:Creating package script '/tmp/agrobot-next-build-ybgPHn/install/canopen_interfaces/share/canopen_interfaces/package.ps1'
[13.041s] INFO:colcon.colcon_core.shell:Creating package descriptor '/tmp/agrobot-next-build-ybgPHn/install/canopen_interfaces/share/canopen_interfaces/package.dsv'
[13.042s] INFO:colcon.colcon_core.shell:Creating package script '/tmp/agrobot-next-build-ybgPHn/install/canopen_interfaces/share/canopen_interfaces/package.sh'
[13.042s] INFO:colcon.colcon_core.shell:Creating package script '/tmp/agrobot-next-build-ybgPHn/install/canopen_interfaces/share/canopen_interfaces/package.bash'
[13.042s] INFO:colcon.colcon_core.shell:Creating package script '/tmp/agrobot-next-build-ybgPHn/install/canopen_interfaces/share/canopen_interfaces/package.zsh'
[13.043s] Level 1:colcon.colcon_core.environment:create_file_with_runtime_dependencies(/tmp/agrobot-next-build-ybgPHn/install/canopen_interfaces/share/colcon-core/packages/canopen_interfaces)
[13.043s] INFO:colcon.colcon_ros.task.ament_python.build:Building ROS package in '/home/gsylvia/agrobot-reverse-engineering/Agrobot/src/ros2_canopen/canopen_utils' with build type 'ament_python'
[13.043s] Level 1:colcon.colcon_core.shell:create_environment_hook('canopen_utils', 'ament_prefix_path')
[13.043s] INFO:colcon.colcon_core.shell:Creating environment hook '/tmp/agrobot-next-build-ybgPHn/install/canopen_utils/share/canopen_utils/hook/ament_prefix_path.ps1'
[13.044s] INFO:colcon.colcon_core.shell:Creating environment descriptor '/tmp/agrobot-next-build-ybgPHn/install/canopen_utils/share/canopen_utils/hook/ament_prefix_path.dsv'
[13.045s] INFO:colcon.colcon_core.shell:Creating environment hook '/tmp/agrobot-next-build-ybgPHn/install/canopen_utils/share/canopen_utils/hook/ament_prefix_path.sh'
[13.045s] INFO:colcon.colcon_core.shell:Skip shell extension 'powershell' for command environment: Not usable outside of PowerShell
[13.045s] DEBUG:colcon.colcon_core.shell:Skip shell extension 'dsv' for command environment
[13.453s] INFO:colcon.colcon_core.task.python.build:Building Python package in '/home/gsylvia/agrobot-reverse-engineering/Agrobot/src/ros2_canopen/canopen_utils'
[13.454s] INFO:colcon.colcon_core.shell:Skip shell extension 'powershell' for command environment: Not usable outside of PowerShell
[13.454s] DEBUG:colcon.colcon_core.shell:Skip shell extension 'dsv' for command environment
[13.457s] DEBUG:colcon.colcon_core.event_handler.log_command:Invoked command in '/tmp/agrobot-next-build-ybgPHn/build/moveit_config' returned '0': AMENT_PREFIX_PATH=/tmp/agrobot-next-build-ybgPHn/install/robot_description:${AMENT_PREFIX_PATH} CMAKE_PREFIX_PATH=/tmp/agrobot-next-build-ybgPHn/install/robot_description:/opt/ros/jazzy/opt/gz_sim_vendor:/opt/ros/jazzy/opt/gz_sensors_vendor:/opt/ros/jazzy/opt/gz_physics_vendor:/opt/ros/jazzy/opt/sdformat_vendor:/opt/ros/jazzy/opt/gz_gui_vendor:/opt/ros/jazzy/opt/gz_transport_vendor:/opt/ros/jazzy/opt/gz_rendering_vendor:/opt/ros/jazzy/opt/gz_plugin_vendor:/opt/ros/jazzy/opt/gz_fuel_tools_vendor:/opt/ros/jazzy/opt/gz_msgs_vendor:/opt/ros/jazzy/opt/gz_common_vendor:/opt/ros/jazzy/opt/gz_math_vendor:/opt/ros/jazzy/opt/gz_utils_vendor:/opt/ros/jazzy/opt/gz_tools_vendor:/opt/ros/jazzy/opt/gz_ogre_next_vendor:/opt/ros/jazzy/opt/gz_dartsim_vendor:/opt/ros/jazzy/opt/gz_cmake_vendor:/opt/ros/jazzy /usr/bin/cmake /home/gsylvia/agrobot-reverse-engineering/Agrobot/src/moveit_config -DCMAKE_INSTALL_PREFIX=/tmp/agrobot-next-build-ybgPHn/install/moveit_config
[13.458s] DEBUG:colcon.colcon_core.event_handler.log_command:Invoking command in '/tmp/agrobot-next-build-ybgPHn/build/moveit_config': AMENT_PREFIX_PATH=/tmp/agrobot-next-build-ybgPHn/install/robot_description:${AMENT_PREFIX_PATH} CMAKE_PREFIX_PATH=/tmp/agrobot-next-build-ybgPHn/install/robot_description:/opt/ros/jazzy/opt/gz_sim_vendor:/opt/ros/jazzy/opt/gz_sensors_vendor:/opt/ros/jazzy/opt/gz_physics_vendor:/opt/ros/jazzy/opt/sdformat_vendor:/opt/ros/jazzy/opt/gz_gui_vendor:/opt/ros/jazzy/opt/gz_transport_vendor:/opt/ros/jazzy/opt/gz_rendering_vendor:/opt/ros/jazzy/opt/gz_plugin_vendor:/opt/ros/jazzy/opt/gz_fuel_tools_vendor:/opt/ros/jazzy/opt/gz_msgs_vendor:/opt/ros/jazzy/opt/gz_common_vendor:/opt/ros/jazzy/opt/gz_math_vendor:/opt/ros/jazzy/opt/gz_utils_vendor:/opt/ros/jazzy/opt/gz_tools_vendor:/opt/ros/jazzy/opt/gz_ogre_next_vendor:/opt/ros/jazzy/opt/gz_dartsim_vendor:/opt/ros/jazzy/opt/gz_cmake_vendor:/opt/ros/jazzy /usr/bin/cmake --build /tmp/agrobot-next-build-ybgPHn/build/moveit_config -- -j16 -l16
[13.487s] DEBUG:colcon.colcon_core.event_handler.log_command:Invoked command in '/tmp/agrobot-next-build-ybgPHn/build/moveit_config' returned '0': AMENT_PREFIX_PATH=/tmp/agrobot-next-build-ybgPHn/install/robot_description:${AMENT_PREFIX_PATH} CMAKE_PREFIX_PATH=/tmp/agrobot-next-build-ybgPHn/install/robot_description:/opt/ros/jazzy/opt/gz_sim_vendor:/opt/ros/jazzy/opt/gz_sensors_vendor:/opt/ros/jazzy/opt/gz_physics_vendor:/opt/ros/jazzy/opt/sdformat_vendor:/opt/ros/jazzy/opt/gz_gui_vendor:/opt/ros/jazzy/opt/gz_transport_vendor:/opt/ros/jazzy/opt/gz_rendering_vendor:/opt/ros/jazzy/opt/gz_plugin_vendor:/opt/ros/jazzy/opt/gz_fuel_tools_vendor:/opt/ros/jazzy/opt/gz_msgs_vendor:/opt/ros/jazzy/opt/gz_common_vendor:/opt/ros/jazzy/opt/gz_math_vendor:/opt/ros/jazzy/opt/gz_utils_vendor:/opt/ros/jazzy/opt/gz_tools_vendor:/opt/ros/jazzy/opt/gz_ogre_next_vendor:/opt/ros/jazzy/opt/gz_dartsim_vendor:/opt/ros/jazzy/opt/gz_cmake_vendor:/opt/ros/jazzy /usr/bin/cmake --build /tmp/agrobot-next-build-ybgPHn/build/moveit_config -- -j16 -l16
[13.488s] DEBUG:colcon.colcon_core.event_handler.log_command:Invoking command in '/tmp/agrobot-next-build-ybgPHn/build/moveit_config': AMENT_PREFIX_PATH=/tmp/agrobot-next-build-ybgPHn/install/robot_description:${AMENT_PREFIX_PATH} CMAKE_PREFIX_PATH=/tmp/agrobot-next-build-ybgPHn/install/robot_description:/opt/ros/jazzy/opt/gz_sim_vendor:/opt/ros/jazzy/opt/gz_sensors_vendor:/opt/ros/jazzy/opt/gz_physics_vendor:/opt/ros/jazzy/opt/sdformat_vendor:/opt/ros/jazzy/opt/gz_gui_vendor:/opt/ros/jazzy/opt/gz_transport_vendor:/opt/ros/jazzy/opt/gz_rendering_vendor:/opt/ros/jazzy/opt/gz_plugin_vendor:/opt/ros/jazzy/opt/gz_fuel_tools_vendor:/opt/ros/jazzy/opt/gz_msgs_vendor:/opt/ros/jazzy/opt/gz_common_vendor:/opt/ros/jazzy/opt/gz_math_vendor:/opt/ros/jazzy/opt/gz_utils_vendor:/opt/ros/jazzy/opt/gz_tools_vendor:/opt/ros/jazzy/opt/gz_ogre_next_vendor:/opt/ros/jazzy/opt/gz_dartsim_vendor:/opt/ros/jazzy/opt/gz_cmake_vendor:/opt/ros/jazzy /usr/bin/cmake --install /tmp/agrobot-next-build-ybgPHn/build/moveit_config
[13.500s] Level 1:colcon.colcon_core.environment:create_environment_scripts_only(moveit_config)
[13.500s] Level 1:colcon.colcon_core.environment:checking '/tmp/agrobot-next-build-ybgPHn/install/moveit_config' for CMake module files
[13.500s] DEBUG:colcon.colcon_core.event_handler.log_command:Invoked command in '/tmp/agrobot-next-build-ybgPHn/build/moveit_config' returned '0': AMENT_PREFIX_PATH=/tmp/agrobot-next-build-ybgPHn/install/robot_description:${AMENT_PREFIX_PATH} CMAKE_PREFIX_PATH=/tmp/agrobot-next-build-ybgPHn/install/robot_description:/opt/ros/jazzy/opt/gz_sim_vendor:/opt/ros/jazzy/opt/gz_sensors_vendor:/opt/ros/jazzy/opt/gz_physics_vendor:/opt/ros/jazzy/opt/sdformat_vendor:/opt/ros/jazzy/opt/gz_gui_vendor:/opt/ros/jazzy/opt/gz_transport_vendor:/opt/ros/jazzy/opt/gz_rendering_vendor:/opt/ros/jazzy/opt/gz_plugin_vendor:/opt/ros/jazzy/opt/gz_fuel_tools_vendor:/opt/ros/jazzy/opt/gz_msgs_vendor:/opt/ros/jazzy/opt/gz_common_vendor:/opt/ros/jazzy/opt/gz_math_vendor:/opt/ros/jazzy/opt/gz_utils_vendor:/opt/ros/jazzy/opt/gz_tools_vendor:/opt/ros/jazzy/opt/gz_ogre_next_vendor:/opt/ros/jazzy/opt/gz_dartsim_vendor:/opt/ros/jazzy/opt/gz_cmake_vendor:/opt/ros/jazzy /usr/bin/cmake --install /tmp/agrobot-next-build-ybgPHn/build/moveit_config
[13.501s] Level 1:colcon.colcon_core.environment:checking '/tmp/agrobot-next-build-ybgPHn/install/moveit_config' for CMake config files
[13.501s] Level 1:colcon.colcon_core.shell:create_environment_hook('moveit_config', 'cmake_prefix_path')
[13.501s] INFO:colcon.colcon_core.shell:Creating environment hook '/tmp/agrobot-next-build-ybgPHn/install/moveit_config/share/moveit_config/hook/cmake_prefix_path.ps1'
[13.501s] INFO:colcon.colcon_core.shell:Creating environment descriptor '/tmp/agrobot-next-build-ybgPHn/install/moveit_config/share/moveit_config/hook/cmake_prefix_path.dsv'
[13.502s] INFO:colcon.colcon_core.shell:Creating environment hook '/tmp/agrobot-next-build-ybgPHn/install/moveit_config/share/moveit_config/hook/cmake_prefix_path.sh'
[13.502s] Level 1:colcon.colcon_core.environment:checking '/tmp/agrobot-next-build-ybgPHn/install/moveit_config/bin'
[13.502s] Level 1:colcon.colcon_core.environment:checking '/tmp/agrobot-next-build-ybgPHn/install/moveit_config/lib/pkgconfig/moveit_config.pc'
[13.502s] Level 1:colcon.colcon_core.environment:checking '/tmp/agrobot-next-build-ybgPHn/install/moveit_config/lib/python3.12/site-packages'
[13.502s] Level 1:colcon.colcon_core.environment:checking '/tmp/agrobot-next-build-ybgPHn/install/moveit_config/bin'
[13.502s] INFO:colcon.colcon_core.shell:Creating package script '/tmp/agrobot-next-build-ybgPHn/install/moveit_config/share/moveit_config/package.ps1'
[13.503s] INFO:colcon.colcon_core.shell:Creating package descriptor '/tmp/agrobot-next-build-ybgPHn/install/moveit_config/share/moveit_config/package.dsv'
[13.503s] INFO:colcon.colcon_core.shell:Creating package script '/tmp/agrobot-next-build-ybgPHn/install/moveit_config/share/moveit_config/package.sh'
[13.503s] INFO:colcon.colcon_core.shell:Creating package script '/tmp/agrobot-next-build-ybgPHn/install/moveit_config/share/moveit_config/package.bash'
[13.503s] INFO:colcon.colcon_core.shell:Creating package script '/tmp/agrobot-next-build-ybgPHn/install/moveit_config/share/moveit_config/package.zsh'
[13.504s] Level 1:colcon.colcon_core.environment:create_file_with_runtime_dependencies(/tmp/agrobot-next-build-ybgPHn/install/moveit_config/share/colcon-core/packages/moveit_config)
[13.504s] Level 1:colcon.colcon_core.environment:create_environment_scripts_only(moveit_config)
[13.504s] Level 1:colcon.colcon_core.environment:checking '/tmp/agrobot-next-build-ybgPHn/install/moveit_config' for CMake module files
[13.504s] Level 1:colcon.colcon_core.environment:checking '/tmp/agrobot-next-build-ybgPHn/install/moveit_config' for CMake config files
[13.504s] Level 1:colcon.colcon_core.shell:create_environment_hook('moveit_config', 'cmake_prefix_path')
[13.505s] INFO:colcon.colcon_core.shell:Creating environment hook '/tmp/agrobot-next-build-ybgPHn/install/moveit_config/share/moveit_config/hook/cmake_prefix_path.ps1'
[13.505s] INFO:colcon.colcon_core.shell:Creating environment descriptor '/tmp/agrobot-next-build-ybgPHn/install/moveit_config/share/moveit_config/hook/cmake_prefix_path.dsv'
[13.505s] INFO:colcon.colcon_core.shell:Creating environment hook '/tmp/agrobot-next-build-ybgPHn/install/moveit_config/share/moveit_config/hook/cmake_prefix_path.sh'
[13.505s] Level 1:colcon.colcon_core.environment:checking '/tmp/agrobot-next-build-ybgPHn/install/moveit_config/bin'
[13.505s] Level 1:colcon.colcon_core.environment:checking '/tmp/agrobot-next-build-ybgPHn/install/moveit_config/lib/pkgconfig/moveit_config.pc'
[13.505s] Level 1:colcon.colcon_core.environment:checking '/tmp/agrobot-next-build-ybgPHn/install/moveit_config/lib/python3.12/site-packages'
[13.506s] Level 1:colcon.colcon_core.environment:checking '/tmp/agrobot-next-build-ybgPHn/install/moveit_config/bin'
[13.506s] INFO:colcon.colcon_core.shell:Creating package script '/tmp/agrobot-next-build-ybgPHn/install/moveit_config/share/moveit_config/package.ps1'
[13.506s] INFO:colcon.colcon_core.shell:Creating package descriptor '/tmp/agrobot-next-build-ybgPHn/install/moveit_config/share/moveit_config/package.dsv'
[13.506s] INFO:colcon.colcon_core.shell:Creating package script '/tmp/agrobot-next-build-ybgPHn/install/moveit_config/share/moveit_config/package.sh'
[13.506s] INFO:colcon.colcon_core.shell:Creating package script '/tmp/agrobot-next-build-ybgPHn/install/moveit_config/share/moveit_config/package.bash'
[13.507s] INFO:colcon.colcon_core.shell:Creating package script '/tmp/agrobot-next-build-ybgPHn/install/moveit_config/share/moveit_config/package.zsh'
[13.507s] Level 1:colcon.colcon_core.environment:create_file_with_runtime_dependencies(/tmp/agrobot-next-build-ybgPHn/install/moveit_config/share/colcon-core/packages/moveit_config)
[13.507s] INFO:colcon.colcon_ros.task.ament_python.build:Building ROS package in '/home/gsylvia/agrobot-reverse-engineering/Agrobot/src/epos2_bridge' with build type 'ament_python'
[13.507s] Level 1:colcon.colcon_core.shell:create_environment_hook('epos2_bridge', 'ament_prefix_path')
[13.508s] INFO:colcon.colcon_core.shell:Creating environment hook '/tmp/agrobot-next-build-ybgPHn/install/epos2_bridge/share/epos2_bridge/hook/ament_prefix_path.ps1'
[13.508s] INFO:colcon.colcon_core.shell:Creating environment descriptor '/tmp/agrobot-next-build-ybgPHn/install/epos2_bridge/share/epos2_bridge/hook/ament_prefix_path.dsv'
[13.509s] INFO:colcon.colcon_core.shell:Creating environment hook '/tmp/agrobot-next-build-ybgPHn/install/epos2_bridge/share/epos2_bridge/hook/ament_prefix_path.sh'
[13.509s] INFO:colcon.colcon_core.shell:Skip shell extension 'powershell' for command environment: Not usable outside of PowerShell
[13.509s] DEBUG:colcon.colcon_core.shell:Skip shell extension 'dsv' for command environment
[13.915s] INFO:colcon.colcon_core.task.python.build:Building Python package in '/home/gsylvia/agrobot-reverse-engineering/Agrobot/src/epos2_bridge'
[13.915s] INFO:colcon.colcon_core.shell:Skip shell extension 'powershell' for command environment: Not usable outside of PowerShell
[13.915s] DEBUG:colcon.colcon_core.shell:Skip shell extension 'dsv' for command environment
[13.929s] DEBUG:colcon.colcon_core.task.python.build:Available setuptools commands: symlink_data, build_scripts, install_egg_info, install, bdist, compile_catalog, check, install_headers, alias, test, upload, saveopts, upload_docs, build_clib, init_catalog, rotate, register, build, setopt, extract_messages, bdist_dumb, install_lib, bdist_egg, editable_wheel, sdist, easy_install, update_catalog, install_scripts, bdist_rpm, build_py, dist_info, install_data, egg_info, clean, develop, build_ext
[13.930s] DEBUG:colcon.colcon_core.event_handler.log_command:Invoking command in '/home/gsylvia/agrobot-reverse-engineering/Agrobot/src/ros2_canopen/canopen_utils': AMENT_PREFIX_PATH=/tmp/agrobot-next-build-ybgPHn/install/canopen_interfaces:${AMENT_PREFIX_PATH} CMAKE_PREFIX_PATH=/tmp/agrobot-next-build-ybgPHn/install/canopen_interfaces:${CMAKE_PREFIX_PATH} LD_LIBRARY_PATH=/tmp/agrobot-next-build-ybgPHn/install/canopen_interfaces/lib:${LD_LIBRARY_PATH} PYTHONPATH=/tmp/agrobot-next-build-ybgPHn/build/canopen_utils/prefix_override:/usr/lib/python3/dist-packages/colcon_core/task/python/colcon_distutils_commands:/tmp/agrobot-next-build-ybgPHn/install/canopen_utils/lib/python3.12/site-packages:/tmp/agrobot-next-build-ybgPHn/install/canopen_interfaces/lib/python3.12/site-packages:${PYTHONPATH} /usr/bin/python3 -W ignore:setup.py install is deprecated -W ignore:easy_install command is deprecated setup.py egg_info --egg-base ../../../../../../../tmp/agrobot-next-build-ybgPHn/build/canopen_utils build --build-base /tmp/agrobot-next-build-ybgPHn/build/canopen_utils/build install --record /tmp/agrobot-next-build-ybgPHn/build/canopen_utils/install.log --install-scripts $base/lib/canopen_utils --single-version-externally-managed install_data
[14.282s] Level 1:colcon.colcon_core.environment:checking '/tmp/agrobot-next-build-ybgPHn/install/canopen_utils' for CMake module files
[14.283s] DEBUG:colcon.colcon_core.event_handler.log_command:Invoked command in '/home/gsylvia/agrobot-reverse-engineering/Agrobot/src/ros2_canopen/canopen_utils' returned '0': AMENT_PREFIX_PATH=/tmp/agrobot-next-build-ybgPHn/install/canopen_interfaces:${AMENT_PREFIX_PATH} CMAKE_PREFIX_PATH=/tmp/agrobot-next-build-ybgPHn/install/canopen_interfaces:${CMAKE_PREFIX_PATH} LD_LIBRARY_PATH=/tmp/agrobot-next-build-ybgPHn/install/canopen_interfaces/lib:${LD_LIBRARY_PATH} PYTHONPATH=/tmp/agrobot-next-build-ybgPHn/build/canopen_utils/prefix_override:/usr/lib/python3/dist-packages/colcon_core/task/python/colcon_distutils_commands:/tmp/agrobot-next-build-ybgPHn/install/canopen_utils/lib/python3.12/site-packages:/tmp/agrobot-next-build-ybgPHn/install/canopen_interfaces/lib/python3.12/site-packages:${PYTHONPATH} /usr/bin/python3 -W ignore:setup.py install is deprecated -W ignore:easy_install command is deprecated setup.py egg_info --egg-base ../../../../../../../tmp/agrobot-next-build-ybgPHn/build/canopen_utils build --build-base /tmp/agrobot-next-build-ybgPHn/build/canopen_utils/build install --record /tmp/agrobot-next-build-ybgPHn/build/canopen_utils/install.log --install-scripts $base/lib/canopen_utils --single-version-externally-managed install_data
[14.283s] Level 1:colcon.colcon_core.environment:checking '/tmp/agrobot-next-build-ybgPHn/install/canopen_utils' for CMake config files
[14.283s] Level 1:colcon.colcon_core.environment:checking '/tmp/agrobot-next-build-ybgPHn/install/canopen_utils/lib'
[14.284s] Level 1:colcon.colcon_core.environment:checking '/tmp/agrobot-next-build-ybgPHn/install/canopen_utils/bin'
[14.284s] Level 1:colcon.colcon_core.environment:checking '/tmp/agrobot-next-build-ybgPHn/install/canopen_utils/lib/pkgconfig/canopen_utils.pc'
[14.284s] Level 1:colcon.colcon_core.environment:checking '/tmp/agrobot-next-build-ybgPHn/install/canopen_utils/lib/python3.12/site-packages'
[14.284s] Level 1:colcon.colcon_core.shell:create_environment_hook('canopen_utils', 'pythonpath')
[14.284s] INFO:colcon.colcon_core.shell:Creating environment hook '/tmp/agrobot-next-build-ybgPHn/install/canopen_utils/share/canopen_utils/hook/pythonpath.ps1'
[14.284s] INFO:colcon.colcon_core.shell:Creating environment descriptor '/tmp/agrobot-next-build-ybgPHn/install/canopen_utils/share/canopen_utils/hook/pythonpath.dsv'
[14.284s] INFO:colcon.colcon_core.shell:Creating environment hook '/tmp/agrobot-next-build-ybgPHn/install/canopen_utils/share/canopen_utils/hook/pythonpath.sh'
[14.285s] Level 1:colcon.colcon_core.environment:checking '/tmp/agrobot-next-build-ybgPHn/install/canopen_utils/bin'
[14.285s] Level 1:colcon.colcon_core.environment:create_environment_scripts_only(canopen_utils)
[14.285s] INFO:colcon.colcon_core.shell:Creating package script '/tmp/agrobot-next-build-ybgPHn/install/canopen_utils/share/canopen_utils/package.ps1'
[14.285s] INFO:colcon.colcon_core.shell:Creating package descriptor '/tmp/agrobot-next-build-ybgPHn/install/canopen_utils/share/canopen_utils/package.dsv'
[14.285s] INFO:colcon.colcon_core.shell:Creating package script '/tmp/agrobot-next-build-ybgPHn/install/canopen_utils/share/canopen_utils/package.sh'
[14.286s] INFO:colcon.colcon_core.shell:Creating package script '/tmp/agrobot-next-build-ybgPHn/install/canopen_utils/share/canopen_utils/package.bash'
[14.286s] INFO:colcon.colcon_core.shell:Creating package script '/tmp/agrobot-next-build-ybgPHn/install/canopen_utils/share/canopen_utils/package.zsh'
[14.286s] Level 1:colcon.colcon_core.environment:create_file_with_runtime_dependencies(/tmp/agrobot-next-build-ybgPHn/install/canopen_utils/share/colcon-core/packages/canopen_utils)
[14.287s] INFO:colcon.colcon_ros.task.ament_cmake.build:Building ROS package in '/home/gsylvia/agrobot-reverse-engineering/Agrobot/src/robot_bringup' with build type 'ament_cmake'
[14.287s] INFO:colcon.colcon_cmake.task.cmake.build:Building CMake package in '/home/gsylvia/agrobot-reverse-engineering/Agrobot/src/robot_bringup'
[14.287s] INFO:colcon.colcon_core.shell:Skip shell extension 'powershell' for command environment: Not usable outside of PowerShell
[14.287s] DEBUG:colcon.colcon_core.shell:Skip shell extension 'dsv' for command environment
[14.392s] DEBUG:colcon.colcon_core.event_handler.log_command:Invoking command in '/tmp/agrobot-next-build-ybgPHn/build/robot_bringup': AMENT_PREFIX_PATH=/tmp/agrobot-next-build-ybgPHn/install/moveit_config:/tmp/agrobot-next-build-ybgPHn/install/robot_description:${AMENT_PREFIX_PATH} CMAKE_PREFIX_PATH=/tmp/agrobot-next-build-ybgPHn/install/moveit_config:/tmp/agrobot-next-build-ybgPHn/install/robot_description:/opt/ros/jazzy/opt/gz_sim_vendor:/opt/ros/jazzy/opt/gz_sensors_vendor:/opt/ros/jazzy/opt/gz_physics_vendor:/opt/ros/jazzy/opt/sdformat_vendor:/opt/ros/jazzy/opt/gz_gui_vendor:/opt/ros/jazzy/opt/gz_transport_vendor:/opt/ros/jazzy/opt/gz_rendering_vendor:/opt/ros/jazzy/opt/gz_plugin_vendor:/opt/ros/jazzy/opt/gz_fuel_tools_vendor:/opt/ros/jazzy/opt/gz_msgs_vendor:/opt/ros/jazzy/opt/gz_common_vendor:/opt/ros/jazzy/opt/gz_math_vendor:/opt/ros/jazzy/opt/gz_utils_vendor:/opt/ros/jazzy/opt/gz_tools_vendor:/opt/ros/jazzy/opt/gz_ogre_next_vendor:/opt/ros/jazzy/opt/gz_dartsim_vendor:/opt/ros/jazzy/opt/gz_cmake_vendor:/opt/ros/jazzy /usr/bin/cmake /home/gsylvia/agrobot-reverse-engineering/Agrobot/src/robot_bringup -DCMAKE_INSTALL_PREFIX=/tmp/agrobot-next-build-ybgPHn/install/robot_bringup
[14.595s] DEBUG:colcon.colcon_core.task.python.build:Available setuptools commands: symlink_data, build_scripts, install_egg_info, install, bdist, compile_catalog, check, install_headers, alias, test, upload, saveopts, upload_docs, build_clib, init_catalog, rotate, register, build, setopt, extract_messages, bdist_dumb, install_lib, bdist_egg, editable_wheel, sdist, easy_install, update_catalog, install_scripts, bdist_rpm, build_py, dist_info, install_data, egg_info, clean, develop, build_ext
[14.596s] DEBUG:colcon.colcon_core.event_handler.log_command:Invoking command in '/home/gsylvia/agrobot-reverse-engineering/Agrobot/src/epos2_bridge': AMENT_PREFIX_PATH=/tmp/agrobot-next-build-ybgPHn/install/epos2_bridge_interfaces:/tmp/agrobot-next-build-ybgPHn/install/canopen_interfaces:${AMENT_PREFIX_PATH} CMAKE_PREFIX_PATH=/tmp/agrobot-next-build-ybgPHn/install/epos2_bridge_interfaces:/tmp/agrobot-next-build-ybgPHn/install/canopen_interfaces:${CMAKE_PREFIX_PATH} LD_LIBRARY_PATH=/tmp/agrobot-next-build-ybgPHn/install/epos2_bridge_interfaces/lib:/tmp/agrobot-next-build-ybgPHn/install/canopen_interfaces/lib:${LD_LIBRARY_PATH} PYTHONPATH=/tmp/agrobot-next-build-ybgPHn/build/epos2_bridge/prefix_override:/usr/lib/python3/dist-packages/colcon_core/task/python/colcon_distutils_commands:/tmp/agrobot-next-build-ybgPHn/install/epos2_bridge/lib/python3.12/site-packages:/tmp/agrobot-next-build-ybgPHn/install/epos2_bridge_interfaces/lib/python3.12/site-packages:/tmp/agrobot-next-build-ybgPHn/install/canopen_interfaces/lib/python3.12/site-packages:${PYTHONPATH} /usr/bin/python3 -W ignore:setup.py install is deprecated -W ignore:easy_install command is deprecated setup.py egg_info --egg-base ../../../../../../tmp/agrobot-next-build-ybgPHn/build/epos2_bridge build --build-base /tmp/agrobot-next-build-ybgPHn/build/epos2_bridge/build install --record /tmp/agrobot-next-build-ybgPHn/build/epos2_bridge/install.log --install-scripts $base/lib/epos2_bridge --single-version-externally-managed install_data
[14.857s] DEBUG:colcon.colcon_core.event_handler.log_command:Invoked command in '/tmp/agrobot-next-build-ybgPHn/build/robot_interfaces' returned '0': CMAKE_PREFIX_PATH=${CMAKE_PREFIX_PATH}:/opt/ros/jazzy /usr/bin/cmake --build /tmp/agrobot-next-build-ybgPHn/build/robot_interfaces -- -j16 -l16
[14.858s] DEBUG:colcon.colcon_core.event_handler.log_command:Invoking command in '/tmp/agrobot-next-build-ybgPHn/build/robot_interfaces': CMAKE_PREFIX_PATH=${CMAKE_PREFIX_PATH}:/opt/ros/jazzy /usr/bin/cmake --install /tmp/agrobot-next-build-ybgPHn/build/robot_interfaces
[14.935s] Level 1:colcon.colcon_core.environment:create_environment_scripts_only(robot_interfaces)
[14.935s] Level 1:colcon.colcon_core.environment:checking '/tmp/agrobot-next-build-ybgPHn/install/robot_interfaces' for CMake module files
[14.937s] DEBUG:colcon.colcon_core.event_handler.log_command:Invoked command in '/tmp/agrobot-next-build-ybgPHn/build/robot_interfaces' returned '0': CMAKE_PREFIX_PATH=${CMAKE_PREFIX_PATH}:/opt/ros/jazzy /usr/bin/cmake --install /tmp/agrobot-next-build-ybgPHn/build/robot_interfaces
[14.937s] Level 1:colcon.colcon_core.environment:checking '/tmp/agrobot-next-build-ybgPHn/install/robot_interfaces' for CMake config files
[14.937s] Level 1:colcon.colcon_core.shell:create_environment_hook('robot_interfaces', 'cmake_prefix_path')
[14.938s] INFO:colcon.colcon_core.shell:Creating environment hook '/tmp/agrobot-next-build-ybgPHn/install/robot_interfaces/share/robot_interfaces/hook/cmake_prefix_path.ps1'
[14.938s] INFO:colcon.colcon_core.shell:Creating environment descriptor '/tmp/agrobot-next-build-ybgPHn/install/robot_interfaces/share/robot_interfaces/hook/cmake_prefix_path.dsv'
[14.938s] INFO:colcon.colcon_core.shell:Creating environment hook '/tmp/agrobot-next-build-ybgPHn/install/robot_interfaces/share/robot_interfaces/hook/cmake_prefix_path.sh'
[14.939s] Level 1:colcon.colcon_core.environment:checking '/tmp/agrobot-next-build-ybgPHn/install/robot_interfaces/lib'
[14.939s] Level 1:colcon.colcon_core.shell:create_environment_hook('robot_interfaces', 'ld_library_path_lib')
[14.939s] INFO:colcon.colcon_core.shell:Creating environment hook '/tmp/agrobot-next-build-ybgPHn/install/robot_interfaces/share/robot_interfaces/hook/ld_library_path_lib.ps1'
[14.939s] INFO:colcon.colcon_core.shell:Creating environment descriptor '/tmp/agrobot-next-build-ybgPHn/install/robot_interfaces/share/robot_interfaces/hook/ld_library_path_lib.dsv'
[14.939s] INFO:colcon.colcon_core.shell:Creating environment hook '/tmp/agrobot-next-build-ybgPHn/install/robot_interfaces/share/robot_interfaces/hook/ld_library_path_lib.sh'
[14.939s] Level 1:colcon.colcon_core.environment:checking '/tmp/agrobot-next-build-ybgPHn/install/robot_interfaces/bin'
[14.939s] Level 1:colcon.colcon_core.environment:checking '/tmp/agrobot-next-build-ybgPHn/install/robot_interfaces/lib/pkgconfig/robot_interfaces.pc'
[14.940s] Level 1:colcon.colcon_core.environment:checking '/tmp/agrobot-next-build-ybgPHn/install/robot_interfaces/lib/python3.12/site-packages'
[14.940s] Level 1:colcon.colcon_core.shell:create_environment_hook('robot_interfaces', 'pythonpath')
[14.940s] INFO:colcon.colcon_core.shell:Creating environment hook '/tmp/agrobot-next-build-ybgPHn/install/robot_interfaces/share/robot_interfaces/hook/pythonpath.ps1'
[14.940s] INFO:colcon.colcon_core.shell:Creating environment descriptor '/tmp/agrobot-next-build-ybgPHn/install/robot_interfaces/share/robot_interfaces/hook/pythonpath.dsv'
[14.940s] INFO:colcon.colcon_core.shell:Creating environment hook '/tmp/agrobot-next-build-ybgPHn/install/robot_interfaces/share/robot_interfaces/hook/pythonpath.sh'
[14.940s] Level 1:colcon.colcon_core.environment:checking '/tmp/agrobot-next-build-ybgPHn/install/robot_interfaces/bin'
[14.940s] INFO:colcon.colcon_core.shell:Creating package script '/tmp/agrobot-next-build-ybgPHn/install/robot_interfaces/share/robot_interfaces/package.ps1'
[14.941s] INFO:colcon.colcon_core.shell:Creating package descriptor '/tmp/agrobot-next-build-ybgPHn/install/robot_interfaces/share/robot_interfaces/package.dsv'
[14.941s] INFO:colcon.colcon_core.shell:Creating package script '/tmp/agrobot-next-build-ybgPHn/install/robot_interfaces/share/robot_interfaces/package.sh'
[14.941s] INFO:colcon.colcon_core.shell:Creating package script '/tmp/agrobot-next-build-ybgPHn/install/robot_interfaces/share/robot_interfaces/package.bash'
[14.941s] INFO:colcon.colcon_core.shell:Creating package script '/tmp/agrobot-next-build-ybgPHn/install/robot_interfaces/share/robot_interfaces/package.zsh'
[14.942s] Level 1:colcon.colcon_core.environment:create_file_with_runtime_dependencies(/tmp/agrobot-next-build-ybgPHn/install/robot_interfaces/share/colcon-core/packages/robot_interfaces)
[14.942s] Level 1:colcon.colcon_core.environment:create_environment_scripts_only(robot_interfaces)
[14.942s] Level 1:colcon.colcon_core.environment:checking '/tmp/agrobot-next-build-ybgPHn/install/robot_interfaces' for CMake module files
[14.943s] Level 1:colcon.colcon_core.environment:checking '/tmp/agrobot-next-build-ybgPHn/install/robot_interfaces' for CMake config files
[14.943s] Level 1:colcon.colcon_core.shell:create_environment_hook('robot_interfaces', 'cmake_prefix_path')
[14.943s] INFO:colcon.colcon_core.shell:Creating environment hook '/tmp/agrobot-next-build-ybgPHn/install/robot_interfaces/share/robot_interfaces/hook/cmake_prefix_path.ps1'
[14.944s] INFO:colcon.colcon_core.shell:Creating environment descriptor '/tmp/agrobot-next-build-ybgPHn/install/robot_interfaces/share/robot_interfaces/hook/cmake_prefix_path.dsv'
[14.944s] INFO:colcon.colcon_core.shell:Creating environment hook '/tmp/agrobot-next-build-ybgPHn/install/robot_interfaces/share/robot_interfaces/hook/cmake_prefix_path.sh'
[14.944s] Level 1:colcon.colcon_core.environment:checking '/tmp/agrobot-next-build-ybgPHn/install/robot_interfaces/lib'
[14.944s] Level 1:colcon.colcon_core.shell:create_environment_hook('robot_interfaces', 'ld_library_path_lib')
[14.944s] INFO:colcon.colcon_core.shell:Creating environment hook '/tmp/agrobot-next-build-ybgPHn/install/robot_interfaces/share/robot_interfaces/hook/ld_library_path_lib.ps1'
[14.944s] INFO:colcon.colcon_core.shell:Creating environment descriptor '/tmp/agrobot-next-build-ybgPHn/install/robot_interfaces/share/robot_interfaces/hook/ld_library_path_lib.dsv'
[14.945s] INFO:colcon.colcon_core.shell:Creating environment hook '/tmp/agrobot-next-build-ybgPHn/install/robot_interfaces/share/robot_interfaces/hook/ld_library_path_lib.sh'
[14.945s] Level 1:colcon.colcon_core.environment:checking '/tmp/agrobot-next-build-ybgPHn/install/robot_interfaces/bin'
[14.945s] Level 1:colcon.colcon_core.environment:checking '/tmp/agrobot-next-build-ybgPHn/install/robot_interfaces/lib/pkgconfig/robot_interfaces.pc'
[14.945s] Level 1:colcon.colcon_core.environment:checking '/tmp/agrobot-next-build-ybgPHn/install/robot_interfaces/lib/python3.12/site-packages'
[14.945s] Level 1:colcon.colcon_core.shell:create_environment_hook('robot_interfaces', 'pythonpath')
[14.945s] INFO:colcon.colcon_core.shell:Creating environment hook '/tmp/agrobot-next-build-ybgPHn/install/robot_interfaces/share/robot_interfaces/hook/pythonpath.ps1'
[14.945s] INFO:colcon.colcon_core.shell:Creating environment descriptor '/tmp/agrobot-next-build-ybgPHn/install/robot_interfaces/share/robot_interfaces/hook/pythonpath.dsv'
[14.945s] INFO:colcon.colcon_core.shell:Creating environment hook '/tmp/agrobot-next-build-ybgPHn/install/robot_interfaces/share/robot_interfaces/hook/pythonpath.sh'
[14.946s] Level 1:colcon.colcon_core.environment:checking '/tmp/agrobot-next-build-ybgPHn/install/robot_interfaces/bin'
[14.946s] INFO:colcon.colcon_core.shell:Creating package script '/tmp/agrobot-next-build-ybgPHn/install/robot_interfaces/share/robot_interfaces/package.ps1'
[14.946s] INFO:colcon.colcon_core.shell:Creating package descriptor '/tmp/agrobot-next-build-ybgPHn/install/robot_interfaces/share/robot_interfaces/package.dsv'
[14.946s] INFO:colcon.colcon_core.shell:Creating package script '/tmp/agrobot-next-build-ybgPHn/install/robot_interfaces/share/robot_interfaces/package.sh'
[14.947s] INFO:colcon.colcon_core.shell:Creating package script '/tmp/agrobot-next-build-ybgPHn/install/robot_interfaces/share/robot_interfaces/package.bash'
[14.947s] INFO:colcon.colcon_core.shell:Creating package script '/tmp/agrobot-next-build-ybgPHn/install/robot_interfaces/share/robot_interfaces/package.zsh'
[14.947s] Level 1:colcon.colcon_core.environment:create_file_with_runtime_dependencies(/tmp/agrobot-next-build-ybgPHn/install/robot_interfaces/share/colcon-core/packages/robot_interfaces)
[14.947s] INFO:colcon.colcon_ros.task.ament_cmake.build:Building ROS package in '/home/gsylvia/agrobot-reverse-engineering/Agrobot/src/robot_commander' with build type 'ament_cmake'
[14.947s] INFO:colcon.colcon_cmake.task.cmake.build:Building CMake package in '/home/gsylvia/agrobot-reverse-engineering/Agrobot/src/robot_commander'
[14.947s] INFO:colcon.colcon_core.shell:Skip shell extension 'powershell' for command environment: Not usable outside of PowerShell
[14.947s] DEBUG:colcon.colcon_core.shell:Skip shell extension 'dsv' for command environment
[15.011s] Level 1:colcon.colcon_core.environment:checking '/tmp/agrobot-next-build-ybgPHn/install/epos2_bridge' for CMake module files
[15.011s] DEBUG:colcon.colcon_core.event_handler.log_command:Invoked command in '/home/gsylvia/agrobot-reverse-engineering/Agrobot/src/epos2_bridge' returned '0': AMENT_PREFIX_PATH=/tmp/agrobot-next-build-ybgPHn/install/epos2_bridge_interfaces:/tmp/agrobot-next-build-ybgPHn/install/canopen_interfaces:${AMENT_PREFIX_PATH} CMAKE_PREFIX_PATH=/tmp/agrobot-next-build-ybgPHn/install/epos2_bridge_interfaces:/tmp/agrobot-next-build-ybgPHn/install/canopen_interfaces:${CMAKE_PREFIX_PATH} LD_LIBRARY_PATH=/tmp/agrobot-next-build-ybgPHn/install/epos2_bridge_interfaces/lib:/tmp/agrobot-next-build-ybgPHn/install/canopen_interfaces/lib:${LD_LIBRARY_PATH} PYTHONPATH=/tmp/agrobot-next-build-ybgPHn/build/epos2_bridge/prefix_override:/usr/lib/python3/dist-packages/colcon_core/task/python/colcon_distutils_commands:/tmp/agrobot-next-build-ybgPHn/install/epos2_bridge/lib/python3.12/site-packages:/tmp/agrobot-next-build-ybgPHn/install/epos2_bridge_interfaces/lib/python3.12/site-packages:/tmp/agrobot-next-build-ybgPHn/install/canopen_interfaces/lib/python3.12/site-packages:${PYTHONPATH} /usr/bin/python3 -W ignore:setup.py install is deprecated -W ignore:easy_install command is deprecated setup.py egg_info --egg-base ../../../../../../tmp/agrobot-next-build-ybgPHn/build/epos2_bridge build --build-base /tmp/agrobot-next-build-ybgPHn/build/epos2_bridge/build install --record /tmp/agrobot-next-build-ybgPHn/build/epos2_bridge/install.log --install-scripts $base/lib/epos2_bridge --single-version-externally-managed install_data
[15.012s] Level 1:colcon.colcon_core.environment:checking '/tmp/agrobot-next-build-ybgPHn/install/epos2_bridge' for CMake config files
[15.012s] Level 1:colcon.colcon_core.environment:checking '/tmp/agrobot-next-build-ybgPHn/install/epos2_bridge/lib'
[15.012s] Level 1:colcon.colcon_core.environment:checking '/tmp/agrobot-next-build-ybgPHn/install/epos2_bridge/bin'
[15.012s] Level 1:colcon.colcon_core.environment:checking '/tmp/agrobot-next-build-ybgPHn/install/epos2_bridge/lib/pkgconfig/epos2_bridge.pc'
[15.012s] Level 1:colcon.colcon_core.environment:checking '/tmp/agrobot-next-build-ybgPHn/install/epos2_bridge/lib/python3.12/site-packages'
[15.012s] Level 1:colcon.colcon_core.shell:create_environment_hook('epos2_bridge', 'pythonpath')
[15.012s] INFO:colcon.colcon_core.shell:Creating environment hook '/tmp/agrobot-next-build-ybgPHn/install/epos2_bridge/share/epos2_bridge/hook/pythonpath.ps1'
[15.013s] INFO:colcon.colcon_core.shell:Creating environment descriptor '/tmp/agrobot-next-build-ybgPHn/install/epos2_bridge/share/epos2_bridge/hook/pythonpath.dsv'
[15.013s] INFO:colcon.colcon_core.shell:Creating environment hook '/tmp/agrobot-next-build-ybgPHn/install/epos2_bridge/share/epos2_bridge/hook/pythonpath.sh'
[15.013s] Level 1:colcon.colcon_core.environment:checking '/tmp/agrobot-next-build-ybgPHn/install/epos2_bridge/bin'
[15.013s] Level 1:colcon.colcon_core.environment:create_environment_scripts_only(epos2_bridge)
[15.013s] INFO:colcon.colcon_core.shell:Creating package script '/tmp/agrobot-next-build-ybgPHn/install/epos2_bridge/share/epos2_bridge/package.ps1'
[15.013s] INFO:colcon.colcon_core.shell:Creating package descriptor '/tmp/agrobot-next-build-ybgPHn/install/epos2_bridge/share/epos2_bridge/package.dsv'
[15.014s] INFO:colcon.colcon_core.shell:Creating package script '/tmp/agrobot-next-build-ybgPHn/install/epos2_bridge/share/epos2_bridge/package.sh'
[15.014s] INFO:colcon.colcon_core.shell:Creating package script '/tmp/agrobot-next-build-ybgPHn/install/epos2_bridge/share/epos2_bridge/package.bash'
[15.014s] INFO:colcon.colcon_core.shell:Creating package script '/tmp/agrobot-next-build-ybgPHn/install/epos2_bridge/share/epos2_bridge/package.zsh'
[15.014s] Level 1:colcon.colcon_core.environment:create_file_with_runtime_dependencies(/tmp/agrobot-next-build-ybgPHn/install/epos2_bridge/share/colcon-core/packages/epos2_bridge)
[15.056s] DEBUG:colcon.colcon_core.event_handler.log_command:Invoking command in '/tmp/agrobot-next-build-ybgPHn/build/robot_commander': AMENT_PREFIX_PATH=/tmp/agrobot-next-build-ybgPHn/install/robot_interfaces:${AMENT_PREFIX_PATH} CMAKE_PREFIX_PATH=/tmp/agrobot-next-build-ybgPHn/install/robot_interfaces:/opt/ros/jazzy/opt/gz_sim_vendor:/opt/ros/jazzy/opt/gz_sensors_vendor:/opt/ros/jazzy/opt/gz_physics_vendor:/opt/ros/jazzy/opt/sdformat_vendor:/opt/ros/jazzy/opt/gz_gui_vendor:/opt/ros/jazzy/opt/gz_transport_vendor:/opt/ros/jazzy/opt/gz_rendering_vendor:/opt/ros/jazzy/opt/gz_plugin_vendor:/opt/ros/jazzy/opt/gz_fuel_tools_vendor:/opt/ros/jazzy/opt/gz_msgs_vendor:/opt/ros/jazzy/opt/gz_common_vendor:/opt/ros/jazzy/opt/gz_math_vendor:/opt/ros/jazzy/opt/gz_utils_vendor:/opt/ros/jazzy/opt/gz_tools_vendor:/opt/ros/jazzy/opt/gz_ogre_next_vendor:/opt/ros/jazzy/opt/gz_dartsim_vendor:/opt/ros/jazzy/opt/gz_cmake_vendor:/opt/ros/jazzy LD_LIBRARY_PATH=/tmp/agrobot-next-build-ybgPHn/install/robot_interfaces/lib:${LD_LIBRARY_PATH} PYTHONPATH=/tmp/agrobot-next-build-ybgPHn/install/robot_interfaces/lib/python3.12/site-packages:${PYTHONPATH} /usr/bin/cmake /home/gsylvia/agrobot-reverse-engineering/Agrobot/src/robot_commander -DCMAKE_INSTALL_PREFIX=/tmp/agrobot-next-build-ybgPHn/install/robot_commander
[16.496s] DEBUG:colcon.colcon_core.event_handler.log_command:Invoked command in '/tmp/agrobot-next-build-ybgPHn/build/robot_bringup' returned '0': AMENT_PREFIX_PATH=/tmp/agrobot-next-build-ybgPHn/install/moveit_config:/tmp/agrobot-next-build-ybgPHn/install/robot_description:${AMENT_PREFIX_PATH} CMAKE_PREFIX_PATH=/tmp/agrobot-next-build-ybgPHn/install/moveit_config:/tmp/agrobot-next-build-ybgPHn/install/robot_description:/opt/ros/jazzy/opt/gz_sim_vendor:/opt/ros/jazzy/opt/gz_sensors_vendor:/opt/ros/jazzy/opt/gz_physics_vendor:/opt/ros/jazzy/opt/sdformat_vendor:/opt/ros/jazzy/opt/gz_gui_vendor:/opt/ros/jazzy/opt/gz_transport_vendor:/opt/ros/jazzy/opt/gz_rendering_vendor:/opt/ros/jazzy/opt/gz_plugin_vendor:/opt/ros/jazzy/opt/gz_fuel_tools_vendor:/opt/ros/jazzy/opt/gz_msgs_vendor:/opt/ros/jazzy/opt/gz_common_vendor:/opt/ros/jazzy/opt/gz_math_vendor:/opt/ros/jazzy/opt/gz_utils_vendor:/opt/ros/jazzy/opt/gz_tools_vendor:/opt/ros/jazzy/opt/gz_ogre_next_vendor:/opt/ros/jazzy/opt/gz_dartsim_vendor:/opt/ros/jazzy/opt/gz_cmake_vendor:/opt/ros/jazzy /usr/bin/cmake /home/gsylvia/agrobot-reverse-engineering/Agrobot/src/robot_bringup -DCMAKE_INSTALL_PREFIX=/tmp/agrobot-next-build-ybgPHn/install/robot_bringup
[16.497s] DEBUG:colcon.colcon_core.event_handler.log_command:Invoking command in '/tmp/agrobot-next-build-ybgPHn/build/robot_bringup': AMENT_PREFIX_PATH=/tmp/agrobot-next-build-ybgPHn/install/moveit_config:/tmp/agrobot-next-build-ybgPHn/install/robot_description:${AMENT_PREFIX_PATH} CMAKE_PREFIX_PATH=/tmp/agrobot-next-build-ybgPHn/install/moveit_config:/tmp/agrobot-next-build-ybgPHn/install/robot_description:/opt/ros/jazzy/opt/gz_sim_vendor:/opt/ros/jazzy/opt/gz_sensors_vendor:/opt/ros/jazzy/opt/gz_physics_vendor:/opt/ros/jazzy/opt/sdformat_vendor:/opt/ros/jazzy/opt/gz_gui_vendor:/opt/ros/jazzy/opt/gz_transport_vendor:/opt/ros/jazzy/opt/gz_rendering_vendor:/opt/ros/jazzy/opt/gz_plugin_vendor:/opt/ros/jazzy/opt/gz_fuel_tools_vendor:/opt/ros/jazzy/opt/gz_msgs_vendor:/opt/ros/jazzy/opt/gz_common_vendor:/opt/ros/jazzy/opt/gz_math_vendor:/opt/ros/jazzy/opt/gz_utils_vendor:/opt/ros/jazzy/opt/gz_tools_vendor:/opt/ros/jazzy/opt/gz_ogre_next_vendor:/opt/ros/jazzy/opt/gz_dartsim_vendor:/opt/ros/jazzy/opt/gz_cmake_vendor:/opt/ros/jazzy /usr/bin/cmake --build /tmp/agrobot-next-build-ybgPHn/build/robot_bringup -- -j16 -l16
[16.525s] DEBUG:colcon.colcon_core.event_handler.log_command:Invoked command in '/tmp/agrobot-next-build-ybgPHn/build/robot_bringup' returned '0': AMENT_PREFIX_PATH=/tmp/agrobot-next-build-ybgPHn/install/moveit_config:/tmp/agrobot-next-build-ybgPHn/install/robot_description:${AMENT_PREFIX_PATH} CMAKE_PREFIX_PATH=/tmp/agrobot-next-build-ybgPHn/install/moveit_config:/tmp/agrobot-next-build-ybgPHn/install/robot_description:/opt/ros/jazzy/opt/gz_sim_vendor:/opt/ros/jazzy/opt/gz_sensors_vendor:/opt/ros/jazzy/opt/gz_physics_vendor:/opt/ros/jazzy/opt/sdformat_vendor:/opt/ros/jazzy/opt/gz_gui_vendor:/opt/ros/jazzy/opt/gz_transport_vendor:/opt/ros/jazzy/opt/gz_rendering_vendor:/opt/ros/jazzy/opt/gz_plugin_vendor:/opt/ros/jazzy/opt/gz_fuel_tools_vendor:/opt/ros/jazzy/opt/gz_msgs_vendor:/opt/ros/jazzy/opt/gz_common_vendor:/opt/ros/jazzy/opt/gz_math_vendor:/opt/ros/jazzy/opt/gz_utils_vendor:/opt/ros/jazzy/opt/gz_tools_vendor:/opt/ros/jazzy/opt/gz_ogre_next_vendor:/opt/ros/jazzy/opt/gz_dartsim_vendor:/opt/ros/jazzy/opt/gz_cmake_vendor:/opt/ros/jazzy /usr/bin/cmake --build /tmp/agrobot-next-build-ybgPHn/build/robot_bringup -- -j16 -l16
[16.526s] DEBUG:colcon.colcon_core.event_handler.log_command:Invoking command in '/tmp/agrobot-next-build-ybgPHn/build/robot_bringup': AMENT_PREFIX_PATH=/tmp/agrobot-next-build-ybgPHn/install/moveit_config:/tmp/agrobot-next-build-ybgPHn/install/robot_description:${AMENT_PREFIX_PATH} CMAKE_PREFIX_PATH=/tmp/agrobot-next-build-ybgPHn/install/moveit_config:/tmp/agrobot-next-build-ybgPHn/install/robot_description:/opt/ros/jazzy/opt/gz_sim_vendor:/opt/ros/jazzy/opt/gz_sensors_vendor:/opt/ros/jazzy/opt/gz_physics_vendor:/opt/ros/jazzy/opt/sdformat_vendor:/opt/ros/jazzy/opt/gz_gui_vendor:/opt/ros/jazzy/opt/gz_transport_vendor:/opt/ros/jazzy/opt/gz_rendering_vendor:/opt/ros/jazzy/opt/gz_plugin_vendor:/opt/ros/jazzy/opt/gz_fuel_tools_vendor:/opt/ros/jazzy/opt/gz_msgs_vendor:/opt/ros/jazzy/opt/gz_common_vendor:/opt/ros/jazzy/opt/gz_math_vendor:/opt/ros/jazzy/opt/gz_utils_vendor:/opt/ros/jazzy/opt/gz_tools_vendor:/opt/ros/jazzy/opt/gz_ogre_next_vendor:/opt/ros/jazzy/opt/gz_dartsim_vendor:/opt/ros/jazzy/opt/gz_cmake_vendor:/opt/ros/jazzy /usr/bin/cmake --install /tmp/agrobot-next-build-ybgPHn/build/robot_bringup
[16.536s] Level 1:colcon.colcon_core.environment:create_environment_scripts_only(robot_bringup)
[16.536s] Level 1:colcon.colcon_core.environment:checking '/tmp/agrobot-next-build-ybgPHn/install/robot_bringup' for CMake module files
[16.537s] DEBUG:colcon.colcon_core.event_handler.log_command:Invoked command in '/tmp/agrobot-next-build-ybgPHn/build/robot_bringup' returned '0': AMENT_PREFIX_PATH=/tmp/agrobot-next-build-ybgPHn/install/moveit_config:/tmp/agrobot-next-build-ybgPHn/install/robot_description:${AMENT_PREFIX_PATH} CMAKE_PREFIX_PATH=/tmp/agrobot-next-build-ybgPHn/install/moveit_config:/tmp/agrobot-next-build-ybgPHn/install/robot_description:/opt/ros/jazzy/opt/gz_sim_vendor:/opt/ros/jazzy/opt/gz_sensors_vendor:/opt/ros/jazzy/opt/gz_physics_vendor:/opt/ros/jazzy/opt/sdformat_vendor:/opt/ros/jazzy/opt/gz_gui_vendor:/opt/ros/jazzy/opt/gz_transport_vendor:/opt/ros/jazzy/opt/gz_rendering_vendor:/opt/ros/jazzy/opt/gz_plugin_vendor:/opt/ros/jazzy/opt/gz_fuel_tools_vendor:/opt/ros/jazzy/opt/gz_msgs_vendor:/opt/ros/jazzy/opt/gz_common_vendor:/opt/ros/jazzy/opt/gz_math_vendor:/opt/ros/jazzy/opt/gz_utils_vendor:/opt/ros/jazzy/opt/gz_tools_vendor:/opt/ros/jazzy/opt/gz_ogre_next_vendor:/opt/ros/jazzy/opt/gz_dartsim_vendor:/opt/ros/jazzy/opt/gz_cmake_vendor:/opt/ros/jazzy /usr/bin/cmake --install /tmp/agrobot-next-build-ybgPHn/build/robot_bringup
[16.537s] Level 1:colcon.colcon_core.environment:checking '/tmp/agrobot-next-build-ybgPHn/install/robot_bringup' for CMake config files
[16.537s] Level 1:colcon.colcon_core.shell:create_environment_hook('robot_bringup', 'cmake_prefix_path')
[16.537s] INFO:colcon.colcon_core.shell:Creating environment hook '/tmp/agrobot-next-build-ybgPHn/install/robot_bringup/share/robot_bringup/hook/cmake_prefix_path.ps1'
[16.538s] INFO:colcon.colcon_core.shell:Creating environment descriptor '/tmp/agrobot-next-build-ybgPHn/install/robot_bringup/share/robot_bringup/hook/cmake_prefix_path.dsv'
[16.538s] INFO:colcon.colcon_core.shell:Creating environment hook '/tmp/agrobot-next-build-ybgPHn/install/robot_bringup/share/robot_bringup/hook/cmake_prefix_path.sh'
[16.538s] Level 1:colcon.colcon_core.environment:checking '/tmp/agrobot-next-build-ybgPHn/install/robot_bringup/bin'
[16.538s] Level 1:colcon.colcon_core.environment:checking '/tmp/agrobot-next-build-ybgPHn/install/robot_bringup/lib/pkgconfig/robot_bringup.pc'
[16.538s] Level 1:colcon.colcon_core.environment:checking '/tmp/agrobot-next-build-ybgPHn/install/robot_bringup/lib/python3.12/site-packages'
[16.539s] Level 1:colcon.colcon_core.environment:checking '/tmp/agrobot-next-build-ybgPHn/install/robot_bringup/bin'
[16.539s] INFO:colcon.colcon_core.shell:Creating package script '/tmp/agrobot-next-build-ybgPHn/install/robot_bringup/share/robot_bringup/package.ps1'
[16.539s] INFO:colcon.colcon_core.shell:Creating package descriptor '/tmp/agrobot-next-build-ybgPHn/install/robot_bringup/share/robot_bringup/package.dsv'
[16.539s] INFO:colcon.colcon_core.shell:Creating package script '/tmp/agrobot-next-build-ybgPHn/install/robot_bringup/share/robot_bringup/package.sh'
[16.540s] INFO:colcon.colcon_core.shell:Creating package script '/tmp/agrobot-next-build-ybgPHn/install/robot_bringup/share/robot_bringup/package.bash'
[16.540s] INFO:colcon.colcon_core.shell:Creating package script '/tmp/agrobot-next-build-ybgPHn/install/robot_bringup/share/robot_bringup/package.zsh'
[16.540s] Level 1:colcon.colcon_core.environment:create_file_with_runtime_dependencies(/tmp/agrobot-next-build-ybgPHn/install/robot_bringup/share/colcon-core/packages/robot_bringup)
[16.541s] Level 1:colcon.colcon_core.environment:create_environment_scripts_only(robot_bringup)
[16.541s] Level 1:colcon.colcon_core.environment:checking '/tmp/agrobot-next-build-ybgPHn/install/robot_bringup' for CMake module files
[16.541s] Level 1:colcon.colcon_core.environment:checking '/tmp/agrobot-next-build-ybgPHn/install/robot_bringup' for CMake config files
[16.541s] Level 1:colcon.colcon_core.shell:create_environment_hook('robot_bringup', 'cmake_prefix_path')
[16.542s] INFO:colcon.colcon_core.shell:Creating environment hook '/tmp/agrobot-next-build-ybgPHn/install/robot_bringup/share/robot_bringup/hook/cmake_prefix_path.ps1'
[16.542s] INFO:colcon.colcon_core.shell:Creating environment descriptor '/tmp/agrobot-next-build-ybgPHn/install/robot_bringup/share/robot_bringup/hook/cmake_prefix_path.dsv'
[16.542s] INFO:colcon.colcon_core.shell:Creating environment hook '/tmp/agrobot-next-build-ybgPHn/install/robot_bringup/share/robot_bringup/hook/cmake_prefix_path.sh'
[16.542s] Level 1:colcon.colcon_core.environment:checking '/tmp/agrobot-next-build-ybgPHn/install/robot_bringup/bin'
[16.543s] Level 1:colcon.colcon_core.environment:checking '/tmp/agrobot-next-build-ybgPHn/install/robot_bringup/lib/pkgconfig/robot_bringup.pc'
[16.543s] Level 1:colcon.colcon_core.environment:checking '/tmp/agrobot-next-build-ybgPHn/install/robot_bringup/lib/python3.12/site-packages'
[16.543s] Level 1:colcon.colcon_core.environment:checking '/tmp/agrobot-next-build-ybgPHn/install/robot_bringup/bin'
[16.543s] INFO:colcon.colcon_core.shell:Creating package script '/tmp/agrobot-next-build-ybgPHn/install/robot_bringup/share/robot_bringup/package.ps1'
[16.543s] INFO:colcon.colcon_core.shell:Creating package descriptor '/tmp/agrobot-next-build-ybgPHn/install/robot_bringup/share/robot_bringup/package.dsv'
[16.544s] INFO:colcon.colcon_core.shell:Creating package script '/tmp/agrobot-next-build-ybgPHn/install/robot_bringup/share/robot_bringup/package.sh'
[16.544s] INFO:colcon.colcon_core.shell:Creating package script '/tmp/agrobot-next-build-ybgPHn/install/robot_bringup/share/robot_bringup/package.bash'
[16.544s] INFO:colcon.colcon_core.shell:Creating package script '/tmp/agrobot-next-build-ybgPHn/install/robot_bringup/share/robot_bringup/package.zsh'
[16.544s] Level 1:colcon.colcon_core.environment:create_file_with_runtime_dependencies(/tmp/agrobot-next-build-ybgPHn/install/robot_bringup/share/colcon-core/packages/robot_bringup)
[22.073s] DEBUG:colcon.colcon_core.event_handler.log_command:Invoked command in '/tmp/agrobot-next-build-ybgPHn/build/robot_commander' returned '0': AMENT_PREFIX_PATH=/tmp/agrobot-next-build-ybgPHn/install/robot_interfaces:${AMENT_PREFIX_PATH} CMAKE_PREFIX_PATH=/tmp/agrobot-next-build-ybgPHn/install/robot_interfaces:/opt/ros/jazzy/opt/gz_sim_vendor:/opt/ros/jazzy/opt/gz_sensors_vendor:/opt/ros/jazzy/opt/gz_physics_vendor:/opt/ros/jazzy/opt/sdformat_vendor:/opt/ros/jazzy/opt/gz_gui_vendor:/opt/ros/jazzy/opt/gz_transport_vendor:/opt/ros/jazzy/opt/gz_rendering_vendor:/opt/ros/jazzy/opt/gz_plugin_vendor:/opt/ros/jazzy/opt/gz_fuel_tools_vendor:/opt/ros/jazzy/opt/gz_msgs_vendor:/opt/ros/jazzy/opt/gz_common_vendor:/opt/ros/jazzy/opt/gz_math_vendor:/opt/ros/jazzy/opt/gz_utils_vendor:/opt/ros/jazzy/opt/gz_tools_vendor:/opt/ros/jazzy/opt/gz_ogre_next_vendor:/opt/ros/jazzy/opt/gz_dartsim_vendor:/opt/ros/jazzy/opt/gz_cmake_vendor:/opt/ros/jazzy LD_LIBRARY_PATH=/tmp/agrobot-next-build-ybgPHn/install/robot_interfaces/lib:${LD_LIBRARY_PATH} PYTHONPATH=/tmp/agrobot-next-build-ybgPHn/install/robot_interfaces/lib/python3.12/site-packages:${PYTHONPATH} /usr/bin/cmake /home/gsylvia/agrobot-reverse-engineering/Agrobot/src/robot_commander -DCMAKE_INSTALL_PREFIX=/tmp/agrobot-next-build-ybgPHn/install/robot_commander
[22.075s] DEBUG:colcon.colcon_core.event_handler.log_command:Invoking command in '/tmp/agrobot-next-build-ybgPHn/build/robot_commander': AMENT_PREFIX_PATH=/tmp/agrobot-next-build-ybgPHn/install/robot_interfaces:${AMENT_PREFIX_PATH} CMAKE_PREFIX_PATH=/tmp/agrobot-next-build-ybgPHn/install/robot_interfaces:/opt/ros/jazzy/opt/gz_sim_vendor:/opt/ros/jazzy/opt/gz_sensors_vendor:/opt/ros/jazzy/opt/gz_physics_vendor:/opt/ros/jazzy/opt/sdformat_vendor:/opt/ros/jazzy/opt/gz_gui_vendor:/opt/ros/jazzy/opt/gz_transport_vendor:/opt/ros/jazzy/opt/gz_rendering_vendor:/opt/ros/jazzy/opt/gz_plugin_vendor:/opt/ros/jazzy/opt/gz_fuel_tools_vendor:/opt/ros/jazzy/opt/gz_msgs_vendor:/opt/ros/jazzy/opt/gz_common_vendor:/opt/ros/jazzy/opt/gz_math_vendor:/opt/ros/jazzy/opt/gz_utils_vendor:/opt/ros/jazzy/opt/gz_tools_vendor:/opt/ros/jazzy/opt/gz_ogre_next_vendor:/opt/ros/jazzy/opt/gz_dartsim_vendor:/opt/ros/jazzy/opt/gz_cmake_vendor:/opt/ros/jazzy LD_LIBRARY_PATH=/tmp/agrobot-next-build-ybgPHn/install/robot_interfaces/lib:${LD_LIBRARY_PATH} PYTHONPATH=/tmp/agrobot-next-build-ybgPHn/install/robot_interfaces/lib/python3.12/site-packages:${PYTHONPATH} /usr/bin/cmake --build /tmp/agrobot-next-build-ybgPHn/build/robot_commander -- -j16 -l16
[32.290s] DEBUG:colcon.colcon_core.event_handler.log_command:Invoked command in '/tmp/agrobot-next-build-ybgPHn/build/lely_core_libraries' returned '0': CMAKE_PREFIX_PATH=${CMAKE_PREFIX_PATH}:/opt/ros/jazzy /usr/bin/cmake --build /tmp/agrobot-next-build-ybgPHn/build/lely_core_libraries -- -j16 -l16
[32.292s] DEBUG:colcon.colcon_core.event_handler.log_command:Invoking command in '/tmp/agrobot-next-build-ybgPHn/build/lely_core_libraries': CMAKE_PREFIX_PATH=${CMAKE_PREFIX_PATH}:/opt/ros/jazzy /usr/bin/cmake --install /tmp/agrobot-next-build-ybgPHn/build/lely_core_libraries
[35.374s] Level 1:colcon.colcon_core.environment:create_environment_scripts_only(lely_core_libraries)
[35.374s] DEBUG:colcon.colcon_core.event_handler.log_command:Invoked command in '/tmp/agrobot-next-build-ybgPHn/build/lely_core_libraries' returned '0': CMAKE_PREFIX_PATH=${CMAKE_PREFIX_PATH}:/opt/ros/jazzy /usr/bin/cmake --install /tmp/agrobot-next-build-ybgPHn/build/lely_core_libraries
[35.375s] Level 1:colcon.colcon_core.environment:checking '/tmp/agrobot-next-build-ybgPHn/install/lely_core_libraries' for CMake module files
[35.375s] Level 1:colcon.colcon_core.environment:checking '/tmp/agrobot-next-build-ybgPHn/install/lely_core_libraries' for CMake config files
[35.375s] Level 1:colcon.colcon_core.shell:create_environment_hook('lely_core_libraries', 'cmake_prefix_path')
[35.376s] INFO:colcon.colcon_core.shell:Creating environment hook '/tmp/agrobot-next-build-ybgPHn/install/lely_core_libraries/share/lely_core_libraries/hook/cmake_prefix_path.ps1'
[35.376s] INFO:colcon.colcon_core.shell:Creating environment descriptor '/tmp/agrobot-next-build-ybgPHn/install/lely_core_libraries/share/lely_core_libraries/hook/cmake_prefix_path.dsv'
[35.376s] INFO:colcon.colcon_core.shell:Creating environment hook '/tmp/agrobot-next-build-ybgPHn/install/lely_core_libraries/share/lely_core_libraries/hook/cmake_prefix_path.sh'
[35.377s] Level 1:colcon.colcon_core.environment:checking '/tmp/agrobot-next-build-ybgPHn/install/lely_core_libraries/lib'
[35.377s] Level 1:colcon.colcon_core.shell:create_environment_hook('lely_core_libraries', 'ld_library_path_lib')
[35.377s] INFO:colcon.colcon_core.shell:Creating environment hook '/tmp/agrobot-next-build-ybgPHn/install/lely_core_libraries/share/lely_core_libraries/hook/ld_library_path_lib.ps1'
[35.377s] INFO:colcon.colcon_core.shell:Creating environment descriptor '/tmp/agrobot-next-build-ybgPHn/install/lely_core_libraries/share/lely_core_libraries/hook/ld_library_path_lib.dsv'
[35.377s] INFO:colcon.colcon_core.shell:Creating environment hook '/tmp/agrobot-next-build-ybgPHn/install/lely_core_libraries/share/lely_core_libraries/hook/ld_library_path_lib.sh'
[35.377s] Level 1:colcon.colcon_core.environment:checking '/tmp/agrobot-next-build-ybgPHn/install/lely_core_libraries/bin'
[35.378s] Level 1:colcon.colcon_core.shell:create_environment_hook('lely_core_libraries', 'path')
[35.378s] INFO:colcon.colcon_core.shell:Creating environment hook '/tmp/agrobot-next-build-ybgPHn/install/lely_core_libraries/share/lely_core_libraries/hook/path.ps1'
[35.378s] INFO:colcon.colcon_core.shell:Creating environment descriptor '/tmp/agrobot-next-build-ybgPHn/install/lely_core_libraries/share/lely_core_libraries/hook/path.dsv'
[35.378s] INFO:colcon.colcon_core.shell:Creating environment hook '/tmp/agrobot-next-build-ybgPHn/install/lely_core_libraries/share/lely_core_libraries/hook/path.sh'
[35.378s] Level 1:colcon.colcon_core.environment:checking '/tmp/agrobot-next-build-ybgPHn/install/lely_core_libraries/lib/pkgconfig/lely_core_libraries.pc'
[35.378s] Level 1:colcon.colcon_core.environment:checking '/tmp/agrobot-next-build-ybgPHn/install/lely_core_libraries/lib/python3.12/site-packages'
[35.378s] Level 1:colcon.colcon_core.shell:create_environment_hook('lely_core_libraries', 'pythonpath')
[35.378s] INFO:colcon.colcon_core.shell:Creating environment hook '/tmp/agrobot-next-build-ybgPHn/install/lely_core_libraries/share/lely_core_libraries/hook/pythonpath.ps1'
[35.379s] INFO:colcon.colcon_core.shell:Creating environment descriptor '/tmp/agrobot-next-build-ybgPHn/install/lely_core_libraries/share/lely_core_libraries/hook/pythonpath.dsv'
[35.379s] INFO:colcon.colcon_core.shell:Creating environment hook '/tmp/agrobot-next-build-ybgPHn/install/lely_core_libraries/share/lely_core_libraries/hook/pythonpath.sh'
[35.379s] Level 1:colcon.colcon_core.environment:checking '/tmp/agrobot-next-build-ybgPHn/install/lely_core_libraries/bin'
[35.379s] Level 1:colcon.colcon_core.shell:create_environment_hook('lely_core_libraries', 'pythonscriptspath')
[35.379s] INFO:colcon.colcon_core.shell:Creating environment hook '/tmp/agrobot-next-build-ybgPHn/install/lely_core_libraries/share/lely_core_libraries/hook/pythonscriptspath.ps1'
[35.379s] INFO:colcon.colcon_core.shell:Creating environment descriptor '/tmp/agrobot-next-build-ybgPHn/install/lely_core_libraries/share/lely_core_libraries/hook/pythonscriptspath.dsv'
[35.379s] INFO:colcon.colcon_core.shell:Creating environment hook '/tmp/agrobot-next-build-ybgPHn/install/lely_core_libraries/share/lely_core_libraries/hook/pythonscriptspath.sh'
[35.380s] INFO:colcon.colcon_core.shell:Creating package script '/tmp/agrobot-next-build-ybgPHn/install/lely_core_libraries/share/lely_core_libraries/package.ps1'
[35.380s] INFO:colcon.colcon_core.shell:Creating package descriptor '/tmp/agrobot-next-build-ybgPHn/install/lely_core_libraries/share/lely_core_libraries/package.dsv'
[35.380s] INFO:colcon.colcon_core.shell:Creating package script '/tmp/agrobot-next-build-ybgPHn/install/lely_core_libraries/share/lely_core_libraries/package.sh'
[35.381s] INFO:colcon.colcon_core.shell:Creating package script '/tmp/agrobot-next-build-ybgPHn/install/lely_core_libraries/share/lely_core_libraries/package.bash'
[35.381s] INFO:colcon.colcon_core.shell:Creating package script '/tmp/agrobot-next-build-ybgPHn/install/lely_core_libraries/share/lely_core_libraries/package.zsh'
[35.381s] Level 1:colcon.colcon_core.environment:create_file_with_runtime_dependencies(/tmp/agrobot-next-build-ybgPHn/install/lely_core_libraries/share/colcon-core/packages/lely_core_libraries)
[35.381s] Level 1:colcon.colcon_core.environment:create_environment_scripts_only(lely_core_libraries)
[35.381s] Level 1:colcon.colcon_core.environment:checking '/tmp/agrobot-next-build-ybgPHn/install/lely_core_libraries' for CMake module files
[35.382s] Level 1:colcon.colcon_core.environment:checking '/tmp/agrobot-next-build-ybgPHn/install/lely_core_libraries' for CMake config files
[35.382s] Level 1:colcon.colcon_core.shell:create_environment_hook('lely_core_libraries', 'cmake_prefix_path')
[35.382s] INFO:colcon.colcon_core.shell:Creating environment hook '/tmp/agrobot-next-build-ybgPHn/install/lely_core_libraries/share/lely_core_libraries/hook/cmake_prefix_path.ps1'
[35.382s] INFO:colcon.colcon_core.shell:Creating environment descriptor '/tmp/agrobot-next-build-ybgPHn/install/lely_core_libraries/share/lely_core_libraries/hook/cmake_prefix_path.dsv'
[35.382s] INFO:colcon.colcon_core.shell:Creating environment hook '/tmp/agrobot-next-build-ybgPHn/install/lely_core_libraries/share/lely_core_libraries/hook/cmake_prefix_path.sh'
[35.383s] Level 1:colcon.colcon_core.environment:checking '/tmp/agrobot-next-build-ybgPHn/install/lely_core_libraries/lib'
[35.383s] Level 1:colcon.colcon_core.shell:create_environment_hook('lely_core_libraries', 'ld_library_path_lib')
[35.383s] INFO:colcon.colcon_core.shell:Creating environment hook '/tmp/agrobot-next-build-ybgPHn/install/lely_core_libraries/share/lely_core_libraries/hook/ld_library_path_lib.ps1'
[35.383s] INFO:colcon.colcon_core.shell:Creating environment descriptor '/tmp/agrobot-next-build-ybgPHn/install/lely_core_libraries/share/lely_core_libraries/hook/ld_library_path_lib.dsv'
[35.383s] INFO:colcon.colcon_core.shell:Creating environment hook '/tmp/agrobot-next-build-ybgPHn/install/lely_core_libraries/share/lely_core_libraries/hook/ld_library_path_lib.sh'
[35.383s] Level 1:colcon.colcon_core.environment:checking '/tmp/agrobot-next-build-ybgPHn/install/lely_core_libraries/bin'
[35.383s] Level 1:colcon.colcon_core.shell:create_environment_hook('lely_core_libraries', 'path')
[35.384s] INFO:colcon.colcon_core.shell:Creating environment hook '/tmp/agrobot-next-build-ybgPHn/install/lely_core_libraries/share/lely_core_libraries/hook/path.ps1'
[35.384s] INFO:colcon.colcon_core.shell:Creating environment descriptor '/tmp/agrobot-next-build-ybgPHn/install/lely_core_libraries/share/lely_core_libraries/hook/path.dsv'
[35.384s] INFO:colcon.colcon_core.shell:Creating environment hook '/tmp/agrobot-next-build-ybgPHn/install/lely_core_libraries/share/lely_core_libraries/hook/path.sh'
[35.384s] Level 1:colcon.colcon_core.environment:checking '/tmp/agrobot-next-build-ybgPHn/install/lely_core_libraries/lib/pkgconfig/lely_core_libraries.pc'
[35.384s] Level 1:colcon.colcon_core.environment:checking '/tmp/agrobot-next-build-ybgPHn/install/lely_core_libraries/lib/python3.12/site-packages'
[35.384s] Level 1:colcon.colcon_core.shell:create_environment_hook('lely_core_libraries', 'pythonpath')
[35.385s] INFO:colcon.colcon_core.shell:Creating environment hook '/tmp/agrobot-next-build-ybgPHn/install/lely_core_libraries/share/lely_core_libraries/hook/pythonpath.ps1'
[35.385s] INFO:colcon.colcon_core.shell:Creating environment descriptor '/tmp/agrobot-next-build-ybgPHn/install/lely_core_libraries/share/lely_core_libraries/hook/pythonpath.dsv'
[35.385s] INFO:colcon.colcon_core.shell:Creating environment hook '/tmp/agrobot-next-build-ybgPHn/install/lely_core_libraries/share/lely_core_libraries/hook/pythonpath.sh'
[35.386s] Level 1:colcon.colcon_core.environment:checking '/tmp/agrobot-next-build-ybgPHn/install/lely_core_libraries/bin'
[35.386s] Level 1:colcon.colcon_core.shell:create_environment_hook('lely_core_libraries', 'pythonscriptspath')
[35.386s] INFO:colcon.colcon_core.shell:Creating environment hook '/tmp/agrobot-next-build-ybgPHn/install/lely_core_libraries/share/lely_core_libraries/hook/pythonscriptspath.ps1'
[35.386s] INFO:colcon.colcon_core.shell:Creating environment descriptor '/tmp/agrobot-next-build-ybgPHn/install/lely_core_libraries/share/lely_core_libraries/hook/pythonscriptspath.dsv'
[35.386s] INFO:colcon.colcon_core.shell:Creating environment hook '/tmp/agrobot-next-build-ybgPHn/install/lely_core_libraries/share/lely_core_libraries/hook/pythonscriptspath.sh'
[35.386s] INFO:colcon.colcon_core.shell:Creating package script '/tmp/agrobot-next-build-ybgPHn/install/lely_core_libraries/share/lely_core_libraries/package.ps1'
[35.387s] INFO:colcon.colcon_core.shell:Creating package descriptor '/tmp/agrobot-next-build-ybgPHn/install/lely_core_libraries/share/lely_core_libraries/package.dsv'
[35.397s] INFO:colcon.colcon_core.shell:Creating package script '/tmp/agrobot-next-build-ybgPHn/install/lely_core_libraries/share/lely_core_libraries/package.sh'
[35.398s] INFO:colcon.colcon_core.shell:Creating package script '/tmp/agrobot-next-build-ybgPHn/install/lely_core_libraries/share/lely_core_libraries/package.bash'
[35.398s] INFO:colcon.colcon_core.shell:Creating package script '/tmp/agrobot-next-build-ybgPHn/install/lely_core_libraries/share/lely_core_libraries/package.zsh'
[35.398s] Level 1:colcon.colcon_core.environment:create_file_with_runtime_dependencies(/tmp/agrobot-next-build-ybgPHn/install/lely_core_libraries/share/colcon-core/packages/lely_core_libraries)
[35.399s] INFO:colcon.colcon_ros.task.ament_cmake.build:Building ROS package in '/home/gsylvia/agrobot-reverse-engineering/Agrobot/src/ros2_canopen/canopen_core' with build type 'ament_cmake'
[35.399s] INFO:colcon.colcon_cmake.task.cmake.build:Building CMake package in '/home/gsylvia/agrobot-reverse-engineering/Agrobot/src/ros2_canopen/canopen_core'
[35.399s] INFO:colcon.colcon_core.shell:Skip shell extension 'powershell' for command environment: Not usable outside of PowerShell
[35.399s] DEBUG:colcon.colcon_core.shell:Skip shell extension 'dsv' for command environment
[35.401s] INFO:colcon.colcon_ros.task.ament_cmake.build:Building ROS package in '/home/gsylvia/agrobot-reverse-engineering/Agrobot/src/ros2_canopen/canopen_fake_slaves' with build type 'ament_cmake'
[35.401s] INFO:colcon.colcon_cmake.task.cmake.build:Building CMake package in '/home/gsylvia/agrobot-reverse-engineering/Agrobot/src/ros2_canopen/canopen_fake_slaves'
[35.401s] INFO:colcon.colcon_core.shell:Skip shell extension 'powershell' for command environment: Not usable outside of PowerShell
[35.401s] DEBUG:colcon.colcon_core.shell:Skip shell extension 'dsv' for command environment
[35.566s] DEBUG:colcon.colcon_core.event_handler.log_command:Invoking command in '/tmp/agrobot-next-build-ybgPHn/build/canopen_fake_slaves': AMENT_PREFIX_PATH=/tmp/agrobot-next-build-ybgPHn/install/lely_core_libraries:${AMENT_PREFIX_PATH} CMAKE_PREFIX_PATH=/tmp/agrobot-next-build-ybgPHn/install/lely_core_libraries:/opt/ros/jazzy/opt/gz_sim_vendor:/opt/ros/jazzy/opt/gz_sensors_vendor:/opt/ros/jazzy/opt/gz_physics_vendor:/opt/ros/jazzy/opt/sdformat_vendor:/opt/ros/jazzy/opt/gz_gui_vendor:/opt/ros/jazzy/opt/gz_transport_vendor:/opt/ros/jazzy/opt/gz_rendering_vendor:/opt/ros/jazzy/opt/gz_plugin_vendor:/opt/ros/jazzy/opt/gz_fuel_tools_vendor:/opt/ros/jazzy/opt/gz_msgs_vendor:/opt/ros/jazzy/opt/gz_common_vendor:/opt/ros/jazzy/opt/gz_math_vendor:/opt/ros/jazzy/opt/gz_utils_vendor:/opt/ros/jazzy/opt/gz_tools_vendor:/opt/ros/jazzy/opt/gz_ogre_next_vendor:/opt/ros/jazzy/opt/gz_dartsim_vendor:/opt/ros/jazzy/opt/gz_cmake_vendor:/opt/ros/jazzy LD_LIBRARY_PATH=/tmp/agrobot-next-build-ybgPHn/install/lely_core_libraries/lib:${LD_LIBRARY_PATH} PATH=/tmp/agrobot-next-build-ybgPHn/install/lely_core_libraries/bin:${PATH} PYTHONPATH=/tmp/agrobot-next-build-ybgPHn/install/lely_core_libraries/lib/python3.12/site-packages:${PYTHONPATH} /usr/bin/cmake /home/gsylvia/agrobot-reverse-engineering/Agrobot/src/ros2_canopen/canopen_fake_slaves -DCMAKE_INSTALL_PREFIX=/tmp/agrobot-next-build-ybgPHn/install/canopen_fake_slaves
[35.704s] DEBUG:colcon.colcon_core.event_handler.log_command:Invoking command in '/tmp/agrobot-next-build-ybgPHn/build/canopen_core': AMENT_PREFIX_PATH=/tmp/agrobot-next-build-ybgPHn/install/lely_core_libraries:/tmp/agrobot-next-build-ybgPHn/install/canopen_interfaces:${AMENT_PREFIX_PATH} CMAKE_PREFIX_PATH=/tmp/agrobot-next-build-ybgPHn/install/lely_core_libraries:/tmp/agrobot-next-build-ybgPHn/install/canopen_interfaces:/opt/ros/jazzy/opt/gz_sim_vendor:/opt/ros/jazzy/opt/gz_sensors_vendor:/opt/ros/jazzy/opt/gz_physics_vendor:/opt/ros/jazzy/opt/sdformat_vendor:/opt/ros/jazzy/opt/gz_gui_vendor:/opt/ros/jazzy/opt/gz_transport_vendor:/opt/ros/jazzy/opt/gz_rendering_vendor:/opt/ros/jazzy/opt/gz_plugin_vendor:/opt/ros/jazzy/opt/gz_fuel_tools_vendor:/opt/ros/jazzy/opt/gz_msgs_vendor:/opt/ros/jazzy/opt/gz_common_vendor:/opt/ros/jazzy/opt/gz_math_vendor:/opt/ros/jazzy/opt/gz_utils_vendor:/opt/ros/jazzy/opt/gz_tools_vendor:/opt/ros/jazzy/opt/gz_ogre_next_vendor:/opt/ros/jazzy/opt/gz_dartsim_vendor:/opt/ros/jazzy/opt/gz_cmake_vendor:/opt/ros/jazzy LD_LIBRARY_PATH=/tmp/agrobot-next-build-ybgPHn/install/lely_core_libraries/lib:/tmp/agrobot-next-build-ybgPHn/install/canopen_interfaces/lib:${LD_LIBRARY_PATH} PATH=/tmp/agrobot-next-build-ybgPHn/install/lely_core_libraries/bin:${PATH} PYTHONPATH=/tmp/agrobot-next-build-ybgPHn/install/lely_core_libraries/lib/python3.12/site-packages:/tmp/agrobot-next-build-ybgPHn/install/canopen_interfaces/lib/python3.12/site-packages:${PYTHONPATH} /usr/bin/cmake /home/gsylvia/agrobot-reverse-engineering/Agrobot/src/ros2_canopen/canopen_core -DCMAKE_INSTALL_PREFIX=/tmp/agrobot-next-build-ybgPHn/install/canopen_core
[37.468s] DEBUG:colcon.colcon_core.event_handler.log_command:Invoked command in '/tmp/agrobot-next-build-ybgPHn/build/canopen_fake_slaves' returned '0': AMENT_PREFIX_PATH=/tmp/agrobot-next-build-ybgPHn/install/lely_core_libraries:${AMENT_PREFIX_PATH} CMAKE_PREFIX_PATH=/tmp/agrobot-next-build-ybgPHn/install/lely_core_libraries:/opt/ros/jazzy/opt/gz_sim_vendor:/opt/ros/jazzy/opt/gz_sensors_vendor:/opt/ros/jazzy/opt/gz_physics_vendor:/opt/ros/jazzy/opt/sdformat_vendor:/opt/ros/jazzy/opt/gz_gui_vendor:/opt/ros/jazzy/opt/gz_transport_vendor:/opt/ros/jazzy/opt/gz_rendering_vendor:/opt/ros/jazzy/opt/gz_plugin_vendor:/opt/ros/jazzy/opt/gz_fuel_tools_vendor:/opt/ros/jazzy/opt/gz_msgs_vendor:/opt/ros/jazzy/opt/gz_common_vendor:/opt/ros/jazzy/opt/gz_math_vendor:/opt/ros/jazzy/opt/gz_utils_vendor:/opt/ros/jazzy/opt/gz_tools_vendor:/opt/ros/jazzy/opt/gz_ogre_next_vendor:/opt/ros/jazzy/opt/gz_dartsim_vendor:/opt/ros/jazzy/opt/gz_cmake_vendor:/opt/ros/jazzy LD_LIBRARY_PATH=/tmp/agrobot-next-build-ybgPHn/install/lely_core_libraries/lib:${LD_LIBRARY_PATH} PATH=/tmp/agrobot-next-build-ybgPHn/install/lely_core_libraries/bin:${PATH} PYTHONPATH=/tmp/agrobot-next-build-ybgPHn/install/lely_core_libraries/lib/python3.12/site-packages:${PYTHONPATH} /usr/bin/cmake /home/gsylvia/agrobot-reverse-engineering/Agrobot/src/ros2_canopen/canopen_fake_slaves -DCMAKE_INSTALL_PREFIX=/tmp/agrobot-next-build-ybgPHn/install/canopen_fake_slaves
[37.468s] DEBUG:colcon.colcon_core.event_handler.log_command:Invoking command in '/tmp/agrobot-next-build-ybgPHn/build/canopen_fake_slaves': AMENT_PREFIX_PATH=/tmp/agrobot-next-build-ybgPHn/install/lely_core_libraries:${AMENT_PREFIX_PATH} CMAKE_PREFIX_PATH=/tmp/agrobot-next-build-ybgPHn/install/lely_core_libraries:/opt/ros/jazzy/opt/gz_sim_vendor:/opt/ros/jazzy/opt/gz_sensors_vendor:/opt/ros/jazzy/opt/gz_physics_vendor:/opt/ros/jazzy/opt/sdformat_vendor:/opt/ros/jazzy/opt/gz_gui_vendor:/opt/ros/jazzy/opt/gz_transport_vendor:/opt/ros/jazzy/opt/gz_rendering_vendor:/opt/ros/jazzy/opt/gz_plugin_vendor:/opt/ros/jazzy/opt/gz_fuel_tools_vendor:/opt/ros/jazzy/opt/gz_msgs_vendor:/opt/ros/jazzy/opt/gz_common_vendor:/opt/ros/jazzy/opt/gz_math_vendor:/opt/ros/jazzy/opt/gz_utils_vendor:/opt/ros/jazzy/opt/gz_tools_vendor:/opt/ros/jazzy/opt/gz_ogre_next_vendor:/opt/ros/jazzy/opt/gz_dartsim_vendor:/opt/ros/jazzy/opt/gz_cmake_vendor:/opt/ros/jazzy LD_LIBRARY_PATH=/tmp/agrobot-next-build-ybgPHn/install/lely_core_libraries/lib:${LD_LIBRARY_PATH} PATH=/tmp/agrobot-next-build-ybgPHn/install/lely_core_libraries/bin:${PATH} PYTHONPATH=/tmp/agrobot-next-build-ybgPHn/install/lely_core_libraries/lib/python3.12/site-packages:${PYTHONPATH} /usr/bin/cmake --build /tmp/agrobot-next-build-ybgPHn/build/canopen_fake_slaves -- -j16 -l16
[37.937s] DEBUG:colcon.colcon_core.event_handler.log_command:Invoked command in '/tmp/agrobot-next-build-ybgPHn/build/canopen_core' returned '0': AMENT_PREFIX_PATH=/tmp/agrobot-next-build-ybgPHn/install/lely_core_libraries:/tmp/agrobot-next-build-ybgPHn/install/canopen_interfaces:${AMENT_PREFIX_PATH} CMAKE_PREFIX_PATH=/tmp/agrobot-next-build-ybgPHn/install/lely_core_libraries:/tmp/agrobot-next-build-ybgPHn/install/canopen_interfaces:/opt/ros/jazzy/opt/gz_sim_vendor:/opt/ros/jazzy/opt/gz_sensors_vendor:/opt/ros/jazzy/opt/gz_physics_vendor:/opt/ros/jazzy/opt/sdformat_vendor:/opt/ros/jazzy/opt/gz_gui_vendor:/opt/ros/jazzy/opt/gz_transport_vendor:/opt/ros/jazzy/opt/gz_rendering_vendor:/opt/ros/jazzy/opt/gz_plugin_vendor:/opt/ros/jazzy/opt/gz_fuel_tools_vendor:/opt/ros/jazzy/opt/gz_msgs_vendor:/opt/ros/jazzy/opt/gz_common_vendor:/opt/ros/jazzy/opt/gz_math_vendor:/opt/ros/jazzy/opt/gz_utils_vendor:/opt/ros/jazzy/opt/gz_tools_vendor:/opt/ros/jazzy/opt/gz_ogre_next_vendor:/opt/ros/jazzy/opt/gz_dartsim_vendor:/opt/ros/jazzy/opt/gz_cmake_vendor:/opt/ros/jazzy LD_LIBRARY_PATH=/tmp/agrobot-next-build-ybgPHn/install/lely_core_libraries/lib:/tmp/agrobot-next-build-ybgPHn/install/canopen_interfaces/lib:${LD_LIBRARY_PATH} PATH=/tmp/agrobot-next-build-ybgPHn/install/lely_core_libraries/bin:${PATH} PYTHONPATH=/tmp/agrobot-next-build-ybgPHn/install/lely_core_libraries/lib/python3.12/site-packages:/tmp/agrobot-next-build-ybgPHn/install/canopen_interfaces/lib/python3.12/site-packages:${PYTHONPATH} /usr/bin/cmake /home/gsylvia/agrobot-reverse-engineering/Agrobot/src/ros2_canopen/canopen_core -DCMAKE_INSTALL_PREFIX=/tmp/agrobot-next-build-ybgPHn/install/canopen_core
[37.938s] DEBUG:colcon.colcon_core.event_handler.log_command:Invoking command in '/tmp/agrobot-next-build-ybgPHn/build/canopen_core': AMENT_PREFIX_PATH=/tmp/agrobot-next-build-ybgPHn/install/lely_core_libraries:/tmp/agrobot-next-build-ybgPHn/install/canopen_interfaces:${AMENT_PREFIX_PATH} CMAKE_PREFIX_PATH=/tmp/agrobot-next-build-ybgPHn/install/lely_core_libraries:/tmp/agrobot-next-build-ybgPHn/install/canopen_interfaces:/opt/ros/jazzy/opt/gz_sim_vendor:/opt/ros/jazzy/opt/gz_sensors_vendor:/opt/ros/jazzy/opt/gz_physics_vendor:/opt/ros/jazzy/opt/sdformat_vendor:/opt/ros/jazzy/opt/gz_gui_vendor:/opt/ros/jazzy/opt/gz_transport_vendor:/opt/ros/jazzy/opt/gz_rendering_vendor:/opt/ros/jazzy/opt/gz_plugin_vendor:/opt/ros/jazzy/opt/gz_fuel_tools_vendor:/opt/ros/jazzy/opt/gz_msgs_vendor:/opt/ros/jazzy/opt/gz_common_vendor:/opt/ros/jazzy/opt/gz_math_vendor:/opt/ros/jazzy/opt/gz_utils_vendor:/opt/ros/jazzy/opt/gz_tools_vendor:/opt/ros/jazzy/opt/gz_ogre_next_vendor:/opt/ros/jazzy/opt/gz_dartsim_vendor:/opt/ros/jazzy/opt/gz_cmake_vendor:/opt/ros/jazzy LD_LIBRARY_PATH=/tmp/agrobot-next-build-ybgPHn/install/lely_core_libraries/lib:/tmp/agrobot-next-build-ybgPHn/install/canopen_interfaces/lib:${LD_LIBRARY_PATH} PATH=/tmp/agrobot-next-build-ybgPHn/install/lely_core_libraries/bin:${PATH} PYTHONPATH=/tmp/agrobot-next-build-ybgPHn/install/lely_core_libraries/lib/python3.12/site-packages:/tmp/agrobot-next-build-ybgPHn/install/canopen_interfaces/lib/python3.12/site-packages:${PYTHONPATH} /usr/bin/cmake --build /tmp/agrobot-next-build-ybgPHn/build/canopen_core -- -j16 -l16
[44.060s] DEBUG:colcon.colcon_core.event_handler.log_command:Invoked command in '/tmp/agrobot-next-build-ybgPHn/build/canopen_fake_slaves' returned '0': AMENT_PREFIX_PATH=/tmp/agrobot-next-build-ybgPHn/install/lely_core_libraries:${AMENT_PREFIX_PATH} CMAKE_PREFIX_PATH=/tmp/agrobot-next-build-ybgPHn/install/lely_core_libraries:/opt/ros/jazzy/opt/gz_sim_vendor:/opt/ros/jazzy/opt/gz_sensors_vendor:/opt/ros/jazzy/opt/gz_physics_vendor:/opt/ros/jazzy/opt/sdformat_vendor:/opt/ros/jazzy/opt/gz_gui_vendor:/opt/ros/jazzy/opt/gz_transport_vendor:/opt/ros/jazzy/opt/gz_rendering_vendor:/opt/ros/jazzy/opt/gz_plugin_vendor:/opt/ros/jazzy/opt/gz_fuel_tools_vendor:/opt/ros/jazzy/opt/gz_msgs_vendor:/opt/ros/jazzy/opt/gz_common_vendor:/opt/ros/jazzy/opt/gz_math_vendor:/opt/ros/jazzy/opt/gz_utils_vendor:/opt/ros/jazzy/opt/gz_tools_vendor:/opt/ros/jazzy/opt/gz_ogre_next_vendor:/opt/ros/jazzy/opt/gz_dartsim_vendor:/opt/ros/jazzy/opt/gz_cmake_vendor:/opt/ros/jazzy LD_LIBRARY_PATH=/tmp/agrobot-next-build-ybgPHn/install/lely_core_libraries/lib:${LD_LIBRARY_PATH} PATH=/tmp/agrobot-next-build-ybgPHn/install/lely_core_libraries/bin:${PATH} PYTHONPATH=/tmp/agrobot-next-build-ybgPHn/install/lely_core_libraries/lib/python3.12/site-packages:${PYTHONPATH} /usr/bin/cmake --build /tmp/agrobot-next-build-ybgPHn/build/canopen_fake_slaves -- -j16 -l16
[44.061s] DEBUG:colcon.colcon_core.event_handler.log_command:Invoking command in '/tmp/agrobot-next-build-ybgPHn/build/canopen_fake_slaves': AMENT_PREFIX_PATH=/tmp/agrobot-next-build-ybgPHn/install/lely_core_libraries:${AMENT_PREFIX_PATH} CMAKE_PREFIX_PATH=/tmp/agrobot-next-build-ybgPHn/install/lely_core_libraries:/opt/ros/jazzy/opt/gz_sim_vendor:/opt/ros/jazzy/opt/gz_sensors_vendor:/opt/ros/jazzy/opt/gz_physics_vendor:/opt/ros/jazzy/opt/sdformat_vendor:/opt/ros/jazzy/opt/gz_gui_vendor:/opt/ros/jazzy/opt/gz_transport_vendor:/opt/ros/jazzy/opt/gz_rendering_vendor:/opt/ros/jazzy/opt/gz_plugin_vendor:/opt/ros/jazzy/opt/gz_fuel_tools_vendor:/opt/ros/jazzy/opt/gz_msgs_vendor:/opt/ros/jazzy/opt/gz_common_vendor:/opt/ros/jazzy/opt/gz_math_vendor:/opt/ros/jazzy/opt/gz_utils_vendor:/opt/ros/jazzy/opt/gz_tools_vendor:/opt/ros/jazzy/opt/gz_ogre_next_vendor:/opt/ros/jazzy/opt/gz_dartsim_vendor:/opt/ros/jazzy/opt/gz_cmake_vendor:/opt/ros/jazzy LD_LIBRARY_PATH=/tmp/agrobot-next-build-ybgPHn/install/lely_core_libraries/lib:${LD_LIBRARY_PATH} PATH=/tmp/agrobot-next-build-ybgPHn/install/lely_core_libraries/bin:${PATH} PYTHONPATH=/tmp/agrobot-next-build-ybgPHn/install/lely_core_libraries/lib/python3.12/site-packages:${PYTHONPATH} /usr/bin/cmake --install /tmp/agrobot-next-build-ybgPHn/build/canopen_fake_slaves
[44.076s] Level 1:colcon.colcon_core.environment:create_environment_scripts_only(canopen_fake_slaves)
[44.076s] Level 1:colcon.colcon_core.environment:checking '/tmp/agrobot-next-build-ybgPHn/install/canopen_fake_slaves' for CMake module files
[44.077s] DEBUG:colcon.colcon_core.event_handler.log_command:Invoked command in '/tmp/agrobot-next-build-ybgPHn/build/canopen_fake_slaves' returned '0': AMENT_PREFIX_PATH=/tmp/agrobot-next-build-ybgPHn/install/lely_core_libraries:${AMENT_PREFIX_PATH} CMAKE_PREFIX_PATH=/tmp/agrobot-next-build-ybgPHn/install/lely_core_libraries:/opt/ros/jazzy/opt/gz_sim_vendor:/opt/ros/jazzy/opt/gz_sensors_vendor:/opt/ros/jazzy/opt/gz_physics_vendor:/opt/ros/jazzy/opt/sdformat_vendor:/opt/ros/jazzy/opt/gz_gui_vendor:/opt/ros/jazzy/opt/gz_transport_vendor:/opt/ros/jazzy/opt/gz_rendering_vendor:/opt/ros/jazzy/opt/gz_plugin_vendor:/opt/ros/jazzy/opt/gz_fuel_tools_vendor:/opt/ros/jazzy/opt/gz_msgs_vendor:/opt/ros/jazzy/opt/gz_common_vendor:/opt/ros/jazzy/opt/gz_math_vendor:/opt/ros/jazzy/opt/gz_utils_vendor:/opt/ros/jazzy/opt/gz_tools_vendor:/opt/ros/jazzy/opt/gz_ogre_next_vendor:/opt/ros/jazzy/opt/gz_dartsim_vendor:/opt/ros/jazzy/opt/gz_cmake_vendor:/opt/ros/jazzy LD_LIBRARY_PATH=/tmp/agrobot-next-build-ybgPHn/install/lely_core_libraries/lib:${LD_LIBRARY_PATH} PATH=/tmp/agrobot-next-build-ybgPHn/install/lely_core_libraries/bin:${PATH} PYTHONPATH=/tmp/agrobot-next-build-ybgPHn/install/lely_core_libraries/lib/python3.12/site-packages:${PYTHONPATH} /usr/bin/cmake --install /tmp/agrobot-next-build-ybgPHn/build/canopen_fake_slaves
[44.077s] Level 1:colcon.colcon_core.environment:checking '/tmp/agrobot-next-build-ybgPHn/install/canopen_fake_slaves' for CMake config files
[44.078s] Level 1:colcon.colcon_core.shell:create_environment_hook('canopen_fake_slaves', 'cmake_prefix_path')
[44.078s] INFO:colcon.colcon_core.shell:Creating environment hook '/tmp/agrobot-next-build-ybgPHn/install/canopen_fake_slaves/share/canopen_fake_slaves/hook/cmake_prefix_path.ps1'
[44.079s] INFO:colcon.colcon_core.shell:Creating environment descriptor '/tmp/agrobot-next-build-ybgPHn/install/canopen_fake_slaves/share/canopen_fake_slaves/hook/cmake_prefix_path.dsv'
[44.079s] INFO:colcon.colcon_core.shell:Creating environment hook '/tmp/agrobot-next-build-ybgPHn/install/canopen_fake_slaves/share/canopen_fake_slaves/hook/cmake_prefix_path.sh'
[44.083s] Level 1:colcon.colcon_core.environment:checking '/tmp/agrobot-next-build-ybgPHn/install/canopen_fake_slaves/lib'
[44.083s] Level 1:colcon.colcon_core.environment:checking '/tmp/agrobot-next-build-ybgPHn/install/canopen_fake_slaves/bin'
[44.083s] Level 1:colcon.colcon_core.environment:checking '/tmp/agrobot-next-build-ybgPHn/install/canopen_fake_slaves/lib/pkgconfig/canopen_fake_slaves.pc'
[44.083s] Level 1:colcon.colcon_core.environment:checking '/tmp/agrobot-next-build-ybgPHn/install/canopen_fake_slaves/lib/python3.12/site-packages'
[44.084s] Level 1:colcon.colcon_core.environment:checking '/tmp/agrobot-next-build-ybgPHn/install/canopen_fake_slaves/bin'
[44.085s] INFO:colcon.colcon_core.shell:Creating package script '/tmp/agrobot-next-build-ybgPHn/install/canopen_fake_slaves/share/canopen_fake_slaves/package.ps1'
[44.086s] INFO:colcon.colcon_core.shell:Creating package descriptor '/tmp/agrobot-next-build-ybgPHn/install/canopen_fake_slaves/share/canopen_fake_slaves/package.dsv'
[44.087s] INFO:colcon.colcon_core.shell:Creating package script '/tmp/agrobot-next-build-ybgPHn/install/canopen_fake_slaves/share/canopen_fake_slaves/package.sh'
[44.087s] INFO:colcon.colcon_core.shell:Creating package script '/tmp/agrobot-next-build-ybgPHn/install/canopen_fake_slaves/share/canopen_fake_slaves/package.bash'
[44.087s] INFO:colcon.colcon_core.shell:Creating package script '/tmp/agrobot-next-build-ybgPHn/install/canopen_fake_slaves/share/canopen_fake_slaves/package.zsh'
[44.087s] Level 1:colcon.colcon_core.environment:create_file_with_runtime_dependencies(/tmp/agrobot-next-build-ybgPHn/install/canopen_fake_slaves/share/colcon-core/packages/canopen_fake_slaves)
[44.089s] Level 1:colcon.colcon_core.environment:create_environment_scripts_only(canopen_fake_slaves)
[44.089s] Level 1:colcon.colcon_core.environment:checking '/tmp/agrobot-next-build-ybgPHn/install/canopen_fake_slaves' for CMake module files
[44.089s] Level 1:colcon.colcon_core.environment:checking '/tmp/agrobot-next-build-ybgPHn/install/canopen_fake_slaves' for CMake config files
[44.089s] Level 1:colcon.colcon_core.shell:create_environment_hook('canopen_fake_slaves', 'cmake_prefix_path')
[44.090s] INFO:colcon.colcon_core.shell:Creating environment hook '/tmp/agrobot-next-build-ybgPHn/install/canopen_fake_slaves/share/canopen_fake_slaves/hook/cmake_prefix_path.ps1'
[44.090s] INFO:colcon.colcon_core.shell:Creating environment descriptor '/tmp/agrobot-next-build-ybgPHn/install/canopen_fake_slaves/share/canopen_fake_slaves/hook/cmake_prefix_path.dsv'
[44.091s] INFO:colcon.colcon_core.shell:Creating environment hook '/tmp/agrobot-next-build-ybgPHn/install/canopen_fake_slaves/share/canopen_fake_slaves/hook/cmake_prefix_path.sh'
[44.091s] Level 1:colcon.colcon_core.environment:checking '/tmp/agrobot-next-build-ybgPHn/install/canopen_fake_slaves/lib'
[44.091s] Level 1:colcon.colcon_core.environment:checking '/tmp/agrobot-next-build-ybgPHn/install/canopen_fake_slaves/bin'
[44.091s] Level 1:colcon.colcon_core.environment:checking '/tmp/agrobot-next-build-ybgPHn/install/canopen_fake_slaves/lib/pkgconfig/canopen_fake_slaves.pc'
[44.092s] Level 1:colcon.colcon_core.environment:checking '/tmp/agrobot-next-build-ybgPHn/install/canopen_fake_slaves/lib/python3.12/site-packages'
[44.092s] Level 1:colcon.colcon_core.environment:checking '/tmp/agrobot-next-build-ybgPHn/install/canopen_fake_slaves/bin'
[44.092s] INFO:colcon.colcon_core.shell:Creating package script '/tmp/agrobot-next-build-ybgPHn/install/canopen_fake_slaves/share/canopen_fake_slaves/package.ps1'
[44.093s] INFO:colcon.colcon_core.shell:Creating package descriptor '/tmp/agrobot-next-build-ybgPHn/install/canopen_fake_slaves/share/canopen_fake_slaves/package.dsv'
[44.093s] INFO:colcon.colcon_core.shell:Creating package script '/tmp/agrobot-next-build-ybgPHn/install/canopen_fake_slaves/share/canopen_fake_slaves/package.sh'
[44.093s] INFO:colcon.colcon_core.shell:Creating package script '/tmp/agrobot-next-build-ybgPHn/install/canopen_fake_slaves/share/canopen_fake_slaves/package.bash'
[44.094s] INFO:colcon.colcon_core.shell:Creating package script '/tmp/agrobot-next-build-ybgPHn/install/canopen_fake_slaves/share/canopen_fake_slaves/package.zsh'
[44.094s] Level 1:colcon.colcon_core.environment:create_file_with_runtime_dependencies(/tmp/agrobot-next-build-ybgPHn/install/canopen_fake_slaves/share/colcon-core/packages/canopen_fake_slaves)
[47.486s] DEBUG:colcon.colcon_core.event_handler.log_command:Invoked command in '/tmp/agrobot-next-build-ybgPHn/build/robot_commander' returned '0': AMENT_PREFIX_PATH=/tmp/agrobot-next-build-ybgPHn/install/robot_interfaces:${AMENT_PREFIX_PATH} CMAKE_PREFIX_PATH=/tmp/agrobot-next-build-ybgPHn/install/robot_interfaces:/opt/ros/jazzy/opt/gz_sim_vendor:/opt/ros/jazzy/opt/gz_sensors_vendor:/opt/ros/jazzy/opt/gz_physics_vendor:/opt/ros/jazzy/opt/sdformat_vendor:/opt/ros/jazzy/opt/gz_gui_vendor:/opt/ros/jazzy/opt/gz_transport_vendor:/opt/ros/jazzy/opt/gz_rendering_vendor:/opt/ros/jazzy/opt/gz_plugin_vendor:/opt/ros/jazzy/opt/gz_fuel_tools_vendor:/opt/ros/jazzy/opt/gz_msgs_vendor:/opt/ros/jazzy/opt/gz_common_vendor:/opt/ros/jazzy/opt/gz_math_vendor:/opt/ros/jazzy/opt/gz_utils_vendor:/opt/ros/jazzy/opt/gz_tools_vendor:/opt/ros/jazzy/opt/gz_ogre_next_vendor:/opt/ros/jazzy/opt/gz_dartsim_vendor:/opt/ros/jazzy/opt/gz_cmake_vendor:/opt/ros/jazzy LD_LIBRARY_PATH=/tmp/agrobot-next-build-ybgPHn/install/robot_interfaces/lib:${LD_LIBRARY_PATH} PYTHONPATH=/tmp/agrobot-next-build-ybgPHn/install/robot_interfaces/lib/python3.12/site-packages:${PYTHONPATH} /usr/bin/cmake --build /tmp/agrobot-next-build-ybgPHn/build/robot_commander -- -j16 -l16
[47.487s] DEBUG:colcon.colcon_core.event_handler.log_command:Invoking command in '/tmp/agrobot-next-build-ybgPHn/build/robot_commander': AMENT_PREFIX_PATH=/tmp/agrobot-next-build-ybgPHn/install/robot_interfaces:${AMENT_PREFIX_PATH} CMAKE_PREFIX_PATH=/tmp/agrobot-next-build-ybgPHn/install/robot_interfaces:/opt/ros/jazzy/opt/gz_sim_vendor:/opt/ros/jazzy/opt/gz_sensors_vendor:/opt/ros/jazzy/opt/gz_physics_vendor:/opt/ros/jazzy/opt/sdformat_vendor:/opt/ros/jazzy/opt/gz_gui_vendor:/opt/ros/jazzy/opt/gz_transport_vendor:/opt/ros/jazzy/opt/gz_rendering_vendor:/opt/ros/jazzy/opt/gz_plugin_vendor:/opt/ros/jazzy/opt/gz_fuel_tools_vendor:/opt/ros/jazzy/opt/gz_msgs_vendor:/opt/ros/jazzy/opt/gz_common_vendor:/opt/ros/jazzy/opt/gz_math_vendor:/opt/ros/jazzy/opt/gz_utils_vendor:/opt/ros/jazzy/opt/gz_tools_vendor:/opt/ros/jazzy/opt/gz_ogre_next_vendor:/opt/ros/jazzy/opt/gz_dartsim_vendor:/opt/ros/jazzy/opt/gz_cmake_vendor:/opt/ros/jazzy LD_LIBRARY_PATH=/tmp/agrobot-next-build-ybgPHn/install/robot_interfaces/lib:${LD_LIBRARY_PATH} PYTHONPATH=/tmp/agrobot-next-build-ybgPHn/install/robot_interfaces/lib/python3.12/site-packages:${PYTHONPATH} /usr/bin/cmake --install /tmp/agrobot-next-build-ybgPHn/build/robot_commander
[47.516s] Level 1:colcon.colcon_core.environment:create_environment_scripts_only(robot_commander)
[47.517s] Level 1:colcon.colcon_core.environment:checking '/tmp/agrobot-next-build-ybgPHn/install/robot_commander' for CMake module files
[47.518s] DEBUG:colcon.colcon_core.event_handler.log_command:Invoked command in '/tmp/agrobot-next-build-ybgPHn/build/robot_commander' returned '0': AMENT_PREFIX_PATH=/tmp/agrobot-next-build-ybgPHn/install/robot_interfaces:${AMENT_PREFIX_PATH} CMAKE_PREFIX_PATH=/tmp/agrobot-next-build-ybgPHn/install/robot_interfaces:/opt/ros/jazzy/opt/gz_sim_vendor:/opt/ros/jazzy/opt/gz_sensors_vendor:/opt/ros/jazzy/opt/gz_physics_vendor:/opt/ros/jazzy/opt/sdformat_vendor:/opt/ros/jazzy/opt/gz_gui_vendor:/opt/ros/jazzy/opt/gz_transport_vendor:/opt/ros/jazzy/opt/gz_rendering_vendor:/opt/ros/jazzy/opt/gz_plugin_vendor:/opt/ros/jazzy/opt/gz_fuel_tools_vendor:/opt/ros/jazzy/opt/gz_msgs_vendor:/opt/ros/jazzy/opt/gz_common_vendor:/opt/ros/jazzy/opt/gz_math_vendor:/opt/ros/jazzy/opt/gz_utils_vendor:/opt/ros/jazzy/opt/gz_tools_vendor:/opt/ros/jazzy/opt/gz_ogre_next_vendor:/opt/ros/jazzy/opt/gz_dartsim_vendor:/opt/ros/jazzy/opt/gz_cmake_vendor:/opt/ros/jazzy LD_LIBRARY_PATH=/tmp/agrobot-next-build-ybgPHn/install/robot_interfaces/lib:${LD_LIBRARY_PATH} PYTHONPATH=/tmp/agrobot-next-build-ybgPHn/install/robot_interfaces/lib/python3.12/site-packages:${PYTHONPATH} /usr/bin/cmake --install /tmp/agrobot-next-build-ybgPHn/build/robot_commander
[47.519s] Level 1:colcon.colcon_core.environment:checking '/tmp/agrobot-next-build-ybgPHn/install/robot_commander' for CMake config files
[47.520s] Level 1:colcon.colcon_core.shell:create_environment_hook('robot_commander', 'cmake_prefix_path')
[47.520s] INFO:colcon.colcon_core.shell:Creating environment hook '/tmp/agrobot-next-build-ybgPHn/install/robot_commander/share/robot_commander/hook/cmake_prefix_path.ps1'
[47.524s] INFO:colcon.colcon_core.shell:Creating environment descriptor '/tmp/agrobot-next-build-ybgPHn/install/robot_commander/share/robot_commander/hook/cmake_prefix_path.dsv'
[47.526s] INFO:colcon.colcon_core.shell:Creating environment hook '/tmp/agrobot-next-build-ybgPHn/install/robot_commander/share/robot_commander/hook/cmake_prefix_path.sh'
[47.528s] Level 1:colcon.colcon_core.environment:checking '/tmp/agrobot-next-build-ybgPHn/install/robot_commander/lib'
[47.528s] Level 1:colcon.colcon_core.environment:checking '/tmp/agrobot-next-build-ybgPHn/install/robot_commander/bin'
[47.528s] Level 1:colcon.colcon_core.environment:checking '/tmp/agrobot-next-build-ybgPHn/install/robot_commander/lib/pkgconfig/robot_commander.pc'
[47.528s] Level 1:colcon.colcon_core.environment:checking '/tmp/agrobot-next-build-ybgPHn/install/robot_commander/lib/python3.12/site-packages'
[47.528s] Level 1:colcon.colcon_core.environment:checking '/tmp/agrobot-next-build-ybgPHn/install/robot_commander/bin'
[47.529s] INFO:colcon.colcon_core.shell:Creating package script '/tmp/agrobot-next-build-ybgPHn/install/robot_commander/share/robot_commander/package.ps1'
[47.529s] INFO:colcon.colcon_core.shell:Creating package descriptor '/tmp/agrobot-next-build-ybgPHn/install/robot_commander/share/robot_commander/package.dsv'
[47.530s] INFO:colcon.colcon_core.shell:Creating package script '/tmp/agrobot-next-build-ybgPHn/install/robot_commander/share/robot_commander/package.sh'
[47.530s] INFO:colcon.colcon_core.shell:Creating package script '/tmp/agrobot-next-build-ybgPHn/install/robot_commander/share/robot_commander/package.bash'
[47.531s] INFO:colcon.colcon_core.shell:Creating package script '/tmp/agrobot-next-build-ybgPHn/install/robot_commander/share/robot_commander/package.zsh'
[47.531s] Level 1:colcon.colcon_core.environment:create_file_with_runtime_dependencies(/tmp/agrobot-next-build-ybgPHn/install/robot_commander/share/colcon-core/packages/robot_commander)
[47.533s] Level 1:colcon.colcon_core.environment:create_environment_scripts_only(robot_commander)
[47.533s] Level 1:colcon.colcon_core.environment:checking '/tmp/agrobot-next-build-ybgPHn/install/robot_commander' for CMake module files
[47.533s] Level 1:colcon.colcon_core.environment:checking '/tmp/agrobot-next-build-ybgPHn/install/robot_commander' for CMake config files
[47.534s] Level 1:colcon.colcon_core.shell:create_environment_hook('robot_commander', 'cmake_prefix_path')
[47.534s] INFO:colcon.colcon_core.shell:Creating environment hook '/tmp/agrobot-next-build-ybgPHn/install/robot_commander/share/robot_commander/hook/cmake_prefix_path.ps1'
[47.535s] INFO:colcon.colcon_core.shell:Creating environment descriptor '/tmp/agrobot-next-build-ybgPHn/install/robot_commander/share/robot_commander/hook/cmake_prefix_path.dsv'
[47.536s] INFO:colcon.colcon_core.shell:Creating environment hook '/tmp/agrobot-next-build-ybgPHn/install/robot_commander/share/robot_commander/hook/cmake_prefix_path.sh'
[47.537s] Level 1:colcon.colcon_core.environment:checking '/tmp/agrobot-next-build-ybgPHn/install/robot_commander/lib'
[47.537s] Level 1:colcon.colcon_core.environment:checking '/tmp/agrobot-next-build-ybgPHn/install/robot_commander/bin'
[47.537s] Level 1:colcon.colcon_core.environment:checking '/tmp/agrobot-next-build-ybgPHn/install/robot_commander/lib/pkgconfig/robot_commander.pc'
[47.538s] Level 1:colcon.colcon_core.environment:checking '/tmp/agrobot-next-build-ybgPHn/install/robot_commander/lib/python3.12/site-packages'
[47.538s] Level 1:colcon.colcon_core.environment:checking '/tmp/agrobot-next-build-ybgPHn/install/robot_commander/bin'
[47.538s] INFO:colcon.colcon_core.shell:Creating package script '/tmp/agrobot-next-build-ybgPHn/install/robot_commander/share/robot_commander/package.ps1'
[47.541s] INFO:colcon.colcon_core.shell:Creating package descriptor '/tmp/agrobot-next-build-ybgPHn/install/robot_commander/share/robot_commander/package.dsv'
[47.543s] INFO:colcon.colcon_core.shell:Creating package script '/tmp/agrobot-next-build-ybgPHn/install/robot_commander/share/robot_commander/package.sh'
[47.543s] INFO:colcon.colcon_core.shell:Creating package script '/tmp/agrobot-next-build-ybgPHn/install/robot_commander/share/robot_commander/package.bash'
[47.544s] INFO:colcon.colcon_core.shell:Creating package script '/tmp/agrobot-next-build-ybgPHn/install/robot_commander/share/robot_commander/package.zsh'
[47.544s] Level 1:colcon.colcon_core.environment:create_file_with_runtime_dependencies(/tmp/agrobot-next-build-ybgPHn/install/robot_commander/share/colcon-core/packages/robot_commander)
[58.454s] DEBUG:colcon.colcon_core.event_handler.log_command:Invoked command in '/tmp/agrobot-next-build-ybgPHn/build/canopen_core' returned '0': AMENT_PREFIX_PATH=/tmp/agrobot-next-build-ybgPHn/install/lely_core_libraries:/tmp/agrobot-next-build-ybgPHn/install/canopen_interfaces:${AMENT_PREFIX_PATH} CMAKE_PREFIX_PATH=/tmp/agrobot-next-build-ybgPHn/install/lely_core_libraries:/tmp/agrobot-next-build-ybgPHn/install/canopen_interfaces:/opt/ros/jazzy/opt/gz_sim_vendor:/opt/ros/jazzy/opt/gz_sensors_vendor:/opt/ros/jazzy/opt/gz_physics_vendor:/opt/ros/jazzy/opt/sdformat_vendor:/opt/ros/jazzy/opt/gz_gui_vendor:/opt/ros/jazzy/opt/gz_transport_vendor:/opt/ros/jazzy/opt/gz_rendering_vendor:/opt/ros/jazzy/opt/gz_plugin_vendor:/opt/ros/jazzy/opt/gz_fuel_tools_vendor:/opt/ros/jazzy/opt/gz_msgs_vendor:/opt/ros/jazzy/opt/gz_common_vendor:/opt/ros/jazzy/opt/gz_math_vendor:/opt/ros/jazzy/opt/gz_utils_vendor:/opt/ros/jazzy/opt/gz_tools_vendor:/opt/ros/jazzy/opt/gz_ogre_next_vendor:/opt/ros/jazzy/opt/gz_dartsim_vendor:/opt/ros/jazzy/opt/gz_cmake_vendor:/opt/ros/jazzy LD_LIBRARY_PATH=/tmp/agrobot-next-build-ybgPHn/install/lely_core_libraries/lib:/tmp/agrobot-next-build-ybgPHn/install/canopen_interfaces/lib:${LD_LIBRARY_PATH} PATH=/tmp/agrobot-next-build-ybgPHn/install/lely_core_libraries/bin:${PATH} PYTHONPATH=/tmp/agrobot-next-build-ybgPHn/install/lely_core_libraries/lib/python3.12/site-packages:/tmp/agrobot-next-build-ybgPHn/install/canopen_interfaces/lib/python3.12/site-packages:${PYTHONPATH} /usr/bin/cmake --build /tmp/agrobot-next-build-ybgPHn/build/canopen_core -- -j16 -l16
[58.455s] DEBUG:colcon.colcon_core.event_handler.log_command:Invoking command in '/tmp/agrobot-next-build-ybgPHn/build/canopen_core': AMENT_PREFIX_PATH=/tmp/agrobot-next-build-ybgPHn/install/lely_core_libraries:/tmp/agrobot-next-build-ybgPHn/install/canopen_interfaces:${AMENT_PREFIX_PATH} CMAKE_PREFIX_PATH=/tmp/agrobot-next-build-ybgPHn/install/lely_core_libraries:/tmp/agrobot-next-build-ybgPHn/install/canopen_interfaces:/opt/ros/jazzy/opt/gz_sim_vendor:/opt/ros/jazzy/opt/gz_sensors_vendor:/opt/ros/jazzy/opt/gz_physics_vendor:/opt/ros/jazzy/opt/sdformat_vendor:/opt/ros/jazzy/opt/gz_gui_vendor:/opt/ros/jazzy/opt/gz_transport_vendor:/opt/ros/jazzy/opt/gz_rendering_vendor:/opt/ros/jazzy/opt/gz_plugin_vendor:/opt/ros/jazzy/opt/gz_fuel_tools_vendor:/opt/ros/jazzy/opt/gz_msgs_vendor:/opt/ros/jazzy/opt/gz_common_vendor:/opt/ros/jazzy/opt/gz_math_vendor:/opt/ros/jazzy/opt/gz_utils_vendor:/opt/ros/jazzy/opt/gz_tools_vendor:/opt/ros/jazzy/opt/gz_ogre_next_vendor:/opt/ros/jazzy/opt/gz_dartsim_vendor:/opt/ros/jazzy/opt/gz_cmake_vendor:/opt/ros/jazzy LD_LIBRARY_PATH=/tmp/agrobot-next-build-ybgPHn/install/lely_core_libraries/lib:/tmp/agrobot-next-build-ybgPHn/install/canopen_interfaces/lib:${LD_LIBRARY_PATH} PATH=/tmp/agrobot-next-build-ybgPHn/install/lely_core_libraries/bin:${PATH} PYTHONPATH=/tmp/agrobot-next-build-ybgPHn/install/lely_core_libraries/lib/python3.12/site-packages:/tmp/agrobot-next-build-ybgPHn/install/canopen_interfaces/lib/python3.12/site-packages:${PYTHONPATH} /usr/bin/cmake --install /tmp/agrobot-next-build-ybgPHn/build/canopen_core
[58.468s] Level 1:colcon.colcon_core.environment:create_environment_scripts_only(canopen_core)
[58.468s] Level 1:colcon.colcon_core.environment:checking '/tmp/agrobot-next-build-ybgPHn/install/canopen_core' for CMake module files
[58.469s] DEBUG:colcon.colcon_core.event_handler.log_command:Invoked command in '/tmp/agrobot-next-build-ybgPHn/build/canopen_core' returned '0': AMENT_PREFIX_PATH=/tmp/agrobot-next-build-ybgPHn/install/lely_core_libraries:/tmp/agrobot-next-build-ybgPHn/install/canopen_interfaces:${AMENT_PREFIX_PATH} CMAKE_PREFIX_PATH=/tmp/agrobot-next-build-ybgPHn/install/lely_core_libraries:/tmp/agrobot-next-build-ybgPHn/install/canopen_interfaces:/opt/ros/jazzy/opt/gz_sim_vendor:/opt/ros/jazzy/opt/gz_sensors_vendor:/opt/ros/jazzy/opt/gz_physics_vendor:/opt/ros/jazzy/opt/sdformat_vendor:/opt/ros/jazzy/opt/gz_gui_vendor:/opt/ros/jazzy/opt/gz_transport_vendor:/opt/ros/jazzy/opt/gz_rendering_vendor:/opt/ros/jazzy/opt/gz_plugin_vendor:/opt/ros/jazzy/opt/gz_fuel_tools_vendor:/opt/ros/jazzy/opt/gz_msgs_vendor:/opt/ros/jazzy/opt/gz_common_vendor:/opt/ros/jazzy/opt/gz_math_vendor:/opt/ros/jazzy/opt/gz_utils_vendor:/opt/ros/jazzy/opt/gz_tools_vendor:/opt/ros/jazzy/opt/gz_ogre_next_vendor:/opt/ros/jazzy/opt/gz_dartsim_vendor:/opt/ros/jazzy/opt/gz_cmake_vendor:/opt/ros/jazzy LD_LIBRARY_PATH=/tmp/agrobot-next-build-ybgPHn/install/lely_core_libraries/lib:/tmp/agrobot-next-build-ybgPHn/install/canopen_interfaces/lib:${LD_LIBRARY_PATH} PATH=/tmp/agrobot-next-build-ybgPHn/install/lely_core_libraries/bin:${PATH} PYTHONPATH=/tmp/agrobot-next-build-ybgPHn/install/lely_core_libraries/lib/python3.12/site-packages:/tmp/agrobot-next-build-ybgPHn/install/canopen_interfaces/lib/python3.12/site-packages:${PYTHONPATH} /usr/bin/cmake --install /tmp/agrobot-next-build-ybgPHn/build/canopen_core
[58.469s] Level 1:colcon.colcon_core.environment:checking '/tmp/agrobot-next-build-ybgPHn/install/canopen_core' for CMake config files
[58.469s] Level 1:colcon.colcon_core.shell:create_environment_hook('canopen_core', 'cmake_prefix_path')
[58.469s] INFO:colcon.colcon_core.shell:Creating environment hook '/tmp/agrobot-next-build-ybgPHn/install/canopen_core/share/canopen_core/hook/cmake_prefix_path.ps1'
[58.470s] INFO:colcon.colcon_core.shell:Creating environment descriptor '/tmp/agrobot-next-build-ybgPHn/install/canopen_core/share/canopen_core/hook/cmake_prefix_path.dsv'
[58.470s] INFO:colcon.colcon_core.shell:Creating environment hook '/tmp/agrobot-next-build-ybgPHn/install/canopen_core/share/canopen_core/hook/cmake_prefix_path.sh'
[58.470s] Level 1:colcon.colcon_core.environment:checking '/tmp/agrobot-next-build-ybgPHn/install/canopen_core/lib'
[58.470s] Level 1:colcon.colcon_core.shell:create_environment_hook('canopen_core', 'ld_library_path_lib')
[58.470s] INFO:colcon.colcon_core.shell:Creating environment hook '/tmp/agrobot-next-build-ybgPHn/install/canopen_core/share/canopen_core/hook/ld_library_path_lib.ps1'
[58.471s] INFO:colcon.colcon_core.shell:Creating environment descriptor '/tmp/agrobot-next-build-ybgPHn/install/canopen_core/share/canopen_core/hook/ld_library_path_lib.dsv'
[58.471s] INFO:colcon.colcon_core.shell:Creating environment hook '/tmp/agrobot-next-build-ybgPHn/install/canopen_core/share/canopen_core/hook/ld_library_path_lib.sh'
[58.471s] Level 1:colcon.colcon_core.environment:checking '/tmp/agrobot-next-build-ybgPHn/install/canopen_core/bin'
[58.471s] Level 1:colcon.colcon_core.environment:checking '/tmp/agrobot-next-build-ybgPHn/install/canopen_core/lib/pkgconfig/canopen_core.pc'
[58.471s] Level 1:colcon.colcon_core.environment:checking '/tmp/agrobot-next-build-ybgPHn/install/canopen_core/lib/python3.12/site-packages'
[58.471s] Level 1:colcon.colcon_core.environment:checking '/tmp/agrobot-next-build-ybgPHn/install/canopen_core/bin'
[58.471s] INFO:colcon.colcon_core.shell:Creating package script '/tmp/agrobot-next-build-ybgPHn/install/canopen_core/share/canopen_core/package.ps1'
[58.472s] INFO:colcon.colcon_core.shell:Creating package descriptor '/tmp/agrobot-next-build-ybgPHn/install/canopen_core/share/canopen_core/package.dsv'
[58.472s] INFO:colcon.colcon_core.shell:Creating package script '/tmp/agrobot-next-build-ybgPHn/install/canopen_core/share/canopen_core/package.sh'
[58.472s] INFO:colcon.colcon_core.shell:Creating package script '/tmp/agrobot-next-build-ybgPHn/install/canopen_core/share/canopen_core/package.bash'
[58.472s] INFO:colcon.colcon_core.shell:Creating package script '/tmp/agrobot-next-build-ybgPHn/install/canopen_core/share/canopen_core/package.zsh'
[58.473s] Level 1:colcon.colcon_core.environment:create_file_with_runtime_dependencies(/tmp/agrobot-next-build-ybgPHn/install/canopen_core/share/colcon-core/packages/canopen_core)
[58.473s] Level 1:colcon.colcon_core.environment:create_environment_scripts_only(canopen_core)
[58.473s] Level 1:colcon.colcon_core.environment:checking '/tmp/agrobot-next-build-ybgPHn/install/canopen_core' for CMake module files
[58.473s] Level 1:colcon.colcon_core.environment:checking '/tmp/agrobot-next-build-ybgPHn/install/canopen_core' for CMake config files
[58.473s] Level 1:colcon.colcon_core.shell:create_environment_hook('canopen_core', 'cmake_prefix_path')
[58.474s] INFO:colcon.colcon_core.shell:Creating environment hook '/tmp/agrobot-next-build-ybgPHn/install/canopen_core/share/canopen_core/hook/cmake_prefix_path.ps1'
[58.474s] INFO:colcon.colcon_core.shell:Creating environment descriptor '/tmp/agrobot-next-build-ybgPHn/install/canopen_core/share/canopen_core/hook/cmake_prefix_path.dsv'
[58.474s] INFO:colcon.colcon_core.shell:Creating environment hook '/tmp/agrobot-next-build-ybgPHn/install/canopen_core/share/canopen_core/hook/cmake_prefix_path.sh'
[58.474s] Level 1:colcon.colcon_core.environment:checking '/tmp/agrobot-next-build-ybgPHn/install/canopen_core/lib'
[58.474s] Level 1:colcon.colcon_core.shell:create_environment_hook('canopen_core', 'ld_library_path_lib')
[58.474s] INFO:colcon.colcon_core.shell:Creating environment hook '/tmp/agrobot-next-build-ybgPHn/install/canopen_core/share/canopen_core/hook/ld_library_path_lib.ps1'
[58.475s] INFO:colcon.colcon_core.shell:Creating environment descriptor '/tmp/agrobot-next-build-ybgPHn/install/canopen_core/share/canopen_core/hook/ld_library_path_lib.dsv'
[58.475s] INFO:colcon.colcon_core.shell:Creating environment hook '/tmp/agrobot-next-build-ybgPHn/install/canopen_core/share/canopen_core/hook/ld_library_path_lib.sh'
[58.475s] Level 1:colcon.colcon_core.environment:checking '/tmp/agrobot-next-build-ybgPHn/install/canopen_core/bin'
[58.475s] Level 1:colcon.colcon_core.environment:checking '/tmp/agrobot-next-build-ybgPHn/install/canopen_core/lib/pkgconfig/canopen_core.pc'
[58.475s] Level 1:colcon.colcon_core.environment:checking '/tmp/agrobot-next-build-ybgPHn/install/canopen_core/lib/python3.12/site-packages'
[58.475s] Level 1:colcon.colcon_core.environment:checking '/tmp/agrobot-next-build-ybgPHn/install/canopen_core/bin'
[58.475s] INFO:colcon.colcon_core.shell:Creating package script '/tmp/agrobot-next-build-ybgPHn/install/canopen_core/share/canopen_core/package.ps1'
[58.476s] INFO:colcon.colcon_core.shell:Creating package descriptor '/tmp/agrobot-next-build-ybgPHn/install/canopen_core/share/canopen_core/package.dsv'
[58.476s] INFO:colcon.colcon_core.shell:Creating package script '/tmp/agrobot-next-build-ybgPHn/install/canopen_core/share/canopen_core/package.sh'
[58.477s] INFO:colcon.colcon_core.shell:Creating package script '/tmp/agrobot-next-build-ybgPHn/install/canopen_core/share/canopen_core/package.bash'
[58.477s] INFO:colcon.colcon_core.shell:Creating package script '/tmp/agrobot-next-build-ybgPHn/install/canopen_core/share/canopen_core/package.zsh'
[58.477s] Level 1:colcon.colcon_core.environment:create_file_with_runtime_dependencies(/tmp/agrobot-next-build-ybgPHn/install/canopen_core/share/colcon-core/packages/canopen_core)
[58.477s] INFO:colcon.colcon_ros.task.ament_cmake.build:Building ROS package in '/home/gsylvia/agrobot-reverse-engineering/Agrobot/src/ros2_canopen/canopen_base_driver' with build type 'ament_cmake'
[58.477s] INFO:colcon.colcon_cmake.task.cmake.build:Building CMake package in '/home/gsylvia/agrobot-reverse-engineering/Agrobot/src/ros2_canopen/canopen_base_driver'
[58.477s] INFO:colcon.colcon_core.shell:Skip shell extension 'powershell' for command environment: Not usable outside of PowerShell
[58.478s] DEBUG:colcon.colcon_core.shell:Skip shell extension 'dsv' for command environment
[58.480s] INFO:colcon.colcon_ros.task.ament_cmake.build:Building ROS package in '/home/gsylvia/agrobot-reverse-engineering/Agrobot/src/ros2_canopen/canopen_master_driver' with build type 'ament_cmake'
[58.480s] INFO:colcon.colcon_cmake.task.cmake.build:Building CMake package in '/home/gsylvia/agrobot-reverse-engineering/Agrobot/src/ros2_canopen/canopen_master_driver'
[58.481s] INFO:colcon.colcon_core.shell:Skip shell extension 'powershell' for command environment: Not usable outside of PowerShell
[58.481s] DEBUG:colcon.colcon_core.shell:Skip shell extension 'dsv' for command environment
[58.828s] DEBUG:colcon.colcon_core.event_handler.log_command:Invoking command in '/tmp/agrobot-next-build-ybgPHn/build/canopen_base_driver': AMENT_PREFIX_PATH=/tmp/agrobot-next-build-ybgPHn/install/canopen_core:/tmp/agrobot-next-build-ybgPHn/install/lely_core_libraries:/tmp/agrobot-next-build-ybgPHn/install/canopen_interfaces:${AMENT_PREFIX_PATH} CMAKE_PREFIX_PATH=/tmp/agrobot-next-build-ybgPHn/install/canopen_core:/tmp/agrobot-next-build-ybgPHn/install/lely_core_libraries:/tmp/agrobot-next-build-ybgPHn/install/canopen_interfaces:/opt/ros/jazzy/opt/gz_sim_vendor:/opt/ros/jazzy/opt/gz_sensors_vendor:/opt/ros/jazzy/opt/gz_physics_vendor:/opt/ros/jazzy/opt/sdformat_vendor:/opt/ros/jazzy/opt/gz_gui_vendor:/opt/ros/jazzy/opt/gz_transport_vendor:/opt/ros/jazzy/opt/gz_rendering_vendor:/opt/ros/jazzy/opt/gz_plugin_vendor:/opt/ros/jazzy/opt/gz_fuel_tools_vendor:/opt/ros/jazzy/opt/gz_msgs_vendor:/opt/ros/jazzy/opt/gz_common_vendor:/opt/ros/jazzy/opt/gz_math_vendor:/opt/ros/jazzy/opt/gz_utils_vendor:/opt/ros/jazzy/opt/gz_tools_vendor:/opt/ros/jazzy/opt/gz_ogre_next_vendor:/opt/ros/jazzy/opt/gz_dartsim_vendor:/opt/ros/jazzy/opt/gz_cmake_vendor:/opt/ros/jazzy LD_LIBRARY_PATH=/tmp/agrobot-next-build-ybgPHn/install/canopen_core/lib:/tmp/agrobot-next-build-ybgPHn/install/lely_core_libraries/lib:/tmp/agrobot-next-build-ybgPHn/install/canopen_interfaces/lib:${LD_LIBRARY_PATH} PATH=/tmp/agrobot-next-build-ybgPHn/install/lely_core_libraries/bin:${PATH} PYTHONPATH=/tmp/agrobot-next-build-ybgPHn/install/lely_core_libraries/lib/python3.12/site-packages:/tmp/agrobot-next-build-ybgPHn/install/canopen_interfaces/lib/python3.12/site-packages:${PYTHONPATH} /usr/bin/cmake /home/gsylvia/agrobot-reverse-engineering/Agrobot/src/ros2_canopen/canopen_base_driver -DCMAKE_INSTALL_PREFIX=/tmp/agrobot-next-build-ybgPHn/install/canopen_base_driver
[58.830s] DEBUG:colcon.colcon_core.event_handler.log_command:Invoking command in '/tmp/agrobot-next-build-ybgPHn/build/canopen_master_driver': AMENT_PREFIX_PATH=/tmp/agrobot-next-build-ybgPHn/install/canopen_core:/tmp/agrobot-next-build-ybgPHn/install/lely_core_libraries:/tmp/agrobot-next-build-ybgPHn/install/canopen_interfaces:${AMENT_PREFIX_PATH} CMAKE_PREFIX_PATH=/tmp/agrobot-next-build-ybgPHn/install/canopen_core:/tmp/agrobot-next-build-ybgPHn/install/lely_core_libraries:/tmp/agrobot-next-build-ybgPHn/install/canopen_interfaces:/opt/ros/jazzy/opt/gz_sim_vendor:/opt/ros/jazzy/opt/gz_sensors_vendor:/opt/ros/jazzy/opt/gz_physics_vendor:/opt/ros/jazzy/opt/sdformat_vendor:/opt/ros/jazzy/opt/gz_gui_vendor:/opt/ros/jazzy/opt/gz_transport_vendor:/opt/ros/jazzy/opt/gz_rendering_vendor:/opt/ros/jazzy/opt/gz_plugin_vendor:/opt/ros/jazzy/opt/gz_fuel_tools_vendor:/opt/ros/jazzy/opt/gz_msgs_vendor:/opt/ros/jazzy/opt/gz_common_vendor:/opt/ros/jazzy/opt/gz_math_vendor:/opt/ros/jazzy/opt/gz_utils_vendor:/opt/ros/jazzy/opt/gz_tools_vendor:/opt/ros/jazzy/opt/gz_ogre_next_vendor:/opt/ros/jazzy/opt/gz_dartsim_vendor:/opt/ros/jazzy/opt/gz_cmake_vendor:/opt/ros/jazzy LD_LIBRARY_PATH=/tmp/agrobot-next-build-ybgPHn/install/canopen_core/lib:/tmp/agrobot-next-build-ybgPHn/install/lely_core_libraries/lib:/tmp/agrobot-next-build-ybgPHn/install/canopen_interfaces/lib:${LD_LIBRARY_PATH} PATH=/tmp/agrobot-next-build-ybgPHn/install/lely_core_libraries/bin:${PATH} PYTHONPATH=/tmp/agrobot-next-build-ybgPHn/install/lely_core_libraries/lib/python3.12/site-packages:/tmp/agrobot-next-build-ybgPHn/install/canopen_interfaces/lib/python3.12/site-packages:${PYTHONPATH} /usr/bin/cmake /home/gsylvia/agrobot-reverse-engineering/Agrobot/src/ros2_canopen/canopen_master_driver -DCMAKE_INSTALL_PREFIX=/tmp/agrobot-next-build-ybgPHn/install/canopen_master_driver
[61.752s] DEBUG:colcon.colcon_core.event_handler.log_command:Invoked command in '/tmp/agrobot-next-build-ybgPHn/build/canopen_master_driver' returned '0': AMENT_PREFIX_PATH=/tmp/agrobot-next-build-ybgPHn/install/canopen_core:/tmp/agrobot-next-build-ybgPHn/install/lely_core_libraries:/tmp/agrobot-next-build-ybgPHn/install/canopen_interfaces:${AMENT_PREFIX_PATH} CMAKE_PREFIX_PATH=/tmp/agrobot-next-build-ybgPHn/install/canopen_core:/tmp/agrobot-next-build-ybgPHn/install/lely_core_libraries:/tmp/agrobot-next-build-ybgPHn/install/canopen_interfaces:/opt/ros/jazzy/opt/gz_sim_vendor:/opt/ros/jazzy/opt/gz_sensors_vendor:/opt/ros/jazzy/opt/gz_physics_vendor:/opt/ros/jazzy/opt/sdformat_vendor:/opt/ros/jazzy/opt/gz_gui_vendor:/opt/ros/jazzy/opt/gz_transport_vendor:/opt/ros/jazzy/opt/gz_rendering_vendor:/opt/ros/jazzy/opt/gz_plugin_vendor:/opt/ros/jazzy/opt/gz_fuel_tools_vendor:/opt/ros/jazzy/opt/gz_msgs_vendor:/opt/ros/jazzy/opt/gz_common_vendor:/opt/ros/jazzy/opt/gz_math_vendor:/opt/ros/jazzy/opt/gz_utils_vendor:/opt/ros/jazzy/opt/gz_tools_vendor:/opt/ros/jazzy/opt/gz_ogre_next_vendor:/opt/ros/jazzy/opt/gz_dartsim_vendor:/opt/ros/jazzy/opt/gz_cmake_vendor:/opt/ros/jazzy LD_LIBRARY_PATH=/tmp/agrobot-next-build-ybgPHn/install/canopen_core/lib:/tmp/agrobot-next-build-ybgPHn/install/lely_core_libraries/lib:/tmp/agrobot-next-build-ybgPHn/install/canopen_interfaces/lib:${LD_LIBRARY_PATH} PATH=/tmp/agrobot-next-build-ybgPHn/install/lely_core_libraries/bin:${PATH} PYTHONPATH=/tmp/agrobot-next-build-ybgPHn/install/lely_core_libraries/lib/python3.12/site-packages:/tmp/agrobot-next-build-ybgPHn/install/canopen_interfaces/lib/python3.12/site-packages:${PYTHONPATH} /usr/bin/cmake /home/gsylvia/agrobot-reverse-engineering/Agrobot/src/ros2_canopen/canopen_master_driver -DCMAKE_INSTALL_PREFIX=/tmp/agrobot-next-build-ybgPHn/install/canopen_master_driver
[61.753s] DEBUG:colcon.colcon_core.event_handler.log_command:Invoking command in '/tmp/agrobot-next-build-ybgPHn/build/canopen_master_driver': AMENT_PREFIX_PATH=/tmp/agrobot-next-build-ybgPHn/install/canopen_core:/tmp/agrobot-next-build-ybgPHn/install/lely_core_libraries:/tmp/agrobot-next-build-ybgPHn/install/canopen_interfaces:${AMENT_PREFIX_PATH} CMAKE_PREFIX_PATH=/tmp/agrobot-next-build-ybgPHn/install/canopen_core:/tmp/agrobot-next-build-ybgPHn/install/lely_core_libraries:/tmp/agrobot-next-build-ybgPHn/install/canopen_interfaces:/opt/ros/jazzy/opt/gz_sim_vendor:/opt/ros/jazzy/opt/gz_sensors_vendor:/opt/ros/jazzy/opt/gz_physics_vendor:/opt/ros/jazzy/opt/sdformat_vendor:/opt/ros/jazzy/opt/gz_gui_vendor:/opt/ros/jazzy/opt/gz_transport_vendor:/opt/ros/jazzy/opt/gz_rendering_vendor:/opt/ros/jazzy/opt/gz_plugin_vendor:/opt/ros/jazzy/opt/gz_fuel_tools_vendor:/opt/ros/jazzy/opt/gz_msgs_vendor:/opt/ros/jazzy/opt/gz_common_vendor:/opt/ros/jazzy/opt/gz_math_vendor:/opt/ros/jazzy/opt/gz_utils_vendor:/opt/ros/jazzy/opt/gz_tools_vendor:/opt/ros/jazzy/opt/gz_ogre_next_vendor:/opt/ros/jazzy/opt/gz_dartsim_vendor:/opt/ros/jazzy/opt/gz_cmake_vendor:/opt/ros/jazzy LD_LIBRARY_PATH=/tmp/agrobot-next-build-ybgPHn/install/canopen_core/lib:/tmp/agrobot-next-build-ybgPHn/install/lely_core_libraries/lib:/tmp/agrobot-next-build-ybgPHn/install/canopen_interfaces/lib:${LD_LIBRARY_PATH} PATH=/tmp/agrobot-next-build-ybgPHn/install/lely_core_libraries/bin:${PATH} PYTHONPATH=/tmp/agrobot-next-build-ybgPHn/install/lely_core_libraries/lib/python3.12/site-packages:/tmp/agrobot-next-build-ybgPHn/install/canopen_interfaces/lib/python3.12/site-packages:${PYTHONPATH} /usr/bin/cmake --build /tmp/agrobot-next-build-ybgPHn/build/canopen_master_driver -- -j16 -l16
[61.792s] DEBUG:colcon.colcon_core.event_handler.log_command:Invoked command in '/tmp/agrobot-next-build-ybgPHn/build/canopen_base_driver' returned '0': AMENT_PREFIX_PATH=/tmp/agrobot-next-build-ybgPHn/install/canopen_core:/tmp/agrobot-next-build-ybgPHn/install/lely_core_libraries:/tmp/agrobot-next-build-ybgPHn/install/canopen_interfaces:${AMENT_PREFIX_PATH} CMAKE_PREFIX_PATH=/tmp/agrobot-next-build-ybgPHn/install/canopen_core:/tmp/agrobot-next-build-ybgPHn/install/lely_core_libraries:/tmp/agrobot-next-build-ybgPHn/install/canopen_interfaces:/opt/ros/jazzy/opt/gz_sim_vendor:/opt/ros/jazzy/opt/gz_sensors_vendor:/opt/ros/jazzy/opt/gz_physics_vendor:/opt/ros/jazzy/opt/sdformat_vendor:/opt/ros/jazzy/opt/gz_gui_vendor:/opt/ros/jazzy/opt/gz_transport_vendor:/opt/ros/jazzy/opt/gz_rendering_vendor:/opt/ros/jazzy/opt/gz_plugin_vendor:/opt/ros/jazzy/opt/gz_fuel_tools_vendor:/opt/ros/jazzy/opt/gz_msgs_vendor:/opt/ros/jazzy/opt/gz_common_vendor:/opt/ros/jazzy/opt/gz_math_vendor:/opt/ros/jazzy/opt/gz_utils_vendor:/opt/ros/jazzy/opt/gz_tools_vendor:/opt/ros/jazzy/opt/gz_ogre_next_vendor:/opt/ros/jazzy/opt/gz_dartsim_vendor:/opt/ros/jazzy/opt/gz_cmake_vendor:/opt/ros/jazzy LD_LIBRARY_PATH=/tmp/agrobot-next-build-ybgPHn/install/canopen_core/lib:/tmp/agrobot-next-build-ybgPHn/install/lely_core_libraries/lib:/tmp/agrobot-next-build-ybgPHn/install/canopen_interfaces/lib:${LD_LIBRARY_PATH} PATH=/tmp/agrobot-next-build-ybgPHn/install/lely_core_libraries/bin:${PATH} PYTHONPATH=/tmp/agrobot-next-build-ybgPHn/install/lely_core_libraries/lib/python3.12/site-packages:/tmp/agrobot-next-build-ybgPHn/install/canopen_interfaces/lib/python3.12/site-packages:${PYTHONPATH} /usr/bin/cmake /home/gsylvia/agrobot-reverse-engineering/Agrobot/src/ros2_canopen/canopen_base_driver -DCMAKE_INSTALL_PREFIX=/tmp/agrobot-next-build-ybgPHn/install/canopen_base_driver
[61.793s] DEBUG:colcon.colcon_core.event_handler.log_command:Invoking command in '/tmp/agrobot-next-build-ybgPHn/build/canopen_base_driver': AMENT_PREFIX_PATH=/tmp/agrobot-next-build-ybgPHn/install/canopen_core:/tmp/agrobot-next-build-ybgPHn/install/lely_core_libraries:/tmp/agrobot-next-build-ybgPHn/install/canopen_interfaces:${AMENT_PREFIX_PATH} CMAKE_PREFIX_PATH=/tmp/agrobot-next-build-ybgPHn/install/canopen_core:/tmp/agrobot-next-build-ybgPHn/install/lely_core_libraries:/tmp/agrobot-next-build-ybgPHn/install/canopen_interfaces:/opt/ros/jazzy/opt/gz_sim_vendor:/opt/ros/jazzy/opt/gz_sensors_vendor:/opt/ros/jazzy/opt/gz_physics_vendor:/opt/ros/jazzy/opt/sdformat_vendor:/opt/ros/jazzy/opt/gz_gui_vendor:/opt/ros/jazzy/opt/gz_transport_vendor:/opt/ros/jazzy/opt/gz_rendering_vendor:/opt/ros/jazzy/opt/gz_plugin_vendor:/opt/ros/jazzy/opt/gz_fuel_tools_vendor:/opt/ros/jazzy/opt/gz_msgs_vendor:/opt/ros/jazzy/opt/gz_common_vendor:/opt/ros/jazzy/opt/gz_math_vendor:/opt/ros/jazzy/opt/gz_utils_vendor:/opt/ros/jazzy/opt/gz_tools_vendor:/opt/ros/jazzy/opt/gz_ogre_next_vendor:/opt/ros/jazzy/opt/gz_dartsim_vendor:/opt/ros/jazzy/opt/gz_cmake_vendor:/opt/ros/jazzy LD_LIBRARY_PATH=/tmp/agrobot-next-build-ybgPHn/install/canopen_core/lib:/tmp/agrobot-next-build-ybgPHn/install/lely_core_libraries/lib:/tmp/agrobot-next-build-ybgPHn/install/canopen_interfaces/lib:${LD_LIBRARY_PATH} PATH=/tmp/agrobot-next-build-ybgPHn/install/lely_core_libraries/bin:${PATH} PYTHONPATH=/tmp/agrobot-next-build-ybgPHn/install/lely_core_libraries/lib/python3.12/site-packages:/tmp/agrobot-next-build-ybgPHn/install/canopen_interfaces/lib/python3.12/site-packages:${PYTHONPATH} /usr/bin/cmake --build /tmp/agrobot-next-build-ybgPHn/build/canopen_base_driver -- -j16 -l16
[77.152s] DEBUG:colcon.colcon_core.event_handler.log_command:Invoked command in '/tmp/agrobot-next-build-ybgPHn/build/canopen_base_driver' returned '0': AMENT_PREFIX_PATH=/tmp/agrobot-next-build-ybgPHn/install/canopen_core:/tmp/agrobot-next-build-ybgPHn/install/lely_core_libraries:/tmp/agrobot-next-build-ybgPHn/install/canopen_interfaces:${AMENT_PREFIX_PATH} CMAKE_PREFIX_PATH=/tmp/agrobot-next-build-ybgPHn/install/canopen_core:/tmp/agrobot-next-build-ybgPHn/install/lely_core_libraries:/tmp/agrobot-next-build-ybgPHn/install/canopen_interfaces:/opt/ros/jazzy/opt/gz_sim_vendor:/opt/ros/jazzy/opt/gz_sensors_vendor:/opt/ros/jazzy/opt/gz_physics_vendor:/opt/ros/jazzy/opt/sdformat_vendor:/opt/ros/jazzy/opt/gz_gui_vendor:/opt/ros/jazzy/opt/gz_transport_vendor:/opt/ros/jazzy/opt/gz_rendering_vendor:/opt/ros/jazzy/opt/gz_plugin_vendor:/opt/ros/jazzy/opt/gz_fuel_tools_vendor:/opt/ros/jazzy/opt/gz_msgs_vendor:/opt/ros/jazzy/opt/gz_common_vendor:/opt/ros/jazzy/opt/gz_math_vendor:/opt/ros/jazzy/opt/gz_utils_vendor:/opt/ros/jazzy/opt/gz_tools_vendor:/opt/ros/jazzy/opt/gz_ogre_next_vendor:/opt/ros/jazzy/opt/gz_dartsim_vendor:/opt/ros/jazzy/opt/gz_cmake_vendor:/opt/ros/jazzy LD_LIBRARY_PATH=/tmp/agrobot-next-build-ybgPHn/install/canopen_core/lib:/tmp/agrobot-next-build-ybgPHn/install/lely_core_libraries/lib:/tmp/agrobot-next-build-ybgPHn/install/canopen_interfaces/lib:${LD_LIBRARY_PATH} PATH=/tmp/agrobot-next-build-ybgPHn/install/lely_core_libraries/bin:${PATH} PYTHONPATH=/tmp/agrobot-next-build-ybgPHn/install/lely_core_libraries/lib/python3.12/site-packages:/tmp/agrobot-next-build-ybgPHn/install/canopen_interfaces/lib/python3.12/site-packages:${PYTHONPATH} /usr/bin/cmake --build /tmp/agrobot-next-build-ybgPHn/build/canopen_base_driver -- -j16 -l16
[77.153s] DEBUG:colcon.colcon_core.event_handler.log_command:Invoking command in '/tmp/agrobot-next-build-ybgPHn/build/canopen_base_driver': AMENT_PREFIX_PATH=/tmp/agrobot-next-build-ybgPHn/install/canopen_core:/tmp/agrobot-next-build-ybgPHn/install/lely_core_libraries:/tmp/agrobot-next-build-ybgPHn/install/canopen_interfaces:${AMENT_PREFIX_PATH} CMAKE_PREFIX_PATH=/tmp/agrobot-next-build-ybgPHn/install/canopen_core:/tmp/agrobot-next-build-ybgPHn/install/lely_core_libraries:/tmp/agrobot-next-build-ybgPHn/install/canopen_interfaces:/opt/ros/jazzy/opt/gz_sim_vendor:/opt/ros/jazzy/opt/gz_sensors_vendor:/opt/ros/jazzy/opt/gz_physics_vendor:/opt/ros/jazzy/opt/sdformat_vendor:/opt/ros/jazzy/opt/gz_gui_vendor:/opt/ros/jazzy/opt/gz_transport_vendor:/opt/ros/jazzy/opt/gz_rendering_vendor:/opt/ros/jazzy/opt/gz_plugin_vendor:/opt/ros/jazzy/opt/gz_fuel_tools_vendor:/opt/ros/jazzy/opt/gz_msgs_vendor:/opt/ros/jazzy/opt/gz_common_vendor:/opt/ros/jazzy/opt/gz_math_vendor:/opt/ros/jazzy/opt/gz_utils_vendor:/opt/ros/jazzy/opt/gz_tools_vendor:/opt/ros/jazzy/opt/gz_ogre_next_vendor:/opt/ros/jazzy/opt/gz_dartsim_vendor:/opt/ros/jazzy/opt/gz_cmake_vendor:/opt/ros/jazzy LD_LIBRARY_PATH=/tmp/agrobot-next-build-ybgPHn/install/canopen_core/lib:/tmp/agrobot-next-build-ybgPHn/install/lely_core_libraries/lib:/tmp/agrobot-next-build-ybgPHn/install/canopen_interfaces/lib:${LD_LIBRARY_PATH} PATH=/tmp/agrobot-next-build-ybgPHn/install/lely_core_libraries/bin:${PATH} PYTHONPATH=/tmp/agrobot-next-build-ybgPHn/install/lely_core_libraries/lib/python3.12/site-packages:/tmp/agrobot-next-build-ybgPHn/install/canopen_interfaces/lib/python3.12/site-packages:${PYTHONPATH} /usr/bin/cmake --install /tmp/agrobot-next-build-ybgPHn/build/canopen_base_driver
[77.176s] Level 1:colcon.colcon_core.environment:create_environment_scripts_only(canopen_base_driver)
[77.176s] Level 1:colcon.colcon_core.environment:checking '/tmp/agrobot-next-build-ybgPHn/install/canopen_base_driver' for CMake module files
[77.177s] DEBUG:colcon.colcon_core.event_handler.log_command:Invoked command in '/tmp/agrobot-next-build-ybgPHn/build/canopen_base_driver' returned '0': AMENT_PREFIX_PATH=/tmp/agrobot-next-build-ybgPHn/install/canopen_core:/tmp/agrobot-next-build-ybgPHn/install/lely_core_libraries:/tmp/agrobot-next-build-ybgPHn/install/canopen_interfaces:${AMENT_PREFIX_PATH} CMAKE_PREFIX_PATH=/tmp/agrobot-next-build-ybgPHn/install/canopen_core:/tmp/agrobot-next-build-ybgPHn/install/lely_core_libraries:/tmp/agrobot-next-build-ybgPHn/install/canopen_interfaces:/opt/ros/jazzy/opt/gz_sim_vendor:/opt/ros/jazzy/opt/gz_sensors_vendor:/opt/ros/jazzy/opt/gz_physics_vendor:/opt/ros/jazzy/opt/sdformat_vendor:/opt/ros/jazzy/opt/gz_gui_vendor:/opt/ros/jazzy/opt/gz_transport_vendor:/opt/ros/jazzy/opt/gz_rendering_vendor:/opt/ros/jazzy/opt/gz_plugin_vendor:/opt/ros/jazzy/opt/gz_fuel_tools_vendor:/opt/ros/jazzy/opt/gz_msgs_vendor:/opt/ros/jazzy/opt/gz_common_vendor:/opt/ros/jazzy/opt/gz_math_vendor:/opt/ros/jazzy/opt/gz_utils_vendor:/opt/ros/jazzy/opt/gz_tools_vendor:/opt/ros/jazzy/opt/gz_ogre_next_vendor:/opt/ros/jazzy/opt/gz_dartsim_vendor:/opt/ros/jazzy/opt/gz_cmake_vendor:/opt/ros/jazzy LD_LIBRARY_PATH=/tmp/agrobot-next-build-ybgPHn/install/canopen_core/lib:/tmp/agrobot-next-build-ybgPHn/install/lely_core_libraries/lib:/tmp/agrobot-next-build-ybgPHn/install/canopen_interfaces/lib:${LD_LIBRARY_PATH} PATH=/tmp/agrobot-next-build-ybgPHn/install/lely_core_libraries/bin:${PATH} PYTHONPATH=/tmp/agrobot-next-build-ybgPHn/install/lely_core_libraries/lib/python3.12/site-packages:/tmp/agrobot-next-build-ybgPHn/install/canopen_interfaces/lib/python3.12/site-packages:${PYTHONPATH} /usr/bin/cmake --install /tmp/agrobot-next-build-ybgPHn/build/canopen_base_driver
[77.177s] Level 1:colcon.colcon_core.environment:checking '/tmp/agrobot-next-build-ybgPHn/install/canopen_base_driver' for CMake config files
[77.177s] Level 1:colcon.colcon_core.shell:create_environment_hook('canopen_base_driver', 'cmake_prefix_path')
[77.177s] INFO:colcon.colcon_core.shell:Creating environment hook '/tmp/agrobot-next-build-ybgPHn/install/canopen_base_driver/share/canopen_base_driver/hook/cmake_prefix_path.ps1'
[77.178s] INFO:colcon.colcon_core.shell:Creating environment descriptor '/tmp/agrobot-next-build-ybgPHn/install/canopen_base_driver/share/canopen_base_driver/hook/cmake_prefix_path.dsv'
[77.178s] INFO:colcon.colcon_core.shell:Creating environment hook '/tmp/agrobot-next-build-ybgPHn/install/canopen_base_driver/share/canopen_base_driver/hook/cmake_prefix_path.sh'
[77.179s] Level 1:colcon.colcon_core.environment:checking '/tmp/agrobot-next-build-ybgPHn/install/canopen_base_driver/lib'
[77.179s] Level 1:colcon.colcon_core.shell:create_environment_hook('canopen_base_driver', 'ld_library_path_lib')
[77.179s] INFO:colcon.colcon_core.shell:Creating environment hook '/tmp/agrobot-next-build-ybgPHn/install/canopen_base_driver/share/canopen_base_driver/hook/ld_library_path_lib.ps1'
[77.179s] INFO:colcon.colcon_core.shell:Creating environment descriptor '/tmp/agrobot-next-build-ybgPHn/install/canopen_base_driver/share/canopen_base_driver/hook/ld_library_path_lib.dsv'
[77.179s] INFO:colcon.colcon_core.shell:Creating environment hook '/tmp/agrobot-next-build-ybgPHn/install/canopen_base_driver/share/canopen_base_driver/hook/ld_library_path_lib.sh'
[77.180s] Level 1:colcon.colcon_core.environment:checking '/tmp/agrobot-next-build-ybgPHn/install/canopen_base_driver/bin'
[77.180s] Level 1:colcon.colcon_core.environment:checking '/tmp/agrobot-next-build-ybgPHn/install/canopen_base_driver/lib/pkgconfig/canopen_base_driver.pc'
[77.180s] Level 1:colcon.colcon_core.environment:checking '/tmp/agrobot-next-build-ybgPHn/install/canopen_base_driver/lib/python3.12/site-packages'
[77.180s] Level 1:colcon.colcon_core.environment:checking '/tmp/agrobot-next-build-ybgPHn/install/canopen_base_driver/bin'
[77.180s] INFO:colcon.colcon_core.shell:Creating package script '/tmp/agrobot-next-build-ybgPHn/install/canopen_base_driver/share/canopen_base_driver/package.ps1'
[77.181s] INFO:colcon.colcon_core.shell:Creating package descriptor '/tmp/agrobot-next-build-ybgPHn/install/canopen_base_driver/share/canopen_base_driver/package.dsv'
[77.181s] INFO:colcon.colcon_core.shell:Creating package script '/tmp/agrobot-next-build-ybgPHn/install/canopen_base_driver/share/canopen_base_driver/package.sh'
[77.181s] INFO:colcon.colcon_core.shell:Creating package script '/tmp/agrobot-next-build-ybgPHn/install/canopen_base_driver/share/canopen_base_driver/package.bash'
[77.182s] INFO:colcon.colcon_core.shell:Creating package script '/tmp/agrobot-next-build-ybgPHn/install/canopen_base_driver/share/canopen_base_driver/package.zsh'
[77.182s] Level 1:colcon.colcon_core.environment:create_file_with_runtime_dependencies(/tmp/agrobot-next-build-ybgPHn/install/canopen_base_driver/share/colcon-core/packages/canopen_base_driver)
[77.183s] Level 1:colcon.colcon_core.environment:create_environment_scripts_only(canopen_base_driver)
[77.183s] Level 1:colcon.colcon_core.environment:checking '/tmp/agrobot-next-build-ybgPHn/install/canopen_base_driver' for CMake module files
[77.183s] Level 1:colcon.colcon_core.environment:checking '/tmp/agrobot-next-build-ybgPHn/install/canopen_base_driver' for CMake config files
[77.183s] Level 1:colcon.colcon_core.shell:create_environment_hook('canopen_base_driver', 'cmake_prefix_path')
[77.183s] INFO:colcon.colcon_core.shell:Creating environment hook '/tmp/agrobot-next-build-ybgPHn/install/canopen_base_driver/share/canopen_base_driver/hook/cmake_prefix_path.ps1'
[77.184s] INFO:colcon.colcon_core.shell:Creating environment descriptor '/tmp/agrobot-next-build-ybgPHn/install/canopen_base_driver/share/canopen_base_driver/hook/cmake_prefix_path.dsv'
[77.184s] INFO:colcon.colcon_core.shell:Creating environment hook '/tmp/agrobot-next-build-ybgPHn/install/canopen_base_driver/share/canopen_base_driver/hook/cmake_prefix_path.sh'
[77.184s] Level 1:colcon.colcon_core.environment:checking '/tmp/agrobot-next-build-ybgPHn/install/canopen_base_driver/lib'
[77.184s] Level 1:colcon.colcon_core.shell:create_environment_hook('canopen_base_driver', 'ld_library_path_lib')
[77.184s] INFO:colcon.colcon_core.shell:Creating environment hook '/tmp/agrobot-next-build-ybgPHn/install/canopen_base_driver/share/canopen_base_driver/hook/ld_library_path_lib.ps1'
[77.185s] INFO:colcon.colcon_core.shell:Creating environment descriptor '/tmp/agrobot-next-build-ybgPHn/install/canopen_base_driver/share/canopen_base_driver/hook/ld_library_path_lib.dsv'
[77.185s] INFO:colcon.colcon_core.shell:Creating environment hook '/tmp/agrobot-next-build-ybgPHn/install/canopen_base_driver/share/canopen_base_driver/hook/ld_library_path_lib.sh'
[77.185s] Level 1:colcon.colcon_core.environment:checking '/tmp/agrobot-next-build-ybgPHn/install/canopen_base_driver/bin'
[77.185s] Level 1:colcon.colcon_core.environment:checking '/tmp/agrobot-next-build-ybgPHn/install/canopen_base_driver/lib/pkgconfig/canopen_base_driver.pc'
[77.185s] Level 1:colcon.colcon_core.environment:checking '/tmp/agrobot-next-build-ybgPHn/install/canopen_base_driver/lib/python3.12/site-packages'
[77.186s] Level 1:colcon.colcon_core.environment:checking '/tmp/agrobot-next-build-ybgPHn/install/canopen_base_driver/bin'
[77.186s] INFO:colcon.colcon_core.shell:Creating package script '/tmp/agrobot-next-build-ybgPHn/install/canopen_base_driver/share/canopen_base_driver/package.ps1'
[77.186s] INFO:colcon.colcon_core.shell:Creating package descriptor '/tmp/agrobot-next-build-ybgPHn/install/canopen_base_driver/share/canopen_base_driver/package.dsv'
[77.186s] INFO:colcon.colcon_core.shell:Creating package script '/tmp/agrobot-next-build-ybgPHn/install/canopen_base_driver/share/canopen_base_driver/package.sh'
[77.187s] INFO:colcon.colcon_core.shell:Creating package script '/tmp/agrobot-next-build-ybgPHn/install/canopen_base_driver/share/canopen_base_driver/package.bash'
[77.187s] INFO:colcon.colcon_core.shell:Creating package script '/tmp/agrobot-next-build-ybgPHn/install/canopen_base_driver/share/canopen_base_driver/package.zsh'
[77.187s] Level 1:colcon.colcon_core.environment:create_file_with_runtime_dependencies(/tmp/agrobot-next-build-ybgPHn/install/canopen_base_driver/share/colcon-core/packages/canopen_base_driver)
[77.188s] INFO:colcon.colcon_ros.task.ament_cmake.build:Building ROS package in '/home/gsylvia/agrobot-reverse-engineering/Agrobot/src/ros2_canopen/canopen_proxy_driver' with build type 'ament_cmake'
[77.188s] INFO:colcon.colcon_cmake.task.cmake.build:Building CMake package in '/home/gsylvia/agrobot-reverse-engineering/Agrobot/src/ros2_canopen/canopen_proxy_driver'
[77.188s] INFO:colcon.colcon_core.shell:Skip shell extension 'powershell' for command environment: Not usable outside of PowerShell
[77.188s] DEBUG:colcon.colcon_core.shell:Skip shell extension 'dsv' for command environment
[77.729s] DEBUG:colcon.colcon_core.event_handler.log_command:Invoking command in '/tmp/agrobot-next-build-ybgPHn/build/canopen_proxy_driver': AMENT_PREFIX_PATH=/tmp/agrobot-next-build-ybgPHn/install/canopen_base_driver:/tmp/agrobot-next-build-ybgPHn/install/canopen_core:/tmp/agrobot-next-build-ybgPHn/install/lely_core_libraries:/tmp/agrobot-next-build-ybgPHn/install/canopen_interfaces:${AMENT_PREFIX_PATH} CMAKE_PREFIX_PATH=/tmp/agrobot-next-build-ybgPHn/install/canopen_base_driver:/tmp/agrobot-next-build-ybgPHn/install/canopen_core:/tmp/agrobot-next-build-ybgPHn/install/lely_core_libraries:/tmp/agrobot-next-build-ybgPHn/install/canopen_interfaces:/opt/ros/jazzy/opt/gz_sim_vendor:/opt/ros/jazzy/opt/gz_sensors_vendor:/opt/ros/jazzy/opt/gz_physics_vendor:/opt/ros/jazzy/opt/sdformat_vendor:/opt/ros/jazzy/opt/gz_gui_vendor:/opt/ros/jazzy/opt/gz_transport_vendor:/opt/ros/jazzy/opt/gz_rendering_vendor:/opt/ros/jazzy/opt/gz_plugin_vendor:/opt/ros/jazzy/opt/gz_fuel_tools_vendor:/opt/ros/jazzy/opt/gz_msgs_vendor:/opt/ros/jazzy/opt/gz_common_vendor:/opt/ros/jazzy/opt/gz_math_vendor:/opt/ros/jazzy/opt/gz_utils_vendor:/opt/ros/jazzy/opt/gz_tools_vendor:/opt/ros/jazzy/opt/gz_ogre_next_vendor:/opt/ros/jazzy/opt/gz_dartsim_vendor:/opt/ros/jazzy/opt/gz_cmake_vendor:/opt/ros/jazzy LD_LIBRARY_PATH=/tmp/agrobot-next-build-ybgPHn/install/canopen_base_driver/lib:/tmp/agrobot-next-build-ybgPHn/install/canopen_core/lib:/tmp/agrobot-next-build-ybgPHn/install/lely_core_libraries/lib:/tmp/agrobot-next-build-ybgPHn/install/canopen_interfaces/lib:${LD_LIBRARY_PATH} PATH=/tmp/agrobot-next-build-ybgPHn/install/lely_core_libraries/bin:${PATH} PYTHONPATH=/tmp/agrobot-next-build-ybgPHn/install/lely_core_libraries/lib/python3.12/site-packages:/tmp/agrobot-next-build-ybgPHn/install/canopen_interfaces/lib/python3.12/site-packages:${PYTHONPATH} /usr/bin/cmake /home/gsylvia/agrobot-reverse-engineering/Agrobot/src/ros2_canopen/canopen_proxy_driver -DCMAKE_INSTALL_PREFIX=/tmp/agrobot-next-build-ybgPHn/install/canopen_proxy_driver
[80.248s] DEBUG:colcon.colcon_core.event_handler.log_command:Invoked command in '/tmp/agrobot-next-build-ybgPHn/build/canopen_master_driver' returned '0': AMENT_PREFIX_PATH=/tmp/agrobot-next-build-ybgPHn/install/canopen_core:/tmp/agrobot-next-build-ybgPHn/install/lely_core_libraries:/tmp/agrobot-next-build-ybgPHn/install/canopen_interfaces:${AMENT_PREFIX_PATH} CMAKE_PREFIX_PATH=/tmp/agrobot-next-build-ybgPHn/install/canopen_core:/tmp/agrobot-next-build-ybgPHn/install/lely_core_libraries:/tmp/agrobot-next-build-ybgPHn/install/canopen_interfaces:/opt/ros/jazzy/opt/gz_sim_vendor:/opt/ros/jazzy/opt/gz_sensors_vendor:/opt/ros/jazzy/opt/gz_physics_vendor:/opt/ros/jazzy/opt/sdformat_vendor:/opt/ros/jazzy/opt/gz_gui_vendor:/opt/ros/jazzy/opt/gz_transport_vendor:/opt/ros/jazzy/opt/gz_rendering_vendor:/opt/ros/jazzy/opt/gz_plugin_vendor:/opt/ros/jazzy/opt/gz_fuel_tools_vendor:/opt/ros/jazzy/opt/gz_msgs_vendor:/opt/ros/jazzy/opt/gz_common_vendor:/opt/ros/jazzy/opt/gz_math_vendor:/opt/ros/jazzy/opt/gz_utils_vendor:/opt/ros/jazzy/opt/gz_tools_vendor:/opt/ros/jazzy/opt/gz_ogre_next_vendor:/opt/ros/jazzy/opt/gz_dartsim_vendor:/opt/ros/jazzy/opt/gz_cmake_vendor:/opt/ros/jazzy LD_LIBRARY_PATH=/tmp/agrobot-next-build-ybgPHn/install/canopen_core/lib:/tmp/agrobot-next-build-ybgPHn/install/lely_core_libraries/lib:/tmp/agrobot-next-build-ybgPHn/install/canopen_interfaces/lib:${LD_LIBRARY_PATH} PATH=/tmp/agrobot-next-build-ybgPHn/install/lely_core_libraries/bin:${PATH} PYTHONPATH=/tmp/agrobot-next-build-ybgPHn/install/lely_core_libraries/lib/python3.12/site-packages:/tmp/agrobot-next-build-ybgPHn/install/canopen_interfaces/lib/python3.12/site-packages:${PYTHONPATH} /usr/bin/cmake --build /tmp/agrobot-next-build-ybgPHn/build/canopen_master_driver -- -j16 -l16
[80.249s] DEBUG:colcon.colcon_core.event_handler.log_command:Invoking command in '/tmp/agrobot-next-build-ybgPHn/build/canopen_master_driver': AMENT_PREFIX_PATH=/tmp/agrobot-next-build-ybgPHn/install/canopen_core:/tmp/agrobot-next-build-ybgPHn/install/lely_core_libraries:/tmp/agrobot-next-build-ybgPHn/install/canopen_interfaces:${AMENT_PREFIX_PATH} CMAKE_PREFIX_PATH=/tmp/agrobot-next-build-ybgPHn/install/canopen_core:/tmp/agrobot-next-build-ybgPHn/install/lely_core_libraries:/tmp/agrobot-next-build-ybgPHn/install/canopen_interfaces:/opt/ros/jazzy/opt/gz_sim_vendor:/opt/ros/jazzy/opt/gz_sensors_vendor:/opt/ros/jazzy/opt/gz_physics_vendor:/opt/ros/jazzy/opt/sdformat_vendor:/opt/ros/jazzy/opt/gz_gui_vendor:/opt/ros/jazzy/opt/gz_transport_vendor:/opt/ros/jazzy/opt/gz_rendering_vendor:/opt/ros/jazzy/opt/gz_plugin_vendor:/opt/ros/jazzy/opt/gz_fuel_tools_vendor:/opt/ros/jazzy/opt/gz_msgs_vendor:/opt/ros/jazzy/opt/gz_common_vendor:/opt/ros/jazzy/opt/gz_math_vendor:/opt/ros/jazzy/opt/gz_utils_vendor:/opt/ros/jazzy/opt/gz_tools_vendor:/opt/ros/jazzy/opt/gz_ogre_next_vendor:/opt/ros/jazzy/opt/gz_dartsim_vendor:/opt/ros/jazzy/opt/gz_cmake_vendor:/opt/ros/jazzy LD_LIBRARY_PATH=/tmp/agrobot-next-build-ybgPHn/install/canopen_core/lib:/tmp/agrobot-next-build-ybgPHn/install/lely_core_libraries/lib:/tmp/agrobot-next-build-ybgPHn/install/canopen_interfaces/lib:${LD_LIBRARY_PATH} PATH=/tmp/agrobot-next-build-ybgPHn/install/lely_core_libraries/bin:${PATH} PYTHONPATH=/tmp/agrobot-next-build-ybgPHn/install/lely_core_libraries/lib/python3.12/site-packages:/tmp/agrobot-next-build-ybgPHn/install/canopen_interfaces/lib/python3.12/site-packages:${PYTHONPATH} /usr/bin/cmake --install /tmp/agrobot-next-build-ybgPHn/build/canopen_master_driver
[80.267s] Level 1:colcon.colcon_core.environment:create_environment_scripts_only(canopen_master_driver)
[80.268s] DEBUG:colcon.colcon_core.event_handler.log_command:Invoked command in '/tmp/agrobot-next-build-ybgPHn/build/canopen_master_driver' returned '0': AMENT_PREFIX_PATH=/tmp/agrobot-next-build-ybgPHn/install/canopen_core:/tmp/agrobot-next-build-ybgPHn/install/lely_core_libraries:/tmp/agrobot-next-build-ybgPHn/install/canopen_interfaces:${AMENT_PREFIX_PATH} CMAKE_PREFIX_PATH=/tmp/agrobot-next-build-ybgPHn/install/canopen_core:/tmp/agrobot-next-build-ybgPHn/install/lely_core_libraries:/tmp/agrobot-next-build-ybgPHn/install/canopen_interfaces:/opt/ros/jazzy/opt/gz_sim_vendor:/opt/ros/jazzy/opt/gz_sensors_vendor:/opt/ros/jazzy/opt/gz_physics_vendor:/opt/ros/jazzy/opt/sdformat_vendor:/opt/ros/jazzy/opt/gz_gui_vendor:/opt/ros/jazzy/opt/gz_transport_vendor:/opt/ros/jazzy/opt/gz_rendering_vendor:/opt/ros/jazzy/opt/gz_plugin_vendor:/opt/ros/jazzy/opt/gz_fuel_tools_vendor:/opt/ros/jazzy/opt/gz_msgs_vendor:/opt/ros/jazzy/opt/gz_common_vendor:/opt/ros/jazzy/opt/gz_math_vendor:/opt/ros/jazzy/opt/gz_utils_vendor:/opt/ros/jazzy/opt/gz_tools_vendor:/opt/ros/jazzy/opt/gz_ogre_next_vendor:/opt/ros/jazzy/opt/gz_dartsim_vendor:/opt/ros/jazzy/opt/gz_cmake_vendor:/opt/ros/jazzy LD_LIBRARY_PATH=/tmp/agrobot-next-build-ybgPHn/install/canopen_core/lib:/tmp/agrobot-next-build-ybgPHn/install/lely_core_libraries/lib:/tmp/agrobot-next-build-ybgPHn/install/canopen_interfaces/lib:${LD_LIBRARY_PATH} PATH=/tmp/agrobot-next-build-ybgPHn/install/lely_core_libraries/bin:${PATH} PYTHONPATH=/tmp/agrobot-next-build-ybgPHn/install/lely_core_libraries/lib/python3.12/site-packages:/tmp/agrobot-next-build-ybgPHn/install/canopen_interfaces/lib/python3.12/site-packages:${PYTHONPATH} /usr/bin/cmake --install /tmp/agrobot-next-build-ybgPHn/build/canopen_master_driver
[80.268s] Level 1:colcon.colcon_core.environment:checking '/tmp/agrobot-next-build-ybgPHn/install/canopen_master_driver' for CMake module files
[80.269s] Level 1:colcon.colcon_core.environment:checking '/tmp/agrobot-next-build-ybgPHn/install/canopen_master_driver' for CMake config files
[80.269s] Level 1:colcon.colcon_core.shell:create_environment_hook('canopen_master_driver', 'cmake_prefix_path')
[80.269s] INFO:colcon.colcon_core.shell:Creating environment hook '/tmp/agrobot-next-build-ybgPHn/install/canopen_master_driver/share/canopen_master_driver/hook/cmake_prefix_path.ps1'
[80.270s] INFO:colcon.colcon_core.shell:Creating environment descriptor '/tmp/agrobot-next-build-ybgPHn/install/canopen_master_driver/share/canopen_master_driver/hook/cmake_prefix_path.dsv'
[80.270s] INFO:colcon.colcon_core.shell:Creating environment hook '/tmp/agrobot-next-build-ybgPHn/install/canopen_master_driver/share/canopen_master_driver/hook/cmake_prefix_path.sh'
[80.271s] Level 1:colcon.colcon_core.environment:checking '/tmp/agrobot-next-build-ybgPHn/install/canopen_master_driver/lib'
[80.271s] Level 1:colcon.colcon_core.shell:create_environment_hook('canopen_master_driver', 'ld_library_path_lib')
[80.271s] INFO:colcon.colcon_core.shell:Creating environment hook '/tmp/agrobot-next-build-ybgPHn/install/canopen_master_driver/share/canopen_master_driver/hook/ld_library_path_lib.ps1'
[80.271s] INFO:colcon.colcon_core.shell:Creating environment descriptor '/tmp/agrobot-next-build-ybgPHn/install/canopen_master_driver/share/canopen_master_driver/hook/ld_library_path_lib.dsv'
[80.271s] INFO:colcon.colcon_core.shell:Creating environment hook '/tmp/agrobot-next-build-ybgPHn/install/canopen_master_driver/share/canopen_master_driver/hook/ld_library_path_lib.sh'
[80.271s] Level 1:colcon.colcon_core.environment:checking '/tmp/agrobot-next-build-ybgPHn/install/canopen_master_driver/bin'
[80.272s] Level 1:colcon.colcon_core.environment:checking '/tmp/agrobot-next-build-ybgPHn/install/canopen_master_driver/lib/pkgconfig/canopen_master_driver.pc'
[80.272s] Level 1:colcon.colcon_core.environment:checking '/tmp/agrobot-next-build-ybgPHn/install/canopen_master_driver/lib/python3.12/site-packages'
[80.272s] Level 1:colcon.colcon_core.environment:checking '/tmp/agrobot-next-build-ybgPHn/install/canopen_master_driver/bin'
[80.272s] INFO:colcon.colcon_core.shell:Creating package script '/tmp/agrobot-next-build-ybgPHn/install/canopen_master_driver/share/canopen_master_driver/package.ps1'
[80.272s] INFO:colcon.colcon_core.shell:Creating package descriptor '/tmp/agrobot-next-build-ybgPHn/install/canopen_master_driver/share/canopen_master_driver/package.dsv'
[80.273s] INFO:colcon.colcon_core.shell:Creating package script '/tmp/agrobot-next-build-ybgPHn/install/canopen_master_driver/share/canopen_master_driver/package.sh'
[80.273s] INFO:colcon.colcon_core.shell:Creating package script '/tmp/agrobot-next-build-ybgPHn/install/canopen_master_driver/share/canopen_master_driver/package.bash'
[80.273s] INFO:colcon.colcon_core.shell:Creating package script '/tmp/agrobot-next-build-ybgPHn/install/canopen_master_driver/share/canopen_master_driver/package.zsh'
[80.273s] Level 1:colcon.colcon_core.environment:create_file_with_runtime_dependencies(/tmp/agrobot-next-build-ybgPHn/install/canopen_master_driver/share/colcon-core/packages/canopen_master_driver)
[80.274s] Level 1:colcon.colcon_core.environment:create_environment_scripts_only(canopen_master_driver)
[80.274s] Level 1:colcon.colcon_core.environment:checking '/tmp/agrobot-next-build-ybgPHn/install/canopen_master_driver' for CMake module files
[80.275s] Level 1:colcon.colcon_core.environment:checking '/tmp/agrobot-next-build-ybgPHn/install/canopen_master_driver' for CMake config files
[80.275s] Level 1:colcon.colcon_core.shell:create_environment_hook('canopen_master_driver', 'cmake_prefix_path')
[80.275s] INFO:colcon.colcon_core.shell:Creating environment hook '/tmp/agrobot-next-build-ybgPHn/install/canopen_master_driver/share/canopen_master_driver/hook/cmake_prefix_path.ps1'
[80.275s] INFO:colcon.colcon_core.shell:Creating environment descriptor '/tmp/agrobot-next-build-ybgPHn/install/canopen_master_driver/share/canopen_master_driver/hook/cmake_prefix_path.dsv'
[80.276s] INFO:colcon.colcon_core.shell:Creating environment hook '/tmp/agrobot-next-build-ybgPHn/install/canopen_master_driver/share/canopen_master_driver/hook/cmake_prefix_path.sh'
[80.276s] Level 1:colcon.colcon_core.environment:checking '/tmp/agrobot-next-build-ybgPHn/install/canopen_master_driver/lib'
[80.276s] Level 1:colcon.colcon_core.shell:create_environment_hook('canopen_master_driver', 'ld_library_path_lib')
[80.276s] INFO:colcon.colcon_core.shell:Creating environment hook '/tmp/agrobot-next-build-ybgPHn/install/canopen_master_driver/share/canopen_master_driver/hook/ld_library_path_lib.ps1'
[80.277s] INFO:colcon.colcon_core.shell:Creating environment descriptor '/tmp/agrobot-next-build-ybgPHn/install/canopen_master_driver/share/canopen_master_driver/hook/ld_library_path_lib.dsv'
[80.277s] INFO:colcon.colcon_core.shell:Creating environment hook '/tmp/agrobot-next-build-ybgPHn/install/canopen_master_driver/share/canopen_master_driver/hook/ld_library_path_lib.sh'
[80.277s] Level 1:colcon.colcon_core.environment:checking '/tmp/agrobot-next-build-ybgPHn/install/canopen_master_driver/bin'
[80.277s] Level 1:colcon.colcon_core.environment:checking '/tmp/agrobot-next-build-ybgPHn/install/canopen_master_driver/lib/pkgconfig/canopen_master_driver.pc'
[80.277s] Level 1:colcon.colcon_core.environment:checking '/tmp/agrobot-next-build-ybgPHn/install/canopen_master_driver/lib/python3.12/site-packages'
[80.278s] Level 1:colcon.colcon_core.environment:checking '/tmp/agrobot-next-build-ybgPHn/install/canopen_master_driver/bin'
[80.278s] INFO:colcon.colcon_core.shell:Creating package script '/tmp/agrobot-next-build-ybgPHn/install/canopen_master_driver/share/canopen_master_driver/package.ps1'
[80.278s] INFO:colcon.colcon_core.shell:Creating package descriptor '/tmp/agrobot-next-build-ybgPHn/install/canopen_master_driver/share/canopen_master_driver/package.dsv'
[80.278s] INFO:colcon.colcon_core.shell:Creating package script '/tmp/agrobot-next-build-ybgPHn/install/canopen_master_driver/share/canopen_master_driver/package.sh'
[80.279s] INFO:colcon.colcon_core.shell:Creating package script '/tmp/agrobot-next-build-ybgPHn/install/canopen_master_driver/share/canopen_master_driver/package.bash'
[80.279s] INFO:colcon.colcon_core.shell:Creating package script '/tmp/agrobot-next-build-ybgPHn/install/canopen_master_driver/share/canopen_master_driver/package.zsh'
[80.279s] Level 1:colcon.colcon_core.environment:create_file_with_runtime_dependencies(/tmp/agrobot-next-build-ybgPHn/install/canopen_master_driver/share/colcon-core/packages/canopen_master_driver)
[81.387s] DEBUG:colcon.colcon_core.event_handler.log_command:Invoked command in '/tmp/agrobot-next-build-ybgPHn/build/canopen_proxy_driver' returned '0': AMENT_PREFIX_PATH=/tmp/agrobot-next-build-ybgPHn/install/canopen_base_driver:/tmp/agrobot-next-build-ybgPHn/install/canopen_core:/tmp/agrobot-next-build-ybgPHn/install/lely_core_libraries:/tmp/agrobot-next-build-ybgPHn/install/canopen_interfaces:${AMENT_PREFIX_PATH} CMAKE_PREFIX_PATH=/tmp/agrobot-next-build-ybgPHn/install/canopen_base_driver:/tmp/agrobot-next-build-ybgPHn/install/canopen_core:/tmp/agrobot-next-build-ybgPHn/install/lely_core_libraries:/tmp/agrobot-next-build-ybgPHn/install/canopen_interfaces:/opt/ros/jazzy/opt/gz_sim_vendor:/opt/ros/jazzy/opt/gz_sensors_vendor:/opt/ros/jazzy/opt/gz_physics_vendor:/opt/ros/jazzy/opt/sdformat_vendor:/opt/ros/jazzy/opt/gz_gui_vendor:/opt/ros/jazzy/opt/gz_transport_vendor:/opt/ros/jazzy/opt/gz_rendering_vendor:/opt/ros/jazzy/opt/gz_plugin_vendor:/opt/ros/jazzy/opt/gz_fuel_tools_vendor:/opt/ros/jazzy/opt/gz_msgs_vendor:/opt/ros/jazzy/opt/gz_common_vendor:/opt/ros/jazzy/opt/gz_math_vendor:/opt/ros/jazzy/opt/gz_utils_vendor:/opt/ros/jazzy/opt/gz_tools_vendor:/opt/ros/jazzy/opt/gz_ogre_next_vendor:/opt/ros/jazzy/opt/gz_dartsim_vendor:/opt/ros/jazzy/opt/gz_cmake_vendor:/opt/ros/jazzy LD_LIBRARY_PATH=/tmp/agrobot-next-build-ybgPHn/install/canopen_base_driver/lib:/tmp/agrobot-next-build-ybgPHn/install/canopen_core/lib:/tmp/agrobot-next-build-ybgPHn/install/lely_core_libraries/lib:/tmp/agrobot-next-build-ybgPHn/install/canopen_interfaces/lib:${LD_LIBRARY_PATH} PATH=/tmp/agrobot-next-build-ybgPHn/install/lely_core_libraries/bin:${PATH} PYTHONPATH=/tmp/agrobot-next-build-ybgPHn/install/lely_core_libraries/lib/python3.12/site-packages:/tmp/agrobot-next-build-ybgPHn/install/canopen_interfaces/lib/python3.12/site-packages:${PYTHONPATH} /usr/bin/cmake /home/gsylvia/agrobot-reverse-engineering/Agrobot/src/ros2_canopen/canopen_proxy_driver -DCMAKE_INSTALL_PREFIX=/tmp/agrobot-next-build-ybgPHn/install/canopen_proxy_driver
[81.388s] DEBUG:colcon.colcon_core.event_handler.log_command:Invoking command in '/tmp/agrobot-next-build-ybgPHn/build/canopen_proxy_driver': AMENT_PREFIX_PATH=/tmp/agrobot-next-build-ybgPHn/install/canopen_base_driver:/tmp/agrobot-next-build-ybgPHn/install/canopen_core:/tmp/agrobot-next-build-ybgPHn/install/lely_core_libraries:/tmp/agrobot-next-build-ybgPHn/install/canopen_interfaces:${AMENT_PREFIX_PATH} CMAKE_PREFIX_PATH=/tmp/agrobot-next-build-ybgPHn/install/canopen_base_driver:/tmp/agrobot-next-build-ybgPHn/install/canopen_core:/tmp/agrobot-next-build-ybgPHn/install/lely_core_libraries:/tmp/agrobot-next-build-ybgPHn/install/canopen_interfaces:/opt/ros/jazzy/opt/gz_sim_vendor:/opt/ros/jazzy/opt/gz_sensors_vendor:/opt/ros/jazzy/opt/gz_physics_vendor:/opt/ros/jazzy/opt/sdformat_vendor:/opt/ros/jazzy/opt/gz_gui_vendor:/opt/ros/jazzy/opt/gz_transport_vendor:/opt/ros/jazzy/opt/gz_rendering_vendor:/opt/ros/jazzy/opt/gz_plugin_vendor:/opt/ros/jazzy/opt/gz_fuel_tools_vendor:/opt/ros/jazzy/opt/gz_msgs_vendor:/opt/ros/jazzy/opt/gz_common_vendor:/opt/ros/jazzy/opt/gz_math_vendor:/opt/ros/jazzy/opt/gz_utils_vendor:/opt/ros/jazzy/opt/gz_tools_vendor:/opt/ros/jazzy/opt/gz_ogre_next_vendor:/opt/ros/jazzy/opt/gz_dartsim_vendor:/opt/ros/jazzy/opt/gz_cmake_vendor:/opt/ros/jazzy LD_LIBRARY_PATH=/tmp/agrobot-next-build-ybgPHn/install/canopen_base_driver/lib:/tmp/agrobot-next-build-ybgPHn/install/canopen_core/lib:/tmp/agrobot-next-build-ybgPHn/install/lely_core_libraries/lib:/tmp/agrobot-next-build-ybgPHn/install/canopen_interfaces/lib:${LD_LIBRARY_PATH} PATH=/tmp/agrobot-next-build-ybgPHn/install/lely_core_libraries/bin:${PATH} PYTHONPATH=/tmp/agrobot-next-build-ybgPHn/install/lely_core_libraries/lib/python3.12/site-packages:/tmp/agrobot-next-build-ybgPHn/install/canopen_interfaces/lib/python3.12/site-packages:${PYTHONPATH} /usr/bin/cmake --build /tmp/agrobot-next-build-ybgPHn/build/canopen_proxy_driver -- -j16 -l16
[97.082s] DEBUG:colcon.colcon_core.event_handler.log_command:Invoked command in '/tmp/agrobot-next-build-ybgPHn/build/canopen_proxy_driver' returned '0': AMENT_PREFIX_PATH=/tmp/agrobot-next-build-ybgPHn/install/canopen_base_driver:/tmp/agrobot-next-build-ybgPHn/install/canopen_core:/tmp/agrobot-next-build-ybgPHn/install/lely_core_libraries:/tmp/agrobot-next-build-ybgPHn/install/canopen_interfaces:${AMENT_PREFIX_PATH} CMAKE_PREFIX_PATH=/tmp/agrobot-next-build-ybgPHn/install/canopen_base_driver:/tmp/agrobot-next-build-ybgPHn/install/canopen_core:/tmp/agrobot-next-build-ybgPHn/install/lely_core_libraries:/tmp/agrobot-next-build-ybgPHn/install/canopen_interfaces:/opt/ros/jazzy/opt/gz_sim_vendor:/opt/ros/jazzy/opt/gz_sensors_vendor:/opt/ros/jazzy/opt/gz_physics_vendor:/opt/ros/jazzy/opt/sdformat_vendor:/opt/ros/jazzy/opt/gz_gui_vendor:/opt/ros/jazzy/opt/gz_transport_vendor:/opt/ros/jazzy/opt/gz_rendering_vendor:/opt/ros/jazzy/opt/gz_plugin_vendor:/opt/ros/jazzy/opt/gz_fuel_tools_vendor:/opt/ros/jazzy/opt/gz_msgs_vendor:/opt/ros/jazzy/opt/gz_common_vendor:/opt/ros/jazzy/opt/gz_math_vendor:/opt/ros/jazzy/opt/gz_utils_vendor:/opt/ros/jazzy/opt/gz_tools_vendor:/opt/ros/jazzy/opt/gz_ogre_next_vendor:/opt/ros/jazzy/opt/gz_dartsim_vendor:/opt/ros/jazzy/opt/gz_cmake_vendor:/opt/ros/jazzy LD_LIBRARY_PATH=/tmp/agrobot-next-build-ybgPHn/install/canopen_base_driver/lib:/tmp/agrobot-next-build-ybgPHn/install/canopen_core/lib:/tmp/agrobot-next-build-ybgPHn/install/lely_core_libraries/lib:/tmp/agrobot-next-build-ybgPHn/install/canopen_interfaces/lib:${LD_LIBRARY_PATH} PATH=/tmp/agrobot-next-build-ybgPHn/install/lely_core_libraries/bin:${PATH} PYTHONPATH=/tmp/agrobot-next-build-ybgPHn/install/lely_core_libraries/lib/python3.12/site-packages:/tmp/agrobot-next-build-ybgPHn/install/canopen_interfaces/lib/python3.12/site-packages:${PYTHONPATH} /usr/bin/cmake --build /tmp/agrobot-next-build-ybgPHn/build/canopen_proxy_driver -- -j16 -l16
[97.082s] DEBUG:colcon.colcon_core.event_handler.log_command:Invoking command in '/tmp/agrobot-next-build-ybgPHn/build/canopen_proxy_driver': AMENT_PREFIX_PATH=/tmp/agrobot-next-build-ybgPHn/install/canopen_base_driver:/tmp/agrobot-next-build-ybgPHn/install/canopen_core:/tmp/agrobot-next-build-ybgPHn/install/lely_core_libraries:/tmp/agrobot-next-build-ybgPHn/install/canopen_interfaces:${AMENT_PREFIX_PATH} CMAKE_PREFIX_PATH=/tmp/agrobot-next-build-ybgPHn/install/canopen_base_driver:/tmp/agrobot-next-build-ybgPHn/install/canopen_core:/tmp/agrobot-next-build-ybgPHn/install/lely_core_libraries:/tmp/agrobot-next-build-ybgPHn/install/canopen_interfaces:/opt/ros/jazzy/opt/gz_sim_vendor:/opt/ros/jazzy/opt/gz_sensors_vendor:/opt/ros/jazzy/opt/gz_physics_vendor:/opt/ros/jazzy/opt/sdformat_vendor:/opt/ros/jazzy/opt/gz_gui_vendor:/opt/ros/jazzy/opt/gz_transport_vendor:/opt/ros/jazzy/opt/gz_rendering_vendor:/opt/ros/jazzy/opt/gz_plugin_vendor:/opt/ros/jazzy/opt/gz_fuel_tools_vendor:/opt/ros/jazzy/opt/gz_msgs_vendor:/opt/ros/jazzy/opt/gz_common_vendor:/opt/ros/jazzy/opt/gz_math_vendor:/opt/ros/jazzy/opt/gz_utils_vendor:/opt/ros/jazzy/opt/gz_tools_vendor:/opt/ros/jazzy/opt/gz_ogre_next_vendor:/opt/ros/jazzy/opt/gz_dartsim_vendor:/opt/ros/jazzy/opt/gz_cmake_vendor:/opt/ros/jazzy LD_LIBRARY_PATH=/tmp/agrobot-next-build-ybgPHn/install/canopen_base_driver/lib:/tmp/agrobot-next-build-ybgPHn/install/canopen_core/lib:/tmp/agrobot-next-build-ybgPHn/install/lely_core_libraries/lib:/tmp/agrobot-next-build-ybgPHn/install/canopen_interfaces/lib:${LD_LIBRARY_PATH} PATH=/tmp/agrobot-next-build-ybgPHn/install/lely_core_libraries/bin:${PATH} PYTHONPATH=/tmp/agrobot-next-build-ybgPHn/install/lely_core_libraries/lib/python3.12/site-packages:/tmp/agrobot-next-build-ybgPHn/install/canopen_interfaces/lib/python3.12/site-packages:${PYTHONPATH} /usr/bin/cmake --install /tmp/agrobot-next-build-ybgPHn/build/canopen_proxy_driver
[97.100s] Level 1:colcon.colcon_core.environment:create_environment_scripts_only(canopen_proxy_driver)
[97.100s] Level 1:colcon.colcon_core.environment:checking '/tmp/agrobot-next-build-ybgPHn/install/canopen_proxy_driver' for CMake module files
[97.101s] DEBUG:colcon.colcon_core.event_handler.log_command:Invoked command in '/tmp/agrobot-next-build-ybgPHn/build/canopen_proxy_driver' returned '0': AMENT_PREFIX_PATH=/tmp/agrobot-next-build-ybgPHn/install/canopen_base_driver:/tmp/agrobot-next-build-ybgPHn/install/canopen_core:/tmp/agrobot-next-build-ybgPHn/install/lely_core_libraries:/tmp/agrobot-next-build-ybgPHn/install/canopen_interfaces:${AMENT_PREFIX_PATH} CMAKE_PREFIX_PATH=/tmp/agrobot-next-build-ybgPHn/install/canopen_base_driver:/tmp/agrobot-next-build-ybgPHn/install/canopen_core:/tmp/agrobot-next-build-ybgPHn/install/lely_core_libraries:/tmp/agrobot-next-build-ybgPHn/install/canopen_interfaces:/opt/ros/jazzy/opt/gz_sim_vendor:/opt/ros/jazzy/opt/gz_sensors_vendor:/opt/ros/jazzy/opt/gz_physics_vendor:/opt/ros/jazzy/opt/sdformat_vendor:/opt/ros/jazzy/opt/gz_gui_vendor:/opt/ros/jazzy/opt/gz_transport_vendor:/opt/ros/jazzy/opt/gz_rendering_vendor:/opt/ros/jazzy/opt/gz_plugin_vendor:/opt/ros/jazzy/opt/gz_fuel_tools_vendor:/opt/ros/jazzy/opt/gz_msgs_vendor:/opt/ros/jazzy/opt/gz_common_vendor:/opt/ros/jazzy/opt/gz_math_vendor:/opt/ros/jazzy/opt/gz_utils_vendor:/opt/ros/jazzy/opt/gz_tools_vendor:/opt/ros/jazzy/opt/gz_ogre_next_vendor:/opt/ros/jazzy/opt/gz_dartsim_vendor:/opt/ros/jazzy/opt/gz_cmake_vendor:/opt/ros/jazzy LD_LIBRARY_PATH=/tmp/agrobot-next-build-ybgPHn/install/canopen_base_driver/lib:/tmp/agrobot-next-build-ybgPHn/install/canopen_core/lib:/tmp/agrobot-next-build-ybgPHn/install/lely_core_libraries/lib:/tmp/agrobot-next-build-ybgPHn/install/canopen_interfaces/lib:${LD_LIBRARY_PATH} PATH=/tmp/agrobot-next-build-ybgPHn/install/lely_core_libraries/bin:${PATH} PYTHONPATH=/tmp/agrobot-next-build-ybgPHn/install/lely_core_libraries/lib/python3.12/site-packages:/tmp/agrobot-next-build-ybgPHn/install/canopen_interfaces/lib/python3.12/site-packages:${PYTHONPATH} /usr/bin/cmake --install /tmp/agrobot-next-build-ybgPHn/build/canopen_proxy_driver
[97.101s] Level 1:colcon.colcon_core.environment:checking '/tmp/agrobot-next-build-ybgPHn/install/canopen_proxy_driver' for CMake config files
[97.101s] Level 1:colcon.colcon_core.shell:create_environment_hook('canopen_proxy_driver', 'cmake_prefix_path')
[97.101s] INFO:colcon.colcon_core.shell:Creating environment hook '/tmp/agrobot-next-build-ybgPHn/install/canopen_proxy_driver/share/canopen_proxy_driver/hook/cmake_prefix_path.ps1'
[97.102s] INFO:colcon.colcon_core.shell:Creating environment descriptor '/tmp/agrobot-next-build-ybgPHn/install/canopen_proxy_driver/share/canopen_proxy_driver/hook/cmake_prefix_path.dsv'
[97.102s] INFO:colcon.colcon_core.shell:Creating environment hook '/tmp/agrobot-next-build-ybgPHn/install/canopen_proxy_driver/share/canopen_proxy_driver/hook/cmake_prefix_path.sh'
[97.102s] Level 1:colcon.colcon_core.environment:checking '/tmp/agrobot-next-build-ybgPHn/install/canopen_proxy_driver/lib'
[97.102s] Level 1:colcon.colcon_core.shell:create_environment_hook('canopen_proxy_driver', 'ld_library_path_lib')
[97.103s] INFO:colcon.colcon_core.shell:Creating environment hook '/tmp/agrobot-next-build-ybgPHn/install/canopen_proxy_driver/share/canopen_proxy_driver/hook/ld_library_path_lib.ps1'
[97.103s] INFO:colcon.colcon_core.shell:Creating environment descriptor '/tmp/agrobot-next-build-ybgPHn/install/canopen_proxy_driver/share/canopen_proxy_driver/hook/ld_library_path_lib.dsv'
[97.103s] INFO:colcon.colcon_core.shell:Creating environment hook '/tmp/agrobot-next-build-ybgPHn/install/canopen_proxy_driver/share/canopen_proxy_driver/hook/ld_library_path_lib.sh'
[97.103s] Level 1:colcon.colcon_core.environment:checking '/tmp/agrobot-next-build-ybgPHn/install/canopen_proxy_driver/bin'
[97.103s] Level 1:colcon.colcon_core.environment:checking '/tmp/agrobot-next-build-ybgPHn/install/canopen_proxy_driver/lib/pkgconfig/canopen_proxy_driver.pc'
[97.103s] Level 1:colcon.colcon_core.environment:checking '/tmp/agrobot-next-build-ybgPHn/install/canopen_proxy_driver/lib/python3.12/site-packages'
[97.103s] Level 1:colcon.colcon_core.environment:checking '/tmp/agrobot-next-build-ybgPHn/install/canopen_proxy_driver/bin'
[97.104s] INFO:colcon.colcon_core.shell:Creating package script '/tmp/agrobot-next-build-ybgPHn/install/canopen_proxy_driver/share/canopen_proxy_driver/package.ps1'
[97.104s] INFO:colcon.colcon_core.shell:Creating package descriptor '/tmp/agrobot-next-build-ybgPHn/install/canopen_proxy_driver/share/canopen_proxy_driver/package.dsv'
[97.104s] INFO:colcon.colcon_core.shell:Creating package script '/tmp/agrobot-next-build-ybgPHn/install/canopen_proxy_driver/share/canopen_proxy_driver/package.sh'
[97.104s] INFO:colcon.colcon_core.shell:Creating package script '/tmp/agrobot-next-build-ybgPHn/install/canopen_proxy_driver/share/canopen_proxy_driver/package.bash'
[97.105s] INFO:colcon.colcon_core.shell:Creating package script '/tmp/agrobot-next-build-ybgPHn/install/canopen_proxy_driver/share/canopen_proxy_driver/package.zsh'
[97.105s] Level 1:colcon.colcon_core.environment:create_file_with_runtime_dependencies(/tmp/agrobot-next-build-ybgPHn/install/canopen_proxy_driver/share/colcon-core/packages/canopen_proxy_driver)
[97.105s] Level 1:colcon.colcon_core.environment:create_environment_scripts_only(canopen_proxy_driver)
[97.105s] Level 1:colcon.colcon_core.environment:checking '/tmp/agrobot-next-build-ybgPHn/install/canopen_proxy_driver' for CMake module files
[97.106s] Level 1:colcon.colcon_core.environment:checking '/tmp/agrobot-next-build-ybgPHn/install/canopen_proxy_driver' for CMake config files
[97.106s] Level 1:colcon.colcon_core.shell:create_environment_hook('canopen_proxy_driver', 'cmake_prefix_path')
[97.106s] INFO:colcon.colcon_core.shell:Creating environment hook '/tmp/agrobot-next-build-ybgPHn/install/canopen_proxy_driver/share/canopen_proxy_driver/hook/cmake_prefix_path.ps1'
[97.106s] INFO:colcon.colcon_core.shell:Creating environment descriptor '/tmp/agrobot-next-build-ybgPHn/install/canopen_proxy_driver/share/canopen_proxy_driver/hook/cmake_prefix_path.dsv'
[97.106s] INFO:colcon.colcon_core.shell:Creating environment hook '/tmp/agrobot-next-build-ybgPHn/install/canopen_proxy_driver/share/canopen_proxy_driver/hook/cmake_prefix_path.sh'
[97.106s] Level 1:colcon.colcon_core.environment:checking '/tmp/agrobot-next-build-ybgPHn/install/canopen_proxy_driver/lib'
[97.107s] Level 1:colcon.colcon_core.shell:create_environment_hook('canopen_proxy_driver', 'ld_library_path_lib')
[97.107s] INFO:colcon.colcon_core.shell:Creating environment hook '/tmp/agrobot-next-build-ybgPHn/install/canopen_proxy_driver/share/canopen_proxy_driver/hook/ld_library_path_lib.ps1'
[97.107s] INFO:colcon.colcon_core.shell:Creating environment descriptor '/tmp/agrobot-next-build-ybgPHn/install/canopen_proxy_driver/share/canopen_proxy_driver/hook/ld_library_path_lib.dsv'
[97.107s] INFO:colcon.colcon_core.shell:Creating environment hook '/tmp/agrobot-next-build-ybgPHn/install/canopen_proxy_driver/share/canopen_proxy_driver/hook/ld_library_path_lib.sh'
[97.107s] Level 1:colcon.colcon_core.environment:checking '/tmp/agrobot-next-build-ybgPHn/install/canopen_proxy_driver/bin'
[97.107s] Level 1:colcon.colcon_core.environment:checking '/tmp/agrobot-next-build-ybgPHn/install/canopen_proxy_driver/lib/pkgconfig/canopen_proxy_driver.pc'
[97.107s] Level 1:colcon.colcon_core.environment:checking '/tmp/agrobot-next-build-ybgPHn/install/canopen_proxy_driver/lib/python3.12/site-packages'
[97.107s] Level 1:colcon.colcon_core.environment:checking '/tmp/agrobot-next-build-ybgPHn/install/canopen_proxy_driver/bin'
[97.107s] INFO:colcon.colcon_core.shell:Creating package script '/tmp/agrobot-next-build-ybgPHn/install/canopen_proxy_driver/share/canopen_proxy_driver/package.ps1'
[97.108s] INFO:colcon.colcon_core.shell:Creating package descriptor '/tmp/agrobot-next-build-ybgPHn/install/canopen_proxy_driver/share/canopen_proxy_driver/package.dsv'
[97.108s] INFO:colcon.colcon_core.shell:Creating package script '/tmp/agrobot-next-build-ybgPHn/install/canopen_proxy_driver/share/canopen_proxy_driver/package.sh'
[97.108s] INFO:colcon.colcon_core.shell:Creating package script '/tmp/agrobot-next-build-ybgPHn/install/canopen_proxy_driver/share/canopen_proxy_driver/package.bash'
[97.108s] INFO:colcon.colcon_core.shell:Creating package script '/tmp/agrobot-next-build-ybgPHn/install/canopen_proxy_driver/share/canopen_proxy_driver/package.zsh'
[97.108s] Level 1:colcon.colcon_core.environment:create_file_with_runtime_dependencies(/tmp/agrobot-next-build-ybgPHn/install/canopen_proxy_driver/share/colcon-core/packages/canopen_proxy_driver)
[97.109s] INFO:colcon.colcon_ros.task.ament_cmake.build:Building ROS package in '/home/gsylvia/agrobot-reverse-engineering/Agrobot/src/ros2_canopen/canopen_402_driver' with build type 'ament_cmake'
[97.109s] INFO:colcon.colcon_cmake.task.cmake.build:Building CMake package in '/home/gsylvia/agrobot-reverse-engineering/Agrobot/src/ros2_canopen/canopen_402_driver'
[97.109s] INFO:colcon.colcon_core.shell:Skip shell extension 'powershell' for command environment: Not usable outside of PowerShell
[97.109s] DEBUG:colcon.colcon_core.shell:Skip shell extension 'dsv' for command environment
[97.713s] DEBUG:colcon.colcon_core.event_handler.log_command:Invoking command in '/tmp/agrobot-next-build-ybgPHn/build/canopen_402_driver': AMENT_PREFIX_PATH=/tmp/agrobot-next-build-ybgPHn/install/canopen_proxy_driver:/tmp/agrobot-next-build-ybgPHn/install/canopen_base_driver:/tmp/agrobot-next-build-ybgPHn/install/canopen_core:/tmp/agrobot-next-build-ybgPHn/install/lely_core_libraries:/tmp/agrobot-next-build-ybgPHn/install/canopen_interfaces:${AMENT_PREFIX_PATH} CMAKE_PREFIX_PATH=/tmp/agrobot-next-build-ybgPHn/install/canopen_proxy_driver:/tmp/agrobot-next-build-ybgPHn/install/canopen_base_driver:/tmp/agrobot-next-build-ybgPHn/install/canopen_core:/tmp/agrobot-next-build-ybgPHn/install/lely_core_libraries:/tmp/agrobot-next-build-ybgPHn/install/canopen_interfaces:/opt/ros/jazzy/opt/gz_sim_vendor:/opt/ros/jazzy/opt/gz_sensors_vendor:/opt/ros/jazzy/opt/gz_physics_vendor:/opt/ros/jazzy/opt/sdformat_vendor:/opt/ros/jazzy/opt/gz_gui_vendor:/opt/ros/jazzy/opt/gz_transport_vendor:/opt/ros/jazzy/opt/gz_rendering_vendor:/opt/ros/jazzy/opt/gz_plugin_vendor:/opt/ros/jazzy/opt/gz_fuel_tools_vendor:/opt/ros/jazzy/opt/gz_msgs_vendor:/opt/ros/jazzy/opt/gz_common_vendor:/opt/ros/jazzy/opt/gz_math_vendor:/opt/ros/jazzy/opt/gz_utils_vendor:/opt/ros/jazzy/opt/gz_tools_vendor:/opt/ros/jazzy/opt/gz_ogre_next_vendor:/opt/ros/jazzy/opt/gz_dartsim_vendor:/opt/ros/jazzy/opt/gz_cmake_vendor:/opt/ros/jazzy LD_LIBRARY_PATH=/tmp/agrobot-next-build-ybgPHn/install/canopen_proxy_driver/lib:/tmp/agrobot-next-build-ybgPHn/install/canopen_base_driver/lib:/tmp/agrobot-next-build-ybgPHn/install/canopen_core/lib:/tmp/agrobot-next-build-ybgPHn/install/lely_core_libraries/lib:/tmp/agrobot-next-build-ybgPHn/install/canopen_interfaces/lib:${LD_LIBRARY_PATH} PATH=/tmp/agrobot-next-build-ybgPHn/install/lely_core_libraries/bin:${PATH} PYTHONPATH=/tmp/agrobot-next-build-ybgPHn/install/lely_core_libraries/lib/python3.12/site-packages:/tmp/agrobot-next-build-ybgPHn/install/canopen_interfaces/lib/python3.12/site-packages:${PYTHONPATH} /usr/bin/cmake /home/gsylvia/agrobot-reverse-engineering/Agrobot/src/ros2_canopen/canopen_402_driver -DCMAKE_INSTALL_PREFIX=/tmp/agrobot-next-build-ybgPHn/install/canopen_402_driver
[100.663s] DEBUG:colcon.colcon_core.event_handler.log_command:Invoked command in '/tmp/agrobot-next-build-ybgPHn/build/canopen_402_driver' returned '0': AMENT_PREFIX_PATH=/tmp/agrobot-next-build-ybgPHn/install/canopen_proxy_driver:/tmp/agrobot-next-build-ybgPHn/install/canopen_base_driver:/tmp/agrobot-next-build-ybgPHn/install/canopen_core:/tmp/agrobot-next-build-ybgPHn/install/lely_core_libraries:/tmp/agrobot-next-build-ybgPHn/install/canopen_interfaces:${AMENT_PREFIX_PATH} CMAKE_PREFIX_PATH=/tmp/agrobot-next-build-ybgPHn/install/canopen_proxy_driver:/tmp/agrobot-next-build-ybgPHn/install/canopen_base_driver:/tmp/agrobot-next-build-ybgPHn/install/canopen_core:/tmp/agrobot-next-build-ybgPHn/install/lely_core_libraries:/tmp/agrobot-next-build-ybgPHn/install/canopen_interfaces:/opt/ros/jazzy/opt/gz_sim_vendor:/opt/ros/jazzy/opt/gz_sensors_vendor:/opt/ros/jazzy/opt/gz_physics_vendor:/opt/ros/jazzy/opt/sdformat_vendor:/opt/ros/jazzy/opt/gz_gui_vendor:/opt/ros/jazzy/opt/gz_transport_vendor:/opt/ros/jazzy/opt/gz_rendering_vendor:/opt/ros/jazzy/opt/gz_plugin_vendor:/opt/ros/jazzy/opt/gz_fuel_tools_vendor:/opt/ros/jazzy/opt/gz_msgs_vendor:/opt/ros/jazzy/opt/gz_common_vendor:/opt/ros/jazzy/opt/gz_math_vendor:/opt/ros/jazzy/opt/gz_utils_vendor:/opt/ros/jazzy/opt/gz_tools_vendor:/opt/ros/jazzy/opt/gz_ogre_next_vendor:/opt/ros/jazzy/opt/gz_dartsim_vendor:/opt/ros/jazzy/opt/gz_cmake_vendor:/opt/ros/jazzy LD_LIBRARY_PATH=/tmp/agrobot-next-build-ybgPHn/install/canopen_proxy_driver/lib:/tmp/agrobot-next-build-ybgPHn/install/canopen_base_driver/lib:/tmp/agrobot-next-build-ybgPHn/install/canopen_core/lib:/tmp/agrobot-next-build-ybgPHn/install/lely_core_libraries/lib:/tmp/agrobot-next-build-ybgPHn/install/canopen_interfaces/lib:${LD_LIBRARY_PATH} PATH=/tmp/agrobot-next-build-ybgPHn/install/lely_core_libraries/bin:${PATH} PYTHONPATH=/tmp/agrobot-next-build-ybgPHn/install/lely_core_libraries/lib/python3.12/site-packages:/tmp/agrobot-next-build-ybgPHn/install/canopen_interfaces/lib/python3.12/site-packages:${PYTHONPATH} /usr/bin/cmake /home/gsylvia/agrobot-reverse-engineering/Agrobot/src/ros2_canopen/canopen_402_driver -DCMAKE_INSTALL_PREFIX=/tmp/agrobot-next-build-ybgPHn/install/canopen_402_driver
[100.663s] DEBUG:colcon.colcon_core.event_handler.log_command:Invoking command in '/tmp/agrobot-next-build-ybgPHn/build/canopen_402_driver': AMENT_PREFIX_PATH=/tmp/agrobot-next-build-ybgPHn/install/canopen_proxy_driver:/tmp/agrobot-next-build-ybgPHn/install/canopen_base_driver:/tmp/agrobot-next-build-ybgPHn/install/canopen_core:/tmp/agrobot-next-build-ybgPHn/install/lely_core_libraries:/tmp/agrobot-next-build-ybgPHn/install/canopen_interfaces:${AMENT_PREFIX_PATH} CMAKE_PREFIX_PATH=/tmp/agrobot-next-build-ybgPHn/install/canopen_proxy_driver:/tmp/agrobot-next-build-ybgPHn/install/canopen_base_driver:/tmp/agrobot-next-build-ybgPHn/install/canopen_core:/tmp/agrobot-next-build-ybgPHn/install/lely_core_libraries:/tmp/agrobot-next-build-ybgPHn/install/canopen_interfaces:/opt/ros/jazzy/opt/gz_sim_vendor:/opt/ros/jazzy/opt/gz_sensors_vendor:/opt/ros/jazzy/opt/gz_physics_vendor:/opt/ros/jazzy/opt/sdformat_vendor:/opt/ros/jazzy/opt/gz_gui_vendor:/opt/ros/jazzy/opt/gz_transport_vendor:/opt/ros/jazzy/opt/gz_rendering_vendor:/opt/ros/jazzy/opt/gz_plugin_vendor:/opt/ros/jazzy/opt/gz_fuel_tools_vendor:/opt/ros/jazzy/opt/gz_msgs_vendor:/opt/ros/jazzy/opt/gz_common_vendor:/opt/ros/jazzy/opt/gz_math_vendor:/opt/ros/jazzy/opt/gz_utils_vendor:/opt/ros/jazzy/opt/gz_tools_vendor:/opt/ros/jazzy/opt/gz_ogre_next_vendor:/opt/ros/jazzy/opt/gz_dartsim_vendor:/opt/ros/jazzy/opt/gz_cmake_vendor:/opt/ros/jazzy LD_LIBRARY_PATH=/tmp/agrobot-next-build-ybgPHn/install/canopen_proxy_driver/lib:/tmp/agrobot-next-build-ybgPHn/install/canopen_base_driver/lib:/tmp/agrobot-next-build-ybgPHn/install/canopen_core/lib:/tmp/agrobot-next-build-ybgPHn/install/lely_core_libraries/lib:/tmp/agrobot-next-build-ybgPHn/install/canopen_interfaces/lib:${LD_LIBRARY_PATH} PATH=/tmp/agrobot-next-build-ybgPHn/install/lely_core_libraries/bin:${PATH} PYTHONPATH=/tmp/agrobot-next-build-ybgPHn/install/lely_core_libraries/lib/python3.12/site-packages:/tmp/agrobot-next-build-ybgPHn/install/canopen_interfaces/lib/python3.12/site-packages:${PYTHONPATH} /usr/bin/cmake --build /tmp/agrobot-next-build-ybgPHn/build/canopen_402_driver -- -j16 -l16
[118.113s] DEBUG:colcon.colcon_core.event_handler.log_command:Invoked command in '/tmp/agrobot-next-build-ybgPHn/build/canopen_402_driver' returned '0': AMENT_PREFIX_PATH=/tmp/agrobot-next-build-ybgPHn/install/canopen_proxy_driver:/tmp/agrobot-next-build-ybgPHn/install/canopen_base_driver:/tmp/agrobot-next-build-ybgPHn/install/canopen_core:/tmp/agrobot-next-build-ybgPHn/install/lely_core_libraries:/tmp/agrobot-next-build-ybgPHn/install/canopen_interfaces:${AMENT_PREFIX_PATH} CMAKE_PREFIX_PATH=/tmp/agrobot-next-build-ybgPHn/install/canopen_proxy_driver:/tmp/agrobot-next-build-ybgPHn/install/canopen_base_driver:/tmp/agrobot-next-build-ybgPHn/install/canopen_core:/tmp/agrobot-next-build-ybgPHn/install/lely_core_libraries:/tmp/agrobot-next-build-ybgPHn/install/canopen_interfaces:/opt/ros/jazzy/opt/gz_sim_vendor:/opt/ros/jazzy/opt/gz_sensors_vendor:/opt/ros/jazzy/opt/gz_physics_vendor:/opt/ros/jazzy/opt/sdformat_vendor:/opt/ros/jazzy/opt/gz_gui_vendor:/opt/ros/jazzy/opt/gz_transport_vendor:/opt/ros/jazzy/opt/gz_rendering_vendor:/opt/ros/jazzy/opt/gz_plugin_vendor:/opt/ros/jazzy/opt/gz_fuel_tools_vendor:/opt/ros/jazzy/opt/gz_msgs_vendor:/opt/ros/jazzy/opt/gz_common_vendor:/opt/ros/jazzy/opt/gz_math_vendor:/opt/ros/jazzy/opt/gz_utils_vendor:/opt/ros/jazzy/opt/gz_tools_vendor:/opt/ros/jazzy/opt/gz_ogre_next_vendor:/opt/ros/jazzy/opt/gz_dartsim_vendor:/opt/ros/jazzy/opt/gz_cmake_vendor:/opt/ros/jazzy LD_LIBRARY_PATH=/tmp/agrobot-next-build-ybgPHn/install/canopen_proxy_driver/lib:/tmp/agrobot-next-build-ybgPHn/install/canopen_base_driver/lib:/tmp/agrobot-next-build-ybgPHn/install/canopen_core/lib:/tmp/agrobot-next-build-ybgPHn/install/lely_core_libraries/lib:/tmp/agrobot-next-build-ybgPHn/install/canopen_interfaces/lib:${LD_LIBRARY_PATH} PATH=/tmp/agrobot-next-build-ybgPHn/install/lely_core_libraries/bin:${PATH} PYTHONPATH=/tmp/agrobot-next-build-ybgPHn/install/lely_core_libraries/lib/python3.12/site-packages:/tmp/agrobot-next-build-ybgPHn/install/canopen_interfaces/lib/python3.12/site-packages:${PYTHONPATH} /usr/bin/cmake --build /tmp/agrobot-next-build-ybgPHn/build/canopen_402_driver -- -j16 -l16
[118.113s] DEBUG:colcon.colcon_core.event_handler.log_command:Invoking command in '/tmp/agrobot-next-build-ybgPHn/build/canopen_402_driver': AMENT_PREFIX_PATH=/tmp/agrobot-next-build-ybgPHn/install/canopen_proxy_driver:/tmp/agrobot-next-build-ybgPHn/install/canopen_base_driver:/tmp/agrobot-next-build-ybgPHn/install/canopen_core:/tmp/agrobot-next-build-ybgPHn/install/lely_core_libraries:/tmp/agrobot-next-build-ybgPHn/install/canopen_interfaces:${AMENT_PREFIX_PATH} CMAKE_PREFIX_PATH=/tmp/agrobot-next-build-ybgPHn/install/canopen_proxy_driver:/tmp/agrobot-next-build-ybgPHn/install/canopen_base_driver:/tmp/agrobot-next-build-ybgPHn/install/canopen_core:/tmp/agrobot-next-build-ybgPHn/install/lely_core_libraries:/tmp/agrobot-next-build-ybgPHn/install/canopen_interfaces:/opt/ros/jazzy/opt/gz_sim_vendor:/opt/ros/jazzy/opt/gz_sensors_vendor:/opt/ros/jazzy/opt/gz_physics_vendor:/opt/ros/jazzy/opt/sdformat_vendor:/opt/ros/jazzy/opt/gz_gui_vendor:/opt/ros/jazzy/opt/gz_transport_vendor:/opt/ros/jazzy/opt/gz_rendering_vendor:/opt/ros/jazzy/opt/gz_plugin_vendor:/opt/ros/jazzy/opt/gz_fuel_tools_vendor:/opt/ros/jazzy/opt/gz_msgs_vendor:/opt/ros/jazzy/opt/gz_common_vendor:/opt/ros/jazzy/opt/gz_math_vendor:/opt/ros/jazzy/opt/gz_utils_vendor:/opt/ros/jazzy/opt/gz_tools_vendor:/opt/ros/jazzy/opt/gz_ogre_next_vendor:/opt/ros/jazzy/opt/gz_dartsim_vendor:/opt/ros/jazzy/opt/gz_cmake_vendor:/opt/ros/jazzy LD_LIBRARY_PATH=/tmp/agrobot-next-build-ybgPHn/install/canopen_proxy_driver/lib:/tmp/agrobot-next-build-ybgPHn/install/canopen_base_driver/lib:/tmp/agrobot-next-build-ybgPHn/install/canopen_core/lib:/tmp/agrobot-next-build-ybgPHn/install/lely_core_libraries/lib:/tmp/agrobot-next-build-ybgPHn/install/canopen_interfaces/lib:${LD_LIBRARY_PATH} PATH=/tmp/agrobot-next-build-ybgPHn/install/lely_core_libraries/bin:${PATH} PYTHONPATH=/tmp/agrobot-next-build-ybgPHn/install/lely_core_libraries/lib/python3.12/site-packages:/tmp/agrobot-next-build-ybgPHn/install/canopen_interfaces/lib/python3.12/site-packages:${PYTHONPATH} /usr/bin/cmake --install /tmp/agrobot-next-build-ybgPHn/build/canopen_402_driver
[118.129s] Level 1:colcon.colcon_core.environment:create_environment_scripts_only(canopen_402_driver)
[118.129s] Level 1:colcon.colcon_core.environment:checking '/tmp/agrobot-next-build-ybgPHn/install/canopen_402_driver' for CMake module files
[118.130s] DEBUG:colcon.colcon_core.event_handler.log_command:Invoked command in '/tmp/agrobot-next-build-ybgPHn/build/canopen_402_driver' returned '0': AMENT_PREFIX_PATH=/tmp/agrobot-next-build-ybgPHn/install/canopen_proxy_driver:/tmp/agrobot-next-build-ybgPHn/install/canopen_base_driver:/tmp/agrobot-next-build-ybgPHn/install/canopen_core:/tmp/agrobot-next-build-ybgPHn/install/lely_core_libraries:/tmp/agrobot-next-build-ybgPHn/install/canopen_interfaces:${AMENT_PREFIX_PATH} CMAKE_PREFIX_PATH=/tmp/agrobot-next-build-ybgPHn/install/canopen_proxy_driver:/tmp/agrobot-next-build-ybgPHn/install/canopen_base_driver:/tmp/agrobot-next-build-ybgPHn/install/canopen_core:/tmp/agrobot-next-build-ybgPHn/install/lely_core_libraries:/tmp/agrobot-next-build-ybgPHn/install/canopen_interfaces:/opt/ros/jazzy/opt/gz_sim_vendor:/opt/ros/jazzy/opt/gz_sensors_vendor:/opt/ros/jazzy/opt/gz_physics_vendor:/opt/ros/jazzy/opt/sdformat_vendor:/opt/ros/jazzy/opt/gz_gui_vendor:/opt/ros/jazzy/opt/gz_transport_vendor:/opt/ros/jazzy/opt/gz_rendering_vendor:/opt/ros/jazzy/opt/gz_plugin_vendor:/opt/ros/jazzy/opt/gz_fuel_tools_vendor:/opt/ros/jazzy/opt/gz_msgs_vendor:/opt/ros/jazzy/opt/gz_common_vendor:/opt/ros/jazzy/opt/gz_math_vendor:/opt/ros/jazzy/opt/gz_utils_vendor:/opt/ros/jazzy/opt/gz_tools_vendor:/opt/ros/jazzy/opt/gz_ogre_next_vendor:/opt/ros/jazzy/opt/gz_dartsim_vendor:/opt/ros/jazzy/opt/gz_cmake_vendor:/opt/ros/jazzy LD_LIBRARY_PATH=/tmp/agrobot-next-build-ybgPHn/install/canopen_proxy_driver/lib:/tmp/agrobot-next-build-ybgPHn/install/canopen_base_driver/lib:/tmp/agrobot-next-build-ybgPHn/install/canopen_core/lib:/tmp/agrobot-next-build-ybgPHn/install/lely_core_libraries/lib:/tmp/agrobot-next-build-ybgPHn/install/canopen_interfaces/lib:${LD_LIBRARY_PATH} PATH=/tmp/agrobot-next-build-ybgPHn/install/lely_core_libraries/bin:${PATH} PYTHONPATH=/tmp/agrobot-next-build-ybgPHn/install/lely_core_libraries/lib/python3.12/site-packages:/tmp/agrobot-next-build-ybgPHn/install/canopen_interfaces/lib/python3.12/site-packages:${PYTHONPATH} /usr/bin/cmake --install /tmp/agrobot-next-build-ybgPHn/build/canopen_402_driver
[118.130s] Level 1:colcon.colcon_core.environment:checking '/tmp/agrobot-next-build-ybgPHn/install/canopen_402_driver' for CMake config files
[118.130s] Level 1:colcon.colcon_core.shell:create_environment_hook('canopen_402_driver', 'cmake_prefix_path')
[118.130s] INFO:colcon.colcon_core.shell:Creating environment hook '/tmp/agrobot-next-build-ybgPHn/install/canopen_402_driver/share/canopen_402_driver/hook/cmake_prefix_path.ps1'
[118.131s] INFO:colcon.colcon_core.shell:Creating environment descriptor '/tmp/agrobot-next-build-ybgPHn/install/canopen_402_driver/share/canopen_402_driver/hook/cmake_prefix_path.dsv'
[118.131s] INFO:colcon.colcon_core.shell:Creating environment hook '/tmp/agrobot-next-build-ybgPHn/install/canopen_402_driver/share/canopen_402_driver/hook/cmake_prefix_path.sh'
[118.131s] Level 1:colcon.colcon_core.environment:checking '/tmp/agrobot-next-build-ybgPHn/install/canopen_402_driver/lib'
[118.131s] Level 1:colcon.colcon_core.shell:create_environment_hook('canopen_402_driver', 'ld_library_path_lib')
[118.131s] INFO:colcon.colcon_core.shell:Creating environment hook '/tmp/agrobot-next-build-ybgPHn/install/canopen_402_driver/share/canopen_402_driver/hook/ld_library_path_lib.ps1'
[118.131s] INFO:colcon.colcon_core.shell:Creating environment descriptor '/tmp/agrobot-next-build-ybgPHn/install/canopen_402_driver/share/canopen_402_driver/hook/ld_library_path_lib.dsv'
[118.132s] INFO:colcon.colcon_core.shell:Creating environment hook '/tmp/agrobot-next-build-ybgPHn/install/canopen_402_driver/share/canopen_402_driver/hook/ld_library_path_lib.sh'
[118.132s] Level 1:colcon.colcon_core.environment:checking '/tmp/agrobot-next-build-ybgPHn/install/canopen_402_driver/bin'
[118.132s] Level 1:colcon.colcon_core.environment:checking '/tmp/agrobot-next-build-ybgPHn/install/canopen_402_driver/lib/pkgconfig/canopen_402_driver.pc'
[118.132s] Level 1:colcon.colcon_core.environment:checking '/tmp/agrobot-next-build-ybgPHn/install/canopen_402_driver/lib/python3.12/site-packages'
[118.132s] Level 1:colcon.colcon_core.environment:checking '/tmp/agrobot-next-build-ybgPHn/install/canopen_402_driver/bin'
[118.132s] INFO:colcon.colcon_core.shell:Creating package script '/tmp/agrobot-next-build-ybgPHn/install/canopen_402_driver/share/canopen_402_driver/package.ps1'
[118.133s] INFO:colcon.colcon_core.shell:Creating package descriptor '/tmp/agrobot-next-build-ybgPHn/install/canopen_402_driver/share/canopen_402_driver/package.dsv'
[118.133s] INFO:colcon.colcon_core.shell:Creating package script '/tmp/agrobot-next-build-ybgPHn/install/canopen_402_driver/share/canopen_402_driver/package.sh'
[118.133s] INFO:colcon.colcon_core.shell:Creating package script '/tmp/agrobot-next-build-ybgPHn/install/canopen_402_driver/share/canopen_402_driver/package.bash'
[118.134s] INFO:colcon.colcon_core.shell:Creating package script '/tmp/agrobot-next-build-ybgPHn/install/canopen_402_driver/share/canopen_402_driver/package.zsh'
[118.134s] Level 1:colcon.colcon_core.environment:create_file_with_runtime_dependencies(/tmp/agrobot-next-build-ybgPHn/install/canopen_402_driver/share/colcon-core/packages/canopen_402_driver)
[118.134s] Level 1:colcon.colcon_core.environment:create_environment_scripts_only(canopen_402_driver)
[118.134s] Level 1:colcon.colcon_core.environment:checking '/tmp/agrobot-next-build-ybgPHn/install/canopen_402_driver' for CMake module files
[118.135s] Level 1:colcon.colcon_core.environment:checking '/tmp/agrobot-next-build-ybgPHn/install/canopen_402_driver' for CMake config files
[118.135s] Level 1:colcon.colcon_core.shell:create_environment_hook('canopen_402_driver', 'cmake_prefix_path')
[118.135s] INFO:colcon.colcon_core.shell:Creating environment hook '/tmp/agrobot-next-build-ybgPHn/install/canopen_402_driver/share/canopen_402_driver/hook/cmake_prefix_path.ps1'
[118.135s] INFO:colcon.colcon_core.shell:Creating environment descriptor '/tmp/agrobot-next-build-ybgPHn/install/canopen_402_driver/share/canopen_402_driver/hook/cmake_prefix_path.dsv'
[118.135s] INFO:colcon.colcon_core.shell:Creating environment hook '/tmp/agrobot-next-build-ybgPHn/install/canopen_402_driver/share/canopen_402_driver/hook/cmake_prefix_path.sh'
[118.135s] Level 1:colcon.colcon_core.environment:checking '/tmp/agrobot-next-build-ybgPHn/install/canopen_402_driver/lib'
[118.135s] Level 1:colcon.colcon_core.shell:create_environment_hook('canopen_402_driver', 'ld_library_path_lib')
[118.135s] INFO:colcon.colcon_core.shell:Creating environment hook '/tmp/agrobot-next-build-ybgPHn/install/canopen_402_driver/share/canopen_402_driver/hook/ld_library_path_lib.ps1'
[118.136s] INFO:colcon.colcon_core.shell:Creating environment descriptor '/tmp/agrobot-next-build-ybgPHn/install/canopen_402_driver/share/canopen_402_driver/hook/ld_library_path_lib.dsv'
[118.136s] INFO:colcon.colcon_core.shell:Creating environment hook '/tmp/agrobot-next-build-ybgPHn/install/canopen_402_driver/share/canopen_402_driver/hook/ld_library_path_lib.sh'
[118.136s] Level 1:colcon.colcon_core.environment:checking '/tmp/agrobot-next-build-ybgPHn/install/canopen_402_driver/bin'
[118.136s] Level 1:colcon.colcon_core.environment:checking '/tmp/agrobot-next-build-ybgPHn/install/canopen_402_driver/lib/pkgconfig/canopen_402_driver.pc'
[118.136s] Level 1:colcon.colcon_core.environment:checking '/tmp/agrobot-next-build-ybgPHn/install/canopen_402_driver/lib/python3.12/site-packages'
[118.136s] Level 1:colcon.colcon_core.environment:checking '/tmp/agrobot-next-build-ybgPHn/install/canopen_402_driver/bin'
[118.136s] INFO:colcon.colcon_core.shell:Creating package script '/tmp/agrobot-next-build-ybgPHn/install/canopen_402_driver/share/canopen_402_driver/package.ps1'
[118.137s] INFO:colcon.colcon_core.shell:Creating package descriptor '/tmp/agrobot-next-build-ybgPHn/install/canopen_402_driver/share/canopen_402_driver/package.dsv'
[118.137s] INFO:colcon.colcon_core.shell:Creating package script '/tmp/agrobot-next-build-ybgPHn/install/canopen_402_driver/share/canopen_402_driver/package.sh'
[118.137s] INFO:colcon.colcon_core.shell:Creating package script '/tmp/agrobot-next-build-ybgPHn/install/canopen_402_driver/share/canopen_402_driver/package.bash'
[118.137s] INFO:colcon.colcon_core.shell:Creating package script '/tmp/agrobot-next-build-ybgPHn/install/canopen_402_driver/share/canopen_402_driver/package.zsh'
[118.137s] Level 1:colcon.colcon_core.environment:create_file_with_runtime_dependencies(/tmp/agrobot-next-build-ybgPHn/install/canopen_402_driver/share/colcon-core/packages/canopen_402_driver)
[118.137s] INFO:colcon.colcon_ros.task.ament_cmake.build:Building ROS package in '/home/gsylvia/agrobot-reverse-engineering/Agrobot/src/ros2_canopen/canopen_ros2_controllers' with build type 'ament_cmake'
[118.138s] INFO:colcon.colcon_cmake.task.cmake.build:Building CMake package in '/home/gsylvia/agrobot-reverse-engineering/Agrobot/src/ros2_canopen/canopen_ros2_controllers'
[118.138s] INFO:colcon.colcon_core.shell:Skip shell extension 'powershell' for command environment: Not usable outside of PowerShell
[118.138s] DEBUG:colcon.colcon_core.shell:Skip shell extension 'dsv' for command environment
[118.141s] INFO:colcon.colcon_ros.task.ament_cmake.build:Building ROS package in '/home/gsylvia/agrobot-reverse-engineering/Agrobot/src/ros2_canopen/canopen' with build type 'ament_cmake'
[118.141s] INFO:colcon.colcon_cmake.task.cmake.build:Building CMake package in '/home/gsylvia/agrobot-reverse-engineering/Agrobot/src/ros2_canopen/canopen'
[118.141s] INFO:colcon.colcon_core.shell:Skip shell extension 'powershell' for command environment: Not usable outside of PowerShell
[118.141s] DEBUG:colcon.colcon_core.shell:Skip shell extension 'dsv' for command environment
[118.144s] INFO:colcon.colcon_ros.task.ament_cmake.build:Building ROS package in '/home/gsylvia/agrobot-reverse-engineering/Agrobot/src/ros2_canopen/canopen_ros2_control' with build type 'ament_cmake'
[118.144s] INFO:colcon.colcon_cmake.task.cmake.build:Building CMake package in '/home/gsylvia/agrobot-reverse-engineering/Agrobot/src/ros2_canopen/canopen_ros2_control'
[118.144s] INFO:colcon.colcon_core.shell:Skip shell extension 'powershell' for command environment: Not usable outside of PowerShell
[118.144s] DEBUG:colcon.colcon_core.shell:Skip shell extension 'dsv' for command environment
[118.669s] DEBUG:colcon.colcon_core.event_handler.log_command:Invoking command in '/tmp/agrobot-next-build-ybgPHn/build/canopen_ros2_controllers': AMENT_PREFIX_PATH=/tmp/agrobot-next-build-ybgPHn/install/canopen_402_driver:/tmp/agrobot-next-build-ybgPHn/install/canopen_proxy_driver:/tmp/agrobot-next-build-ybgPHn/install/canopen_base_driver:/tmp/agrobot-next-build-ybgPHn/install/canopen_core:/tmp/agrobot-next-build-ybgPHn/install/lely_core_libraries:/tmp/agrobot-next-build-ybgPHn/install/canopen_interfaces:${AMENT_PREFIX_PATH} CMAKE_PREFIX_PATH=/tmp/agrobot-next-build-ybgPHn/install/canopen_402_driver:/tmp/agrobot-next-build-ybgPHn/install/canopen_proxy_driver:/tmp/agrobot-next-build-ybgPHn/install/canopen_base_driver:/tmp/agrobot-next-build-ybgPHn/install/canopen_core:/tmp/agrobot-next-build-ybgPHn/install/lely_core_libraries:/tmp/agrobot-next-build-ybgPHn/install/canopen_interfaces:/opt/ros/jazzy/opt/gz_sim_vendor:/opt/ros/jazzy/opt/gz_sensors_vendor:/opt/ros/jazzy/opt/gz_physics_vendor:/opt/ros/jazzy/opt/sdformat_vendor:/opt/ros/jazzy/opt/gz_gui_vendor:/opt/ros/jazzy/opt/gz_transport_vendor:/opt/ros/jazzy/opt/gz_rendering_vendor:/opt/ros/jazzy/opt/gz_plugin_vendor:/opt/ros/jazzy/opt/gz_fuel_tools_vendor:/opt/ros/jazzy/opt/gz_msgs_vendor:/opt/ros/jazzy/opt/gz_common_vendor:/opt/ros/jazzy/opt/gz_math_vendor:/opt/ros/jazzy/opt/gz_utils_vendor:/opt/ros/jazzy/opt/gz_tools_vendor:/opt/ros/jazzy/opt/gz_ogre_next_vendor:/opt/ros/jazzy/opt/gz_dartsim_vendor:/opt/ros/jazzy/opt/gz_cmake_vendor:/opt/ros/jazzy LD_LIBRARY_PATH=/tmp/agrobot-next-build-ybgPHn/install/canopen_402_driver/lib:/tmp/agrobot-next-build-ybgPHn/install/canopen_proxy_driver/lib:/tmp/agrobot-next-build-ybgPHn/install/canopen_base_driver/lib:/tmp/agrobot-next-build-ybgPHn/install/canopen_core/lib:/tmp/agrobot-next-build-ybgPHn/install/lely_core_libraries/lib:/tmp/agrobot-next-build-ybgPHn/install/canopen_interfaces/lib:${LD_LIBRARY_PATH} PATH=/tmp/agrobot-next-build-ybgPHn/install/lely_core_libraries/bin:${PATH} PYTHONPATH=/tmp/agrobot-next-build-ybgPHn/install/lely_core_libraries/lib/python3.12/site-packages:/tmp/agrobot-next-build-ybgPHn/install/canopen_interfaces/lib/python3.12/site-packages:${PYTHONPATH} /usr/bin/cmake /home/gsylvia/agrobot-reverse-engineering/Agrobot/src/ros2_canopen/canopen_ros2_controllers -DCMAKE_INSTALL_PREFIX=/tmp/agrobot-next-build-ybgPHn/install/canopen_ros2_controllers
[118.703s] DEBUG:colcon.colcon_core.event_handler.log_command:Invoking command in '/tmp/agrobot-next-build-ybgPHn/build/canopen': AMENT_PREFIX_PATH=/tmp/agrobot-next-build-ybgPHn/install/canopen_402_driver:/tmp/agrobot-next-build-ybgPHn/install/canopen_proxy_driver:/tmp/agrobot-next-build-ybgPHn/install/canopen_base_driver:/tmp/agrobot-next-build-ybgPHn/install/canopen_core:/tmp/agrobot-next-build-ybgPHn/install/lely_core_libraries:/tmp/agrobot-next-build-ybgPHn/install/canopen_interfaces:${AMENT_PREFIX_PATH} CMAKE_PREFIX_PATH=/tmp/agrobot-next-build-ybgPHn/install/canopen_402_driver:/tmp/agrobot-next-build-ybgPHn/install/canopen_proxy_driver:/tmp/agrobot-next-build-ybgPHn/install/canopen_base_driver:/tmp/agrobot-next-build-ybgPHn/install/canopen_core:/tmp/agrobot-next-build-ybgPHn/install/lely_core_libraries:/tmp/agrobot-next-build-ybgPHn/install/canopen_interfaces:/opt/ros/jazzy/opt/gz_sim_vendor:/opt/ros/jazzy/opt/gz_sensors_vendor:/opt/ros/jazzy/opt/gz_physics_vendor:/opt/ros/jazzy/opt/sdformat_vendor:/opt/ros/jazzy/opt/gz_gui_vendor:/opt/ros/jazzy/opt/gz_transport_vendor:/opt/ros/jazzy/opt/gz_rendering_vendor:/opt/ros/jazzy/opt/gz_plugin_vendor:/opt/ros/jazzy/opt/gz_fuel_tools_vendor:/opt/ros/jazzy/opt/gz_msgs_vendor:/opt/ros/jazzy/opt/gz_common_vendor:/opt/ros/jazzy/opt/gz_math_vendor:/opt/ros/jazzy/opt/gz_utils_vendor:/opt/ros/jazzy/opt/gz_tools_vendor:/opt/ros/jazzy/opt/gz_ogre_next_vendor:/opt/ros/jazzy/opt/gz_dartsim_vendor:/opt/ros/jazzy/opt/gz_cmake_vendor:/opt/ros/jazzy LD_LIBRARY_PATH=/tmp/agrobot-next-build-ybgPHn/install/canopen_402_driver/lib:/tmp/agrobot-next-build-ybgPHn/install/canopen_proxy_driver/lib:/tmp/agrobot-next-build-ybgPHn/install/canopen_base_driver/lib:/tmp/agrobot-next-build-ybgPHn/install/canopen_core/lib:/tmp/agrobot-next-build-ybgPHn/install/lely_core_libraries/lib:/tmp/agrobot-next-build-ybgPHn/install/canopen_interfaces/lib:${LD_LIBRARY_PATH} PATH=/tmp/agrobot-next-build-ybgPHn/install/lely_core_libraries/bin:${PATH} PYTHONPATH=/tmp/agrobot-next-build-ybgPHn/install/lely_core_libraries/lib/python3.12/site-packages:/tmp/agrobot-next-build-ybgPHn/install/canopen_interfaces/lib/python3.12/site-packages:${PYTHONPATH} /usr/bin/cmake /home/gsylvia/agrobot-reverse-engineering/Agrobot/src/ros2_canopen/canopen -DCMAKE_INSTALL_PREFIX=/tmp/agrobot-next-build-ybgPHn/install/canopen
[118.747s] DEBUG:colcon.colcon_core.event_handler.log_command:Invoking command in '/tmp/agrobot-next-build-ybgPHn/build/canopen_ros2_control': AMENT_PREFIX_PATH=/tmp/agrobot-next-build-ybgPHn/install/canopen_402_driver:/tmp/agrobot-next-build-ybgPHn/install/canopen_proxy_driver:/tmp/agrobot-next-build-ybgPHn/install/canopen_base_driver:/tmp/agrobot-next-build-ybgPHn/install/canopen_core:/tmp/agrobot-next-build-ybgPHn/install/lely_core_libraries:/tmp/agrobot-next-build-ybgPHn/install/canopen_interfaces:${AMENT_PREFIX_PATH} CMAKE_PREFIX_PATH=/tmp/agrobot-next-build-ybgPHn/install/canopen_402_driver:/tmp/agrobot-next-build-ybgPHn/install/canopen_proxy_driver:/tmp/agrobot-next-build-ybgPHn/install/canopen_base_driver:/tmp/agrobot-next-build-ybgPHn/install/canopen_core:/tmp/agrobot-next-build-ybgPHn/install/lely_core_libraries:/tmp/agrobot-next-build-ybgPHn/install/canopen_interfaces:/opt/ros/jazzy/opt/gz_sim_vendor:/opt/ros/jazzy/opt/gz_sensors_vendor:/opt/ros/jazzy/opt/gz_physics_vendor:/opt/ros/jazzy/opt/sdformat_vendor:/opt/ros/jazzy/opt/gz_gui_vendor:/opt/ros/jazzy/opt/gz_transport_vendor:/opt/ros/jazzy/opt/gz_rendering_vendor:/opt/ros/jazzy/opt/gz_plugin_vendor:/opt/ros/jazzy/opt/gz_fuel_tools_vendor:/opt/ros/jazzy/opt/gz_msgs_vendor:/opt/ros/jazzy/opt/gz_common_vendor:/opt/ros/jazzy/opt/gz_math_vendor:/opt/ros/jazzy/opt/gz_utils_vendor:/opt/ros/jazzy/opt/gz_tools_vendor:/opt/ros/jazzy/opt/gz_ogre_next_vendor:/opt/ros/jazzy/opt/gz_dartsim_vendor:/opt/ros/jazzy/opt/gz_cmake_vendor:/opt/ros/jazzy LD_LIBRARY_PATH=/tmp/agrobot-next-build-ybgPHn/install/canopen_402_driver/lib:/tmp/agrobot-next-build-ybgPHn/install/canopen_proxy_driver/lib:/tmp/agrobot-next-build-ybgPHn/install/canopen_base_driver/lib:/tmp/agrobot-next-build-ybgPHn/install/canopen_core/lib:/tmp/agrobot-next-build-ybgPHn/install/lely_core_libraries/lib:/tmp/agrobot-next-build-ybgPHn/install/canopen_interfaces/lib:${LD_LIBRARY_PATH} PATH=/tmp/agrobot-next-build-ybgPHn/install/lely_core_libraries/bin:${PATH} PYTHONPATH=/tmp/agrobot-next-build-ybgPHn/install/lely_core_libraries/lib/python3.12/site-packages:/tmp/agrobot-next-build-ybgPHn/install/canopen_interfaces/lib/python3.12/site-packages:${PYTHONPATH} /usr/bin/cmake /home/gsylvia/agrobot-reverse-engineering/Agrobot/src/ros2_canopen/canopen_ros2_control -DCMAKE_INSTALL_PREFIX=/tmp/agrobot-next-build-ybgPHn/install/canopen_ros2_control
[118.981s] DEBUG:colcon.colcon_core.event_handler.log_command:Invoked command in '/tmp/agrobot-next-build-ybgPHn/build/canopen' returned '0': AMENT_PREFIX_PATH=/tmp/agrobot-next-build-ybgPHn/install/canopen_402_driver:/tmp/agrobot-next-build-ybgPHn/install/canopen_proxy_driver:/tmp/agrobot-next-build-ybgPHn/install/canopen_base_driver:/tmp/agrobot-next-build-ybgPHn/install/canopen_core:/tmp/agrobot-next-build-ybgPHn/install/lely_core_libraries:/tmp/agrobot-next-build-ybgPHn/install/canopen_interfaces:${AMENT_PREFIX_PATH} CMAKE_PREFIX_PATH=/tmp/agrobot-next-build-ybgPHn/install/canopen_402_driver:/tmp/agrobot-next-build-ybgPHn/install/canopen_proxy_driver:/tmp/agrobot-next-build-ybgPHn/install/canopen_base_driver:/tmp/agrobot-next-build-ybgPHn/install/canopen_core:/tmp/agrobot-next-build-ybgPHn/install/lely_core_libraries:/tmp/agrobot-next-build-ybgPHn/install/canopen_interfaces:/opt/ros/jazzy/opt/gz_sim_vendor:/opt/ros/jazzy/opt/gz_sensors_vendor:/opt/ros/jazzy/opt/gz_physics_vendor:/opt/ros/jazzy/opt/sdformat_vendor:/opt/ros/jazzy/opt/gz_gui_vendor:/opt/ros/jazzy/opt/gz_transport_vendor:/opt/ros/jazzy/opt/gz_rendering_vendor:/opt/ros/jazzy/opt/gz_plugin_vendor:/opt/ros/jazzy/opt/gz_fuel_tools_vendor:/opt/ros/jazzy/opt/gz_msgs_vendor:/opt/ros/jazzy/opt/gz_common_vendor:/opt/ros/jazzy/opt/gz_math_vendor:/opt/ros/jazzy/opt/gz_utils_vendor:/opt/ros/jazzy/opt/gz_tools_vendor:/opt/ros/jazzy/opt/gz_ogre_next_vendor:/opt/ros/jazzy/opt/gz_dartsim_vendor:/opt/ros/jazzy/opt/gz_cmake_vendor:/opt/ros/jazzy LD_LIBRARY_PATH=/tmp/agrobot-next-build-ybgPHn/install/canopen_402_driver/lib:/tmp/agrobot-next-build-ybgPHn/install/canopen_proxy_driver/lib:/tmp/agrobot-next-build-ybgPHn/install/canopen_base_driver/lib:/tmp/agrobot-next-build-ybgPHn/install/canopen_core/lib:/tmp/agrobot-next-build-ybgPHn/install/lely_core_libraries/lib:/tmp/agrobot-next-build-ybgPHn/install/canopen_interfaces/lib:${LD_LIBRARY_PATH} PATH=/tmp/agrobot-next-build-ybgPHn/install/lely_core_libraries/bin:${PATH} PYTHONPATH=/tmp/agrobot-next-build-ybgPHn/install/lely_core_libraries/lib/python3.12/site-packages:/tmp/agrobot-next-build-ybgPHn/install/canopen_interfaces/lib/python3.12/site-packages:${PYTHONPATH} /usr/bin/cmake /home/gsylvia/agrobot-reverse-engineering/Agrobot/src/ros2_canopen/canopen -DCMAKE_INSTALL_PREFIX=/tmp/agrobot-next-build-ybgPHn/install/canopen
[118.981s] DEBUG:colcon.colcon_core.event_handler.log_command:Invoking command in '/tmp/agrobot-next-build-ybgPHn/build/canopen': AMENT_PREFIX_PATH=/tmp/agrobot-next-build-ybgPHn/install/canopen_402_driver:/tmp/agrobot-next-build-ybgPHn/install/canopen_proxy_driver:/tmp/agrobot-next-build-ybgPHn/install/canopen_base_driver:/tmp/agrobot-next-build-ybgPHn/install/canopen_core:/tmp/agrobot-next-build-ybgPHn/install/lely_core_libraries:/tmp/agrobot-next-build-ybgPHn/install/canopen_interfaces:${AMENT_PREFIX_PATH} CMAKE_PREFIX_PATH=/tmp/agrobot-next-build-ybgPHn/install/canopen_402_driver:/tmp/agrobot-next-build-ybgPHn/install/canopen_proxy_driver:/tmp/agrobot-next-build-ybgPHn/install/canopen_base_driver:/tmp/agrobot-next-build-ybgPHn/install/canopen_core:/tmp/agrobot-next-build-ybgPHn/install/lely_core_libraries:/tmp/agrobot-next-build-ybgPHn/install/canopen_interfaces:/opt/ros/jazzy/opt/gz_sim_vendor:/opt/ros/jazzy/opt/gz_sensors_vendor:/opt/ros/jazzy/opt/gz_physics_vendor:/opt/ros/jazzy/opt/sdformat_vendor:/opt/ros/jazzy/opt/gz_gui_vendor:/opt/ros/jazzy/opt/gz_transport_vendor:/opt/ros/jazzy/opt/gz_rendering_vendor:/opt/ros/jazzy/opt/gz_plugin_vendor:/opt/ros/jazzy/opt/gz_fuel_tools_vendor:/opt/ros/jazzy/opt/gz_msgs_vendor:/opt/ros/jazzy/opt/gz_common_vendor:/opt/ros/jazzy/opt/gz_math_vendor:/opt/ros/jazzy/opt/gz_utils_vendor:/opt/ros/jazzy/opt/gz_tools_vendor:/opt/ros/jazzy/opt/gz_ogre_next_vendor:/opt/ros/jazzy/opt/gz_dartsim_vendor:/opt/ros/jazzy/opt/gz_cmake_vendor:/opt/ros/jazzy LD_LIBRARY_PATH=/tmp/agrobot-next-build-ybgPHn/install/canopen_402_driver/lib:/tmp/agrobot-next-build-ybgPHn/install/canopen_proxy_driver/lib:/tmp/agrobot-next-build-ybgPHn/install/canopen_base_driver/lib:/tmp/agrobot-next-build-ybgPHn/install/canopen_core/lib:/tmp/agrobot-next-build-ybgPHn/install/lely_core_libraries/lib:/tmp/agrobot-next-build-ybgPHn/install/canopen_interfaces/lib:${LD_LIBRARY_PATH} PATH=/tmp/agrobot-next-build-ybgPHn/install/lely_core_libraries/bin:${PATH} PYTHONPATH=/tmp/agrobot-next-build-ybgPHn/install/lely_core_libraries/lib/python3.12/site-packages:/tmp/agrobot-next-build-ybgPHn/install/canopen_interfaces/lib/python3.12/site-packages:${PYTHONPATH} /usr/bin/cmake --build /tmp/agrobot-next-build-ybgPHn/build/canopen -- -j16 -l16
[119.010s] DEBUG:colcon.colcon_core.event_handler.log_command:Invoked command in '/tmp/agrobot-next-build-ybgPHn/build/canopen' returned '0': AMENT_PREFIX_PATH=/tmp/agrobot-next-build-ybgPHn/install/canopen_402_driver:/tmp/agrobot-next-build-ybgPHn/install/canopen_proxy_driver:/tmp/agrobot-next-build-ybgPHn/install/canopen_base_driver:/tmp/agrobot-next-build-ybgPHn/install/canopen_core:/tmp/agrobot-next-build-ybgPHn/install/lely_core_libraries:/tmp/agrobot-next-build-ybgPHn/install/canopen_interfaces:${AMENT_PREFIX_PATH} CMAKE_PREFIX_PATH=/tmp/agrobot-next-build-ybgPHn/install/canopen_402_driver:/tmp/agrobot-next-build-ybgPHn/install/canopen_proxy_driver:/tmp/agrobot-next-build-ybgPHn/install/canopen_base_driver:/tmp/agrobot-next-build-ybgPHn/install/canopen_core:/tmp/agrobot-next-build-ybgPHn/install/lely_core_libraries:/tmp/agrobot-next-build-ybgPHn/install/canopen_interfaces:/opt/ros/jazzy/opt/gz_sim_vendor:/opt/ros/jazzy/opt/gz_sensors_vendor:/opt/ros/jazzy/opt/gz_physics_vendor:/opt/ros/jazzy/opt/sdformat_vendor:/opt/ros/jazzy/opt/gz_gui_vendor:/opt/ros/jazzy/opt/gz_transport_vendor:/opt/ros/jazzy/opt/gz_rendering_vendor:/opt/ros/jazzy/opt/gz_plugin_vendor:/opt/ros/jazzy/opt/gz_fuel_tools_vendor:/opt/ros/jazzy/opt/gz_msgs_vendor:/opt/ros/jazzy/opt/gz_common_vendor:/opt/ros/jazzy/opt/gz_math_vendor:/opt/ros/jazzy/opt/gz_utils_vendor:/opt/ros/jazzy/opt/gz_tools_vendor:/opt/ros/jazzy/opt/gz_ogre_next_vendor:/opt/ros/jazzy/opt/gz_dartsim_vendor:/opt/ros/jazzy/opt/gz_cmake_vendor:/opt/ros/jazzy LD_LIBRARY_PATH=/tmp/agrobot-next-build-ybgPHn/install/canopen_402_driver/lib:/tmp/agrobot-next-build-ybgPHn/install/canopen_proxy_driver/lib:/tmp/agrobot-next-build-ybgPHn/install/canopen_base_driver/lib:/tmp/agrobot-next-build-ybgPHn/install/canopen_core/lib:/tmp/agrobot-next-build-ybgPHn/install/lely_core_libraries/lib:/tmp/agrobot-next-build-ybgPHn/install/canopen_interfaces/lib:${LD_LIBRARY_PATH} PATH=/tmp/agrobot-next-build-ybgPHn/install/lely_core_libraries/bin:${PATH} PYTHONPATH=/tmp/agrobot-next-build-ybgPHn/install/lely_core_libraries/lib/python3.12/site-packages:/tmp/agrobot-next-build-ybgPHn/install/canopen_interfaces/lib/python3.12/site-packages:${PYTHONPATH} /usr/bin/cmake --build /tmp/agrobot-next-build-ybgPHn/build/canopen -- -j16 -l16
[119.011s] DEBUG:colcon.colcon_core.event_handler.log_command:Invoking command in '/tmp/agrobot-next-build-ybgPHn/build/canopen': AMENT_PREFIX_PATH=/tmp/agrobot-next-build-ybgPHn/install/canopen_402_driver:/tmp/agrobot-next-build-ybgPHn/install/canopen_proxy_driver:/tmp/agrobot-next-build-ybgPHn/install/canopen_base_driver:/tmp/agrobot-next-build-ybgPHn/install/canopen_core:/tmp/agrobot-next-build-ybgPHn/install/lely_core_libraries:/tmp/agrobot-next-build-ybgPHn/install/canopen_interfaces:${AMENT_PREFIX_PATH} CMAKE_PREFIX_PATH=/tmp/agrobot-next-build-ybgPHn/install/canopen_402_driver:/tmp/agrobot-next-build-ybgPHn/install/canopen_proxy_driver:/tmp/agrobot-next-build-ybgPHn/install/canopen_base_driver:/tmp/agrobot-next-build-ybgPHn/install/canopen_core:/tmp/agrobot-next-build-ybgPHn/install/lely_core_libraries:/tmp/agrobot-next-build-ybgPHn/install/canopen_interfaces:/opt/ros/jazzy/opt/gz_sim_vendor:/opt/ros/jazzy/opt/gz_sensors_vendor:/opt/ros/jazzy/opt/gz_physics_vendor:/opt/ros/jazzy/opt/sdformat_vendor:/opt/ros/jazzy/opt/gz_gui_vendor:/opt/ros/jazzy/opt/gz_transport_vendor:/opt/ros/jazzy/opt/gz_rendering_vendor:/opt/ros/jazzy/opt/gz_plugin_vendor:/opt/ros/jazzy/opt/gz_fuel_tools_vendor:/opt/ros/jazzy/opt/gz_msgs_vendor:/opt/ros/jazzy/opt/gz_common_vendor:/opt/ros/jazzy/opt/gz_math_vendor:/opt/ros/jazzy/opt/gz_utils_vendor:/opt/ros/jazzy/opt/gz_tools_vendor:/opt/ros/jazzy/opt/gz_ogre_next_vendor:/opt/ros/jazzy/opt/gz_dartsim_vendor:/opt/ros/jazzy/opt/gz_cmake_vendor:/opt/ros/jazzy LD_LIBRARY_PATH=/tmp/agrobot-next-build-ybgPHn/install/canopen_402_driver/lib:/tmp/agrobot-next-build-ybgPHn/install/canopen_proxy_driver/lib:/tmp/agrobot-next-build-ybgPHn/install/canopen_base_driver/lib:/tmp/agrobot-next-build-ybgPHn/install/canopen_core/lib:/tmp/agrobot-next-build-ybgPHn/install/lely_core_libraries/lib:/tmp/agrobot-next-build-ybgPHn/install/canopen_interfaces/lib:${LD_LIBRARY_PATH} PATH=/tmp/agrobot-next-build-ybgPHn/install/lely_core_libraries/bin:${PATH} PYTHONPATH=/tmp/agrobot-next-build-ybgPHn/install/lely_core_libraries/lib/python3.12/site-packages:/tmp/agrobot-next-build-ybgPHn/install/canopen_interfaces/lib/python3.12/site-packages:${PYTHONPATH} /usr/bin/cmake --install /tmp/agrobot-next-build-ybgPHn/build/canopen
[119.019s] Level 1:colcon.colcon_core.environment:create_environment_scripts_only(canopen)
[119.019s] Level 1:colcon.colcon_core.environment:checking '/tmp/agrobot-next-build-ybgPHn/install/canopen' for CMake module files
[119.019s] DEBUG:colcon.colcon_core.event_handler.log_command:Invoked command in '/tmp/agrobot-next-build-ybgPHn/build/canopen' returned '0': AMENT_PREFIX_PATH=/tmp/agrobot-next-build-ybgPHn/install/canopen_402_driver:/tmp/agrobot-next-build-ybgPHn/install/canopen_proxy_driver:/tmp/agrobot-next-build-ybgPHn/install/canopen_base_driver:/tmp/agrobot-next-build-ybgPHn/install/canopen_core:/tmp/agrobot-next-build-ybgPHn/install/lely_core_libraries:/tmp/agrobot-next-build-ybgPHn/install/canopen_interfaces:${AMENT_PREFIX_PATH} CMAKE_PREFIX_PATH=/tmp/agrobot-next-build-ybgPHn/install/canopen_402_driver:/tmp/agrobot-next-build-ybgPHn/install/canopen_proxy_driver:/tmp/agrobot-next-build-ybgPHn/install/canopen_base_driver:/tmp/agrobot-next-build-ybgPHn/install/canopen_core:/tmp/agrobot-next-build-ybgPHn/install/lely_core_libraries:/tmp/agrobot-next-build-ybgPHn/install/canopen_interfaces:/opt/ros/jazzy/opt/gz_sim_vendor:/opt/ros/jazzy/opt/gz_sensors_vendor:/opt/ros/jazzy/opt/gz_physics_vendor:/opt/ros/jazzy/opt/sdformat_vendor:/opt/ros/jazzy/opt/gz_gui_vendor:/opt/ros/jazzy/opt/gz_transport_vendor:/opt/ros/jazzy/opt/gz_rendering_vendor:/opt/ros/jazzy/opt/gz_plugin_vendor:/opt/ros/jazzy/opt/gz_fuel_tools_vendor:/opt/ros/jazzy/opt/gz_msgs_vendor:/opt/ros/jazzy/opt/gz_common_vendor:/opt/ros/jazzy/opt/gz_math_vendor:/opt/ros/jazzy/opt/gz_utils_vendor:/opt/ros/jazzy/opt/gz_tools_vendor:/opt/ros/jazzy/opt/gz_ogre_next_vendor:/opt/ros/jazzy/opt/gz_dartsim_vendor:/opt/ros/jazzy/opt/gz_cmake_vendor:/opt/ros/jazzy LD_LIBRARY_PATH=/tmp/agrobot-next-build-ybgPHn/install/canopen_402_driver/lib:/tmp/agrobot-next-build-ybgPHn/install/canopen_proxy_driver/lib:/tmp/agrobot-next-build-ybgPHn/install/canopen_base_driver/lib:/tmp/agrobot-next-build-ybgPHn/install/canopen_core/lib:/tmp/agrobot-next-build-ybgPHn/install/lely_core_libraries/lib:/tmp/agrobot-next-build-ybgPHn/install/canopen_interfaces/lib:${LD_LIBRARY_PATH} PATH=/tmp/agrobot-next-build-ybgPHn/install/lely_core_libraries/bin:${PATH} PYTHONPATH=/tmp/agrobot-next-build-ybgPHn/install/lely_core_libraries/lib/python3.12/site-packages:/tmp/agrobot-next-build-ybgPHn/install/canopen_interfaces/lib/python3.12/site-packages:${PYTHONPATH} /usr/bin/cmake --install /tmp/agrobot-next-build-ybgPHn/build/canopen
[119.020s] Level 1:colcon.colcon_core.environment:checking '/tmp/agrobot-next-build-ybgPHn/install/canopen' for CMake config files
[119.020s] Level 1:colcon.colcon_core.shell:create_environment_hook('canopen', 'cmake_prefix_path')
[119.020s] INFO:colcon.colcon_core.shell:Creating environment hook '/tmp/agrobot-next-build-ybgPHn/install/canopen/share/canopen/hook/cmake_prefix_path.ps1'
[119.020s] INFO:colcon.colcon_core.shell:Creating environment descriptor '/tmp/agrobot-next-build-ybgPHn/install/canopen/share/canopen/hook/cmake_prefix_path.dsv'
[119.020s] INFO:colcon.colcon_core.shell:Creating environment hook '/tmp/agrobot-next-build-ybgPHn/install/canopen/share/canopen/hook/cmake_prefix_path.sh'
[119.021s] Level 1:colcon.colcon_core.environment:checking '/tmp/agrobot-next-build-ybgPHn/install/canopen/bin'
[119.021s] Level 1:colcon.colcon_core.environment:checking '/tmp/agrobot-next-build-ybgPHn/install/canopen/lib/pkgconfig/canopen.pc'
[119.021s] Level 1:colcon.colcon_core.environment:checking '/tmp/agrobot-next-build-ybgPHn/install/canopen/lib/python3.12/site-packages'
[119.021s] Level 1:colcon.colcon_core.environment:checking '/tmp/agrobot-next-build-ybgPHn/install/canopen/bin'
[119.021s] INFO:colcon.colcon_core.shell:Creating package script '/tmp/agrobot-next-build-ybgPHn/install/canopen/share/canopen/package.ps1'
[119.021s] INFO:colcon.colcon_core.shell:Creating package descriptor '/tmp/agrobot-next-build-ybgPHn/install/canopen/share/canopen/package.dsv'
[119.022s] INFO:colcon.colcon_core.shell:Creating package script '/tmp/agrobot-next-build-ybgPHn/install/canopen/share/canopen/package.sh'
[119.022s] INFO:colcon.colcon_core.shell:Creating package script '/tmp/agrobot-next-build-ybgPHn/install/canopen/share/canopen/package.bash'
[119.022s] INFO:colcon.colcon_core.shell:Creating package script '/tmp/agrobot-next-build-ybgPHn/install/canopen/share/canopen/package.zsh'
[119.022s] Level 1:colcon.colcon_core.environment:create_file_with_runtime_dependencies(/tmp/agrobot-next-build-ybgPHn/install/canopen/share/colcon-core/packages/canopen)
[119.023s] Level 1:colcon.colcon_core.environment:create_environment_scripts_only(canopen)
[119.023s] Level 1:colcon.colcon_core.environment:checking '/tmp/agrobot-next-build-ybgPHn/install/canopen' for CMake module files
[119.023s] Level 1:colcon.colcon_core.environment:checking '/tmp/agrobot-next-build-ybgPHn/install/canopen' for CMake config files
[119.023s] Level 1:colcon.colcon_core.shell:create_environment_hook('canopen', 'cmake_prefix_path')
[119.023s] INFO:colcon.colcon_core.shell:Creating environment hook '/tmp/agrobot-next-build-ybgPHn/install/canopen/share/canopen/hook/cmake_prefix_path.ps1'
[119.023s] INFO:colcon.colcon_core.shell:Creating environment descriptor '/tmp/agrobot-next-build-ybgPHn/install/canopen/share/canopen/hook/cmake_prefix_path.dsv'
[119.023s] INFO:colcon.colcon_core.shell:Creating environment hook '/tmp/agrobot-next-build-ybgPHn/install/canopen/share/canopen/hook/cmake_prefix_path.sh'
[119.024s] Level 1:colcon.colcon_core.environment:checking '/tmp/agrobot-next-build-ybgPHn/install/canopen/bin'
[119.024s] Level 1:colcon.colcon_core.environment:checking '/tmp/agrobot-next-build-ybgPHn/install/canopen/lib/pkgconfig/canopen.pc'
[119.024s] Level 1:colcon.colcon_core.environment:checking '/tmp/agrobot-next-build-ybgPHn/install/canopen/lib/python3.12/site-packages'
[119.024s] Level 1:colcon.colcon_core.environment:checking '/tmp/agrobot-next-build-ybgPHn/install/canopen/bin'
[119.024s] INFO:colcon.colcon_core.shell:Creating package script '/tmp/agrobot-next-build-ybgPHn/install/canopen/share/canopen/package.ps1'
[119.024s] INFO:colcon.colcon_core.shell:Creating package descriptor '/tmp/agrobot-next-build-ybgPHn/install/canopen/share/canopen/package.dsv'
[119.024s] INFO:colcon.colcon_core.shell:Creating package script '/tmp/agrobot-next-build-ybgPHn/install/canopen/share/canopen/package.sh'
[119.025s] INFO:colcon.colcon_core.shell:Creating package script '/tmp/agrobot-next-build-ybgPHn/install/canopen/share/canopen/package.bash'
[119.025s] INFO:colcon.colcon_core.shell:Creating package script '/tmp/agrobot-next-build-ybgPHn/install/canopen/share/canopen/package.zsh'
[119.025s] Level 1:colcon.colcon_core.environment:create_file_with_runtime_dependencies(/tmp/agrobot-next-build-ybgPHn/install/canopen/share/colcon-core/packages/canopen)
[122.179s] DEBUG:colcon.colcon_core.event_handler.log_command:Invoked command in '/tmp/agrobot-next-build-ybgPHn/build/canopen_ros2_controllers' returned '0': AMENT_PREFIX_PATH=/tmp/agrobot-next-build-ybgPHn/install/canopen_402_driver:/tmp/agrobot-next-build-ybgPHn/install/canopen_proxy_driver:/tmp/agrobot-next-build-ybgPHn/install/canopen_base_driver:/tmp/agrobot-next-build-ybgPHn/install/canopen_core:/tmp/agrobot-next-build-ybgPHn/install/lely_core_libraries:/tmp/agrobot-next-build-ybgPHn/install/canopen_interfaces:${AMENT_PREFIX_PATH} CMAKE_PREFIX_PATH=/tmp/agrobot-next-build-ybgPHn/install/canopen_402_driver:/tmp/agrobot-next-build-ybgPHn/install/canopen_proxy_driver:/tmp/agrobot-next-build-ybgPHn/install/canopen_base_driver:/tmp/agrobot-next-build-ybgPHn/install/canopen_core:/tmp/agrobot-next-build-ybgPHn/install/lely_core_libraries:/tmp/agrobot-next-build-ybgPHn/install/canopen_interfaces:/opt/ros/jazzy/opt/gz_sim_vendor:/opt/ros/jazzy/opt/gz_sensors_vendor:/opt/ros/jazzy/opt/gz_physics_vendor:/opt/ros/jazzy/opt/sdformat_vendor:/opt/ros/jazzy/opt/gz_gui_vendor:/opt/ros/jazzy/opt/gz_transport_vendor:/opt/ros/jazzy/opt/gz_rendering_vendor:/opt/ros/jazzy/opt/gz_plugin_vendor:/opt/ros/jazzy/opt/gz_fuel_tools_vendor:/opt/ros/jazzy/opt/gz_msgs_vendor:/opt/ros/jazzy/opt/gz_common_vendor:/opt/ros/jazzy/opt/gz_math_vendor:/opt/ros/jazzy/opt/gz_utils_vendor:/opt/ros/jazzy/opt/gz_tools_vendor:/opt/ros/jazzy/opt/gz_ogre_next_vendor:/opt/ros/jazzy/opt/gz_dartsim_vendor:/opt/ros/jazzy/opt/gz_cmake_vendor:/opt/ros/jazzy LD_LIBRARY_PATH=/tmp/agrobot-next-build-ybgPHn/install/canopen_402_driver/lib:/tmp/agrobot-next-build-ybgPHn/install/canopen_proxy_driver/lib:/tmp/agrobot-next-build-ybgPHn/install/canopen_base_driver/lib:/tmp/agrobot-next-build-ybgPHn/install/canopen_core/lib:/tmp/agrobot-next-build-ybgPHn/install/lely_core_libraries/lib:/tmp/agrobot-next-build-ybgPHn/install/canopen_interfaces/lib:${LD_LIBRARY_PATH} PATH=/tmp/agrobot-next-build-ybgPHn/install/lely_core_libraries/bin:${PATH} PYTHONPATH=/tmp/agrobot-next-build-ybgPHn/install/lely_core_libraries/lib/python3.12/site-packages:/tmp/agrobot-next-build-ybgPHn/install/canopen_interfaces/lib/python3.12/site-packages:${PYTHONPATH} /usr/bin/cmake /home/gsylvia/agrobot-reverse-engineering/Agrobot/src/ros2_canopen/canopen_ros2_controllers -DCMAKE_INSTALL_PREFIX=/tmp/agrobot-next-build-ybgPHn/install/canopen_ros2_controllers
[122.180s] DEBUG:colcon.colcon_core.event_handler.log_command:Invoking command in '/tmp/agrobot-next-build-ybgPHn/build/canopen_ros2_controllers': AMENT_PREFIX_PATH=/tmp/agrobot-next-build-ybgPHn/install/canopen_402_driver:/tmp/agrobot-next-build-ybgPHn/install/canopen_proxy_driver:/tmp/agrobot-next-build-ybgPHn/install/canopen_base_driver:/tmp/agrobot-next-build-ybgPHn/install/canopen_core:/tmp/agrobot-next-build-ybgPHn/install/lely_core_libraries:/tmp/agrobot-next-build-ybgPHn/install/canopen_interfaces:${AMENT_PREFIX_PATH} CMAKE_PREFIX_PATH=/tmp/agrobot-next-build-ybgPHn/install/canopen_402_driver:/tmp/agrobot-next-build-ybgPHn/install/canopen_proxy_driver:/tmp/agrobot-next-build-ybgPHn/install/canopen_base_driver:/tmp/agrobot-next-build-ybgPHn/install/canopen_core:/tmp/agrobot-next-build-ybgPHn/install/lely_core_libraries:/tmp/agrobot-next-build-ybgPHn/install/canopen_interfaces:/opt/ros/jazzy/opt/gz_sim_vendor:/opt/ros/jazzy/opt/gz_sensors_vendor:/opt/ros/jazzy/opt/gz_physics_vendor:/opt/ros/jazzy/opt/sdformat_vendor:/opt/ros/jazzy/opt/gz_gui_vendor:/opt/ros/jazzy/opt/gz_transport_vendor:/opt/ros/jazzy/opt/gz_rendering_vendor:/opt/ros/jazzy/opt/gz_plugin_vendor:/opt/ros/jazzy/opt/gz_fuel_tools_vendor:/opt/ros/jazzy/opt/gz_msgs_vendor:/opt/ros/jazzy/opt/gz_common_vendor:/opt/ros/jazzy/opt/gz_math_vendor:/opt/ros/jazzy/opt/gz_utils_vendor:/opt/ros/jazzy/opt/gz_tools_vendor:/opt/ros/jazzy/opt/gz_ogre_next_vendor:/opt/ros/jazzy/opt/gz_dartsim_vendor:/opt/ros/jazzy/opt/gz_cmake_vendor:/opt/ros/jazzy LD_LIBRARY_PATH=/tmp/agrobot-next-build-ybgPHn/install/canopen_402_driver/lib:/tmp/agrobot-next-build-ybgPHn/install/canopen_proxy_driver/lib:/tmp/agrobot-next-build-ybgPHn/install/canopen_base_driver/lib:/tmp/agrobot-next-build-ybgPHn/install/canopen_core/lib:/tmp/agrobot-next-build-ybgPHn/install/lely_core_libraries/lib:/tmp/agrobot-next-build-ybgPHn/install/canopen_interfaces/lib:${LD_LIBRARY_PATH} PATH=/tmp/agrobot-next-build-ybgPHn/install/lely_core_libraries/bin:${PATH} PYTHONPATH=/tmp/agrobot-next-build-ybgPHn/install/lely_core_libraries/lib/python3.12/site-packages:/tmp/agrobot-next-build-ybgPHn/install/canopen_interfaces/lib/python3.12/site-packages:${PYTHONPATH} /usr/bin/cmake --build /tmp/agrobot-next-build-ybgPHn/build/canopen_ros2_controllers -- -j16 -l16
[122.210s] DEBUG:colcon.colcon_core.event_handler.log_command:Invoked command in '/tmp/agrobot-next-build-ybgPHn/build/canopen_ros2_control' returned '0': AMENT_PREFIX_PATH=/tmp/agrobot-next-build-ybgPHn/install/canopen_402_driver:/tmp/agrobot-next-build-ybgPHn/install/canopen_proxy_driver:/tmp/agrobot-next-build-ybgPHn/install/canopen_base_driver:/tmp/agrobot-next-build-ybgPHn/install/canopen_core:/tmp/agrobot-next-build-ybgPHn/install/lely_core_libraries:/tmp/agrobot-next-build-ybgPHn/install/canopen_interfaces:${AMENT_PREFIX_PATH} CMAKE_PREFIX_PATH=/tmp/agrobot-next-build-ybgPHn/install/canopen_402_driver:/tmp/agrobot-next-build-ybgPHn/install/canopen_proxy_driver:/tmp/agrobot-next-build-ybgPHn/install/canopen_base_driver:/tmp/agrobot-next-build-ybgPHn/install/canopen_core:/tmp/agrobot-next-build-ybgPHn/install/lely_core_libraries:/tmp/agrobot-next-build-ybgPHn/install/canopen_interfaces:/opt/ros/jazzy/opt/gz_sim_vendor:/opt/ros/jazzy/opt/gz_sensors_vendor:/opt/ros/jazzy/opt/gz_physics_vendor:/opt/ros/jazzy/opt/sdformat_vendor:/opt/ros/jazzy/opt/gz_gui_vendor:/opt/ros/jazzy/opt/gz_transport_vendor:/opt/ros/jazzy/opt/gz_rendering_vendor:/opt/ros/jazzy/opt/gz_plugin_vendor:/opt/ros/jazzy/opt/gz_fuel_tools_vendor:/opt/ros/jazzy/opt/gz_msgs_vendor:/opt/ros/jazzy/opt/gz_common_vendor:/opt/ros/jazzy/opt/gz_math_vendor:/opt/ros/jazzy/opt/gz_utils_vendor:/opt/ros/jazzy/opt/gz_tools_vendor:/opt/ros/jazzy/opt/gz_ogre_next_vendor:/opt/ros/jazzy/opt/gz_dartsim_vendor:/opt/ros/jazzy/opt/gz_cmake_vendor:/opt/ros/jazzy LD_LIBRARY_PATH=/tmp/agrobot-next-build-ybgPHn/install/canopen_402_driver/lib:/tmp/agrobot-next-build-ybgPHn/install/canopen_proxy_driver/lib:/tmp/agrobot-next-build-ybgPHn/install/canopen_base_driver/lib:/tmp/agrobot-next-build-ybgPHn/install/canopen_core/lib:/tmp/agrobot-next-build-ybgPHn/install/lely_core_libraries/lib:/tmp/agrobot-next-build-ybgPHn/install/canopen_interfaces/lib:${LD_LIBRARY_PATH} PATH=/tmp/agrobot-next-build-ybgPHn/install/lely_core_libraries/bin:${PATH} PYTHONPATH=/tmp/agrobot-next-build-ybgPHn/install/lely_core_libraries/lib/python3.12/site-packages:/tmp/agrobot-next-build-ybgPHn/install/canopen_interfaces/lib/python3.12/site-packages:${PYTHONPATH} /usr/bin/cmake /home/gsylvia/agrobot-reverse-engineering/Agrobot/src/ros2_canopen/canopen_ros2_control -DCMAKE_INSTALL_PREFIX=/tmp/agrobot-next-build-ybgPHn/install/canopen_ros2_control
[122.211s] DEBUG:colcon.colcon_core.event_handler.log_command:Invoking command in '/tmp/agrobot-next-build-ybgPHn/build/canopen_ros2_control': AMENT_PREFIX_PATH=/tmp/agrobot-next-build-ybgPHn/install/canopen_402_driver:/tmp/agrobot-next-build-ybgPHn/install/canopen_proxy_driver:/tmp/agrobot-next-build-ybgPHn/install/canopen_base_driver:/tmp/agrobot-next-build-ybgPHn/install/canopen_core:/tmp/agrobot-next-build-ybgPHn/install/lely_core_libraries:/tmp/agrobot-next-build-ybgPHn/install/canopen_interfaces:${AMENT_PREFIX_PATH} CMAKE_PREFIX_PATH=/tmp/agrobot-next-build-ybgPHn/install/canopen_402_driver:/tmp/agrobot-next-build-ybgPHn/install/canopen_proxy_driver:/tmp/agrobot-next-build-ybgPHn/install/canopen_base_driver:/tmp/agrobot-next-build-ybgPHn/install/canopen_core:/tmp/agrobot-next-build-ybgPHn/install/lely_core_libraries:/tmp/agrobot-next-build-ybgPHn/install/canopen_interfaces:/opt/ros/jazzy/opt/gz_sim_vendor:/opt/ros/jazzy/opt/gz_sensors_vendor:/opt/ros/jazzy/opt/gz_physics_vendor:/opt/ros/jazzy/opt/sdformat_vendor:/opt/ros/jazzy/opt/gz_gui_vendor:/opt/ros/jazzy/opt/gz_transport_vendor:/opt/ros/jazzy/opt/gz_rendering_vendor:/opt/ros/jazzy/opt/gz_plugin_vendor:/opt/ros/jazzy/opt/gz_fuel_tools_vendor:/opt/ros/jazzy/opt/gz_msgs_vendor:/opt/ros/jazzy/opt/gz_common_vendor:/opt/ros/jazzy/opt/gz_math_vendor:/opt/ros/jazzy/opt/gz_utils_vendor:/opt/ros/jazzy/opt/gz_tools_vendor:/opt/ros/jazzy/opt/gz_ogre_next_vendor:/opt/ros/jazzy/opt/gz_dartsim_vendor:/opt/ros/jazzy/opt/gz_cmake_vendor:/opt/ros/jazzy LD_LIBRARY_PATH=/tmp/agrobot-next-build-ybgPHn/install/canopen_402_driver/lib:/tmp/agrobot-next-build-ybgPHn/install/canopen_proxy_driver/lib:/tmp/agrobot-next-build-ybgPHn/install/canopen_base_driver/lib:/tmp/agrobot-next-build-ybgPHn/install/canopen_core/lib:/tmp/agrobot-next-build-ybgPHn/install/lely_core_libraries/lib:/tmp/agrobot-next-build-ybgPHn/install/canopen_interfaces/lib:${LD_LIBRARY_PATH} PATH=/tmp/agrobot-next-build-ybgPHn/install/lely_core_libraries/bin:${PATH} PYTHONPATH=/tmp/agrobot-next-build-ybgPHn/install/lely_core_libraries/lib/python3.12/site-packages:/tmp/agrobot-next-build-ybgPHn/install/canopen_interfaces/lib/python3.12/site-packages:${PYTHONPATH} /usr/bin/cmake --build /tmp/agrobot-next-build-ybgPHn/build/canopen_ros2_control -- -j16 -l16
[132.110s] DEBUG:colcon.colcon_core.event_handler.log_command:Invoked command in '/tmp/agrobot-next-build-ybgPHn/build/canopen_ros2_control' returned '0': AMENT_PREFIX_PATH=/tmp/agrobot-next-build-ybgPHn/install/canopen_402_driver:/tmp/agrobot-next-build-ybgPHn/install/canopen_proxy_driver:/tmp/agrobot-next-build-ybgPHn/install/canopen_base_driver:/tmp/agrobot-next-build-ybgPHn/install/canopen_core:/tmp/agrobot-next-build-ybgPHn/install/lely_core_libraries:/tmp/agrobot-next-build-ybgPHn/install/canopen_interfaces:${AMENT_PREFIX_PATH} CMAKE_PREFIX_PATH=/tmp/agrobot-next-build-ybgPHn/install/canopen_402_driver:/tmp/agrobot-next-build-ybgPHn/install/canopen_proxy_driver:/tmp/agrobot-next-build-ybgPHn/install/canopen_base_driver:/tmp/agrobot-next-build-ybgPHn/install/canopen_core:/tmp/agrobot-next-build-ybgPHn/install/lely_core_libraries:/tmp/agrobot-next-build-ybgPHn/install/canopen_interfaces:/opt/ros/jazzy/opt/gz_sim_vendor:/opt/ros/jazzy/opt/gz_sensors_vendor:/opt/ros/jazzy/opt/gz_physics_vendor:/opt/ros/jazzy/opt/sdformat_vendor:/opt/ros/jazzy/opt/gz_gui_vendor:/opt/ros/jazzy/opt/gz_transport_vendor:/opt/ros/jazzy/opt/gz_rendering_vendor:/opt/ros/jazzy/opt/gz_plugin_vendor:/opt/ros/jazzy/opt/gz_fuel_tools_vendor:/opt/ros/jazzy/opt/gz_msgs_vendor:/opt/ros/jazzy/opt/gz_common_vendor:/opt/ros/jazzy/opt/gz_math_vendor:/opt/ros/jazzy/opt/gz_utils_vendor:/opt/ros/jazzy/opt/gz_tools_vendor:/opt/ros/jazzy/opt/gz_ogre_next_vendor:/opt/ros/jazzy/opt/gz_dartsim_vendor:/opt/ros/jazzy/opt/gz_cmake_vendor:/opt/ros/jazzy LD_LIBRARY_PATH=/tmp/agrobot-next-build-ybgPHn/install/canopen_402_driver/lib:/tmp/agrobot-next-build-ybgPHn/install/canopen_proxy_driver/lib:/tmp/agrobot-next-build-ybgPHn/install/canopen_base_driver/lib:/tmp/agrobot-next-build-ybgPHn/install/canopen_core/lib:/tmp/agrobot-next-build-ybgPHn/install/lely_core_libraries/lib:/tmp/agrobot-next-build-ybgPHn/install/canopen_interfaces/lib:${LD_LIBRARY_PATH} PATH=/tmp/agrobot-next-build-ybgPHn/install/lely_core_libraries/bin:${PATH} PYTHONPATH=/tmp/agrobot-next-build-ybgPHn/install/lely_core_libraries/lib/python3.12/site-packages:/tmp/agrobot-next-build-ybgPHn/install/canopen_interfaces/lib/python3.12/site-packages:${PYTHONPATH} /usr/bin/cmake --build /tmp/agrobot-next-build-ybgPHn/build/canopen_ros2_control -- -j16 -l16
[132.111s] DEBUG:colcon.colcon_core.event_handler.log_command:Invoking command in '/tmp/agrobot-next-build-ybgPHn/build/canopen_ros2_control': AMENT_PREFIX_PATH=/tmp/agrobot-next-build-ybgPHn/install/canopen_402_driver:/tmp/agrobot-next-build-ybgPHn/install/canopen_proxy_driver:/tmp/agrobot-next-build-ybgPHn/install/canopen_base_driver:/tmp/agrobot-next-build-ybgPHn/install/canopen_core:/tmp/agrobot-next-build-ybgPHn/install/lely_core_libraries:/tmp/agrobot-next-build-ybgPHn/install/canopen_interfaces:${AMENT_PREFIX_PATH} CMAKE_PREFIX_PATH=/tmp/agrobot-next-build-ybgPHn/install/canopen_402_driver:/tmp/agrobot-next-build-ybgPHn/install/canopen_proxy_driver:/tmp/agrobot-next-build-ybgPHn/install/canopen_base_driver:/tmp/agrobot-next-build-ybgPHn/install/canopen_core:/tmp/agrobot-next-build-ybgPHn/install/lely_core_libraries:/tmp/agrobot-next-build-ybgPHn/install/canopen_interfaces:/opt/ros/jazzy/opt/gz_sim_vendor:/opt/ros/jazzy/opt/gz_sensors_vendor:/opt/ros/jazzy/opt/gz_physics_vendor:/opt/ros/jazzy/opt/sdformat_vendor:/opt/ros/jazzy/opt/gz_gui_vendor:/opt/ros/jazzy/opt/gz_transport_vendor:/opt/ros/jazzy/opt/gz_rendering_vendor:/opt/ros/jazzy/opt/gz_plugin_vendor:/opt/ros/jazzy/opt/gz_fuel_tools_vendor:/opt/ros/jazzy/opt/gz_msgs_vendor:/opt/ros/jazzy/opt/gz_common_vendor:/opt/ros/jazzy/opt/gz_math_vendor:/opt/ros/jazzy/opt/gz_utils_vendor:/opt/ros/jazzy/opt/gz_tools_vendor:/opt/ros/jazzy/opt/gz_ogre_next_vendor:/opt/ros/jazzy/opt/gz_dartsim_vendor:/opt/ros/jazzy/opt/gz_cmake_vendor:/opt/ros/jazzy LD_LIBRARY_PATH=/tmp/agrobot-next-build-ybgPHn/install/canopen_402_driver/lib:/tmp/agrobot-next-build-ybgPHn/install/canopen_proxy_driver/lib:/tmp/agrobot-next-build-ybgPHn/install/canopen_base_driver/lib:/tmp/agrobot-next-build-ybgPHn/install/canopen_core/lib:/tmp/agrobot-next-build-ybgPHn/install/lely_core_libraries/lib:/tmp/agrobot-next-build-ybgPHn/install/canopen_interfaces/lib:${LD_LIBRARY_PATH} PATH=/tmp/agrobot-next-build-ybgPHn/install/lely_core_libraries/bin:${PATH} PYTHONPATH=/tmp/agrobot-next-build-ybgPHn/install/lely_core_libraries/lib/python3.12/site-packages:/tmp/agrobot-next-build-ybgPHn/install/canopen_interfaces/lib/python3.12/site-packages:${PYTHONPATH} /usr/bin/cmake --install /tmp/agrobot-next-build-ybgPHn/build/canopen_ros2_control
[132.123s] Level 1:colcon.colcon_core.environment:create_environment_scripts_only(canopen_ros2_control)
[132.124s] Level 1:colcon.colcon_core.environment:checking '/tmp/agrobot-next-build-ybgPHn/install/canopen_ros2_control' for CMake module files
[132.125s] DEBUG:colcon.colcon_core.event_handler.log_command:Invoked command in '/tmp/agrobot-next-build-ybgPHn/build/canopen_ros2_control' returned '0': AMENT_PREFIX_PATH=/tmp/agrobot-next-build-ybgPHn/install/canopen_402_driver:/tmp/agrobot-next-build-ybgPHn/install/canopen_proxy_driver:/tmp/agrobot-next-build-ybgPHn/install/canopen_base_driver:/tmp/agrobot-next-build-ybgPHn/install/canopen_core:/tmp/agrobot-next-build-ybgPHn/install/lely_core_libraries:/tmp/agrobot-next-build-ybgPHn/install/canopen_interfaces:${AMENT_PREFIX_PATH} CMAKE_PREFIX_PATH=/tmp/agrobot-next-build-ybgPHn/install/canopen_402_driver:/tmp/agrobot-next-build-ybgPHn/install/canopen_proxy_driver:/tmp/agrobot-next-build-ybgPHn/install/canopen_base_driver:/tmp/agrobot-next-build-ybgPHn/install/canopen_core:/tmp/agrobot-next-build-ybgPHn/install/lely_core_libraries:/tmp/agrobot-next-build-ybgPHn/install/canopen_interfaces:/opt/ros/jazzy/opt/gz_sim_vendor:/opt/ros/jazzy/opt/gz_sensors_vendor:/opt/ros/jazzy/opt/gz_physics_vendor:/opt/ros/jazzy/opt/sdformat_vendor:/opt/ros/jazzy/opt/gz_gui_vendor:/opt/ros/jazzy/opt/gz_transport_vendor:/opt/ros/jazzy/opt/gz_rendering_vendor:/opt/ros/jazzy/opt/gz_plugin_vendor:/opt/ros/jazzy/opt/gz_fuel_tools_vendor:/opt/ros/jazzy/opt/gz_msgs_vendor:/opt/ros/jazzy/opt/gz_common_vendor:/opt/ros/jazzy/opt/gz_math_vendor:/opt/ros/jazzy/opt/gz_utils_vendor:/opt/ros/jazzy/opt/gz_tools_vendor:/opt/ros/jazzy/opt/gz_ogre_next_vendor:/opt/ros/jazzy/opt/gz_dartsim_vendor:/opt/ros/jazzy/opt/gz_cmake_vendor:/opt/ros/jazzy LD_LIBRARY_PATH=/tmp/agrobot-next-build-ybgPHn/install/canopen_402_driver/lib:/tmp/agrobot-next-build-ybgPHn/install/canopen_proxy_driver/lib:/tmp/agrobot-next-build-ybgPHn/install/canopen_base_driver/lib:/tmp/agrobot-next-build-ybgPHn/install/canopen_core/lib:/tmp/agrobot-next-build-ybgPHn/install/lely_core_libraries/lib:/tmp/agrobot-next-build-ybgPHn/install/canopen_interfaces/lib:${LD_LIBRARY_PATH} PATH=/tmp/agrobot-next-build-ybgPHn/install/lely_core_libraries/bin:${PATH} PYTHONPATH=/tmp/agrobot-next-build-ybgPHn/install/lely_core_libraries/lib/python3.12/site-packages:/tmp/agrobot-next-build-ybgPHn/install/canopen_interfaces/lib/python3.12/site-packages:${PYTHONPATH} /usr/bin/cmake --install /tmp/agrobot-next-build-ybgPHn/build/canopen_ros2_control
[132.125s] Level 1:colcon.colcon_core.environment:checking '/tmp/agrobot-next-build-ybgPHn/install/canopen_ros2_control' for CMake config files
[132.125s] Level 1:colcon.colcon_core.shell:create_environment_hook('canopen_ros2_control', 'cmake_prefix_path')
[132.125s] INFO:colcon.colcon_core.shell:Creating environment hook '/tmp/agrobot-next-build-ybgPHn/install/canopen_ros2_control/share/canopen_ros2_control/hook/cmake_prefix_path.ps1'
[132.126s] INFO:colcon.colcon_core.shell:Creating environment descriptor '/tmp/agrobot-next-build-ybgPHn/install/canopen_ros2_control/share/canopen_ros2_control/hook/cmake_prefix_path.dsv'
[132.126s] INFO:colcon.colcon_core.shell:Creating environment hook '/tmp/agrobot-next-build-ybgPHn/install/canopen_ros2_control/share/canopen_ros2_control/hook/cmake_prefix_path.sh'
[132.126s] Level 1:colcon.colcon_core.environment:checking '/tmp/agrobot-next-build-ybgPHn/install/canopen_ros2_control/lib'
[132.127s] Level 1:colcon.colcon_core.shell:create_environment_hook('canopen_ros2_control', 'ld_library_path_lib')
[132.127s] INFO:colcon.colcon_core.shell:Creating environment hook '/tmp/agrobot-next-build-ybgPHn/install/canopen_ros2_control/share/canopen_ros2_control/hook/ld_library_path_lib.ps1'
[132.127s] INFO:colcon.colcon_core.shell:Creating environment descriptor '/tmp/agrobot-next-build-ybgPHn/install/canopen_ros2_control/share/canopen_ros2_control/hook/ld_library_path_lib.dsv'
[132.127s] INFO:colcon.colcon_core.shell:Creating environment hook '/tmp/agrobot-next-build-ybgPHn/install/canopen_ros2_control/share/canopen_ros2_control/hook/ld_library_path_lib.sh'
[132.127s] Level 1:colcon.colcon_core.environment:checking '/tmp/agrobot-next-build-ybgPHn/install/canopen_ros2_control/bin'
[132.127s] Level 1:colcon.colcon_core.environment:checking '/tmp/agrobot-next-build-ybgPHn/install/canopen_ros2_control/lib/pkgconfig/canopen_ros2_control.pc'
[132.127s] Level 1:colcon.colcon_core.environment:checking '/tmp/agrobot-next-build-ybgPHn/install/canopen_ros2_control/lib/python3.12/site-packages'
[132.128s] Level 1:colcon.colcon_core.environment:checking '/tmp/agrobot-next-build-ybgPHn/install/canopen_ros2_control/bin'
[132.128s] INFO:colcon.colcon_core.shell:Creating package script '/tmp/agrobot-next-build-ybgPHn/install/canopen_ros2_control/share/canopen_ros2_control/package.ps1'
[132.128s] INFO:colcon.colcon_core.shell:Creating package descriptor '/tmp/agrobot-next-build-ybgPHn/install/canopen_ros2_control/share/canopen_ros2_control/package.dsv'
[132.129s] INFO:colcon.colcon_core.shell:Creating package script '/tmp/agrobot-next-build-ybgPHn/install/canopen_ros2_control/share/canopen_ros2_control/package.sh'
[132.129s] INFO:colcon.colcon_core.shell:Creating package script '/tmp/agrobot-next-build-ybgPHn/install/canopen_ros2_control/share/canopen_ros2_control/package.bash'
[132.130s] INFO:colcon.colcon_core.shell:Creating package script '/tmp/agrobot-next-build-ybgPHn/install/canopen_ros2_control/share/canopen_ros2_control/package.zsh'
[132.130s] Level 1:colcon.colcon_core.environment:create_file_with_runtime_dependencies(/tmp/agrobot-next-build-ybgPHn/install/canopen_ros2_control/share/colcon-core/packages/canopen_ros2_control)
[132.130s] Level 1:colcon.colcon_core.environment:create_environment_scripts_only(canopen_ros2_control)
[132.131s] Level 1:colcon.colcon_core.environment:checking '/tmp/agrobot-next-build-ybgPHn/install/canopen_ros2_control' for CMake module files
[132.131s] Level 1:colcon.colcon_core.environment:checking '/tmp/agrobot-next-build-ybgPHn/install/canopen_ros2_control' for CMake config files
[132.131s] Level 1:colcon.colcon_core.shell:create_environment_hook('canopen_ros2_control', 'cmake_prefix_path')
[132.131s] INFO:colcon.colcon_core.shell:Creating environment hook '/tmp/agrobot-next-build-ybgPHn/install/canopen_ros2_control/share/canopen_ros2_control/hook/cmake_prefix_path.ps1'
[132.131s] INFO:colcon.colcon_core.shell:Creating environment descriptor '/tmp/agrobot-next-build-ybgPHn/install/canopen_ros2_control/share/canopen_ros2_control/hook/cmake_prefix_path.dsv'
[132.131s] INFO:colcon.colcon_core.shell:Creating environment hook '/tmp/agrobot-next-build-ybgPHn/install/canopen_ros2_control/share/canopen_ros2_control/hook/cmake_prefix_path.sh'
[132.132s] Level 1:colcon.colcon_core.environment:checking '/tmp/agrobot-next-build-ybgPHn/install/canopen_ros2_control/lib'
[132.132s] Level 1:colcon.colcon_core.shell:create_environment_hook('canopen_ros2_control', 'ld_library_path_lib')
[132.132s] INFO:colcon.colcon_core.shell:Creating environment hook '/tmp/agrobot-next-build-ybgPHn/install/canopen_ros2_control/share/canopen_ros2_control/hook/ld_library_path_lib.ps1'
[132.132s] INFO:colcon.colcon_core.shell:Creating environment descriptor '/tmp/agrobot-next-build-ybgPHn/install/canopen_ros2_control/share/canopen_ros2_control/hook/ld_library_path_lib.dsv'
[132.132s] INFO:colcon.colcon_core.shell:Creating environment hook '/tmp/agrobot-next-build-ybgPHn/install/canopen_ros2_control/share/canopen_ros2_control/hook/ld_library_path_lib.sh'
[132.132s] Level 1:colcon.colcon_core.environment:checking '/tmp/agrobot-next-build-ybgPHn/install/canopen_ros2_control/bin'
[132.132s] Level 1:colcon.colcon_core.environment:checking '/tmp/agrobot-next-build-ybgPHn/install/canopen_ros2_control/lib/pkgconfig/canopen_ros2_control.pc'
[132.133s] Level 1:colcon.colcon_core.environment:checking '/tmp/agrobot-next-build-ybgPHn/install/canopen_ros2_control/lib/python3.12/site-packages'
[132.133s] Level 1:colcon.colcon_core.environment:checking '/tmp/agrobot-next-build-ybgPHn/install/canopen_ros2_control/bin'
[132.133s] INFO:colcon.colcon_core.shell:Creating package script '/tmp/agrobot-next-build-ybgPHn/install/canopen_ros2_control/share/canopen_ros2_control/package.ps1'
[132.133s] INFO:colcon.colcon_core.shell:Creating package descriptor '/tmp/agrobot-next-build-ybgPHn/install/canopen_ros2_control/share/canopen_ros2_control/package.dsv'
[132.134s] INFO:colcon.colcon_core.shell:Creating package script '/tmp/agrobot-next-build-ybgPHn/install/canopen_ros2_control/share/canopen_ros2_control/package.sh'
[132.134s] INFO:colcon.colcon_core.shell:Creating package script '/tmp/agrobot-next-build-ybgPHn/install/canopen_ros2_control/share/canopen_ros2_control/package.bash'
[132.134s] INFO:colcon.colcon_core.shell:Creating package script '/tmp/agrobot-next-build-ybgPHn/install/canopen_ros2_control/share/canopen_ros2_control/package.zsh'
[132.134s] Level 1:colcon.colcon_core.environment:create_file_with_runtime_dependencies(/tmp/agrobot-next-build-ybgPHn/install/canopen_ros2_control/share/colcon-core/packages/canopen_ros2_control)
[134.024s] DEBUG:colcon.colcon_core.event_handler.log_command:Invoked command in '/tmp/agrobot-next-build-ybgPHn/build/canopen_ros2_controllers' returned '0': AMENT_PREFIX_PATH=/tmp/agrobot-next-build-ybgPHn/install/canopen_402_driver:/tmp/agrobot-next-build-ybgPHn/install/canopen_proxy_driver:/tmp/agrobot-next-build-ybgPHn/install/canopen_base_driver:/tmp/agrobot-next-build-ybgPHn/install/canopen_core:/tmp/agrobot-next-build-ybgPHn/install/lely_core_libraries:/tmp/agrobot-next-build-ybgPHn/install/canopen_interfaces:${AMENT_PREFIX_PATH} CMAKE_PREFIX_PATH=/tmp/agrobot-next-build-ybgPHn/install/canopen_402_driver:/tmp/agrobot-next-build-ybgPHn/install/canopen_proxy_driver:/tmp/agrobot-next-build-ybgPHn/install/canopen_base_driver:/tmp/agrobot-next-build-ybgPHn/install/canopen_core:/tmp/agrobot-next-build-ybgPHn/install/lely_core_libraries:/tmp/agrobot-next-build-ybgPHn/install/canopen_interfaces:/opt/ros/jazzy/opt/gz_sim_vendor:/opt/ros/jazzy/opt/gz_sensors_vendor:/opt/ros/jazzy/opt/gz_physics_vendor:/opt/ros/jazzy/opt/sdformat_vendor:/opt/ros/jazzy/opt/gz_gui_vendor:/opt/ros/jazzy/opt/gz_transport_vendor:/opt/ros/jazzy/opt/gz_rendering_vendor:/opt/ros/jazzy/opt/gz_plugin_vendor:/opt/ros/jazzy/opt/gz_fuel_tools_vendor:/opt/ros/jazzy/opt/gz_msgs_vendor:/opt/ros/jazzy/opt/gz_common_vendor:/opt/ros/jazzy/opt/gz_math_vendor:/opt/ros/jazzy/opt/gz_utils_vendor:/opt/ros/jazzy/opt/gz_tools_vendor:/opt/ros/jazzy/opt/gz_ogre_next_vendor:/opt/ros/jazzy/opt/gz_dartsim_vendor:/opt/ros/jazzy/opt/gz_cmake_vendor:/opt/ros/jazzy LD_LIBRARY_PATH=/tmp/agrobot-next-build-ybgPHn/install/canopen_402_driver/lib:/tmp/agrobot-next-build-ybgPHn/install/canopen_proxy_driver/lib:/tmp/agrobot-next-build-ybgPHn/install/canopen_base_driver/lib:/tmp/agrobot-next-build-ybgPHn/install/canopen_core/lib:/tmp/agrobot-next-build-ybgPHn/install/lely_core_libraries/lib:/tmp/agrobot-next-build-ybgPHn/install/canopen_interfaces/lib:${LD_LIBRARY_PATH} PATH=/tmp/agrobot-next-build-ybgPHn/install/lely_core_libraries/bin:${PATH} PYTHONPATH=/tmp/agrobot-next-build-ybgPHn/install/lely_core_libraries/lib/python3.12/site-packages:/tmp/agrobot-next-build-ybgPHn/install/canopen_interfaces/lib/python3.12/site-packages:${PYTHONPATH} /usr/bin/cmake --build /tmp/agrobot-next-build-ybgPHn/build/canopen_ros2_controllers -- -j16 -l16
[134.025s] DEBUG:colcon.colcon_core.event_handler.log_command:Invoking command in '/tmp/agrobot-next-build-ybgPHn/build/canopen_ros2_controllers': AMENT_PREFIX_PATH=/tmp/agrobot-next-build-ybgPHn/install/canopen_402_driver:/tmp/agrobot-next-build-ybgPHn/install/canopen_proxy_driver:/tmp/agrobot-next-build-ybgPHn/install/canopen_base_driver:/tmp/agrobot-next-build-ybgPHn/install/canopen_core:/tmp/agrobot-next-build-ybgPHn/install/lely_core_libraries:/tmp/agrobot-next-build-ybgPHn/install/canopen_interfaces:${AMENT_PREFIX_PATH} CMAKE_PREFIX_PATH=/tmp/agrobot-next-build-ybgPHn/install/canopen_402_driver:/tmp/agrobot-next-build-ybgPHn/install/canopen_proxy_driver:/tmp/agrobot-next-build-ybgPHn/install/canopen_base_driver:/tmp/agrobot-next-build-ybgPHn/install/canopen_core:/tmp/agrobot-next-build-ybgPHn/install/lely_core_libraries:/tmp/agrobot-next-build-ybgPHn/install/canopen_interfaces:/opt/ros/jazzy/opt/gz_sim_vendor:/opt/ros/jazzy/opt/gz_sensors_vendor:/opt/ros/jazzy/opt/gz_physics_vendor:/opt/ros/jazzy/opt/sdformat_vendor:/opt/ros/jazzy/opt/gz_gui_vendor:/opt/ros/jazzy/opt/gz_transport_vendor:/opt/ros/jazzy/opt/gz_rendering_vendor:/opt/ros/jazzy/opt/gz_plugin_vendor:/opt/ros/jazzy/opt/gz_fuel_tools_vendor:/opt/ros/jazzy/opt/gz_msgs_vendor:/opt/ros/jazzy/opt/gz_common_vendor:/opt/ros/jazzy/opt/gz_math_vendor:/opt/ros/jazzy/opt/gz_utils_vendor:/opt/ros/jazzy/opt/gz_tools_vendor:/opt/ros/jazzy/opt/gz_ogre_next_vendor:/opt/ros/jazzy/opt/gz_dartsim_vendor:/opt/ros/jazzy/opt/gz_cmake_vendor:/opt/ros/jazzy LD_LIBRARY_PATH=/tmp/agrobot-next-build-ybgPHn/install/canopen_402_driver/lib:/tmp/agrobot-next-build-ybgPHn/install/canopen_proxy_driver/lib:/tmp/agrobot-next-build-ybgPHn/install/canopen_base_driver/lib:/tmp/agrobot-next-build-ybgPHn/install/canopen_core/lib:/tmp/agrobot-next-build-ybgPHn/install/lely_core_libraries/lib:/tmp/agrobot-next-build-ybgPHn/install/canopen_interfaces/lib:${LD_LIBRARY_PATH} PATH=/tmp/agrobot-next-build-ybgPHn/install/lely_core_libraries/bin:${PATH} PYTHONPATH=/tmp/agrobot-next-build-ybgPHn/install/lely_core_libraries/lib/python3.12/site-packages:/tmp/agrobot-next-build-ybgPHn/install/canopen_interfaces/lib/python3.12/site-packages:${PYTHONPATH} /usr/bin/cmake --install /tmp/agrobot-next-build-ybgPHn/build/canopen_ros2_controllers
[134.040s] Level 1:colcon.colcon_core.environment:create_environment_scripts_only(canopen_ros2_controllers)
[134.040s] Level 1:colcon.colcon_core.environment:checking '/tmp/agrobot-next-build-ybgPHn/install/canopen_ros2_controllers' for CMake module files
[134.040s] DEBUG:colcon.colcon_core.event_handler.log_command:Invoked command in '/tmp/agrobot-next-build-ybgPHn/build/canopen_ros2_controllers' returned '0': AMENT_PREFIX_PATH=/tmp/agrobot-next-build-ybgPHn/install/canopen_402_driver:/tmp/agrobot-next-build-ybgPHn/install/canopen_proxy_driver:/tmp/agrobot-next-build-ybgPHn/install/canopen_base_driver:/tmp/agrobot-next-build-ybgPHn/install/canopen_core:/tmp/agrobot-next-build-ybgPHn/install/lely_core_libraries:/tmp/agrobot-next-build-ybgPHn/install/canopen_interfaces:${AMENT_PREFIX_PATH} CMAKE_PREFIX_PATH=/tmp/agrobot-next-build-ybgPHn/install/canopen_402_driver:/tmp/agrobot-next-build-ybgPHn/install/canopen_proxy_driver:/tmp/agrobot-next-build-ybgPHn/install/canopen_base_driver:/tmp/agrobot-next-build-ybgPHn/install/canopen_core:/tmp/agrobot-next-build-ybgPHn/install/lely_core_libraries:/tmp/agrobot-next-build-ybgPHn/install/canopen_interfaces:/opt/ros/jazzy/opt/gz_sim_vendor:/opt/ros/jazzy/opt/gz_sensors_vendor:/opt/ros/jazzy/opt/gz_physics_vendor:/opt/ros/jazzy/opt/sdformat_vendor:/opt/ros/jazzy/opt/gz_gui_vendor:/opt/ros/jazzy/opt/gz_transport_vendor:/opt/ros/jazzy/opt/gz_rendering_vendor:/opt/ros/jazzy/opt/gz_plugin_vendor:/opt/ros/jazzy/opt/gz_fuel_tools_vendor:/opt/ros/jazzy/opt/gz_msgs_vendor:/opt/ros/jazzy/opt/gz_common_vendor:/opt/ros/jazzy/opt/gz_math_vendor:/opt/ros/jazzy/opt/gz_utils_vendor:/opt/ros/jazzy/opt/gz_tools_vendor:/opt/ros/jazzy/opt/gz_ogre_next_vendor:/opt/ros/jazzy/opt/gz_dartsim_vendor:/opt/ros/jazzy/opt/gz_cmake_vendor:/opt/ros/jazzy LD_LIBRARY_PATH=/tmp/agrobot-next-build-ybgPHn/install/canopen_402_driver/lib:/tmp/agrobot-next-build-ybgPHn/install/canopen_proxy_driver/lib:/tmp/agrobot-next-build-ybgPHn/install/canopen_base_driver/lib:/tmp/agrobot-next-build-ybgPHn/install/canopen_core/lib:/tmp/agrobot-next-build-ybgPHn/install/lely_core_libraries/lib:/tmp/agrobot-next-build-ybgPHn/install/canopen_interfaces/lib:${LD_LIBRARY_PATH} PATH=/tmp/agrobot-next-build-ybgPHn/install/lely_core_libraries/bin:${PATH} PYTHONPATH=/tmp/agrobot-next-build-ybgPHn/install/lely_core_libraries/lib/python3.12/site-packages:/tmp/agrobot-next-build-ybgPHn/install/canopen_interfaces/lib/python3.12/site-packages:${PYTHONPATH} /usr/bin/cmake --install /tmp/agrobot-next-build-ybgPHn/build/canopen_ros2_controllers
[134.041s] Level 1:colcon.colcon_core.environment:checking '/tmp/agrobot-next-build-ybgPHn/install/canopen_ros2_controllers' for CMake config files
[134.041s] Level 1:colcon.colcon_core.shell:create_environment_hook('canopen_ros2_controllers', 'cmake_prefix_path')
[134.041s] INFO:colcon.colcon_core.shell:Creating environment hook '/tmp/agrobot-next-build-ybgPHn/install/canopen_ros2_controllers/share/canopen_ros2_controllers/hook/cmake_prefix_path.ps1'
[134.041s] INFO:colcon.colcon_core.shell:Creating environment descriptor '/tmp/agrobot-next-build-ybgPHn/install/canopen_ros2_controllers/share/canopen_ros2_controllers/hook/cmake_prefix_path.dsv'
[134.041s] INFO:colcon.colcon_core.shell:Creating environment hook '/tmp/agrobot-next-build-ybgPHn/install/canopen_ros2_controllers/share/canopen_ros2_controllers/hook/cmake_prefix_path.sh'
[134.042s] Level 1:colcon.colcon_core.environment:checking '/tmp/agrobot-next-build-ybgPHn/install/canopen_ros2_controllers/lib'
[134.042s] Level 1:colcon.colcon_core.shell:create_environment_hook('canopen_ros2_controllers', 'ld_library_path_lib')
[134.042s] INFO:colcon.colcon_core.shell:Creating environment hook '/tmp/agrobot-next-build-ybgPHn/install/canopen_ros2_controllers/share/canopen_ros2_controllers/hook/ld_library_path_lib.ps1'
[134.042s] INFO:colcon.colcon_core.shell:Creating environment descriptor '/tmp/agrobot-next-build-ybgPHn/install/canopen_ros2_controllers/share/canopen_ros2_controllers/hook/ld_library_path_lib.dsv'
[134.042s] INFO:colcon.colcon_core.shell:Creating environment hook '/tmp/agrobot-next-build-ybgPHn/install/canopen_ros2_controllers/share/canopen_ros2_controllers/hook/ld_library_path_lib.sh'
[134.042s] Level 1:colcon.colcon_core.environment:checking '/tmp/agrobot-next-build-ybgPHn/install/canopen_ros2_controllers/bin'
[134.042s] Level 1:colcon.colcon_core.environment:checking '/tmp/agrobot-next-build-ybgPHn/install/canopen_ros2_controllers/lib/pkgconfig/canopen_ros2_controllers.pc'
[134.042s] Level 1:colcon.colcon_core.environment:checking '/tmp/agrobot-next-build-ybgPHn/install/canopen_ros2_controllers/lib/python3.12/site-packages'
[134.042s] Level 1:colcon.colcon_core.environment:checking '/tmp/agrobot-next-build-ybgPHn/install/canopen_ros2_controllers/bin'
[134.043s] INFO:colcon.colcon_core.shell:Creating package script '/tmp/agrobot-next-build-ybgPHn/install/canopen_ros2_controllers/share/canopen_ros2_controllers/package.ps1'
[134.043s] INFO:colcon.colcon_core.shell:Creating package descriptor '/tmp/agrobot-next-build-ybgPHn/install/canopen_ros2_controllers/share/canopen_ros2_controllers/package.dsv'
[134.043s] INFO:colcon.colcon_core.shell:Creating package script '/tmp/agrobot-next-build-ybgPHn/install/canopen_ros2_controllers/share/canopen_ros2_controllers/package.sh'
[134.043s] INFO:colcon.colcon_core.shell:Creating package script '/tmp/agrobot-next-build-ybgPHn/install/canopen_ros2_controllers/share/canopen_ros2_controllers/package.bash'
[134.044s] INFO:colcon.colcon_core.shell:Creating package script '/tmp/agrobot-next-build-ybgPHn/install/canopen_ros2_controllers/share/canopen_ros2_controllers/package.zsh'
[134.044s] Level 1:colcon.colcon_core.environment:create_file_with_runtime_dependencies(/tmp/agrobot-next-build-ybgPHn/install/canopen_ros2_controllers/share/colcon-core/packages/canopen_ros2_controllers)
[134.044s] Level 1:colcon.colcon_core.environment:create_environment_scripts_only(canopen_ros2_controllers)
[134.044s] Level 1:colcon.colcon_core.environment:checking '/tmp/agrobot-next-build-ybgPHn/install/canopen_ros2_controllers' for CMake module files
[134.045s] Level 1:colcon.colcon_core.environment:checking '/tmp/agrobot-next-build-ybgPHn/install/canopen_ros2_controllers' for CMake config files
[134.045s] Level 1:colcon.colcon_core.shell:create_environment_hook('canopen_ros2_controllers', 'cmake_prefix_path')
[134.045s] INFO:colcon.colcon_core.shell:Creating environment hook '/tmp/agrobot-next-build-ybgPHn/install/canopen_ros2_controllers/share/canopen_ros2_controllers/hook/cmake_prefix_path.ps1'
[134.045s] INFO:colcon.colcon_core.shell:Creating environment descriptor '/tmp/agrobot-next-build-ybgPHn/install/canopen_ros2_controllers/share/canopen_ros2_controllers/hook/cmake_prefix_path.dsv'
[134.045s] INFO:colcon.colcon_core.shell:Creating environment hook '/tmp/agrobot-next-build-ybgPHn/install/canopen_ros2_controllers/share/canopen_ros2_controllers/hook/cmake_prefix_path.sh'
[134.046s] Level 1:colcon.colcon_core.environment:checking '/tmp/agrobot-next-build-ybgPHn/install/canopen_ros2_controllers/lib'
[134.046s] Level 1:colcon.colcon_core.shell:create_environment_hook('canopen_ros2_controllers', 'ld_library_path_lib')
[134.046s] INFO:colcon.colcon_core.shell:Creating environment hook '/tmp/agrobot-next-build-ybgPHn/install/canopen_ros2_controllers/share/canopen_ros2_controllers/hook/ld_library_path_lib.ps1'
[134.046s] INFO:colcon.colcon_core.shell:Creating environment descriptor '/tmp/agrobot-next-build-ybgPHn/install/canopen_ros2_controllers/share/canopen_ros2_controllers/hook/ld_library_path_lib.dsv'
[134.046s] INFO:colcon.colcon_core.shell:Creating environment hook '/tmp/agrobot-next-build-ybgPHn/install/canopen_ros2_controllers/share/canopen_ros2_controllers/hook/ld_library_path_lib.sh'
[134.046s] Level 1:colcon.colcon_core.environment:checking '/tmp/agrobot-next-build-ybgPHn/install/canopen_ros2_controllers/bin'
[134.046s] Level 1:colcon.colcon_core.environment:checking '/tmp/agrobot-next-build-ybgPHn/install/canopen_ros2_controllers/lib/pkgconfig/canopen_ros2_controllers.pc'
[134.046s] Level 1:colcon.colcon_core.environment:checking '/tmp/agrobot-next-build-ybgPHn/install/canopen_ros2_controllers/lib/python3.12/site-packages'
[134.047s] Level 1:colcon.colcon_core.environment:checking '/tmp/agrobot-next-build-ybgPHn/install/canopen_ros2_controllers/bin'
[134.047s] INFO:colcon.colcon_core.shell:Creating package script '/tmp/agrobot-next-build-ybgPHn/install/canopen_ros2_controllers/share/canopen_ros2_controllers/package.ps1'
[134.047s] INFO:colcon.colcon_core.shell:Creating package descriptor '/tmp/agrobot-next-build-ybgPHn/install/canopen_ros2_controllers/share/canopen_ros2_controllers/package.dsv'
[134.047s] INFO:colcon.colcon_core.shell:Creating package script '/tmp/agrobot-next-build-ybgPHn/install/canopen_ros2_controllers/share/canopen_ros2_controllers/package.sh'
[134.048s] INFO:colcon.colcon_core.shell:Creating package script '/tmp/agrobot-next-build-ybgPHn/install/canopen_ros2_controllers/share/canopen_ros2_controllers/package.bash'
[134.048s] INFO:colcon.colcon_core.shell:Creating package script '/tmp/agrobot-next-build-ybgPHn/install/canopen_ros2_controllers/share/canopen_ros2_controllers/package.zsh'
[134.048s] Level 1:colcon.colcon_core.environment:create_file_with_runtime_dependencies(/tmp/agrobot-next-build-ybgPHn/install/canopen_ros2_controllers/share/colcon-core/packages/canopen_ros2_controllers)
[134.048s] INFO:colcon.colcon_ros.task.ament_cmake.build:Building ROS package in '/home/gsylvia/agrobot-reverse-engineering/Agrobot/src/ros2_canopen/canopen_tests' with build type 'ament_cmake'
[134.048s] INFO:colcon.colcon_cmake.task.cmake.build:Building CMake package in '/home/gsylvia/agrobot-reverse-engineering/Agrobot/src/ros2_canopen/canopen_tests'
[134.049s] INFO:colcon.colcon_core.shell:Skip shell extension 'powershell' for command environment: Not usable outside of PowerShell
[134.049s] DEBUG:colcon.colcon_core.shell:Skip shell extension 'dsv' for command environment
[135.067s] DEBUG:colcon.colcon_core.event_handler.log_command:Invoking command in '/tmp/agrobot-next-build-ybgPHn/build/canopen_tests': AMENT_PREFIX_PATH=/tmp/agrobot-next-build-ybgPHn/install/canopen_ros2_controllers:/tmp/agrobot-next-build-ybgPHn/install/canopen_402_driver:/tmp/agrobot-next-build-ybgPHn/install/canopen_proxy_driver:/tmp/agrobot-next-build-ybgPHn/install/canopen_base_driver:/tmp/agrobot-next-build-ybgPHn/install/canopen_fake_slaves:/tmp/agrobot-next-build-ybgPHn/install/canopen_core:/tmp/agrobot-next-build-ybgPHn/install/lely_core_libraries:/tmp/agrobot-next-build-ybgPHn/install/canopen_interfaces:${AMENT_PREFIX_PATH} CMAKE_PREFIX_PATH=/tmp/agrobot-next-build-ybgPHn/install/canopen_ros2_controllers:/tmp/agrobot-next-build-ybgPHn/install/canopen_402_driver:/tmp/agrobot-next-build-ybgPHn/install/canopen_proxy_driver:/tmp/agrobot-next-build-ybgPHn/install/canopen_base_driver:/tmp/agrobot-next-build-ybgPHn/install/canopen_fake_slaves:/tmp/agrobot-next-build-ybgPHn/install/canopen_core:/tmp/agrobot-next-build-ybgPHn/install/lely_core_libraries:/tmp/agrobot-next-build-ybgPHn/install/canopen_interfaces:/opt/ros/jazzy/opt/gz_sim_vendor:/opt/ros/jazzy/opt/gz_sensors_vendor:/opt/ros/jazzy/opt/gz_physics_vendor:/opt/ros/jazzy/opt/sdformat_vendor:/opt/ros/jazzy/opt/gz_gui_vendor:/opt/ros/jazzy/opt/gz_transport_vendor:/opt/ros/jazzy/opt/gz_rendering_vendor:/opt/ros/jazzy/opt/gz_plugin_vendor:/opt/ros/jazzy/opt/gz_fuel_tools_vendor:/opt/ros/jazzy/opt/gz_msgs_vendor:/opt/ros/jazzy/opt/gz_common_vendor:/opt/ros/jazzy/opt/gz_math_vendor:/opt/ros/jazzy/opt/gz_utils_vendor:/opt/ros/jazzy/opt/gz_tools_vendor:/opt/ros/jazzy/opt/gz_ogre_next_vendor:/opt/ros/jazzy/opt/gz_dartsim_vendor:/opt/ros/jazzy/opt/gz_cmake_vendor:/opt/ros/jazzy LD_LIBRARY_PATH=/tmp/agrobot-next-build-ybgPHn/install/canopen_ros2_controllers/lib:/tmp/agrobot-next-build-ybgPHn/install/canopen_402_driver/lib:/tmp/agrobot-next-build-ybgPHn/install/canopen_proxy_driver/lib:/tmp/agrobot-next-build-ybgPHn/install/canopen_base_driver/lib:/tmp/agrobot-next-build-ybgPHn/install/canopen_core/lib:/tmp/agrobot-next-build-ybgPHn/install/lely_core_libraries/lib:/tmp/agrobot-next-build-ybgPHn/install/canopen_interfaces/lib:${LD_LIBRARY_PATH} PATH=/tmp/agrobot-next-build-ybgPHn/install/lely_core_libraries/bin:${PATH} PYTHONPATH=/tmp/agrobot-next-build-ybgPHn/install/lely_core_libraries/lib/python3.12/site-packages:/tmp/agrobot-next-build-ybgPHn/install/canopen_interfaces/lib/python3.12/site-packages:${PYTHONPATH} /usr/bin/cmake /home/gsylvia/agrobot-reverse-engineering/Agrobot/src/ros2_canopen/canopen_tests -DCMAKE_INSTALL_PREFIX=/tmp/agrobot-next-build-ybgPHn/install/canopen_tests
[137.556s] DEBUG:colcon.colcon_core.event_handler.log_command:Invoked command in '/tmp/agrobot-next-build-ybgPHn/build/canopen_tests' returned '0': AMENT_PREFIX_PATH=/tmp/agrobot-next-build-ybgPHn/install/canopen_ros2_controllers:/tmp/agrobot-next-build-ybgPHn/install/canopen_402_driver:/tmp/agrobot-next-build-ybgPHn/install/canopen_proxy_driver:/tmp/agrobot-next-build-ybgPHn/install/canopen_base_driver:/tmp/agrobot-next-build-ybgPHn/install/canopen_fake_slaves:/tmp/agrobot-next-build-ybgPHn/install/canopen_core:/tmp/agrobot-next-build-ybgPHn/install/lely_core_libraries:/tmp/agrobot-next-build-ybgPHn/install/canopen_interfaces:${AMENT_PREFIX_PATH} CMAKE_PREFIX_PATH=/tmp/agrobot-next-build-ybgPHn/install/canopen_ros2_controllers:/tmp/agrobot-next-build-ybgPHn/install/canopen_402_driver:/tmp/agrobot-next-build-ybgPHn/install/canopen_proxy_driver:/tmp/agrobot-next-build-ybgPHn/install/canopen_base_driver:/tmp/agrobot-next-build-ybgPHn/install/canopen_fake_slaves:/tmp/agrobot-next-build-ybgPHn/install/canopen_core:/tmp/agrobot-next-build-ybgPHn/install/lely_core_libraries:/tmp/agrobot-next-build-ybgPHn/install/canopen_interfaces:/opt/ros/jazzy/opt/gz_sim_vendor:/opt/ros/jazzy/opt/gz_sensors_vendor:/opt/ros/jazzy/opt/gz_physics_vendor:/opt/ros/jazzy/opt/sdformat_vendor:/opt/ros/jazzy/opt/gz_gui_vendor:/opt/ros/jazzy/opt/gz_transport_vendor:/opt/ros/jazzy/opt/gz_rendering_vendor:/opt/ros/jazzy/opt/gz_plugin_vendor:/opt/ros/jazzy/opt/gz_fuel_tools_vendor:/opt/ros/jazzy/opt/gz_msgs_vendor:/opt/ros/jazzy/opt/gz_common_vendor:/opt/ros/jazzy/opt/gz_math_vendor:/opt/ros/jazzy/opt/gz_utils_vendor:/opt/ros/jazzy/opt/gz_tools_vendor:/opt/ros/jazzy/opt/gz_ogre_next_vendor:/opt/ros/jazzy/opt/gz_dartsim_vendor:/opt/ros/jazzy/opt/gz_cmake_vendor:/opt/ros/jazzy LD_LIBRARY_PATH=/tmp/agrobot-next-build-ybgPHn/install/canopen_ros2_controllers/lib:/tmp/agrobot-next-build-ybgPHn/install/canopen_402_driver/lib:/tmp/agrobot-next-build-ybgPHn/install/canopen_proxy_driver/lib:/tmp/agrobot-next-build-ybgPHn/install/canopen_base_driver/lib:/tmp/agrobot-next-build-ybgPHn/install/canopen_core/lib:/tmp/agrobot-next-build-ybgPHn/install/lely_core_libraries/lib:/tmp/agrobot-next-build-ybgPHn/install/canopen_interfaces/lib:${LD_LIBRARY_PATH} PATH=/tmp/agrobot-next-build-ybgPHn/install/lely_core_libraries/bin:${PATH} PYTHONPATH=/tmp/agrobot-next-build-ybgPHn/install/lely_core_libraries/lib/python3.12/site-packages:/tmp/agrobot-next-build-ybgPHn/install/canopen_interfaces/lib/python3.12/site-packages:${PYTHONPATH} /usr/bin/cmake /home/gsylvia/agrobot-reverse-engineering/Agrobot/src/ros2_canopen/canopen_tests -DCMAKE_INSTALL_PREFIX=/tmp/agrobot-next-build-ybgPHn/install/canopen_tests
[137.556s] DEBUG:colcon.colcon_core.event_handler.log_command:Invoking command in '/tmp/agrobot-next-build-ybgPHn/build/canopen_tests': AMENT_PREFIX_PATH=/tmp/agrobot-next-build-ybgPHn/install/canopen_ros2_controllers:/tmp/agrobot-next-build-ybgPHn/install/canopen_402_driver:/tmp/agrobot-next-build-ybgPHn/install/canopen_proxy_driver:/tmp/agrobot-next-build-ybgPHn/install/canopen_base_driver:/tmp/agrobot-next-build-ybgPHn/install/canopen_fake_slaves:/tmp/agrobot-next-build-ybgPHn/install/canopen_core:/tmp/agrobot-next-build-ybgPHn/install/lely_core_libraries:/tmp/agrobot-next-build-ybgPHn/install/canopen_interfaces:${AMENT_PREFIX_PATH} CMAKE_PREFIX_PATH=/tmp/agrobot-next-build-ybgPHn/install/canopen_ros2_controllers:/tmp/agrobot-next-build-ybgPHn/install/canopen_402_driver:/tmp/agrobot-next-build-ybgPHn/install/canopen_proxy_driver:/tmp/agrobot-next-build-ybgPHn/install/canopen_base_driver:/tmp/agrobot-next-build-ybgPHn/install/canopen_fake_slaves:/tmp/agrobot-next-build-ybgPHn/install/canopen_core:/tmp/agrobot-next-build-ybgPHn/install/lely_core_libraries:/tmp/agrobot-next-build-ybgPHn/install/canopen_interfaces:/opt/ros/jazzy/opt/gz_sim_vendor:/opt/ros/jazzy/opt/gz_sensors_vendor:/opt/ros/jazzy/opt/gz_physics_vendor:/opt/ros/jazzy/opt/sdformat_vendor:/opt/ros/jazzy/opt/gz_gui_vendor:/opt/ros/jazzy/opt/gz_transport_vendor:/opt/ros/jazzy/opt/gz_rendering_vendor:/opt/ros/jazzy/opt/gz_plugin_vendor:/opt/ros/jazzy/opt/gz_fuel_tools_vendor:/opt/ros/jazzy/opt/gz_msgs_vendor:/opt/ros/jazzy/opt/gz_common_vendor:/opt/ros/jazzy/opt/gz_math_vendor:/opt/ros/jazzy/opt/gz_utils_vendor:/opt/ros/jazzy/opt/gz_tools_vendor:/opt/ros/jazzy/opt/gz_ogre_next_vendor:/opt/ros/jazzy/opt/gz_dartsim_vendor:/opt/ros/jazzy/opt/gz_cmake_vendor:/opt/ros/jazzy LD_LIBRARY_PATH=/tmp/agrobot-next-build-ybgPHn/install/canopen_ros2_controllers/lib:/tmp/agrobot-next-build-ybgPHn/install/canopen_402_driver/lib:/tmp/agrobot-next-build-ybgPHn/install/canopen_proxy_driver/lib:/tmp/agrobot-next-build-ybgPHn/install/canopen_base_driver/lib:/tmp/agrobot-next-build-ybgPHn/install/canopen_core/lib:/tmp/agrobot-next-build-ybgPHn/install/lely_core_libraries/lib:/tmp/agrobot-next-build-ybgPHn/install/canopen_interfaces/lib:${LD_LIBRARY_PATH} PATH=/tmp/agrobot-next-build-ybgPHn/install/lely_core_libraries/bin:${PATH} PYTHONPATH=/tmp/agrobot-next-build-ybgPHn/install/lely_core_libraries/lib/python3.12/site-packages:/tmp/agrobot-next-build-ybgPHn/install/canopen_interfaces/lib/python3.12/site-packages:${PYTHONPATH} /usr/bin/cmake --build /tmp/agrobot-next-build-ybgPHn/build/canopen_tests -- -j16 -l16
[138.133s] DEBUG:colcon.colcon_core.event_handler.log_command:Invoked command in '/tmp/agrobot-next-build-ybgPHn/build/canopen_tests' returned '0': AMENT_PREFIX_PATH=/tmp/agrobot-next-build-ybgPHn/install/canopen_ros2_controllers:/tmp/agrobot-next-build-ybgPHn/install/canopen_402_driver:/tmp/agrobot-next-build-ybgPHn/install/canopen_proxy_driver:/tmp/agrobot-next-build-ybgPHn/install/canopen_base_driver:/tmp/agrobot-next-build-ybgPHn/install/canopen_fake_slaves:/tmp/agrobot-next-build-ybgPHn/install/canopen_core:/tmp/agrobot-next-build-ybgPHn/install/lely_core_libraries:/tmp/agrobot-next-build-ybgPHn/install/canopen_interfaces:${AMENT_PREFIX_PATH} CMAKE_PREFIX_PATH=/tmp/agrobot-next-build-ybgPHn/install/canopen_ros2_controllers:/tmp/agrobot-next-build-ybgPHn/install/canopen_402_driver:/tmp/agrobot-next-build-ybgPHn/install/canopen_proxy_driver:/tmp/agrobot-next-build-ybgPHn/install/canopen_base_driver:/tmp/agrobot-next-build-ybgPHn/install/canopen_fake_slaves:/tmp/agrobot-next-build-ybgPHn/install/canopen_core:/tmp/agrobot-next-build-ybgPHn/install/lely_core_libraries:/tmp/agrobot-next-build-ybgPHn/install/canopen_interfaces:/opt/ros/jazzy/opt/gz_sim_vendor:/opt/ros/jazzy/opt/gz_sensors_vendor:/opt/ros/jazzy/opt/gz_physics_vendor:/opt/ros/jazzy/opt/sdformat_vendor:/opt/ros/jazzy/opt/gz_gui_vendor:/opt/ros/jazzy/opt/gz_transport_vendor:/opt/ros/jazzy/opt/gz_rendering_vendor:/opt/ros/jazzy/opt/gz_plugin_vendor:/opt/ros/jazzy/opt/gz_fuel_tools_vendor:/opt/ros/jazzy/opt/gz_msgs_vendor:/opt/ros/jazzy/opt/gz_common_vendor:/opt/ros/jazzy/opt/gz_math_vendor:/opt/ros/jazzy/opt/gz_utils_vendor:/opt/ros/jazzy/opt/gz_tools_vendor:/opt/ros/jazzy/opt/gz_ogre_next_vendor:/opt/ros/jazzy/opt/gz_dartsim_vendor:/opt/ros/jazzy/opt/gz_cmake_vendor:/opt/ros/jazzy LD_LIBRARY_PATH=/tmp/agrobot-next-build-ybgPHn/install/canopen_ros2_controllers/lib:/tmp/agrobot-next-build-ybgPHn/install/canopen_402_driver/lib:/tmp/agrobot-next-build-ybgPHn/install/canopen_proxy_driver/lib:/tmp/agrobot-next-build-ybgPHn/install/canopen_base_driver/lib:/tmp/agrobot-next-build-ybgPHn/install/canopen_core/lib:/tmp/agrobot-next-build-ybgPHn/install/lely_core_libraries/lib:/tmp/agrobot-next-build-ybgPHn/install/canopen_interfaces/lib:${LD_LIBRARY_PATH} PATH=/tmp/agrobot-next-build-ybgPHn/install/lely_core_libraries/bin:${PATH} PYTHONPATH=/tmp/agrobot-next-build-ybgPHn/install/lely_core_libraries/lib/python3.12/site-packages:/tmp/agrobot-next-build-ybgPHn/install/canopen_interfaces/lib/python3.12/site-packages:${PYTHONPATH} /usr/bin/cmake --build /tmp/agrobot-next-build-ybgPHn/build/canopen_tests -- -j16 -l16
[138.134s] DEBUG:colcon.colcon_core.event_handler.log_command:Invoking command in '/tmp/agrobot-next-build-ybgPHn/build/canopen_tests': AMENT_PREFIX_PATH=/tmp/agrobot-next-build-ybgPHn/install/canopen_ros2_controllers:/tmp/agrobot-next-build-ybgPHn/install/canopen_402_driver:/tmp/agrobot-next-build-ybgPHn/install/canopen_proxy_driver:/tmp/agrobot-next-build-ybgPHn/install/canopen_base_driver:/tmp/agrobot-next-build-ybgPHn/install/canopen_fake_slaves:/tmp/agrobot-next-build-ybgPHn/install/canopen_core:/tmp/agrobot-next-build-ybgPHn/install/lely_core_libraries:/tmp/agrobot-next-build-ybgPHn/install/canopen_interfaces:${AMENT_PREFIX_PATH} CMAKE_PREFIX_PATH=/tmp/agrobot-next-build-ybgPHn/install/canopen_ros2_controllers:/tmp/agrobot-next-build-ybgPHn/install/canopen_402_driver:/tmp/agrobot-next-build-ybgPHn/install/canopen_proxy_driver:/tmp/agrobot-next-build-ybgPHn/install/canopen_base_driver:/tmp/agrobot-next-build-ybgPHn/install/canopen_fake_slaves:/tmp/agrobot-next-build-ybgPHn/install/canopen_core:/tmp/agrobot-next-build-ybgPHn/install/lely_core_libraries:/tmp/agrobot-next-build-ybgPHn/install/canopen_interfaces:/opt/ros/jazzy/opt/gz_sim_vendor:/opt/ros/jazzy/opt/gz_sensors_vendor:/opt/ros/jazzy/opt/gz_physics_vendor:/opt/ros/jazzy/opt/sdformat_vendor:/opt/ros/jazzy/opt/gz_gui_vendor:/opt/ros/jazzy/opt/gz_transport_vendor:/opt/ros/jazzy/opt/gz_rendering_vendor:/opt/ros/jazzy/opt/gz_plugin_vendor:/opt/ros/jazzy/opt/gz_fuel_tools_vendor:/opt/ros/jazzy/opt/gz_msgs_vendor:/opt/ros/jazzy/opt/gz_common_vendor:/opt/ros/jazzy/opt/gz_math_vendor:/opt/ros/jazzy/opt/gz_utils_vendor:/opt/ros/jazzy/opt/gz_tools_vendor:/opt/ros/jazzy/opt/gz_ogre_next_vendor:/opt/ros/jazzy/opt/gz_dartsim_vendor:/opt/ros/jazzy/opt/gz_cmake_vendor:/opt/ros/jazzy LD_LIBRARY_PATH=/tmp/agrobot-next-build-ybgPHn/install/canopen_ros2_controllers/lib:/tmp/agrobot-next-build-ybgPHn/install/canopen_402_driver/lib:/tmp/agrobot-next-build-ybgPHn/install/canopen_proxy_driver/lib:/tmp/agrobot-next-build-ybgPHn/install/canopen_base_driver/lib:/tmp/agrobot-next-build-ybgPHn/install/canopen_core/lib:/tmp/agrobot-next-build-ybgPHn/install/lely_core_libraries/lib:/tmp/agrobot-next-build-ybgPHn/install/canopen_interfaces/lib:${LD_LIBRARY_PATH} PATH=/tmp/agrobot-next-build-ybgPHn/install/lely_core_libraries/bin:${PATH} PYTHONPATH=/tmp/agrobot-next-build-ybgPHn/install/lely_core_libraries/lib/python3.12/site-packages:/tmp/agrobot-next-build-ybgPHn/install/canopen_interfaces/lib/python3.12/site-packages:${PYTHONPATH} /usr/bin/cmake --install /tmp/agrobot-next-build-ybgPHn/build/canopen_tests
[138.148s] Level 1:colcon.colcon_core.environment:create_environment_scripts_only(canopen_tests)
[138.148s] Level 1:colcon.colcon_core.environment:checking '/tmp/agrobot-next-build-ybgPHn/install/canopen_tests' for CMake module files
[138.149s] DEBUG:colcon.colcon_core.event_handler.log_command:Invoked command in '/tmp/agrobot-next-build-ybgPHn/build/canopen_tests' returned '0': AMENT_PREFIX_PATH=/tmp/agrobot-next-build-ybgPHn/install/canopen_ros2_controllers:/tmp/agrobot-next-build-ybgPHn/install/canopen_402_driver:/tmp/agrobot-next-build-ybgPHn/install/canopen_proxy_driver:/tmp/agrobot-next-build-ybgPHn/install/canopen_base_driver:/tmp/agrobot-next-build-ybgPHn/install/canopen_fake_slaves:/tmp/agrobot-next-build-ybgPHn/install/canopen_core:/tmp/agrobot-next-build-ybgPHn/install/lely_core_libraries:/tmp/agrobot-next-build-ybgPHn/install/canopen_interfaces:${AMENT_PREFIX_PATH} CMAKE_PREFIX_PATH=/tmp/agrobot-next-build-ybgPHn/install/canopen_ros2_controllers:/tmp/agrobot-next-build-ybgPHn/install/canopen_402_driver:/tmp/agrobot-next-build-ybgPHn/install/canopen_proxy_driver:/tmp/agrobot-next-build-ybgPHn/install/canopen_base_driver:/tmp/agrobot-next-build-ybgPHn/install/canopen_fake_slaves:/tmp/agrobot-next-build-ybgPHn/install/canopen_core:/tmp/agrobot-next-build-ybgPHn/install/lely_core_libraries:/tmp/agrobot-next-build-ybgPHn/install/canopen_interfaces:/opt/ros/jazzy/opt/gz_sim_vendor:/opt/ros/jazzy/opt/gz_sensors_vendor:/opt/ros/jazzy/opt/gz_physics_vendor:/opt/ros/jazzy/opt/sdformat_vendor:/opt/ros/jazzy/opt/gz_gui_vendor:/opt/ros/jazzy/opt/gz_transport_vendor:/opt/ros/jazzy/opt/gz_rendering_vendor:/opt/ros/jazzy/opt/gz_plugin_vendor:/opt/ros/jazzy/opt/gz_fuel_tools_vendor:/opt/ros/jazzy/opt/gz_msgs_vendor:/opt/ros/jazzy/opt/gz_common_vendor:/opt/ros/jazzy/opt/gz_math_vendor:/opt/ros/jazzy/opt/gz_utils_vendor:/opt/ros/jazzy/opt/gz_tools_vendor:/opt/ros/jazzy/opt/gz_ogre_next_vendor:/opt/ros/jazzy/opt/gz_dartsim_vendor:/opt/ros/jazzy/opt/gz_cmake_vendor:/opt/ros/jazzy LD_LIBRARY_PATH=/tmp/agrobot-next-build-ybgPHn/install/canopen_ros2_controllers/lib:/tmp/agrobot-next-build-ybgPHn/install/canopen_402_driver/lib:/tmp/agrobot-next-build-ybgPHn/install/canopen_proxy_driver/lib:/tmp/agrobot-next-build-ybgPHn/install/canopen_base_driver/lib:/tmp/agrobot-next-build-ybgPHn/install/canopen_core/lib:/tmp/agrobot-next-build-ybgPHn/install/lely_core_libraries/lib:/tmp/agrobot-next-build-ybgPHn/install/canopen_interfaces/lib:${LD_LIBRARY_PATH} PATH=/tmp/agrobot-next-build-ybgPHn/install/lely_core_libraries/bin:${PATH} PYTHONPATH=/tmp/agrobot-next-build-ybgPHn/install/lely_core_libraries/lib/python3.12/site-packages:/tmp/agrobot-next-build-ybgPHn/install/canopen_interfaces/lib/python3.12/site-packages:${PYTHONPATH} /usr/bin/cmake --install /tmp/agrobot-next-build-ybgPHn/build/canopen_tests
[138.149s] Level 1:colcon.colcon_core.environment:checking '/tmp/agrobot-next-build-ybgPHn/install/canopen_tests' for CMake config files
[138.149s] Level 1:colcon.colcon_core.shell:create_environment_hook('canopen_tests', 'cmake_prefix_path')
[138.149s] INFO:colcon.colcon_core.shell:Creating environment hook '/tmp/agrobot-next-build-ybgPHn/install/canopen_tests/share/canopen_tests/hook/cmake_prefix_path.ps1'
[138.150s] INFO:colcon.colcon_core.shell:Creating environment descriptor '/tmp/agrobot-next-build-ybgPHn/install/canopen_tests/share/canopen_tests/hook/cmake_prefix_path.dsv'
[138.150s] INFO:colcon.colcon_core.shell:Creating environment hook '/tmp/agrobot-next-build-ybgPHn/install/canopen_tests/share/canopen_tests/hook/cmake_prefix_path.sh'
[138.150s] Level 1:colcon.colcon_core.environment:checking '/tmp/agrobot-next-build-ybgPHn/install/canopen_tests/bin'
[138.150s] Level 1:colcon.colcon_core.environment:checking '/tmp/agrobot-next-build-ybgPHn/install/canopen_tests/lib/pkgconfig/canopen_tests.pc'
[138.151s] Level 1:colcon.colcon_core.environment:checking '/tmp/agrobot-next-build-ybgPHn/install/canopen_tests/lib/python3.12/site-packages'
[138.151s] Level 1:colcon.colcon_core.environment:checking '/tmp/agrobot-next-build-ybgPHn/install/canopen_tests/bin'
[138.151s] INFO:colcon.colcon_core.shell:Creating package script '/tmp/agrobot-next-build-ybgPHn/install/canopen_tests/share/canopen_tests/package.ps1'
[138.151s] INFO:colcon.colcon_core.shell:Creating package descriptor '/tmp/agrobot-next-build-ybgPHn/install/canopen_tests/share/canopen_tests/package.dsv'
[138.151s] INFO:colcon.colcon_core.shell:Creating package script '/tmp/agrobot-next-build-ybgPHn/install/canopen_tests/share/canopen_tests/package.sh'
[138.152s] INFO:colcon.colcon_core.shell:Creating package script '/tmp/agrobot-next-build-ybgPHn/install/canopen_tests/share/canopen_tests/package.bash'
[138.152s] INFO:colcon.colcon_core.shell:Creating package script '/tmp/agrobot-next-build-ybgPHn/install/canopen_tests/share/canopen_tests/package.zsh'
[138.152s] Level 1:colcon.colcon_core.environment:create_file_with_runtime_dependencies(/tmp/agrobot-next-build-ybgPHn/install/canopen_tests/share/colcon-core/packages/canopen_tests)
[138.152s] Level 1:colcon.colcon_core.environment:create_environment_scripts_only(canopen_tests)
[138.153s] Level 1:colcon.colcon_core.environment:checking '/tmp/agrobot-next-build-ybgPHn/install/canopen_tests' for CMake module files
[138.153s] Level 1:colcon.colcon_core.environment:checking '/tmp/agrobot-next-build-ybgPHn/install/canopen_tests' for CMake config files
[138.153s] Level 1:colcon.colcon_core.shell:create_environment_hook('canopen_tests', 'cmake_prefix_path')
[138.153s] INFO:colcon.colcon_core.shell:Creating environment hook '/tmp/agrobot-next-build-ybgPHn/install/canopen_tests/share/canopen_tests/hook/cmake_prefix_path.ps1'
[138.153s] INFO:colcon.colcon_core.shell:Creating environment descriptor '/tmp/agrobot-next-build-ybgPHn/install/canopen_tests/share/canopen_tests/hook/cmake_prefix_path.dsv'
[138.153s] INFO:colcon.colcon_core.shell:Creating environment hook '/tmp/agrobot-next-build-ybgPHn/install/canopen_tests/share/canopen_tests/hook/cmake_prefix_path.sh'
[138.154s] Level 1:colcon.colcon_core.environment:checking '/tmp/agrobot-next-build-ybgPHn/install/canopen_tests/bin'
[138.154s] Level 1:colcon.colcon_core.environment:checking '/tmp/agrobot-next-build-ybgPHn/install/canopen_tests/lib/pkgconfig/canopen_tests.pc'
[138.154s] Level 1:colcon.colcon_core.environment:checking '/tmp/agrobot-next-build-ybgPHn/install/canopen_tests/lib/python3.12/site-packages'
[138.154s] Level 1:colcon.colcon_core.environment:checking '/tmp/agrobot-next-build-ybgPHn/install/canopen_tests/bin'
[138.154s] INFO:colcon.colcon_core.shell:Creating package script '/tmp/agrobot-next-build-ybgPHn/install/canopen_tests/share/canopen_tests/package.ps1'
[138.155s] INFO:colcon.colcon_core.shell:Creating package descriptor '/tmp/agrobot-next-build-ybgPHn/install/canopen_tests/share/canopen_tests/package.dsv'
[138.155s] INFO:colcon.colcon_core.shell:Creating package script '/tmp/agrobot-next-build-ybgPHn/install/canopen_tests/share/canopen_tests/package.sh'
[138.155s] INFO:colcon.colcon_core.shell:Creating package script '/tmp/agrobot-next-build-ybgPHn/install/canopen_tests/share/canopen_tests/package.bash'
[138.155s] INFO:colcon.colcon_core.shell:Creating package script '/tmp/agrobot-next-build-ybgPHn/install/canopen_tests/share/canopen_tests/package.zsh'
[138.155s] Level 1:colcon.colcon_core.environment:create_file_with_runtime_dependencies(/tmp/agrobot-next-build-ybgPHn/install/canopen_tests/share/colcon-core/packages/canopen_tests)
[138.155s] DEBUG:colcon.colcon_parallel_executor.executor.parallel:closing loop
[138.156s] DEBUG:colcon.colcon_parallel_executor.executor.parallel:loop closed
[138.156s] DEBUG:colcon.colcon_parallel_executor.executor.parallel:run_until_complete finished with '0'
[138.156s] DEBUG:colcon.colcon_core.event_reactor:joining thread
[138.204s] INFO:colcon.colcon_core.plugin_system:Skipping extension 'colcon_notification.desktop_notification.notify_send': Could not find 'notify-send'
[138.204s] INFO:colcon.colcon_core.plugin_system:Skipping extension 'colcon_notification.desktop_notification.terminal_notifier': Not used on non-Darwin systems
[138.204s] INFO:colcon.colcon_core.plugin_system:Skipping extension 'colcon_notification.desktop_notification.win32': Not used on non-Windows systems
[138.204s] INFO:colcon.colcon_notification.desktop_notification:Sending desktop notification using 'notify2'
[138.205s] DEBUG:colcon.colcon_notification.desktop_notification.notify2:Failed to initialize notify2: org.freedesktop.DBus.Error.ServiceUnknown: The name org.freedesktop.Notifications was not provided by any .service files
[138.205s] DEBUG:colcon.colcon_core.event_reactor:joined thread
[138.206s] INFO:colcon.colcon_core.shell:Creating prefix script '/tmp/agrobot-next-build-ybgPHn/install/local_setup.ps1'
[138.208s] INFO:colcon.colcon_core.shell:Creating prefix util module '/tmp/agrobot-next-build-ybgPHn/install/_local_setup_util_ps1.py'
[138.209s] INFO:colcon.colcon_core.shell:Creating prefix chain script '/tmp/agrobot-next-build-ybgPHn/install/setup.ps1'
[138.210s] INFO:colcon.colcon_core.shell:Creating prefix script '/tmp/agrobot-next-build-ybgPHn/install/local_setup.sh'
[138.210s] INFO:colcon.colcon_core.shell:Creating prefix util module '/tmp/agrobot-next-build-ybgPHn/install/_local_setup_util_sh.py'
[138.210s] INFO:colcon.colcon_core.shell:Creating prefix chain script '/tmp/agrobot-next-build-ybgPHn/install/setup.sh'
[138.211s] INFO:colcon.colcon_core.shell:Creating prefix script '/tmp/agrobot-next-build-ybgPHn/install/local_setup.bash'
[138.211s] INFO:colcon.colcon_core.shell:Creating prefix chain script '/tmp/agrobot-next-build-ybgPHn/install/setup.bash'
[138.211s] INFO:colcon.colcon_core.shell:Creating prefix script '/tmp/agrobot-next-build-ybgPHn/install/local_setup.zsh'
[138.211s] INFO:colcon.colcon_core.shell:Creating prefix chain script '/tmp/agrobot-next-build-ybgPHn/install/setup.zsh'
