[0.147s] DEBUG:colcon:Command line arguments: ['/usr/bin/colcon', '--log-base', '../build_logs/20260923-170233/colcon', 'build', '--parallel-workers', '4', '--event-handlers', 'console_direct+']
[0.147s] DEBUG:colcon:Parsed command line arguments: Namespace(log_base='../build_logs/20260923-170233/colcon', log_level=None, verb_name='build', build_base='build', install_base='install', merge_install=False, symlink_install=False, test_result_base=None, continue_on_error=False, executor='parallel', parallel_workers=4, event_handlers=['console_direct+'], ignore_user_meta=False, metas=['./colcon.meta'], base_paths=['.'], packages_ignore=None, packages_ignore_regex=None, paths=None, packages_up_to=None, packages_up_to_regex=None, packages_above=None, packages_above_and_dependencies=None, packages_above_depth=None, packages_select_by_dep=None, packages_skip_by_dep=None, packages_skip_up_to=None, packages_select_build_failed=False, packages_skip_build_finished=False, packages_select_test_failures=False, packages_skip_test_passed=False, packages_select=None, packages_skip=None, packages_select_regex=None, packages_skip_regex=None, packages_start=None, packages_end=None, allow_overriding=[], cmake_args=None, cmake_target=None, cmake_target_skip_unavailable=False, cmake_clean_cache=False, cmake_clean_first=False, cmake_force_configure=False, ament_cmake_args=None, catkin_cmake_args=None, catkin_skip_building_tests=False, mixin_files=None, mixin=None, verb_parser=<colcon_mixin.mixin.mixin_argument.MixinArgumentDecorator object at 0x760c6717b9b0>, verb_extension=<colcon_core.verb.build.BuildVerb object at 0x760c67121820>, main=<bound method BuildVerb.main of <colcon_core.verb.build.BuildVerb object at 0x760c67121820>>, mixin_verb=('build',))
[0.184s] Level 1:colcon.colcon_core.package_discovery:discover_packages(colcon_meta) check parameters
[0.184s] Level 1:colcon.colcon_core.package_discovery:discover_packages(recursive) check parameters
[0.184s] Level 1:colcon.colcon_core.package_discovery:discover_packages(ignore) check parameters
[0.184s] Level 1:colcon.colcon_core.package_discovery:discover_packages(path) check parameters
[0.184s] Level 1:colcon.colcon_core.package_discovery:discover_packages(colcon_meta) discover
[0.184s] Level 1:colcon.colcon_core.package_discovery:discover_packages(recursive) discover
[0.184s] INFO:colcon.colcon_core.package_discovery:Crawling recursively for packages in '/home/gsylvia/agrobot-reverse-engineering/Agrobot'
[0.184s] Level 1:colcon.colcon_core.package_identification:_identify(.) by extensions ['ignore', 'ignore_ament_install']
[0.185s] Level 1:colcon.colcon_core.package_identification:_identify(.) by extension 'ignore'
[0.185s] Level 1:colcon.colcon_core.package_identification:_identify(.) by extension 'ignore_ament_install'
[0.185s] Level 1:colcon.colcon_core.package_identification:_identify(.) by extensions ['colcon_pkg']
[0.185s] Level 1:colcon.colcon_core.package_identification:_identify(.) by extension 'colcon_pkg'
[0.185s] Level 1:colcon.colcon_core.package_identification:_identify(.) by extensions ['colcon_meta']
[0.185s] Level 1:colcon.colcon_core.package_identification:_identify(.) by extension 'colcon_meta'
[0.185s] Level 1:colcon.colcon_core.package_identification:_identify(.) by extensions ['ros']
[0.185s] Level 1:colcon.colcon_core.package_identification:_identify(.) by extension 'ros'
[0.209s] Level 1:colcon.colcon_core.package_identification:_identify(.) by extensions ['cmake', 'python']
[0.209s] Level 1:colcon.colcon_core.package_identification:_identify(.) by extension 'cmake'
[0.209s] Level 1:colcon.colcon_core.package_identification:_identify(.) by extension 'python'
[0.209s] Level 1:colcon.colcon_core.package_identification:_identify(.) by extensions ['python_setup_py']
[0.209s] Level 1:colcon.colcon_core.package_identification:_identify(.) by extension 'python_setup_py'
[0.209s] Level 1:colcon.colcon_core.package_identification:_identify(build) by extensions ['ignore', 'ignore_ament_install']
[0.209s] Level 1:colcon.colcon_core.package_identification:_identify(build) by extension 'ignore'
[0.209s] Level 1:colcon.colcon_core.package_identification:_identify(build) ignored
[0.210s] Level 1:colcon.colcon_core.package_identification:_identify(install) by extensions ['ignore', 'ignore_ament_install']
[0.210s] Level 1:colcon.colcon_core.package_identification:_identify(install) by extension 'ignore'
[0.210s] Level 1:colcon.colcon_core.package_identification:_identify(install) ignored
[0.210s] Level 1:colcon.colcon_core.package_identification:_identify(log) by extensions ['ignore', 'ignore_ament_install']
[0.210s] Level 1:colcon.colcon_core.package_identification:_identify(log) by extension 'ignore'
[0.210s] Level 1:colcon.colcon_core.package_identification:_identify(log) ignored
[0.210s] Level 1:colcon.colcon_core.package_identification:_identify(scripts) by extensions ['ignore', 'ignore_ament_install']
[0.210s] Level 1:colcon.colcon_core.package_identification:_identify(scripts) by extension 'ignore'
[0.210s] Level 1:colcon.colcon_core.package_identification:_identify(scripts) by extension 'ignore_ament_install'
[0.210s] Level 1:colcon.colcon_core.package_identification:_identify(scripts) by extensions ['colcon_pkg']
[0.210s] Level 1:colcon.colcon_core.package_identification:_identify(scripts) by extension 'colcon_pkg'
[0.210s] Level 1:colcon.colcon_core.package_identification:_identify(scripts) by extensions ['colcon_meta']
[0.210s] Level 1:colcon.colcon_core.package_identification:_identify(scripts) by extension 'colcon_meta'
[0.210s] Level 1:colcon.colcon_core.package_identification:_identify(scripts) by extensions ['ros']
[0.210s] Level 1:colcon.colcon_core.package_identification:_identify(scripts) by extension 'ros'
[0.210s] Level 1:colcon.colcon_core.package_identification:_identify(scripts) by extensions ['cmake', 'python']
[0.210s] Level 1:colcon.colcon_core.package_identification:_identify(scripts) by extension 'cmake'
[0.210s] Level 1:colcon.colcon_core.package_identification:_identify(scripts) by extension 'python'
[0.210s] Level 1:colcon.colcon_core.package_identification:_identify(scripts) by extensions ['python_setup_py']
[0.210s] Level 1:colcon.colcon_core.package_identification:_identify(scripts) by extension 'python_setup_py'
[0.210s] Level 1:colcon.colcon_core.package_identification:_identify(src) by extensions ['ignore', 'ignore_ament_install']
[0.210s] Level 1:colcon.colcon_core.package_identification:_identify(src) by extension 'ignore'
[0.210s] Level 1:colcon.colcon_core.package_identification:_identify(src) by extension 'ignore_ament_install'
[0.210s] Level 1:colcon.colcon_core.package_identification:_identify(src) by extensions ['colcon_pkg']
[0.210s] Level 1:colcon.colcon_core.package_identification:_identify(src) by extension 'colcon_pkg'
[0.211s] Level 1:colcon.colcon_core.package_identification:_identify(src) by extensions ['colcon_meta']
[0.211s] Level 1:colcon.colcon_core.package_identification:_identify(src) by extension 'colcon_meta'
[0.211s] Level 1:colcon.colcon_core.package_identification:_identify(src) by extensions ['ros']
[0.211s] Level 1:colcon.colcon_core.package_identification:_identify(src) by extension 'ros'
[0.211s] Level 1:colcon.colcon_core.package_identification:_identify(src) by extensions ['cmake', 'python']
[0.211s] Level 1:colcon.colcon_core.package_identification:_identify(src) by extension 'cmake'
[0.211s] Level 1:colcon.colcon_core.package_identification:_identify(src) by extension 'python'
[0.211s] Level 1:colcon.colcon_core.package_identification:_identify(src) by extensions ['python_setup_py']
[0.211s] Level 1:colcon.colcon_core.package_identification:_identify(src) by extension 'python_setup_py'
[0.211s] Level 1:colcon.colcon_core.package_identification:_identify(src/epos2_bridge) by extensions ['ignore', 'ignore_ament_install']
[0.211s] Level 1:colcon.colcon_core.package_identification:_identify(src/epos2_bridge) by extension 'ignore'
[0.211s] Level 1:colcon.colcon_core.package_identification:_identify(src/epos2_bridge) by extension 'ignore_ament_install'
[0.211s] Level 1:colcon.colcon_core.package_identification:_identify(src/epos2_bridge) by extensions ['colcon_pkg']
[0.211s] Level 1:colcon.colcon_core.package_identification:_identify(src/epos2_bridge) by extension 'colcon_pkg'
[0.211s] Level 1:colcon.colcon_core.package_identification:_identify(src/epos2_bridge) by extensions ['colcon_meta']
[0.211s] Level 1:colcon.colcon_core.package_identification:_identify(src/epos2_bridge) by extension 'colcon_meta'
[0.211s] Level 1:colcon.colcon_core.package_identification:_identify(src/epos2_bridge) by extensions ['ros']
[0.211s] Level 1:colcon.colcon_core.package_identification:_identify(src/epos2_bridge) by extension 'ros'
[0.213s] DEBUG:colcon.colcon_core.package_identification:Package 'src/epos2_bridge' with type 'ros.ament_python' and name 'epos2_bridge'
[0.213s] Level 1:colcon.colcon_core.package_identification:_identify(src/epos2_bridge_interfaces) by extensions ['ignore', 'ignore_ament_install']
[0.213s] Level 1:colcon.colcon_core.package_identification:_identify(src/epos2_bridge_interfaces) by extension 'ignore'
[0.213s] Level 1:colcon.colcon_core.package_identification:_identify(src/epos2_bridge_interfaces) by extension 'ignore_ament_install'
[0.213s] Level 1:colcon.colcon_core.package_identification:_identify(src/epos2_bridge_interfaces) by extensions ['colcon_pkg']
[0.213s] Level 1:colcon.colcon_core.package_identification:_identify(src/epos2_bridge_interfaces) by extension 'colcon_pkg'
[0.213s] Level 1:colcon.colcon_core.package_identification:_identify(src/epos2_bridge_interfaces) by extensions ['colcon_meta']
[0.213s] Level 1:colcon.colcon_core.package_identification:_identify(src/epos2_bridge_interfaces) by extension 'colcon_meta'
[0.213s] Level 1:colcon.colcon_core.package_identification:_identify(src/epos2_bridge_interfaces) by extensions ['ros']
[0.213s] Level 1:colcon.colcon_core.package_identification:_identify(src/epos2_bridge_interfaces) by extension 'ros'
[0.214s] DEBUG:colcon.colcon_core.package_identification:Package 'src/epos2_bridge_interfaces' with type 'ros.ament_cmake' and name 'epos2_bridge_interfaces'
[0.214s] Level 1:colcon.colcon_core.package_identification:_identify(src/moveit_config) by extensions ['ignore', 'ignore_ament_install']
[0.214s] Level 1:colcon.colcon_core.package_identification:_identify(src/moveit_config) by extension 'ignore'
[0.214s] Level 1:colcon.colcon_core.package_identification:_identify(src/moveit_config) by extension 'ignore_ament_install'
[0.214s] Level 1:colcon.colcon_core.package_identification:_identify(src/moveit_config) by extensions ['colcon_pkg']
[0.214s] Level 1:colcon.colcon_core.package_identification:_identify(src/moveit_config) by extension 'colcon_pkg'
[0.214s] Level 1:colcon.colcon_core.package_identification:_identify(src/moveit_config) by extensions ['colcon_meta']
[0.214s] Level 1:colcon.colcon_core.package_identification:_identify(src/moveit_config) by extension 'colcon_meta'
[0.214s] Level 1:colcon.colcon_core.package_identification:_identify(src/moveit_config) by extensions ['ros']
[0.214s] Level 1:colcon.colcon_core.package_identification:_identify(src/moveit_config) by extension 'ros'
[0.214s] DEBUG:colcon.colcon_core.package_identification:Package 'src/moveit_config' with type 'ros.ament_cmake' and name 'moveit_config'
[0.214s] Level 1:colcon.colcon_core.package_identification:_identify(src/robot_bringup) by extensions ['ignore', 'ignore_ament_install']
[0.214s] Level 1:colcon.colcon_core.package_identification:_identify(src/robot_bringup) by extension 'ignore'
[0.214s] Level 1:colcon.colcon_core.package_identification:_identify(src/robot_bringup) by extension 'ignore_ament_install'
[0.214s] Level 1:colcon.colcon_core.package_identification:_identify(src/robot_bringup) by extensions ['colcon_pkg']
[0.214s] Level 1:colcon.colcon_core.package_identification:_identify(src/robot_bringup) by extension 'colcon_pkg'
[0.214s] Level 1:colcon.colcon_core.package_identification:_identify(src/robot_bringup) by extensions ['colcon_meta']
[0.214s] Level 1:colcon.colcon_core.package_identification:_identify(src/robot_bringup) by extension 'colcon_meta'
[0.214s] Level 1:colcon.colcon_core.package_identification:_identify(src/robot_bringup) by extensions ['ros']
[0.214s] Level 1:colcon.colcon_core.package_identification:_identify(src/robot_bringup) by extension 'ros'
[0.215s] DEBUG:colcon.colcon_core.package_identification:Package 'src/robot_bringup' with type 'ros.ament_cmake' and name 'robot_bringup'
[0.215s] Level 1:colcon.colcon_core.package_identification:_identify(src/robot_commander) by extensions ['ignore', 'ignore_ament_install']
[0.215s] Level 1:colcon.colcon_core.package_identification:_identify(src/robot_commander) by extension 'ignore'
[0.215s] Level 1:colcon.colcon_core.package_identification:_identify(src/robot_commander) by extension 'ignore_ament_install'
[0.215s] Level 1:colcon.colcon_core.package_identification:_identify(src/robot_commander) by extensions ['colcon_pkg']
[0.215s] Level 1:colcon.colcon_core.package_identification:_identify(src/robot_commander) by extension 'colcon_pkg'
[0.215s] Level 1:colcon.colcon_core.package_identification:_identify(src/robot_commander) by extensions ['colcon_meta']
[0.215s] Level 1:colcon.colcon_core.package_identification:_identify(src/robot_commander) by extension 'colcon_meta'
[0.215s] Level 1:colcon.colcon_core.package_identification:_identify(src/robot_commander) by extensions ['ros']
[0.215s] Level 1:colcon.colcon_core.package_identification:_identify(src/robot_commander) by extension 'ros'
[0.215s] DEBUG:colcon.colcon_core.package_identification:Package 'src/robot_commander' with type 'ros.ament_cmake' and name 'robot_commander'
[0.215s] Level 1:colcon.colcon_core.package_identification:_identify(src/robot_description) by extensions ['ignore', 'ignore_ament_install']
[0.215s] Level 1:colcon.colcon_core.package_identification:_identify(src/robot_description) by extension 'ignore'
[0.215s] Level 1:colcon.colcon_core.package_identification:_identify(src/robot_description) by extension 'ignore_ament_install'
[0.215s] Level 1:colcon.colcon_core.package_identification:_identify(src/robot_description) by extensions ['colcon_pkg']
[0.216s] Level 1:colcon.colcon_core.package_identification:_identify(src/robot_description) by extension 'colcon_pkg'
[0.216s] Level 1:colcon.colcon_core.package_identification:_identify(src/robot_description) by extensions ['colcon_meta']
[0.216s] Level 1:colcon.colcon_core.package_identification:_identify(src/robot_description) by extension 'colcon_meta'
[0.216s] Level 1:colcon.colcon_core.package_identification:_identify(src/robot_description) by extensions ['ros']
[0.216s] Level 1:colcon.colcon_core.package_identification:_identify(src/robot_description) by extension 'ros'
[0.216s] DEBUG:colcon.colcon_core.package_identification:Package 'src/robot_description' with type 'ros.ament_cmake' and name 'robot_description'
[0.216s] Level 1:colcon.colcon_core.package_identification:_identify(src/robot_interfaces) by extensions ['ignore', 'ignore_ament_install']
[0.216s] Level 1:colcon.colcon_core.package_identification:_identify(src/robot_interfaces) by extension 'ignore'
[0.216s] Level 1:colcon.colcon_core.package_identification:_identify(src/robot_interfaces) by extension 'ignore_ament_install'
[0.216s] Level 1:colcon.colcon_core.package_identification:_identify(src/robot_interfaces) by extensions ['colcon_pkg']
[0.216s] Level 1:colcon.colcon_core.package_identification:_identify(src/robot_interfaces) by extension 'colcon_pkg'
[0.216s] Level 1:colcon.colcon_core.package_identification:_identify(src/robot_interfaces) by extensions ['colcon_meta']
[0.216s] Level 1:colcon.colcon_core.package_identification:_identify(src/robot_interfaces) by extension 'colcon_meta'
[0.216s] Level 1:colcon.colcon_core.package_identification:_identify(src/robot_interfaces) by extensions ['ros']
[0.216s] Level 1:colcon.colcon_core.package_identification:_identify(src/robot_interfaces) by extension 'ros'
[0.216s] DEBUG:colcon.colcon_core.package_identification:Package 'src/robot_interfaces' with type 'ros.ament_cmake' and name 'robot_interfaces'
[0.216s] Level 1:colcon.colcon_core.package_identification:_identify(src/ros2_canopen) by extensions ['ignore', 'ignore_ament_install']
[0.216s] Level 1:colcon.colcon_core.package_identification:_identify(src/ros2_canopen) by extension 'ignore'
[0.216s] Level 1:colcon.colcon_core.package_identification:_identify(src/ros2_canopen) by extension 'ignore_ament_install'
[0.216s] Level 1:colcon.colcon_core.package_identification:_identify(src/ros2_canopen) by extensions ['colcon_pkg']
[0.216s] Level 1:colcon.colcon_core.package_identification:_identify(src/ros2_canopen) by extension 'colcon_pkg'
[0.216s] Level 1:colcon.colcon_core.package_identification:_identify(src/ros2_canopen) by extensions ['colcon_meta']
[0.216s] Level 1:colcon.colcon_core.package_identification:_identify(src/ros2_canopen) by extension 'colcon_meta'
[0.216s] Level 1:colcon.colcon_core.package_identification:_identify(src/ros2_canopen) by extensions ['ros']
[0.216s] Level 1:colcon.colcon_core.package_identification:_identify(src/ros2_canopen) by extension 'ros'
[0.216s] Level 1:colcon.colcon_core.package_identification:_identify(src/ros2_canopen) by extensions ['cmake', 'python']
[0.216s] Level 1:colcon.colcon_core.package_identification:_identify(src/ros2_canopen) by extension 'cmake'
[0.217s] Level 1:colcon.colcon_core.package_identification:_identify(src/ros2_canopen) by extension 'python'
[0.217s] Level 1:colcon.colcon_core.package_identification:_identify(src/ros2_canopen) by extensions ['python_setup_py']
[0.217s] Level 1:colcon.colcon_core.package_identification:_identify(src/ros2_canopen) by extension 'python_setup_py'
[0.217s] Level 1:colcon.colcon_core.package_identification:_identify(src/ros2_canopen/canopen) by extensions ['ignore', 'ignore_ament_install']
[0.217s] Level 1:colcon.colcon_core.package_identification:_identify(src/ros2_canopen/canopen) by extension 'ignore'
[0.217s] Level 1:colcon.colcon_core.package_identification:_identify(src/ros2_canopen/canopen) by extension 'ignore_ament_install'
[0.217s] Level 1:colcon.colcon_core.package_identification:_identify(src/ros2_canopen/canopen) by extensions ['colcon_pkg']
[0.217s] Level 1:colcon.colcon_core.package_identification:_identify(src/ros2_canopen/canopen) by extension 'colcon_pkg'
[0.217s] Level 1:colcon.colcon_core.package_identification:_identify(src/ros2_canopen/canopen) by extensions ['colcon_meta']
[0.217s] Level 1:colcon.colcon_core.package_identification:_identify(src/ros2_canopen/canopen) by extension 'colcon_meta'
[0.217s] Level 1:colcon.colcon_core.package_identification:_identify(src/ros2_canopen/canopen) by extensions ['ros']
[0.217s] Level 1:colcon.colcon_core.package_identification:_identify(src/ros2_canopen/canopen) by extension 'ros'
[0.217s] DEBUG:colcon.colcon_core.package_identification:Package 'src/ros2_canopen/canopen' with type 'ros.ament_cmake' and name 'canopen'
[0.217s] Level 1:colcon.colcon_core.package_identification:_identify(src/ros2_canopen/canopen_402_driver) by extensions ['ignore', 'ignore_ament_install']
[0.217s] Level 1:colcon.colcon_core.package_identification:_identify(src/ros2_canopen/canopen_402_driver) by extension 'ignore'
[0.217s] Level 1:colcon.colcon_core.package_identification:_identify(src/ros2_canopen/canopen_402_driver) by extension 'ignore_ament_install'
[0.217s] Level 1:colcon.colcon_core.package_identification:_identify(src/ros2_canopen/canopen_402_driver) by extensions ['colcon_pkg']
[0.217s] Level 1:colcon.colcon_core.package_identification:_identify(src/ros2_canopen/canopen_402_driver) by extension 'colcon_pkg'
[0.217s] Level 1:colcon.colcon_core.package_identification:_identify(src/ros2_canopen/canopen_402_driver) by extensions ['colcon_meta']
[0.217s] Level 1:colcon.colcon_core.package_identification:_identify(src/ros2_canopen/canopen_402_driver) by extension 'colcon_meta'
[0.217s] Level 1:colcon.colcon_core.package_identification:_identify(src/ros2_canopen/canopen_402_driver) by extensions ['ros']
[0.217s] Level 1:colcon.colcon_core.package_identification:_identify(src/ros2_canopen/canopen_402_driver) by extension 'ros'
[0.218s] DEBUG:colcon.colcon_core.package_identification:Package 'src/ros2_canopen/canopen_402_driver' with type 'ros.ament_cmake' and name 'canopen_402_driver'
[0.218s] Level 1:colcon.colcon_core.package_identification:_identify(src/ros2_canopen/canopen_base_driver) by extensions ['ignore', 'ignore_ament_install']
[0.218s] Level 1:colcon.colcon_core.package_identification:_identify(src/ros2_canopen/canopen_base_driver) by extension 'ignore'
[0.218s] Level 1:colcon.colcon_core.package_identification:_identify(src/ros2_canopen/canopen_base_driver) by extension 'ignore_ament_install'
[0.218s] Level 1:colcon.colcon_core.package_identification:_identify(src/ros2_canopen/canopen_base_driver) by extensions ['colcon_pkg']
[0.218s] Level 1:colcon.colcon_core.package_identification:_identify(src/ros2_canopen/canopen_base_driver) by extension 'colcon_pkg'
[0.218s] Level 1:colcon.colcon_core.package_identification:_identify(src/ros2_canopen/canopen_base_driver) by extensions ['colcon_meta']
[0.218s] Level 1:colcon.colcon_core.package_identification:_identify(src/ros2_canopen/canopen_base_driver) by extension 'colcon_meta'
[0.218s] Level 1:colcon.colcon_core.package_identification:_identify(src/ros2_canopen/canopen_base_driver) by extensions ['ros']
[0.218s] Level 1:colcon.colcon_core.package_identification:_identify(src/ros2_canopen/canopen_base_driver) by extension 'ros'
[0.219s] DEBUG:colcon.colcon_core.package_identification:Package 'src/ros2_canopen/canopen_base_driver' with type 'ros.ament_cmake' and name 'canopen_base_driver'
[0.219s] Level 1:colcon.colcon_core.package_identification:_identify(src/ros2_canopen/canopen_core) by extensions ['ignore', 'ignore_ament_install']
[0.219s] Level 1:colcon.colcon_core.package_identification:_identify(src/ros2_canopen/canopen_core) by extension 'ignore'
[0.219s] Level 1:colcon.colcon_core.package_identification:_identify(src/ros2_canopen/canopen_core) by extension 'ignore_ament_install'
[0.219s] Level 1:colcon.colcon_core.package_identification:_identify(src/ros2_canopen/canopen_core) by extensions ['colcon_pkg']
[0.219s] Level 1:colcon.colcon_core.package_identification:_identify(src/ros2_canopen/canopen_core) by extension 'colcon_pkg'
[0.219s] Level 1:colcon.colcon_core.package_identification:_identify(src/ros2_canopen/canopen_core) by extensions ['colcon_meta']
[0.219s] Level 1:colcon.colcon_core.package_identification:_identify(src/ros2_canopen/canopen_core) by extension 'colcon_meta'
[0.219s] Level 1:colcon.colcon_core.package_identification:_identify(src/ros2_canopen/canopen_core) by extensions ['ros']
[0.219s] Level 1:colcon.colcon_core.package_identification:_identify(src/ros2_canopen/canopen_core) by extension 'ros'
[0.219s] DEBUG:colcon.colcon_core.package_identification:Package 'src/ros2_canopen/canopen_core' with type 'ros.ament_cmake' and name 'canopen_core'
[0.219s] Level 1:colcon.colcon_core.package_identification:_identify(src/ros2_canopen/canopen_fake_slaves) by extensions ['ignore', 'ignore_ament_install']
[0.219s] Level 1:colcon.colcon_core.package_identification:_identify(src/ros2_canopen/canopen_fake_slaves) by extension 'ignore'
[0.219s] Level 1:colcon.colcon_core.package_identification:_identify(src/ros2_canopen/canopen_fake_slaves) by extension 'ignore_ament_install'
[0.219s] Level 1:colcon.colcon_core.package_identification:_identify(src/ros2_canopen/canopen_fake_slaves) by extensions ['colcon_pkg']
[0.219s] Level 1:colcon.colcon_core.package_identification:_identify(src/ros2_canopen/canopen_fake_slaves) by extension 'colcon_pkg'
[0.220s] Level 1:colcon.colcon_core.package_identification:_identify(src/ros2_canopen/canopen_fake_slaves) by extensions ['colcon_meta']
[0.220s] Level 1:colcon.colcon_core.package_identification:_identify(src/ros2_canopen/canopen_fake_slaves) by extension 'colcon_meta'
[0.220s] Level 1:colcon.colcon_core.package_identification:_identify(src/ros2_canopen/canopen_fake_slaves) by extensions ['ros']
[0.220s] Level 1:colcon.colcon_core.package_identification:_identify(src/ros2_canopen/canopen_fake_slaves) by extension 'ros'
[0.220s] DEBUG:colcon.colcon_core.package_identification:Package 'src/ros2_canopen/canopen_fake_slaves' with type 'ros.ament_cmake' and name 'canopen_fake_slaves'
[0.220s] Level 1:colcon.colcon_core.package_identification:_identify(src/ros2_canopen/canopen_interfaces) by extensions ['ignore', 'ignore_ament_install']
[0.220s] Level 1:colcon.colcon_core.package_identification:_identify(src/ros2_canopen/canopen_interfaces) by extension 'ignore'
[0.220s] Level 1:colcon.colcon_core.package_identification:_identify(src/ros2_canopen/canopen_interfaces) by extension 'ignore_ament_install'
[0.220s] Level 1:colcon.colcon_core.package_identification:_identify(src/ros2_canopen/canopen_interfaces) by extensions ['colcon_pkg']
[0.220s] Level 1:colcon.colcon_core.package_identification:_identify(src/ros2_canopen/canopen_interfaces) by extension 'colcon_pkg'
[0.220s] Level 1:colcon.colcon_core.package_identification:_identify(src/ros2_canopen/canopen_interfaces) by extensions ['colcon_meta']
[0.220s] Level 1:colcon.colcon_core.package_identification:_identify(src/ros2_canopen/canopen_interfaces) by extension 'colcon_meta'
[0.220s] Level 1:colcon.colcon_core.package_identification:_identify(src/ros2_canopen/canopen_interfaces) by extensions ['ros']
[0.220s] Level 1:colcon.colcon_core.package_identification:_identify(src/ros2_canopen/canopen_interfaces) by extension 'ros'
[0.220s] DEBUG:colcon.colcon_core.package_identification:Package 'src/ros2_canopen/canopen_interfaces' with type 'ros.ament_cmake' and name 'canopen_interfaces'
[0.220s] Level 1:colcon.colcon_core.package_identification:_identify(src/ros2_canopen/canopen_master_driver) by extensions ['ignore', 'ignore_ament_install']
[0.220s] Level 1:colcon.colcon_core.package_identification:_identify(src/ros2_canopen/canopen_master_driver) by extension 'ignore'
[0.220s] Level 1:colcon.colcon_core.package_identification:_identify(src/ros2_canopen/canopen_master_driver) by extension 'ignore_ament_install'
[0.220s] Level 1:colcon.colcon_core.package_identification:_identify(src/ros2_canopen/canopen_master_driver) by extensions ['colcon_pkg']
[0.221s] Level 1:colcon.colcon_core.package_identification:_identify(src/ros2_canopen/canopen_master_driver) by extension 'colcon_pkg'
[0.221s] Level 1:colcon.colcon_core.package_identification:_identify(src/ros2_canopen/canopen_master_driver) by extensions ['colcon_meta']
[0.221s] Level 1:colcon.colcon_core.package_identification:_identify(src/ros2_canopen/canopen_master_driver) by extension 'colcon_meta'
[0.221s] Level 1:colcon.colcon_core.package_identification:_identify(src/ros2_canopen/canopen_master_driver) by extensions ['ros']
[0.221s] Level 1:colcon.colcon_core.package_identification:_identify(src/ros2_canopen/canopen_master_driver) by extension 'ros'
[0.221s] DEBUG:colcon.colcon_core.package_identification:Package 'src/ros2_canopen/canopen_master_driver' with type 'ros.ament_cmake' and name 'canopen_master_driver'
[0.221s] Level 1:colcon.colcon_core.package_identification:_identify(src/ros2_canopen/canopen_proxy_driver) by extensions ['ignore', 'ignore_ament_install']
[0.221s] Level 1:colcon.colcon_core.package_identification:_identify(src/ros2_canopen/canopen_proxy_driver) by extension 'ignore'
[0.221s] Level 1:colcon.colcon_core.package_identification:_identify(src/ros2_canopen/canopen_proxy_driver) by extension 'ignore_ament_install'
[0.221s] Level 1:colcon.colcon_core.package_identification:_identify(src/ros2_canopen/canopen_proxy_driver) by extensions ['colcon_pkg']
[0.221s] Level 1:colcon.colcon_core.package_identification:_identify(src/ros2_canopen/canopen_proxy_driver) by extension 'colcon_pkg'
[0.221s] Level 1:colcon.colcon_core.package_identification:_identify(src/ros2_canopen/canopen_proxy_driver) by extensions ['colcon_meta']
[0.221s] Level 1:colcon.colcon_core.package_identification:_identify(src/ros2_canopen/canopen_proxy_driver) by extension 'colcon_meta'
[0.221s] Level 1:colcon.colcon_core.package_identification:_identify(src/ros2_canopen/canopen_proxy_driver) by extensions ['ros']
[0.221s] Level 1:colcon.colcon_core.package_identification:_identify(src/ros2_canopen/canopen_proxy_driver) by extension 'ros'
[0.221s] DEBUG:colcon.colcon_core.package_identification:Package 'src/ros2_canopen/canopen_proxy_driver' with type 'ros.ament_cmake' and name 'canopen_proxy_driver'
[0.222s] Level 1:colcon.colcon_core.package_identification:_identify(src/ros2_canopen/canopen_ros2_control) by extensions ['ignore', 'ignore_ament_install']
[0.222s] Level 1:colcon.colcon_core.package_identification:_identify(src/ros2_canopen/canopen_ros2_control) by extension 'ignore'
[0.222s] Level 1:colcon.colcon_core.package_identification:_identify(src/ros2_canopen/canopen_ros2_control) by extension 'ignore_ament_install'
[0.222s] Level 1:colcon.colcon_core.package_identification:_identify(src/ros2_canopen/canopen_ros2_control) by extensions ['colcon_pkg']
[0.222s] Level 1:colcon.colcon_core.package_identification:_identify(src/ros2_canopen/canopen_ros2_control) by extension 'colcon_pkg'
[0.222s] Level 1:colcon.colcon_core.package_identification:_identify(src/ros2_canopen/canopen_ros2_control) by extensions ['colcon_meta']
[0.222s] Level 1:colcon.colcon_core.package_identification:_identify(src/ros2_canopen/canopen_ros2_control) by extension 'colcon_meta'
[0.222s] Level 1:colcon.colcon_core.package_identification:_identify(src/ros2_canopen/canopen_ros2_control) by extensions ['ros']
[0.222s] Level 1:colcon.colcon_core.package_identification:_identify(src/ros2_canopen/canopen_ros2_control) by extension 'ros'
[0.222s] DEBUG:colcon.colcon_core.package_identification:Package 'src/ros2_canopen/canopen_ros2_control' with type 'ros.ament_cmake' and name 'canopen_ros2_control'
[0.222s] Level 1:colcon.colcon_core.package_identification:_identify(src/ros2_canopen/canopen_ros2_controllers) by extensions ['ignore', 'ignore_ament_install']
[0.222s] Level 1:colcon.colcon_core.package_identification:_identify(src/ros2_canopen/canopen_ros2_controllers) by extension 'ignore'
[0.222s] Level 1:colcon.colcon_core.package_identification:_identify(src/ros2_canopen/canopen_ros2_controllers) by extension 'ignore_ament_install'
[0.222s] Level 1:colcon.colcon_core.package_identification:_identify(src/ros2_canopen/canopen_ros2_controllers) by extensions ['colcon_pkg']
[0.222s] Level 1:colcon.colcon_core.package_identification:_identify(src/ros2_canopen/canopen_ros2_controllers) by extension 'colcon_pkg'
[0.222s] Level 1:colcon.colcon_core.package_identification:_identify(src/ros2_canopen/canopen_ros2_controllers) by extensions ['colcon_meta']
[0.222s] Level 1:colcon.colcon_core.package_identification:_identify(src/ros2_canopen/canopen_ros2_controllers) by extension 'colcon_meta'
[0.222s] Level 1:colcon.colcon_core.package_identification:_identify(src/ros2_canopen/canopen_ros2_controllers) by extensions ['ros']
[0.222s] Level 1:colcon.colcon_core.package_identification:_identify(src/ros2_canopen/canopen_ros2_controllers) by extension 'ros'
[0.223s] DEBUG:colcon.colcon_core.package_identification:Package 'src/ros2_canopen/canopen_ros2_controllers' with type 'ros.ament_cmake' and name 'canopen_ros2_controllers'
[0.223s] Level 1:colcon.colcon_core.package_identification:_identify(src/ros2_canopen/canopen_tests) by extensions ['ignore', 'ignore_ament_install']
[0.223s] Level 1:colcon.colcon_core.package_identification:_identify(src/ros2_canopen/canopen_tests) by extension 'ignore'
[0.223s] Level 1:colcon.colcon_core.package_identification:_identify(src/ros2_canopen/canopen_tests) by extension 'ignore_ament_install'
[0.223s] Level 1:colcon.colcon_core.package_identification:_identify(src/ros2_canopen/canopen_tests) by extensions ['colcon_pkg']
[0.223s] Level 1:colcon.colcon_core.package_identification:_identify(src/ros2_canopen/canopen_tests) by extension 'colcon_pkg'
[0.223s] Level 1:colcon.colcon_core.package_identification:_identify(src/ros2_canopen/canopen_tests) by extensions ['colcon_meta']
[0.223s] Level 1:colcon.colcon_core.package_identification:_identify(src/ros2_canopen/canopen_tests) by extension 'colcon_meta'
[0.223s] Level 1:colcon.colcon_core.package_identification:_identify(src/ros2_canopen/canopen_tests) by extensions ['ros']
[0.223s] Level 1:colcon.colcon_core.package_identification:_identify(src/ros2_canopen/canopen_tests) by extension 'ros'
[0.223s] DEBUG:colcon.colcon_core.package_identification:Package 'src/ros2_canopen/canopen_tests' with type 'ros.ament_cmake' and name 'canopen_tests'
[0.223s] Level 1:colcon.colcon_core.package_identification:_identify(src/ros2_canopen/canopen_utils) by extensions ['ignore', 'ignore_ament_install']
[0.223s] Level 1:colcon.colcon_core.package_identification:_identify(src/ros2_canopen/canopen_utils) by extension 'ignore'
[0.223s] Level 1:colcon.colcon_core.package_identification:_identify(src/ros2_canopen/canopen_utils) by extension 'ignore_ament_install'
[0.223s] Level 1:colcon.colcon_core.package_identification:_identify(src/ros2_canopen/canopen_utils) by extensions ['colcon_pkg']
[0.223s] Level 1:colcon.colcon_core.package_identification:_identify(src/ros2_canopen/canopen_utils) by extension 'colcon_pkg'
[0.223s] Level 1:colcon.colcon_core.package_identification:_identify(src/ros2_canopen/canopen_utils) by extensions ['colcon_meta']
[0.223s] Level 1:colcon.colcon_core.package_identification:_identify(src/ros2_canopen/canopen_utils) by extension 'colcon_meta'
[0.223s] Level 1:colcon.colcon_core.package_identification:_identify(src/ros2_canopen/canopen_utils) by extensions ['ros']
[0.223s] Level 1:colcon.colcon_core.package_identification:_identify(src/ros2_canopen/canopen_utils) by extension 'ros'
[0.224s] DEBUG:colcon.colcon_core.package_identification:Package 'src/ros2_canopen/canopen_utils' with type 'ros.ament_python' and name 'canopen_utils'
[0.224s] Level 1:colcon.colcon_core.package_identification:_identify(src/ros2_canopen/lely_core_libraries) by extensions ['ignore', 'ignore_ament_install']
[0.224s] Level 1:colcon.colcon_core.package_identification:_identify(src/ros2_canopen/lely_core_libraries) by extension 'ignore'
[0.224s] Level 1:colcon.colcon_core.package_identification:_identify(src/ros2_canopen/lely_core_libraries) by extension 'ignore_ament_install'
[0.224s] Level 1:colcon.colcon_core.package_identification:_identify(src/ros2_canopen/lely_core_libraries) by extensions ['colcon_pkg']
[0.224s] Level 1:colcon.colcon_core.package_identification:_identify(src/ros2_canopen/lely_core_libraries) by extension 'colcon_pkg'
[0.224s] Level 1:colcon.colcon_core.package_identification:_identify(src/ros2_canopen/lely_core_libraries) by extensions ['colcon_meta']
[0.224s] Level 1:colcon.colcon_core.package_identification:_identify(src/ros2_canopen/lely_core_libraries) by extension 'colcon_meta'
[0.224s] Level 1:colcon.colcon_core.package_identification:_identify(src/ros2_canopen/lely_core_libraries) by extensions ['ros']
[0.224s] Level 1:colcon.colcon_core.package_identification:_identify(src/ros2_canopen/lely_core_libraries) by extension 'ros'
[0.224s] DEBUG:colcon.colcon_core.package_identification:Package 'src/ros2_canopen/lely_core_libraries' with type 'ros.ament_cmake' and name 'lely_core_libraries'
[0.224s] Level 1:colcon.colcon_core.package_discovery:discover_packages(recursive) using defaults
[0.224s] Level 1:colcon.colcon_core.package_discovery:discover_packages(ignore) discover
[0.224s] Level 1:colcon.colcon_core.package_discovery:discover_packages(ignore) using defaults
[0.224s] Level 1:colcon.colcon_core.package_discovery:discover_packages(path) discover
[0.224s] Level 1:colcon.colcon_core.package_discovery:discover_packages(path) using defaults
[0.241s] Level 1:colcon.colcon_core.package_discovery:discover_packages(prefix_path) check parameters
[0.241s] Level 1:colcon.colcon_core.package_discovery:discover_packages(prefix_path) discover
[0.243s] DEBUG:colcon.colcon_installed_package_information.package_discovery:Found 389 installed packages in /opt/ros/jazzy
[0.244s] Level 1:colcon.colcon_core.package_discovery:discover_packages(prefix_path) using defaults
[0.270s] Level 5:colcon.colcon_core.verb:set package 'canopen_interfaces' build argument 'cmake_args' from command line to 'None'
[0.270s] Level 5:colcon.colcon_core.verb:set package 'canopen_interfaces' build argument 'cmake_target' from command line to 'None'
[0.270s] Level 5:colcon.colcon_core.verb:set package 'canopen_interfaces' build argument 'cmake_target_skip_unavailable' from command line to 'False'
[0.270s] Level 5:colcon.colcon_core.verb:set package 'canopen_interfaces' build argument 'cmake_clean_cache' from command line to 'False'
[0.270s] Level 5:colcon.colcon_core.verb:set package 'canopen_interfaces' build argument 'cmake_clean_first' from command line to 'False'
[0.270s] Level 5:colcon.colcon_core.verb:set package 'canopen_interfaces' build argument 'cmake_force_configure' from command line to 'False'
[0.270s] Level 5:colcon.colcon_core.verb:set package 'canopen_interfaces' build argument 'ament_cmake_args' from command line to 'None'
[0.270s] Level 5:colcon.colcon_core.verb:set package 'canopen_interfaces' build argument 'catkin_cmake_args' from command line to 'None'
[0.270s] Level 5:colcon.colcon_core.verb:set package 'canopen_interfaces' build argument 'catkin_skip_building_tests' from command line to 'False'
[0.270s] DEBUG:colcon.colcon_core.verb:Building package 'canopen_interfaces' with the following arguments: {'ament_cmake_args': None, 'build_base': '/home/gsylvia/agrobot-reverse-engineering/Agrobot/build/canopen_interfaces', 'catkin_cmake_args': None, 'catkin_skip_building_tests': False, 'cmake_args': None, 'cmake_clean_cache': False, 'cmake_clean_first': False, 'cmake_force_configure': False, 'cmake_target': None, 'cmake_target_skip_unavailable': False, 'install_base': '/home/gsylvia/agrobot-reverse-engineering/Agrobot/install/canopen_interfaces', 'merge_install': False, 'path': '/home/gsylvia/agrobot-reverse-engineering/Agrobot/src/ros2_canopen/canopen_interfaces', 'symlink_install': False, 'test_result_base': None}
[0.270s] Level 5:colcon.colcon_core.verb:set package 'epos2_bridge_interfaces' build argument 'cmake_args' from command line to 'None'
[0.270s] Level 5:colcon.colcon_core.verb:set package 'epos2_bridge_interfaces' build argument 'cmake_target' from command line to 'None'
[0.270s] Level 5:colcon.colcon_core.verb:set package 'epos2_bridge_interfaces' build argument 'cmake_target_skip_unavailable' from command line to 'False'
[0.270s] Level 5:colcon.colcon_core.verb:set package 'epos2_bridge_interfaces' build argument 'cmake_clean_cache' from command line to 'False'
[0.270s] Level 5:colcon.colcon_core.verb:set package 'epos2_bridge_interfaces' build argument 'cmake_clean_first' from command line to 'False'
[0.270s] Level 5:colcon.colcon_core.verb:set package 'epos2_bridge_interfaces' build argument 'cmake_force_configure' from command line to 'False'
[0.270s] Level 5:colcon.colcon_core.verb:set package 'epos2_bridge_interfaces' build argument 'ament_cmake_args' from command line to 'None'
[0.270s] Level 5:colcon.colcon_core.verb:set package 'epos2_bridge_interfaces' build argument 'catkin_cmake_args' from command line to 'None'
[0.270s] Level 5:colcon.colcon_core.verb:set package 'epos2_bridge_interfaces' build argument 'catkin_skip_building_tests' from command line to 'False'
[0.270s] DEBUG:colcon.colcon_core.verb:Building package 'epos2_bridge_interfaces' with the following arguments: {'ament_cmake_args': None, 'build_base': '/home/gsylvia/agrobot-reverse-engineering/Agrobot/build/epos2_bridge_interfaces', 'catkin_cmake_args': None, 'catkin_skip_building_tests': False, 'cmake_args': None, 'cmake_clean_cache': False, 'cmake_clean_first': False, 'cmake_force_configure': False, 'cmake_target': None, 'cmake_target_skip_unavailable': False, 'install_base': '/home/gsylvia/agrobot-reverse-engineering/Agrobot/install/epos2_bridge_interfaces', 'merge_install': False, 'path': '/home/gsylvia/agrobot-reverse-engineering/Agrobot/src/epos2_bridge_interfaces', 'symlink_install': False, 'test_result_base': None}
[0.270s] Level 5:colcon.colcon_core.verb:set package 'lely_core_libraries' build argument 'cmake_args' from command line to 'None'
[0.270s] Level 5:colcon.colcon_core.verb:set package 'lely_core_libraries' build argument 'cmake_target' from command line to 'None'
[0.270s] Level 5:colcon.colcon_core.verb:set package 'lely_core_libraries' build argument 'cmake_target_skip_unavailable' from command line to 'False'
[0.270s] Level 5:colcon.colcon_core.verb:set package 'lely_core_libraries' build argument 'cmake_clean_cache' from command line to 'False'
[0.270s] Level 5:colcon.colcon_core.verb:set package 'lely_core_libraries' build argument 'cmake_clean_first' from command line to 'False'
[0.270s] Level 5:colcon.colcon_core.verb:set package 'lely_core_libraries' build argument 'cmake_force_configure' from command line to 'False'
[0.270s] Level 5:colcon.colcon_core.verb:set package 'lely_core_libraries' build argument 'ament_cmake_args' from command line to 'None'
[0.270s] Level 5:colcon.colcon_core.verb:set package 'lely_core_libraries' build argument 'catkin_cmake_args' from command line to 'None'
[0.270s] Level 5:colcon.colcon_core.verb:set package 'lely_core_libraries' build argument 'catkin_skip_building_tests' from command line to 'False'
[0.270s] DEBUG:colcon.colcon_core.verb:Building package 'lely_core_libraries' with the following arguments: {'ament_cmake_args': None, 'build_base': '/home/gsylvia/agrobot-reverse-engineering/Agrobot/build/lely_core_libraries', 'catkin_cmake_args': None, 'catkin_skip_building_tests': False, 'cmake_args': None, 'cmake_clean_cache': False, 'cmake_clean_first': False, 'cmake_force_configure': False, 'cmake_target': None, 'cmake_target_skip_unavailable': False, 'install_base': '/home/gsylvia/agrobot-reverse-engineering/Agrobot/install/lely_core_libraries', 'merge_install': False, 'path': '/home/gsylvia/agrobot-reverse-engineering/Agrobot/src/ros2_canopen/lely_core_libraries', 'symlink_install': False, 'test_result_base': None}
[0.271s] Level 5:colcon.colcon_core.verb:set package 'robot_description' build argument 'cmake_args' from command line to 'None'
[0.271s] Level 5:colcon.colcon_core.verb:set package 'robot_description' build argument 'cmake_target' from command line to 'None'
[0.271s] Level 5:colcon.colcon_core.verb:set package 'robot_description' build argument 'cmake_target_skip_unavailable' from command line to 'False'
[0.271s] Level 5:colcon.colcon_core.verb:set package 'robot_description' build argument 'cmake_clean_cache' from command line to 'False'
[0.271s] Level 5:colcon.colcon_core.verb:set package 'robot_description' build argument 'cmake_clean_first' from command line to 'False'
[0.271s] Level 5:colcon.colcon_core.verb:set package 'robot_description' build argument 'cmake_force_configure' from command line to 'False'
[0.271s] Level 5:colcon.colcon_core.verb:set package 'robot_description' build argument 'ament_cmake_args' from command line to 'None'
[0.271s] Level 5:colcon.colcon_core.verb:set package 'robot_description' build argument 'catkin_cmake_args' from command line to 'None'
[0.271s] Level 5:colcon.colcon_core.verb:set package 'robot_description' build argument 'catkin_skip_building_tests' from command line to 'False'
[0.271s] DEBUG:colcon.colcon_core.verb:Building package 'robot_description' with the following arguments: {'ament_cmake_args': None, 'build_base': '/home/gsylvia/agrobot-reverse-engineering/Agrobot/build/robot_description', 'catkin_cmake_args': None, 'catkin_skip_building_tests': False, 'cmake_args': None, 'cmake_clean_cache': False, 'cmake_clean_first': False, 'cmake_force_configure': False, 'cmake_target': None, 'cmake_target_skip_unavailable': False, 'install_base': '/home/gsylvia/agrobot-reverse-engineering/Agrobot/install/robot_description', 'merge_install': False, 'path': '/home/gsylvia/agrobot-reverse-engineering/Agrobot/src/robot_description', 'symlink_install': False, 'test_result_base': None}
[0.271s] Level 5:colcon.colcon_core.verb:set package 'robot_interfaces' build argument 'cmake_args' from command line to 'None'
[0.271s] Level 5:colcon.colcon_core.verb:set package 'robot_interfaces' build argument 'cmake_target' from command line to 'None'
[0.271s] Level 5:colcon.colcon_core.verb:set package 'robot_interfaces' build argument 'cmake_target_skip_unavailable' from command line to 'False'
[0.271s] Level 5:colcon.colcon_core.verb:set package 'robot_interfaces' build argument 'cmake_clean_cache' from command line to 'False'
[0.271s] Level 5:colcon.colcon_core.verb:set package 'robot_interfaces' build argument 'cmake_clean_first' from command line to 'False'
[0.271s] Level 5:colcon.colcon_core.verb:set package 'robot_interfaces' build argument 'cmake_force_configure' from command line to 'False'
[0.271s] Level 5:colcon.colcon_core.verb:set package 'robot_interfaces' build argument 'ament_cmake_args' from command line to 'None'
[0.271s] Level 5:colcon.colcon_core.verb:set package 'robot_interfaces' build argument 'catkin_cmake_args' from command line to 'None'
[0.271s] Level 5:colcon.colcon_core.verb:set package 'robot_interfaces' build argument 'catkin_skip_building_tests' from command line to 'False'
[0.271s] DEBUG:colcon.colcon_core.verb:Building package 'robot_interfaces' with the following arguments: {'ament_cmake_args': None, 'build_base': '/home/gsylvia/agrobot-reverse-engineering/Agrobot/build/robot_interfaces', 'catkin_cmake_args': None, 'catkin_skip_building_tests': False, 'cmake_args': None, 'cmake_clean_cache': False, 'cmake_clean_first': False, 'cmake_force_configure': False, 'cmake_target': None, 'cmake_target_skip_unavailable': False, 'install_base': '/home/gsylvia/agrobot-reverse-engineering/Agrobot/install/robot_interfaces', 'merge_install': False, 'path': '/home/gsylvia/agrobot-reverse-engineering/Agrobot/src/robot_interfaces', 'symlink_install': False, 'test_result_base': None}
[0.271s] Level 5:colcon.colcon_core.verb:set package 'canopen_core' build argument 'cmake_args' from command line to 'None'
[0.271s] Level 5:colcon.colcon_core.verb:set package 'canopen_core' build argument 'cmake_target' from command line to 'None'
[0.271s] Level 5:colcon.colcon_core.verb:set package 'canopen_core' build argument 'cmake_target_skip_unavailable' from command line to 'False'
[0.271s] Level 5:colcon.colcon_core.verb:set package 'canopen_core' build argument 'cmake_clean_cache' from command line to 'False'
[0.271s] Level 5:colcon.colcon_core.verb:set package 'canopen_core' build argument 'cmake_clean_first' from command line to 'False'
[0.271s] Level 5:colcon.colcon_core.verb:set package 'canopen_core' build argument 'cmake_force_configure' from command line to 'False'
[0.271s] Level 5:colcon.colcon_core.verb:set package 'canopen_core' build argument 'ament_cmake_args' from command line to 'None'
[0.271s] Level 5:colcon.colcon_core.verb:set package 'canopen_core' build argument 'catkin_cmake_args' from command line to 'None'
[0.271s] Level 5:colcon.colcon_core.verb:set package 'canopen_core' build argument 'catkin_skip_building_tests' from command line to 'False'
[0.271s] DEBUG:colcon.colcon_core.verb:Building package 'canopen_core' with the following arguments: {'ament_cmake_args': None, 'build_base': '/home/gsylvia/agrobot-reverse-engineering/Agrobot/build/canopen_core', 'catkin_cmake_args': None, 'catkin_skip_building_tests': False, 'cmake_args': None, 'cmake_clean_cache': False, 'cmake_clean_first': False, 'cmake_force_configure': False, 'cmake_target': None, 'cmake_target_skip_unavailable': False, 'install_base': '/home/gsylvia/agrobot-reverse-engineering/Agrobot/install/canopen_core', 'merge_install': False, 'path': '/home/gsylvia/agrobot-reverse-engineering/Agrobot/src/ros2_canopen/canopen_core', 'symlink_install': False, 'test_result_base': None}
[0.271s] Level 5:colcon.colcon_core.verb:set package 'canopen_fake_slaves' build argument 'cmake_args' from command line to 'None'
[0.271s] Level 5:colcon.colcon_core.verb:set package 'canopen_fake_slaves' build argument 'cmake_target' from command line to 'None'
[0.271s] Level 5:colcon.colcon_core.verb:set package 'canopen_fake_slaves' build argument 'cmake_target_skip_unavailable' from command line to 'False'
[0.271s] Level 5:colcon.colcon_core.verb:set package 'canopen_fake_slaves' build argument 'cmake_clean_cache' from command line to 'False'
[0.271s] Level 5:colcon.colcon_core.verb:set package 'canopen_fake_slaves' build argument 'cmake_clean_first' from command line to 'False'
[0.271s] Level 5:colcon.colcon_core.verb:set package 'canopen_fake_slaves' build argument 'cmake_force_configure' from command line to 'False'
[0.271s] Level 5:colcon.colcon_core.verb:set package 'canopen_fake_slaves' build argument 'ament_cmake_args' from command line to 'None'
[0.271s] Level 5:colcon.colcon_core.verb:set package 'canopen_fake_slaves' build argument 'catkin_cmake_args' from command line to 'None'
[0.271s] Level 5:colcon.colcon_core.verb:set package 'canopen_fake_slaves' build argument 'catkin_skip_building_tests' from command line to 'False'
[0.271s] DEBUG:colcon.colcon_core.verb:Building package 'canopen_fake_slaves' with the following arguments: {'ament_cmake_args': None, 'build_base': '/home/gsylvia/agrobot-reverse-engineering/Agrobot/build/canopen_fake_slaves', 'catkin_cmake_args': None, 'catkin_skip_building_tests': False, 'cmake_args': None, 'cmake_clean_cache': False, 'cmake_clean_first': False, 'cmake_force_configure': False, 'cmake_target': None, 'cmake_target_skip_unavailable': False, 'install_base': '/home/gsylvia/agrobot-reverse-engineering/Agrobot/install/canopen_fake_slaves', 'merge_install': False, 'path': '/home/gsylvia/agrobot-reverse-engineering/Agrobot/src/ros2_canopen/canopen_fake_slaves', 'symlink_install': False, 'test_result_base': None}
[0.271s] Level 5:colcon.colcon_core.verb:set package 'canopen_utils' build argument 'cmake_args' from command line to 'None'
[0.271s] Level 5:colcon.colcon_core.verb:set package 'canopen_utils' build argument 'cmake_target' from command line to 'None'
[0.271s] Level 5:colcon.colcon_core.verb:set package 'canopen_utils' build argument 'cmake_target_skip_unavailable' from command line to 'False'
[0.271s] Level 5:colcon.colcon_core.verb:set package 'canopen_utils' build argument 'cmake_clean_cache' from command line to 'False'
[0.271s] Level 5:colcon.colcon_core.verb:set package 'canopen_utils' build argument 'cmake_clean_first' from command line to 'False'
[0.271s] Level 5:colcon.colcon_core.verb:set package 'canopen_utils' build argument 'cmake_force_configure' from command line to 'False'
[0.271s] Level 5:colcon.colcon_core.verb:set package 'canopen_utils' build argument 'ament_cmake_args' from command line to 'None'
[0.271s] Level 5:colcon.colcon_core.verb:set package 'canopen_utils' build argument 'catkin_cmake_args' from command line to 'None'
[0.271s] Level 5:colcon.colcon_core.verb:set package 'canopen_utils' build argument 'catkin_skip_building_tests' from command line to 'False'
[0.271s] DEBUG:colcon.colcon_core.verb:Building package 'canopen_utils' with the following arguments: {'ament_cmake_args': None, 'build_base': '/home/gsylvia/agrobot-reverse-engineering/Agrobot/build/canopen_utils', 'catkin_cmake_args': None, 'catkin_skip_building_tests': False, 'cmake_args': None, 'cmake_clean_cache': False, 'cmake_clean_first': False, 'cmake_force_configure': False, 'cmake_target': None, 'cmake_target_skip_unavailable': False, 'install_base': '/home/gsylvia/agrobot-reverse-engineering/Agrobot/install/canopen_utils', 'merge_install': False, 'path': '/home/gsylvia/agrobot-reverse-engineering/Agrobot/src/ros2_canopen/canopen_utils', 'symlink_install': False, 'test_result_base': None}
[0.271s] Level 5:colcon.colcon_core.verb:set package 'epos2_bridge' build argument 'cmake_args' from command line to 'None'
[0.271s] Level 5:colcon.colcon_core.verb:set package 'epos2_bridge' build argument 'cmake_target' from command line to 'None'
[0.271s] Level 5:colcon.colcon_core.verb:set package 'epos2_bridge' build argument 'cmake_target_skip_unavailable' from command line to 'False'
[0.271s] Level 5:colcon.colcon_core.verb:set package 'epos2_bridge' build argument 'cmake_clean_cache' from command line to 'False'
[0.271s] Level 5:colcon.colcon_core.verb:set package 'epos2_bridge' build argument 'cmake_clean_first' from command line to 'False'
[0.271s] Level 5:colcon.colcon_core.verb:set package 'epos2_bridge' build argument 'cmake_force_configure' from command line to 'False'
[0.272s] Level 5:colcon.colcon_core.verb:set package 'epos2_bridge' build argument 'ament_cmake_args' from command line to 'None'
[0.272s] Level 5:colcon.colcon_core.verb:set package 'epos2_bridge' build argument 'catkin_cmake_args' from command line to 'None'
[0.272s] Level 5:colcon.colcon_core.verb:set package 'epos2_bridge' build argument 'catkin_skip_building_tests' from command line to 'False'
[0.272s] DEBUG:colcon.colcon_core.verb:Building package 'epos2_bridge' with the following arguments: {'ament_cmake_args': None, 'build_base': '/home/gsylvia/agrobot-reverse-engineering/Agrobot/build/epos2_bridge', 'catkin_cmake_args': None, 'catkin_skip_building_tests': False, 'cmake_args': None, 'cmake_clean_cache': False, 'cmake_clean_first': False, 'cmake_force_configure': False, 'cmake_target': None, 'cmake_target_skip_unavailable': False, 'install_base': '/home/gsylvia/agrobot-reverse-engineering/Agrobot/install/epos2_bridge', 'merge_install': False, 'path': '/home/gsylvia/agrobot-reverse-engineering/Agrobot/src/epos2_bridge', 'symlink_install': False, 'test_result_base': None}
[0.272s] Level 5:colcon.colcon_core.verb:set package 'moveit_config' build argument 'cmake_args' from command line to 'None'
[0.272s] Level 5:colcon.colcon_core.verb:set package 'moveit_config' build argument 'cmake_target' from command line to 'None'
[0.272s] Level 5:colcon.colcon_core.verb:set package 'moveit_config' build argument 'cmake_target_skip_unavailable' from command line to 'False'
[0.272s] Level 5:colcon.colcon_core.verb:set package 'moveit_config' build argument 'cmake_clean_cache' from command line to 'False'
[0.272s] Level 5:colcon.colcon_core.verb:set package 'moveit_config' build argument 'cmake_clean_first' from command line to 'False'
[0.272s] Level 5:colcon.colcon_core.verb:set package 'moveit_config' build argument 'cmake_force_configure' from command line to 'False'
[0.272s] Level 5:colcon.colcon_core.verb:set package 'moveit_config' build argument 'ament_cmake_args' from command line to 'None'
[0.272s] Level 5:colcon.colcon_core.verb:set package 'moveit_config' build argument 'catkin_cmake_args' from command line to 'None'
[0.272s] Level 5:colcon.colcon_core.verb:set package 'moveit_config' build argument 'catkin_skip_building_tests' from command line to 'False'
[0.272s] DEBUG:colcon.colcon_core.verb:Building package 'moveit_config' with the following arguments: {'ament_cmake_args': None, 'build_base': '/home/gsylvia/agrobot-reverse-engineering/Agrobot/build/moveit_config', 'catkin_cmake_args': None, 'catkin_skip_building_tests': False, 'cmake_args': None, 'cmake_clean_cache': False, 'cmake_clean_first': False, 'cmake_force_configure': False, 'cmake_target': None, 'cmake_target_skip_unavailable': False, 'install_base': '/home/gsylvia/agrobot-reverse-engineering/Agrobot/install/moveit_config', 'merge_install': False, 'path': '/home/gsylvia/agrobot-reverse-engineering/Agrobot/src/moveit_config', 'symlink_install': False, 'test_result_base': None}
[0.272s] Level 5:colcon.colcon_core.verb:set package 'robot_commander' build argument 'cmake_args' from command line to 'None'
[0.272s] Level 5:colcon.colcon_core.verb:set package 'robot_commander' build argument 'cmake_target' from command line to 'None'
[0.272s] Level 5:colcon.colcon_core.verb:set package 'robot_commander' build argument 'cmake_target_skip_unavailable' from command line to 'False'
[0.272s] Level 5:colcon.colcon_core.verb:set package 'robot_commander' build argument 'cmake_clean_cache' from command line to 'False'
[0.272s] Level 5:colcon.colcon_core.verb:set package 'robot_commander' build argument 'cmake_clean_first' from command line to 'False'
[0.272s] Level 5:colcon.colcon_core.verb:set package 'robot_commander' build argument 'cmake_force_configure' from command line to 'False'
[0.272s] Level 5:colcon.colcon_core.verb:set package 'robot_commander' build argument 'ament_cmake_args' from command line to 'None'
[0.272s] Level 5:colcon.colcon_core.verb:set package 'robot_commander' build argument 'catkin_cmake_args' from command line to 'None'
[0.272s] Level 5:colcon.colcon_core.verb:set package 'robot_commander' build argument 'catkin_skip_building_tests' from command line to 'False'
[0.272s] DEBUG:colcon.colcon_core.verb:Building package 'robot_commander' with the following arguments: {'ament_cmake_args': None, 'build_base': '/home/gsylvia/agrobot-reverse-engineering/Agrobot/build/robot_commander', 'catkin_cmake_args': None, 'catkin_skip_building_tests': False, 'cmake_args': None, 'cmake_clean_cache': False, 'cmake_clean_first': False, 'cmake_force_configure': False, 'cmake_target': None, 'cmake_target_skip_unavailable': False, 'install_base': '/home/gsylvia/agrobot-reverse-engineering/Agrobot/install/robot_commander', 'merge_install': False, 'path': '/home/gsylvia/agrobot-reverse-engineering/Agrobot/src/robot_commander', 'symlink_install': False, 'test_result_base': None}
[0.272s] Level 5:colcon.colcon_core.verb:set package 'canopen_base_driver' build argument 'cmake_args' from command line to 'None'
[0.272s] Level 5:colcon.colcon_core.verb:set package 'canopen_base_driver' build argument 'cmake_target' from command line to 'None'
[0.272s] Level 5:colcon.colcon_core.verb:set package 'canopen_base_driver' build argument 'cmake_target_skip_unavailable' from command line to 'False'
[0.272s] Level 5:colcon.colcon_core.verb:set package 'canopen_base_driver' build argument 'cmake_clean_cache' from command line to 'False'
[0.272s] Level 5:colcon.colcon_core.verb:set package 'canopen_base_driver' build argument 'cmake_clean_first' from command line to 'False'
[0.272s] Level 5:colcon.colcon_core.verb:set package 'canopen_base_driver' build argument 'cmake_force_configure' from command line to 'False'
[0.272s] Level 5:colcon.colcon_core.verb:set package 'canopen_base_driver' build argument 'ament_cmake_args' from command line to 'None'
[0.272s] Level 5:colcon.colcon_core.verb:set package 'canopen_base_driver' build argument 'catkin_cmake_args' from command line to 'None'
[0.272s] Level 5:colcon.colcon_core.verb:set package 'canopen_base_driver' build argument 'catkin_skip_building_tests' from command line to 'False'
[0.272s] DEBUG:colcon.colcon_core.verb:Building package 'canopen_base_driver' with the following arguments: {'ament_cmake_args': None, 'build_base': '/home/gsylvia/agrobot-reverse-engineering/Agrobot/build/canopen_base_driver', 'catkin_cmake_args': None, 'catkin_skip_building_tests': False, 'cmake_args': None, 'cmake_clean_cache': False, 'cmake_clean_first': False, 'cmake_force_configure': False, 'cmake_target': None, 'cmake_target_skip_unavailable': False, 'install_base': '/home/gsylvia/agrobot-reverse-engineering/Agrobot/install/canopen_base_driver', 'merge_install': False, 'path': '/home/gsylvia/agrobot-reverse-engineering/Agrobot/src/ros2_canopen/canopen_base_driver', 'symlink_install': False, 'test_result_base': None}
[0.272s] Level 5:colcon.colcon_core.verb:set package 'canopen_master_driver' build argument 'cmake_args' from command line to 'None'
[0.272s] Level 5:colcon.colcon_core.verb:set package 'canopen_master_driver' build argument 'cmake_target' from command line to 'None'
[0.272s] Level 5:colcon.colcon_core.verb:set package 'canopen_master_driver' build argument 'cmake_target_skip_unavailable' from command line to 'False'
[0.272s] Level 5:colcon.colcon_core.verb:set package 'canopen_master_driver' build argument 'cmake_clean_cache' from command line to 'False'
[0.272s] Level 5:colcon.colcon_core.verb:set package 'canopen_master_driver' build argument 'cmake_clean_first' from command line to 'False'
[0.272s] Level 5:colcon.colcon_core.verb:set package 'canopen_master_driver' build argument 'cmake_force_configure' from command line to 'False'
[0.272s] Level 5:colcon.colcon_core.verb:set package 'canopen_master_driver' build argument 'ament_cmake_args' from command line to 'None'
[0.272s] Level 5:colcon.colcon_core.verb:set package 'canopen_master_driver' build argument 'catkin_cmake_args' from command line to 'None'
[0.272s] Level 5:colcon.colcon_core.verb:set package 'canopen_master_driver' build argument 'catkin_skip_building_tests' from command line to 'False'
[0.272s] DEBUG:colcon.colcon_core.verb:Building package 'canopen_master_driver' with the following arguments: {'ament_cmake_args': None, 'build_base': '/home/gsylvia/agrobot-reverse-engineering/Agrobot/build/canopen_master_driver', 'catkin_cmake_args': None, 'catkin_skip_building_tests': False, 'cmake_args': None, 'cmake_clean_cache': False, 'cmake_clean_first': False, 'cmake_force_configure': False, 'cmake_target': None, 'cmake_target_skip_unavailable': False, 'install_base': '/home/gsylvia/agrobot-reverse-engineering/Agrobot/install/canopen_master_driver', 'merge_install': False, 'path': '/home/gsylvia/agrobot-reverse-engineering/Agrobot/src/ros2_canopen/canopen_master_driver', 'symlink_install': False, 'test_result_base': None}
[0.272s] Level 5:colcon.colcon_core.verb:set package 'robot_bringup' build argument 'cmake_args' from command line to 'None'
[0.272s] Level 5:colcon.colcon_core.verb:set package 'robot_bringup' build argument 'cmake_target' from command line to 'None'
[0.272s] Level 5:colcon.colcon_core.verb:set package 'robot_bringup' build argument 'cmake_target_skip_unavailable' from command line to 'False'
[0.272s] Level 5:colcon.colcon_core.verb:set package 'robot_bringup' build argument 'cmake_clean_cache' from command line to 'False'
[0.272s] Level 5:colcon.colcon_core.verb:set package 'robot_bringup' build argument 'cmake_clean_first' from command line to 'False'
[0.272s] Level 5:colcon.colcon_core.verb:set package 'robot_bringup' build argument 'cmake_force_configure' from command line to 'False'
[0.272s] Level 5:colcon.colcon_core.verb:set package 'robot_bringup' build argument 'ament_cmake_args' from command line to 'None'
[0.272s] Level 5:colcon.colcon_core.verb:set package 'robot_bringup' build argument 'catkin_cmake_args' from command line to 'None'
[0.272s] Level 5:colcon.colcon_core.verb:set package 'robot_bringup' build argument 'catkin_skip_building_tests' from command line to 'False'
[0.272s] DEBUG:colcon.colcon_core.verb:Building package 'robot_bringup' with the following arguments: {'ament_cmake_args': None, 'build_base': '/home/gsylvia/agrobot-reverse-engineering/Agrobot/build/robot_bringup', 'catkin_cmake_args': None, 'catkin_skip_building_tests': False, 'cmake_args': None, 'cmake_clean_cache': False, 'cmake_clean_first': False, 'cmake_force_configure': False, 'cmake_target': None, 'cmake_target_skip_unavailable': False, 'install_base': '/home/gsylvia/agrobot-reverse-engineering/Agrobot/install/robot_bringup', 'merge_install': False, 'path': '/home/gsylvia/agrobot-reverse-engineering/Agrobot/src/robot_bringup', 'symlink_install': False, 'test_result_base': None}
[0.272s] Level 5:colcon.colcon_core.verb:set package 'canopen_proxy_driver' build argument 'cmake_args' from command line to 'None'
[0.272s] Level 5:colcon.colcon_core.verb:set package 'canopen_proxy_driver' build argument 'cmake_target' from command line to 'None'
[0.272s] Level 5:colcon.colcon_core.verb:set package 'canopen_proxy_driver' build argument 'cmake_target_skip_unavailable' from command line to 'False'
[0.272s] Level 5:colcon.colcon_core.verb:set package 'canopen_proxy_driver' build argument 'cmake_clean_cache' from command line to 'False'
[0.272s] Level 5:colcon.colcon_core.verb:set package 'canopen_proxy_driver' build argument 'cmake_clean_first' from command line to 'False'
[0.272s] Level 5:colcon.colcon_core.verb:set package 'canopen_proxy_driver' build argument 'cmake_force_configure' from command line to 'False'
[0.273s] Level 5:colcon.colcon_core.verb:set package 'canopen_proxy_driver' build argument 'ament_cmake_args' from command line to 'None'
[0.273s] Level 5:colcon.colcon_core.verb:set package 'canopen_proxy_driver' build argument 'catkin_cmake_args' from command line to 'None'
[0.273s] Level 5:colcon.colcon_core.verb:set package 'canopen_proxy_driver' build argument 'catkin_skip_building_tests' from command line to 'False'
[0.273s] DEBUG:colcon.colcon_core.verb:Building package 'canopen_proxy_driver' with the following arguments: {'ament_cmake_args': None, 'build_base': '/home/gsylvia/agrobot-reverse-engineering/Agrobot/build/canopen_proxy_driver', 'catkin_cmake_args': None, 'catkin_skip_building_tests': False, 'cmake_args': None, 'cmake_clean_cache': False, 'cmake_clean_first': False, 'cmake_force_configure': False, 'cmake_target': None, 'cmake_target_skip_unavailable': False, 'install_base': '/home/gsylvia/agrobot-reverse-engineering/Agrobot/install/canopen_proxy_driver', 'merge_install': False, 'path': '/home/gsylvia/agrobot-reverse-engineering/Agrobot/src/ros2_canopen/canopen_proxy_driver', 'symlink_install': False, 'test_result_base': None}
[0.273s] Level 5:colcon.colcon_core.verb:set package 'canopen_402_driver' build argument 'cmake_args' from command line to 'None'
[0.273s] Level 5:colcon.colcon_core.verb:set package 'canopen_402_driver' build argument 'cmake_target' from command line to 'None'
[0.273s] Level 5:colcon.colcon_core.verb:set package 'canopen_402_driver' build argument 'cmake_target_skip_unavailable' from command line to 'False'
[0.273s] Level 5:colcon.colcon_core.verb:set package 'canopen_402_driver' build argument 'cmake_clean_cache' from command line to 'False'
[0.273s] Level 5:colcon.colcon_core.verb:set package 'canopen_402_driver' build argument 'cmake_clean_first' from command line to 'False'
[0.273s] Level 5:colcon.colcon_core.verb:set package 'canopen_402_driver' build argument 'cmake_force_configure' from command line to 'False'
[0.273s] Level 5:colcon.colcon_core.verb:set package 'canopen_402_driver' build argument 'ament_cmake_args' from command line to 'None'
[0.273s] Level 5:colcon.colcon_core.verb:set package 'canopen_402_driver' build argument 'catkin_cmake_args' from command line to 'None'
[0.273s] Level 5:colcon.colcon_core.verb:set package 'canopen_402_driver' build argument 'catkin_skip_building_tests' from command line to 'False'
[0.273s] DEBUG:colcon.colcon_core.verb:Building package 'canopen_402_driver' with the following arguments: {'ament_cmake_args': None, 'build_base': '/home/gsylvia/agrobot-reverse-engineering/Agrobot/build/canopen_402_driver', 'catkin_cmake_args': None, 'catkin_skip_building_tests': False, 'cmake_args': None, 'cmake_clean_cache': False, 'cmake_clean_first': False, 'cmake_force_configure': False, 'cmake_target': None, 'cmake_target_skip_unavailable': False, 'install_base': '/home/gsylvia/agrobot-reverse-engineering/Agrobot/install/canopen_402_driver', 'merge_install': False, 'path': '/home/gsylvia/agrobot-reverse-engineering/Agrobot/src/ros2_canopen/canopen_402_driver', 'symlink_install': False, 'test_result_base': None}
[0.273s] Level 5:colcon.colcon_core.verb:set package 'canopen' build argument 'cmake_args' from command line to 'None'
[0.273s] Level 5:colcon.colcon_core.verb:set package 'canopen' build argument 'cmake_target' from command line to 'None'
[0.273s] Level 5:colcon.colcon_core.verb:set package 'canopen' build argument 'cmake_target_skip_unavailable' from command line to 'False'
[0.273s] Level 5:colcon.colcon_core.verb:set package 'canopen' build argument 'cmake_clean_cache' from command line to 'False'
[0.273s] Level 5:colcon.colcon_core.verb:set package 'canopen' build argument 'cmake_clean_first' from command line to 'False'
[0.273s] Level 5:colcon.colcon_core.verb:set package 'canopen' build argument 'cmake_force_configure' from command line to 'False'
[0.273s] Level 5:colcon.colcon_core.verb:set package 'canopen' build argument 'ament_cmake_args' from command line to 'None'
[0.273s] Level 5:colcon.colcon_core.verb:set package 'canopen' build argument 'catkin_cmake_args' from command line to 'None'
[0.273s] Level 5:colcon.colcon_core.verb:set package 'canopen' build argument 'catkin_skip_building_tests' from command line to 'False'
[0.273s] DEBUG:colcon.colcon_core.verb:Building package 'canopen' with the following arguments: {'ament_cmake_args': None, 'build_base': '/home/gsylvia/agrobot-reverse-engineering/Agrobot/build/canopen', 'catkin_cmake_args': None, 'catkin_skip_building_tests': False, 'cmake_args': None, 'cmake_clean_cache': False, 'cmake_clean_first': False, 'cmake_force_configure': False, 'cmake_target': None, 'cmake_target_skip_unavailable': False, 'install_base': '/home/gsylvia/agrobot-reverse-engineering/Agrobot/install/canopen', 'merge_install': False, 'path': '/home/gsylvia/agrobot-reverse-engineering/Agrobot/src/ros2_canopen/canopen', 'symlink_install': False, 'test_result_base': None}
[0.273s] Level 5:colcon.colcon_core.verb:set package 'canopen_ros2_control' build argument 'cmake_args' from command line to 'None'
[0.273s] Level 5:colcon.colcon_core.verb:set package 'canopen_ros2_control' build argument 'cmake_target' from command line to 'None'
[0.273s] Level 5:colcon.colcon_core.verb:set package 'canopen_ros2_control' build argument 'cmake_target_skip_unavailable' from command line to 'False'
[0.273s] Level 5:colcon.colcon_core.verb:set package 'canopen_ros2_control' build argument 'cmake_clean_cache' from command line to 'False'
[0.273s] Level 5:colcon.colcon_core.verb:set package 'canopen_ros2_control' build argument 'cmake_clean_first' from command line to 'False'
[0.273s] Level 5:colcon.colcon_core.verb:set package 'canopen_ros2_control' build argument 'cmake_force_configure' from command line to 'False'
[0.273s] Level 5:colcon.colcon_core.verb:set package 'canopen_ros2_control' build argument 'ament_cmake_args' from command line to 'None'
[0.273s] Level 5:colcon.colcon_core.verb:set package 'canopen_ros2_control' build argument 'catkin_cmake_args' from command line to 'None'
[0.273s] Level 5:colcon.colcon_core.verb:set package 'canopen_ros2_control' build argument 'catkin_skip_building_tests' from command line to 'False'
[0.273s] DEBUG:colcon.colcon_core.verb:Building package 'canopen_ros2_control' with the following arguments: {'ament_cmake_args': None, 'build_base': '/home/gsylvia/agrobot-reverse-engineering/Agrobot/build/canopen_ros2_control', 'catkin_cmake_args': None, 'catkin_skip_building_tests': False, 'cmake_args': None, 'cmake_clean_cache': False, 'cmake_clean_first': False, 'cmake_force_configure': False, 'cmake_target': None, 'cmake_target_skip_unavailable': False, 'install_base': '/home/gsylvia/agrobot-reverse-engineering/Agrobot/install/canopen_ros2_control', 'merge_install': False, 'path': '/home/gsylvia/agrobot-reverse-engineering/Agrobot/src/ros2_canopen/canopen_ros2_control', 'symlink_install': False, 'test_result_base': None}
[0.273s] Level 5:colcon.colcon_core.verb:set package 'canopen_ros2_controllers' build argument 'cmake_args' from command line to 'None'
[0.273s] Level 5:colcon.colcon_core.verb:set package 'canopen_ros2_controllers' build argument 'cmake_target' from command line to 'None'
[0.273s] Level 5:colcon.colcon_core.verb:set package 'canopen_ros2_controllers' build argument 'cmake_target_skip_unavailable' from command line to 'False'
[0.273s] Level 5:colcon.colcon_core.verb:set package 'canopen_ros2_controllers' build argument 'cmake_clean_cache' from command line to 'False'
[0.273s] Level 5:colcon.colcon_core.verb:set package 'canopen_ros2_controllers' build argument 'cmake_clean_first' from command line to 'False'
[0.273s] Level 5:colcon.colcon_core.verb:set package 'canopen_ros2_controllers' build argument 'cmake_force_configure' from command line to 'False'
[0.273s] Level 5:colcon.colcon_core.verb:set package 'canopen_ros2_controllers' build argument 'ament_cmake_args' from command line to 'None'
[0.273s] Level 5:colcon.colcon_core.verb:set package 'canopen_ros2_controllers' build argument 'catkin_cmake_args' from command line to 'None'
[0.273s] Level 5:colcon.colcon_core.verb:set package 'canopen_ros2_controllers' build argument 'catkin_skip_building_tests' from command line to 'False'
[0.273s] DEBUG:colcon.colcon_core.verb:Building package 'canopen_ros2_controllers' with the following arguments: {'ament_cmake_args': None, 'build_base': '/home/gsylvia/agrobot-reverse-engineering/Agrobot/build/canopen_ros2_controllers', 'catkin_cmake_args': None, 'catkin_skip_building_tests': False, 'cmake_args': None, 'cmake_clean_cache': False, 'cmake_clean_first': False, 'cmake_force_configure': False, 'cmake_target': None, 'cmake_target_skip_unavailable': False, 'install_base': '/home/gsylvia/agrobot-reverse-engineering/Agrobot/install/canopen_ros2_controllers', 'merge_install': False, 'path': '/home/gsylvia/agrobot-reverse-engineering/Agrobot/src/ros2_canopen/canopen_ros2_controllers', 'symlink_install': False, 'test_result_base': None}
[0.273s] Level 5:colcon.colcon_core.verb:set package 'canopen_tests' build argument 'cmake_args' from command line to 'None'
[0.273s] Level 5:colcon.colcon_core.verb:set package 'canopen_tests' build argument 'cmake_target' from command line to 'None'
[0.273s] Level 5:colcon.colcon_core.verb:set package 'canopen_tests' build argument 'cmake_target_skip_unavailable' from command line to 'False'
[0.273s] Level 5:colcon.colcon_core.verb:set package 'canopen_tests' build argument 'cmake_clean_cache' from command line to 'False'
[0.273s] Level 5:colcon.colcon_core.verb:set package 'canopen_tests' build argument 'cmake_clean_first' from command line to 'False'
[0.273s] Level 5:colcon.colcon_core.verb:set package 'canopen_tests' build argument 'cmake_force_configure' from command line to 'False'
[0.273s] Level 5:colcon.colcon_core.verb:set package 'canopen_tests' build argument 'ament_cmake_args' from command line to 'None'
[0.273s] Level 5:colcon.colcon_core.verb:set package 'canopen_tests' build argument 'catkin_cmake_args' from command line to 'None'
[0.273s] Level 5:colcon.colcon_core.verb:set package 'canopen_tests' build argument 'catkin_skip_building_tests' from command line to 'False'
[0.273s] DEBUG:colcon.colcon_core.verb:Building package 'canopen_tests' with the following arguments: {'ament_cmake_args': None, 'build_base': '/home/gsylvia/agrobot-reverse-engineering/Agrobot/build/canopen_tests', 'catkin_cmake_args': None, 'catkin_skip_building_tests': False, 'cmake_args': None, 'cmake_clean_cache': False, 'cmake_clean_first': False, 'cmake_force_configure': False, 'cmake_target': None, 'cmake_target_skip_unavailable': False, 'install_base': '/home/gsylvia/agrobot-reverse-engineering/Agrobot/install/canopen_tests', 'merge_install': False, 'path': '/home/gsylvia/agrobot-reverse-engineering/Agrobot/src/ros2_canopen/canopen_tests', 'symlink_install': False, 'test_result_base': None}
[0.273s] INFO:colcon.colcon_core.executor:Executing jobs using 'parallel' executor
[0.274s] DEBUG:colcon.colcon_parallel_executor.executor.parallel:run_until_complete
[0.275s] INFO:colcon.colcon_ros.task.ament_cmake.build:Building ROS package in '/home/gsylvia/agrobot-reverse-engineering/Agrobot/src/ros2_canopen/canopen_interfaces' with build type 'ament_cmake'
[0.275s] INFO:colcon.colcon_cmake.task.cmake.build:Building CMake package in '/home/gsylvia/agrobot-reverse-engineering/Agrobot/src/ros2_canopen/canopen_interfaces'
[0.277s] INFO:colcon.colcon_core.plugin_system:Skipping extension 'colcon_core.shell.bat': Not used on non-Windows systems
[0.277s] INFO:colcon.colcon_core.shell:Skip shell extension 'powershell' for command environment: Not usable outside of PowerShell
[0.277s] DEBUG:colcon.colcon_core.shell:Skip shell extension 'dsv' for command environment
[0.280s] INFO:colcon.colcon_ros.task.ament_cmake.build:Building ROS package in '/home/gsylvia/agrobot-reverse-engineering/Agrobot/src/ros2_canopen/lely_core_libraries' with build type 'ament_cmake'
[0.280s] INFO:colcon.colcon_cmake.task.cmake.build:Building CMake package in '/home/gsylvia/agrobot-reverse-engineering/Agrobot/src/ros2_canopen/lely_core_libraries'
[0.280s] INFO:colcon.colcon_core.shell:Skip shell extension 'powershell' for command environment: Not usable outside of PowerShell
[0.280s] DEBUG:colcon.colcon_core.shell:Skip shell extension 'dsv' for command environment
[0.282s] INFO:colcon.colcon_ros.task.ament_cmake.build:Building ROS package in '/home/gsylvia/agrobot-reverse-engineering/Agrobot/src/robot_description' with build type 'ament_cmake'
[0.282s] INFO:colcon.colcon_cmake.task.cmake.build:Building CMake package in '/home/gsylvia/agrobot-reverse-engineering/Agrobot/src/robot_description'
[0.282s] INFO:colcon.colcon_core.shell:Skip shell extension 'powershell' for command environment: Not usable outside of PowerShell
[0.282s] DEBUG:colcon.colcon_core.shell:Skip shell extension 'dsv' for command environment
[0.284s] INFO:colcon.colcon_ros.task.ament_cmake.build:Building ROS package in '/home/gsylvia/agrobot-reverse-engineering/Agrobot/src/epos2_bridge_interfaces' with build type 'ament_cmake'
[0.284s] INFO:colcon.colcon_cmake.task.cmake.build:Building CMake package in '/home/gsylvia/agrobot-reverse-engineering/Agrobot/src/epos2_bridge_interfaces'
[0.285s] INFO:colcon.colcon_core.shell:Skip shell extension 'powershell' for command environment: Not usable outside of PowerShell
[0.285s] DEBUG:colcon.colcon_core.shell:Skip shell extension 'dsv' for command environment
[0.292s] DEBUG:colcon.colcon_core.event_handler.log_command:Invoking command in '/home/gsylvia/agrobot-reverse-engineering/Agrobot/build/canopen_interfaces': CMAKE_PREFIX_PATH=${CMAKE_PREFIX_PATH}:/opt/ros/jazzy /usr/bin/cmake --build /home/gsylvia/agrobot-reverse-engineering/Agrobot/build/canopen_interfaces -- -j16 -l16
[0.295s] DEBUG:colcon.colcon_core.event_handler.log_command:Invoking command in '/home/gsylvia/agrobot-reverse-engineering/Agrobot/build/lely_core_libraries': CMAKE_PREFIX_PATH=${CMAKE_PREFIX_PATH}:/opt/ros/jazzy /usr/bin/cmake --build /home/gsylvia/agrobot-reverse-engineering/Agrobot/build/lely_core_libraries -- -j16 -l16
[0.298s] DEBUG:colcon.colcon_core.event_handler.log_command:Invoking command in '/home/gsylvia/agrobot-reverse-engineering/Agrobot/build/robot_description': CMAKE_PREFIX_PATH=${CMAKE_PREFIX_PATH}:/opt/ros/jazzy /usr/bin/cmake --build /home/gsylvia/agrobot-reverse-engineering/Agrobot/build/robot_description -- -j16 -l16
[0.302s] DEBUG:colcon.colcon_core.event_handler.log_command:Invoking command in '/home/gsylvia/agrobot-reverse-engineering/Agrobot/build/epos2_bridge_interfaces': CMAKE_PREFIX_PATH=${CMAKE_PREFIX_PATH}:/opt/ros/jazzy /usr/bin/cmake --build /home/gsylvia/agrobot-reverse-engineering/Agrobot/build/epos2_bridge_interfaces -- -j16 -l16
[0.341s] DEBUG:colcon.colcon_core.event_handler.log_command:Invoked command in '/home/gsylvia/agrobot-reverse-engineering/Agrobot/build/robot_description' returned '0': CMAKE_PREFIX_PATH=${CMAKE_PREFIX_PATH}:/opt/ros/jazzy /usr/bin/cmake --build /home/gsylvia/agrobot-reverse-engineering/Agrobot/build/robot_description -- -j16 -l16
[0.350s] DEBUG:colcon.colcon_core.event_handler.log_command:Invoking command in '/home/gsylvia/agrobot-reverse-engineering/Agrobot/build/robot_description': CMAKE_PREFIX_PATH=${CMAKE_PREFIX_PATH}:/opt/ros/jazzy /usr/bin/cmake --install /home/gsylvia/agrobot-reverse-engineering/Agrobot/build/robot_description
[0.362s] Level 1:colcon.colcon_core.environment:create_environment_scripts_only(robot_description)
[0.363s] DEBUG:colcon.colcon_core.event_handler.log_command:Invoked command in '/home/gsylvia/agrobot-reverse-engineering/Agrobot/build/robot_description' returned '0': CMAKE_PREFIX_PATH=${CMAKE_PREFIX_PATH}:/opt/ros/jazzy /usr/bin/cmake --install /home/gsylvia/agrobot-reverse-engineering/Agrobot/build/robot_description
[0.368s] Level 1:colcon.colcon_core.environment:checking '/home/gsylvia/agrobot-reverse-engineering/Agrobot/install/robot_description' for CMake module files
[0.369s] Level 1:colcon.colcon_core.environment:checking '/home/gsylvia/agrobot-reverse-engineering/Agrobot/install/robot_description' for CMake config files
[0.369s] Level 1:colcon.colcon_core.shell:create_environment_hook('robot_description', 'cmake_prefix_path')
[0.370s] INFO:colcon.colcon_core.shell:Creating environment hook '/home/gsylvia/agrobot-reverse-engineering/Agrobot/install/robot_description/share/robot_description/hook/cmake_prefix_path.ps1'
[0.371s] INFO:colcon.colcon_core.shell:Creating environment descriptor '/home/gsylvia/agrobot-reverse-engineering/Agrobot/install/robot_description/share/robot_description/hook/cmake_prefix_path.dsv'
[0.372s] INFO:colcon.colcon_core.shell:Creating environment hook '/home/gsylvia/agrobot-reverse-engineering/Agrobot/install/robot_description/share/robot_description/hook/cmake_prefix_path.sh'
[0.373s] Level 1:colcon.colcon_core.environment:checking '/home/gsylvia/agrobot-reverse-engineering/Agrobot/install/robot_description/bin'
[0.373s] Level 1:colcon.colcon_core.environment:checking '/home/gsylvia/agrobot-reverse-engineering/Agrobot/install/robot_description/lib/pkgconfig/robot_description.pc'
[0.373s] Level 1:colcon.colcon_core.environment:checking '/home/gsylvia/agrobot-reverse-engineering/Agrobot/install/robot_description/lib/python3.12/site-packages'
[0.373s] Level 1:colcon.colcon_core.environment:checking '/home/gsylvia/agrobot-reverse-engineering/Agrobot/install/robot_description/bin'
[0.374s] INFO:colcon.colcon_core.shell:Creating package script '/home/gsylvia/agrobot-reverse-engineering/Agrobot/install/robot_description/share/robot_description/package.ps1'
[0.374s] INFO:colcon.colcon_core.shell:Creating package descriptor '/home/gsylvia/agrobot-reverse-engineering/Agrobot/install/robot_description/share/robot_description/package.dsv'
[0.375s] INFO:colcon.colcon_core.shell:Creating package script '/home/gsylvia/agrobot-reverse-engineering/Agrobot/install/robot_description/share/robot_description/package.sh'
[0.376s] INFO:colcon.colcon_core.shell:Creating package script '/home/gsylvia/agrobot-reverse-engineering/Agrobot/install/robot_description/share/robot_description/package.bash'
[0.376s] INFO:colcon.colcon_core.shell:Creating package script '/home/gsylvia/agrobot-reverse-engineering/Agrobot/install/robot_description/share/robot_description/package.zsh'
[0.377s] Level 1:colcon.colcon_core.environment:create_file_with_runtime_dependencies(/home/gsylvia/agrobot-reverse-engineering/Agrobot/install/robot_description/share/colcon-core/packages/robot_description)
[0.377s] Level 1:colcon.colcon_core.environment:create_environment_scripts_only(robot_description)
[0.378s] Level 1:colcon.colcon_core.environment:checking '/home/gsylvia/agrobot-reverse-engineering/Agrobot/install/robot_description' for CMake module files
[0.378s] Level 1:colcon.colcon_core.environment:checking '/home/gsylvia/agrobot-reverse-engineering/Agrobot/install/robot_description' for CMake config files
[0.378s] Level 1:colcon.colcon_core.shell:create_environment_hook('robot_description', 'cmake_prefix_path')
[0.378s] INFO:colcon.colcon_core.shell:Creating environment hook '/home/gsylvia/agrobot-reverse-engineering/Agrobot/install/robot_description/share/robot_description/hook/cmake_prefix_path.ps1'
[0.378s] INFO:colcon.colcon_core.shell:Creating environment descriptor '/home/gsylvia/agrobot-reverse-engineering/Agrobot/install/robot_description/share/robot_description/hook/cmake_prefix_path.dsv'
[0.379s] INFO:colcon.colcon_core.shell:Creating environment hook '/home/gsylvia/agrobot-reverse-engineering/Agrobot/install/robot_description/share/robot_description/hook/cmake_prefix_path.sh'
[0.379s] Level 1:colcon.colcon_core.environment:checking '/home/gsylvia/agrobot-reverse-engineering/Agrobot/install/robot_description/bin'
[0.379s] Level 1:colcon.colcon_core.environment:checking '/home/gsylvia/agrobot-reverse-engineering/Agrobot/install/robot_description/lib/pkgconfig/robot_description.pc'
[0.379s] Level 1:colcon.colcon_core.environment:checking '/home/gsylvia/agrobot-reverse-engineering/Agrobot/install/robot_description/lib/python3.12/site-packages'
[0.379s] Level 1:colcon.colcon_core.environment:checking '/home/gsylvia/agrobot-reverse-engineering/Agrobot/install/robot_description/bin'
[0.380s] INFO:colcon.colcon_core.shell:Creating package script '/home/gsylvia/agrobot-reverse-engineering/Agrobot/install/robot_description/share/robot_description/package.ps1'
[0.380s] INFO:colcon.colcon_core.shell:Creating package descriptor '/home/gsylvia/agrobot-reverse-engineering/Agrobot/install/robot_description/share/robot_description/package.dsv'
[0.380s] INFO:colcon.colcon_core.shell:Creating package script '/home/gsylvia/agrobot-reverse-engineering/Agrobot/install/robot_description/share/robot_description/package.sh'
[0.380s] INFO:colcon.colcon_core.shell:Creating package script '/home/gsylvia/agrobot-reverse-engineering/Agrobot/install/robot_description/share/robot_description/package.bash'
[0.380s] INFO:colcon.colcon_core.shell:Creating package script '/home/gsylvia/agrobot-reverse-engineering/Agrobot/install/robot_description/share/robot_description/package.zsh'
[0.381s] Level 1:colcon.colcon_core.environment:create_file_with_runtime_dependencies(/home/gsylvia/agrobot-reverse-engineering/Agrobot/install/robot_description/share/colcon-core/packages/robot_description)
[0.381s] INFO:colcon.colcon_ros.task.ament_cmake.build:Building ROS package in '/home/gsylvia/agrobot-reverse-engineering/Agrobot/src/robot_interfaces' with build type 'ament_cmake'
[0.381s] INFO:colcon.colcon_cmake.task.cmake.build:Building CMake package in '/home/gsylvia/agrobot-reverse-engineering/Agrobot/src/robot_interfaces'
[0.381s] INFO:colcon.colcon_core.shell:Skip shell extension 'powershell' for command environment: Not usable outside of PowerShell
[0.381s] DEBUG:colcon.colcon_core.shell:Skip shell extension 'dsv' for command environment
[0.392s] DEBUG:colcon.colcon_core.event_handler.log_command:Invoking command in '/home/gsylvia/agrobot-reverse-engineering/Agrobot/build/robot_interfaces': CMAKE_PREFIX_PATH=${CMAKE_PREFIX_PATH}:/opt/ros/jazzy /usr/bin/cmake --build /home/gsylvia/agrobot-reverse-engineering/Agrobot/build/robot_interfaces -- -j16 -l16
[0.708s] DEBUG:colcon.colcon_core.event_handler.log_command:Invoked command in '/home/gsylvia/agrobot-reverse-engineering/Agrobot/build/epos2_bridge_interfaces' returned '0': CMAKE_PREFIX_PATH=${CMAKE_PREFIX_PATH}:/opt/ros/jazzy /usr/bin/cmake --build /home/gsylvia/agrobot-reverse-engineering/Agrobot/build/epos2_bridge_interfaces -- -j16 -l16
[0.710s] DEBUG:colcon.colcon_core.event_handler.log_command:Invoking command in '/home/gsylvia/agrobot-reverse-engineering/Agrobot/build/epos2_bridge_interfaces': CMAKE_PREFIX_PATH=${CMAKE_PREFIX_PATH}:/opt/ros/jazzy /usr/bin/cmake --install /home/gsylvia/agrobot-reverse-engineering/Agrobot/build/epos2_bridge_interfaces
[0.726s] DEBUG:colcon.colcon_core.event_handler.log_command:Invoked command in '/home/gsylvia/agrobot-reverse-engineering/Agrobot/build/canopen_interfaces' returned '0': CMAKE_PREFIX_PATH=${CMAKE_PREFIX_PATH}:/opt/ros/jazzy /usr/bin/cmake --build /home/gsylvia/agrobot-reverse-engineering/Agrobot/build/canopen_interfaces -- -j16 -l16
[0.727s] DEBUG:colcon.colcon_core.event_handler.log_command:Invoking command in '/home/gsylvia/agrobot-reverse-engineering/Agrobot/build/canopen_interfaces': CMAKE_PREFIX_PATH=${CMAKE_PREFIX_PATH}:/opt/ros/jazzy /usr/bin/cmake --install /home/gsylvia/agrobot-reverse-engineering/Agrobot/build/canopen_interfaces
[0.782s] Level 1:colcon.colcon_core.environment:create_environment_scripts_only(epos2_bridge_interfaces)
[0.783s] DEBUG:colcon.colcon_core.event_handler.log_command:Invoked command in '/home/gsylvia/agrobot-reverse-engineering/Agrobot/build/epos2_bridge_interfaces' returned '0': CMAKE_PREFIX_PATH=${CMAKE_PREFIX_PATH}:/opt/ros/jazzy /usr/bin/cmake --install /home/gsylvia/agrobot-reverse-engineering/Agrobot/build/epos2_bridge_interfaces
[0.783s] Level 1:colcon.colcon_core.environment:checking '/home/gsylvia/agrobot-reverse-engineering/Agrobot/install/epos2_bridge_interfaces' for CMake module files
[0.783s] Level 1:colcon.colcon_core.environment:checking '/home/gsylvia/agrobot-reverse-engineering/Agrobot/install/epos2_bridge_interfaces' for CMake config files
[0.784s] Level 1:colcon.colcon_core.shell:create_environment_hook('epos2_bridge_interfaces', 'cmake_prefix_path')
[0.784s] INFO:colcon.colcon_core.shell:Creating environment hook '/home/gsylvia/agrobot-reverse-engineering/Agrobot/install/epos2_bridge_interfaces/share/epos2_bridge_interfaces/hook/cmake_prefix_path.ps1'
[0.785s] INFO:colcon.colcon_core.shell:Creating environment descriptor '/home/gsylvia/agrobot-reverse-engineering/Agrobot/install/epos2_bridge_interfaces/share/epos2_bridge_interfaces/hook/cmake_prefix_path.dsv'
[0.785s] INFO:colcon.colcon_core.shell:Creating environment hook '/home/gsylvia/agrobot-reverse-engineering/Agrobot/install/epos2_bridge_interfaces/share/epos2_bridge_interfaces/hook/cmake_prefix_path.sh'
[0.785s] Level 1:colcon.colcon_core.environment:checking '/home/gsylvia/agrobot-reverse-engineering/Agrobot/install/epos2_bridge_interfaces/lib'
[0.785s] Level 1:colcon.colcon_core.shell:create_environment_hook('epos2_bridge_interfaces', 'ld_library_path_lib')
[0.785s] INFO:colcon.colcon_core.shell:Creating environment hook '/home/gsylvia/agrobot-reverse-engineering/Agrobot/install/epos2_bridge_interfaces/share/epos2_bridge_interfaces/hook/ld_library_path_lib.ps1'
[0.786s] INFO:colcon.colcon_core.shell:Creating environment descriptor '/home/gsylvia/agrobot-reverse-engineering/Agrobot/install/epos2_bridge_interfaces/share/epos2_bridge_interfaces/hook/ld_library_path_lib.dsv'
[0.786s] INFO:colcon.colcon_core.shell:Creating environment hook '/home/gsylvia/agrobot-reverse-engineering/Agrobot/install/epos2_bridge_interfaces/share/epos2_bridge_interfaces/hook/ld_library_path_lib.sh'
[0.786s] Level 1:colcon.colcon_core.environment:checking '/home/gsylvia/agrobot-reverse-engineering/Agrobot/install/epos2_bridge_interfaces/bin'
[0.786s] Level 1:colcon.colcon_core.environment:checking '/home/gsylvia/agrobot-reverse-engineering/Agrobot/install/epos2_bridge_interfaces/lib/pkgconfig/epos2_bridge_interfaces.pc'
[0.786s] Level 1:colcon.colcon_core.environment:checking '/home/gsylvia/agrobot-reverse-engineering/Agrobot/install/epos2_bridge_interfaces/lib/python3.12/site-packages'
[0.786s] Level 1:colcon.colcon_core.shell:create_environment_hook('epos2_bridge_interfaces', 'pythonpath')
[0.786s] INFO:colcon.colcon_core.shell:Creating environment hook '/home/gsylvia/agrobot-reverse-engineering/Agrobot/install/epos2_bridge_interfaces/share/epos2_bridge_interfaces/hook/pythonpath.ps1'
[0.787s] INFO:colcon.colcon_core.shell:Creating environment descriptor '/home/gsylvia/agrobot-reverse-engineering/Agrobot/install/epos2_bridge_interfaces/share/epos2_bridge_interfaces/hook/pythonpath.dsv'
[0.787s] INFO:colcon.colcon_core.shell:Creating environment hook '/home/gsylvia/agrobot-reverse-engineering/Agrobot/install/epos2_bridge_interfaces/share/epos2_bridge_interfaces/hook/pythonpath.sh'
[0.787s] Level 1:colcon.colcon_core.environment:checking '/home/gsylvia/agrobot-reverse-engineering/Agrobot/install/epos2_bridge_interfaces/bin'
[0.787s] INFO:colcon.colcon_core.shell:Creating package script '/home/gsylvia/agrobot-reverse-engineering/Agrobot/install/epos2_bridge_interfaces/share/epos2_bridge_interfaces/package.ps1'
[0.788s] INFO:colcon.colcon_core.shell:Creating package descriptor '/home/gsylvia/agrobot-reverse-engineering/Agrobot/install/epos2_bridge_interfaces/share/epos2_bridge_interfaces/package.dsv'
[0.788s] INFO:colcon.colcon_core.shell:Creating package script '/home/gsylvia/agrobot-reverse-engineering/Agrobot/install/epos2_bridge_interfaces/share/epos2_bridge_interfaces/package.sh'
[0.788s] INFO:colcon.colcon_core.shell:Creating package script '/home/gsylvia/agrobot-reverse-engineering/Agrobot/install/epos2_bridge_interfaces/share/epos2_bridge_interfaces/package.bash'
[0.788s] INFO:colcon.colcon_core.shell:Creating package script '/home/gsylvia/agrobot-reverse-engineering/Agrobot/install/epos2_bridge_interfaces/share/epos2_bridge_interfaces/package.zsh'
[0.789s] Level 1:colcon.colcon_core.environment:create_file_with_runtime_dependencies(/home/gsylvia/agrobot-reverse-engineering/Agrobot/install/epos2_bridge_interfaces/share/colcon-core/packages/epos2_bridge_interfaces)
[0.789s] Level 1:colcon.colcon_core.environment:create_environment_scripts_only(epos2_bridge_interfaces)
[0.789s] Level 1:colcon.colcon_core.environment:checking '/home/gsylvia/agrobot-reverse-engineering/Agrobot/install/epos2_bridge_interfaces' for CMake module files
[0.790s] Level 1:colcon.colcon_core.environment:checking '/home/gsylvia/agrobot-reverse-engineering/Agrobot/install/epos2_bridge_interfaces' for CMake config files
[0.791s] Level 1:colcon.colcon_core.shell:create_environment_hook('epos2_bridge_interfaces', 'cmake_prefix_path')
[0.791s] INFO:colcon.colcon_core.shell:Creating environment hook '/home/gsylvia/agrobot-reverse-engineering/Agrobot/install/epos2_bridge_interfaces/share/epos2_bridge_interfaces/hook/cmake_prefix_path.ps1'
[0.791s] INFO:colcon.colcon_core.shell:Creating environment descriptor '/home/gsylvia/agrobot-reverse-engineering/Agrobot/install/epos2_bridge_interfaces/share/epos2_bridge_interfaces/hook/cmake_prefix_path.dsv'
[0.791s] INFO:colcon.colcon_core.shell:Creating environment hook '/home/gsylvia/agrobot-reverse-engineering/Agrobot/install/epos2_bridge_interfaces/share/epos2_bridge_interfaces/hook/cmake_prefix_path.sh'
[0.792s] Level 1:colcon.colcon_core.environment:checking '/home/gsylvia/agrobot-reverse-engineering/Agrobot/install/epos2_bridge_interfaces/lib'
[0.792s] Level 1:colcon.colcon_core.shell:create_environment_hook('epos2_bridge_interfaces', 'ld_library_path_lib')
[0.792s] INFO:colcon.colcon_core.shell:Creating environment hook '/home/gsylvia/agrobot-reverse-engineering/Agrobot/install/epos2_bridge_interfaces/share/epos2_bridge_interfaces/hook/ld_library_path_lib.ps1'
[0.792s] INFO:colcon.colcon_core.shell:Creating environment descriptor '/home/gsylvia/agrobot-reverse-engineering/Agrobot/install/epos2_bridge_interfaces/share/epos2_bridge_interfaces/hook/ld_library_path_lib.dsv'
[0.793s] INFO:colcon.colcon_core.shell:Creating environment hook '/home/gsylvia/agrobot-reverse-engineering/Agrobot/install/epos2_bridge_interfaces/share/epos2_bridge_interfaces/hook/ld_library_path_lib.sh'
[0.793s] Level 1:colcon.colcon_core.environment:checking '/home/gsylvia/agrobot-reverse-engineering/Agrobot/install/epos2_bridge_interfaces/bin'
[0.793s] Level 1:colcon.colcon_core.environment:checking '/home/gsylvia/agrobot-reverse-engineering/Agrobot/install/epos2_bridge_interfaces/lib/pkgconfig/epos2_bridge_interfaces.pc'
[0.793s] Level 1:colcon.colcon_core.environment:checking '/home/gsylvia/agrobot-reverse-engineering/Agrobot/install/epos2_bridge_interfaces/lib/python3.12/site-packages'
[0.793s] Level 1:colcon.colcon_core.shell:create_environment_hook('epos2_bridge_interfaces', 'pythonpath')
[0.793s] INFO:colcon.colcon_core.shell:Creating environment hook '/home/gsylvia/agrobot-reverse-engineering/Agrobot/install/epos2_bridge_interfaces/share/epos2_bridge_interfaces/hook/pythonpath.ps1'
[0.794s] INFO:colcon.colcon_core.shell:Creating environment descriptor '/home/gsylvia/agrobot-reverse-engineering/Agrobot/install/epos2_bridge_interfaces/share/epos2_bridge_interfaces/hook/pythonpath.dsv'
[0.794s] INFO:colcon.colcon_core.shell:Creating environment hook '/home/gsylvia/agrobot-reverse-engineering/Agrobot/install/epos2_bridge_interfaces/share/epos2_bridge_interfaces/hook/pythonpath.sh'
[0.794s] Level 1:colcon.colcon_core.environment:checking '/home/gsylvia/agrobot-reverse-engineering/Agrobot/install/epos2_bridge_interfaces/bin'
[0.794s] INFO:colcon.colcon_core.shell:Creating package script '/home/gsylvia/agrobot-reverse-engineering/Agrobot/install/epos2_bridge_interfaces/share/epos2_bridge_interfaces/package.ps1'
[0.795s] INFO:colcon.colcon_core.shell:Creating package descriptor '/home/gsylvia/agrobot-reverse-engineering/Agrobot/install/epos2_bridge_interfaces/share/epos2_bridge_interfaces/package.dsv'
[0.795s] INFO:colcon.colcon_core.shell:Creating package script '/home/gsylvia/agrobot-reverse-engineering/Agrobot/install/epos2_bridge_interfaces/share/epos2_bridge_interfaces/package.sh'
[0.795s] INFO:colcon.colcon_core.shell:Creating package script '/home/gsylvia/agrobot-reverse-engineering/Agrobot/install/epos2_bridge_interfaces/share/epos2_bridge_interfaces/package.bash'
[0.796s] INFO:colcon.colcon_core.shell:Creating package script '/home/gsylvia/agrobot-reverse-engineering/Agrobot/install/epos2_bridge_interfaces/share/epos2_bridge_interfaces/package.zsh'
[0.796s] Level 1:colcon.colcon_core.environment:create_file_with_runtime_dependencies(/home/gsylvia/agrobot-reverse-engineering/Agrobot/install/epos2_bridge_interfaces/share/colcon-core/packages/epos2_bridge_interfaces)
[0.797s] INFO:colcon.colcon_ros.task.ament_cmake.build:Building ROS package in '/home/gsylvia/agrobot-reverse-engineering/Agrobot/src/moveit_config' with build type 'ament_cmake'
[0.797s] INFO:colcon.colcon_cmake.task.cmake.build:Building CMake package in '/home/gsylvia/agrobot-reverse-engineering/Agrobot/src/moveit_config'
[0.797s] INFO:colcon.colcon_core.shell:Skip shell extension 'powershell' for command environment: Not usable outside of PowerShell
[0.797s] DEBUG:colcon.colcon_core.shell:Skip shell extension 'dsv' for command environment
[0.805s] DEBUG:colcon.colcon_core.event_handler.log_command:Invoked command in '/home/gsylvia/agrobot-reverse-engineering/Agrobot/build/robot_interfaces' returned '0': CMAKE_PREFIX_PATH=${CMAKE_PREFIX_PATH}:/opt/ros/jazzy /usr/bin/cmake --build /home/gsylvia/agrobot-reverse-engineering/Agrobot/build/robot_interfaces -- -j16 -l16
[0.806s] DEBUG:colcon.colcon_core.event_handler.log_command:Invoking command in '/home/gsylvia/agrobot-reverse-engineering/Agrobot/build/robot_interfaces': CMAKE_PREFIX_PATH=${CMAKE_PREFIX_PATH}:/opt/ros/jazzy /usr/bin/cmake --install /home/gsylvia/agrobot-reverse-engineering/Agrobot/build/robot_interfaces
[0.809s] Level 1:colcon.colcon_core.environment:create_environment_scripts_only(canopen_interfaces)
[0.810s] Level 1:colcon.colcon_core.environment:checking '/home/gsylvia/agrobot-reverse-engineering/Agrobot/install/canopen_interfaces' for CMake module files
[0.810s] DEBUG:colcon.colcon_core.event_handler.log_command:Invoked command in '/home/gsylvia/agrobot-reverse-engineering/Agrobot/build/canopen_interfaces' returned '0': CMAKE_PREFIX_PATH=${CMAKE_PREFIX_PATH}:/opt/ros/jazzy /usr/bin/cmake --install /home/gsylvia/agrobot-reverse-engineering/Agrobot/build/canopen_interfaces
[0.811s] Level 1:colcon.colcon_core.environment:checking '/home/gsylvia/agrobot-reverse-engineering/Agrobot/install/canopen_interfaces' for CMake config files
[0.811s] Level 1:colcon.colcon_core.shell:create_environment_hook('canopen_interfaces', 'cmake_prefix_path')
[0.812s] INFO:colcon.colcon_core.shell:Creating environment hook '/home/gsylvia/agrobot-reverse-engineering/Agrobot/install/canopen_interfaces/share/canopen_interfaces/hook/cmake_prefix_path.ps1'
[0.812s] INFO:colcon.colcon_core.shell:Creating environment descriptor '/home/gsylvia/agrobot-reverse-engineering/Agrobot/install/canopen_interfaces/share/canopen_interfaces/hook/cmake_prefix_path.dsv'
[0.812s] INFO:colcon.colcon_core.shell:Creating environment hook '/home/gsylvia/agrobot-reverse-engineering/Agrobot/install/canopen_interfaces/share/canopen_interfaces/hook/cmake_prefix_path.sh'
[0.813s] Level 1:colcon.colcon_core.environment:checking '/home/gsylvia/agrobot-reverse-engineering/Agrobot/install/canopen_interfaces/lib'
[0.813s] Level 1:colcon.colcon_core.shell:create_environment_hook('canopen_interfaces', 'ld_library_path_lib')
[0.813s] INFO:colcon.colcon_core.shell:Creating environment hook '/home/gsylvia/agrobot-reverse-engineering/Agrobot/install/canopen_interfaces/share/canopen_interfaces/hook/ld_library_path_lib.ps1'
[0.814s] INFO:colcon.colcon_core.shell:Creating environment descriptor '/home/gsylvia/agrobot-reverse-engineering/Agrobot/install/canopen_interfaces/share/canopen_interfaces/hook/ld_library_path_lib.dsv'
[0.814s] INFO:colcon.colcon_core.shell:Creating environment hook '/home/gsylvia/agrobot-reverse-engineering/Agrobot/install/canopen_interfaces/share/canopen_interfaces/hook/ld_library_path_lib.sh'
[0.814s] Level 1:colcon.colcon_core.environment:checking '/home/gsylvia/agrobot-reverse-engineering/Agrobot/install/canopen_interfaces/bin'
[0.814s] Level 1:colcon.colcon_core.environment:checking '/home/gsylvia/agrobot-reverse-engineering/Agrobot/install/canopen_interfaces/lib/pkgconfig/canopen_interfaces.pc'
[0.814s] Level 1:colcon.colcon_core.environment:checking '/home/gsylvia/agrobot-reverse-engineering/Agrobot/install/canopen_interfaces/lib/python3.12/site-packages'
[0.815s] Level 1:colcon.colcon_core.shell:create_environment_hook('canopen_interfaces', 'pythonpath')
[0.815s] INFO:colcon.colcon_core.shell:Creating environment hook '/home/gsylvia/agrobot-reverse-engineering/Agrobot/install/canopen_interfaces/share/canopen_interfaces/hook/pythonpath.ps1'
[0.815s] INFO:colcon.colcon_core.shell:Creating environment descriptor '/home/gsylvia/agrobot-reverse-engineering/Agrobot/install/canopen_interfaces/share/canopen_interfaces/hook/pythonpath.dsv'
[0.815s] INFO:colcon.colcon_core.shell:Creating environment hook '/home/gsylvia/agrobot-reverse-engineering/Agrobot/install/canopen_interfaces/share/canopen_interfaces/hook/pythonpath.sh'
[0.815s] Level 1:colcon.colcon_core.environment:checking '/home/gsylvia/agrobot-reverse-engineering/Agrobot/install/canopen_interfaces/bin'
[0.816s] INFO:colcon.colcon_core.shell:Creating package script '/home/gsylvia/agrobot-reverse-engineering/Agrobot/install/canopen_interfaces/share/canopen_interfaces/package.ps1'
[0.816s] INFO:colcon.colcon_core.shell:Creating package descriptor '/home/gsylvia/agrobot-reverse-engineering/Agrobot/install/canopen_interfaces/share/canopen_interfaces/package.dsv'
[0.816s] INFO:colcon.colcon_core.shell:Creating package script '/home/gsylvia/agrobot-reverse-engineering/Agrobot/install/canopen_interfaces/share/canopen_interfaces/package.sh'
[0.817s] INFO:colcon.colcon_core.shell:Creating package script '/home/gsylvia/agrobot-reverse-engineering/Agrobot/install/canopen_interfaces/share/canopen_interfaces/package.bash'
[0.817s] INFO:colcon.colcon_core.shell:Creating package script '/home/gsylvia/agrobot-reverse-engineering/Agrobot/install/canopen_interfaces/share/canopen_interfaces/package.zsh'
[0.817s] Level 1:colcon.colcon_core.environment:create_file_with_runtime_dependencies(/home/gsylvia/agrobot-reverse-engineering/Agrobot/install/canopen_interfaces/share/colcon-core/packages/canopen_interfaces)
[0.818s] Level 1:colcon.colcon_core.environment:create_environment_scripts_only(canopen_interfaces)
[0.818s] Level 1:colcon.colcon_core.environment:checking '/home/gsylvia/agrobot-reverse-engineering/Agrobot/install/canopen_interfaces' for CMake module files
[0.818s] Level 1:colcon.colcon_core.environment:checking '/home/gsylvia/agrobot-reverse-engineering/Agrobot/install/canopen_interfaces' for CMake config files
[0.818s] Level 1:colcon.colcon_core.shell:create_environment_hook('canopen_interfaces', 'cmake_prefix_path')
[0.819s] INFO:colcon.colcon_core.shell:Creating environment hook '/home/gsylvia/agrobot-reverse-engineering/Agrobot/install/canopen_interfaces/share/canopen_interfaces/hook/cmake_prefix_path.ps1'
[0.819s] INFO:colcon.colcon_core.shell:Creating environment descriptor '/home/gsylvia/agrobot-reverse-engineering/Agrobot/install/canopen_interfaces/share/canopen_interfaces/hook/cmake_prefix_path.dsv'
[0.819s] INFO:colcon.colcon_core.shell:Creating environment hook '/home/gsylvia/agrobot-reverse-engineering/Agrobot/install/canopen_interfaces/share/canopen_interfaces/hook/cmake_prefix_path.sh'
[0.819s] Level 1:colcon.colcon_core.environment:checking '/home/gsylvia/agrobot-reverse-engineering/Agrobot/install/canopen_interfaces/lib'
[0.819s] Level 1:colcon.colcon_core.shell:create_environment_hook('canopen_interfaces', 'ld_library_path_lib')
[0.820s] INFO:colcon.colcon_core.shell:Creating environment hook '/home/gsylvia/agrobot-reverse-engineering/Agrobot/install/canopen_interfaces/share/canopen_interfaces/hook/ld_library_path_lib.ps1'
[0.820s] INFO:colcon.colcon_core.shell:Creating environment descriptor '/home/gsylvia/agrobot-reverse-engineering/Agrobot/install/canopen_interfaces/share/canopen_interfaces/hook/ld_library_path_lib.dsv'
[0.820s] INFO:colcon.colcon_core.shell:Creating environment hook '/home/gsylvia/agrobot-reverse-engineering/Agrobot/install/canopen_interfaces/share/canopen_interfaces/hook/ld_library_path_lib.sh'
[0.820s] Level 1:colcon.colcon_core.environment:checking '/home/gsylvia/agrobot-reverse-engineering/Agrobot/install/canopen_interfaces/bin'
[0.820s] Level 1:colcon.colcon_core.environment:checking '/home/gsylvia/agrobot-reverse-engineering/Agrobot/install/canopen_interfaces/lib/pkgconfig/canopen_interfaces.pc'
[0.821s] Level 1:colcon.colcon_core.environment:checking '/home/gsylvia/agrobot-reverse-engineering/Agrobot/install/canopen_interfaces/lib/python3.12/site-packages'
[0.821s] Level 1:colcon.colcon_core.shell:create_environment_hook('canopen_interfaces', 'pythonpath')
[0.821s] INFO:colcon.colcon_core.shell:Creating environment hook '/home/gsylvia/agrobot-reverse-engineering/Agrobot/install/canopen_interfaces/share/canopen_interfaces/hook/pythonpath.ps1'
[0.821s] INFO:colcon.colcon_core.shell:Creating environment descriptor '/home/gsylvia/agrobot-reverse-engineering/Agrobot/install/canopen_interfaces/share/canopen_interfaces/hook/pythonpath.dsv'
[0.821s] INFO:colcon.colcon_core.shell:Creating environment hook '/home/gsylvia/agrobot-reverse-engineering/Agrobot/install/canopen_interfaces/share/canopen_interfaces/hook/pythonpath.sh'
[0.821s] Level 1:colcon.colcon_core.environment:checking '/home/gsylvia/agrobot-reverse-engineering/Agrobot/install/canopen_interfaces/bin'
[0.821s] INFO:colcon.colcon_core.shell:Creating package script '/home/gsylvia/agrobot-reverse-engineering/Agrobot/install/canopen_interfaces/share/canopen_interfaces/package.ps1'
[0.822s] INFO:colcon.colcon_core.shell:Creating package descriptor '/home/gsylvia/agrobot-reverse-engineering/Agrobot/install/canopen_interfaces/share/canopen_interfaces/package.dsv'
[0.822s] INFO:colcon.colcon_core.shell:Creating package script '/home/gsylvia/agrobot-reverse-engineering/Agrobot/install/canopen_interfaces/share/canopen_interfaces/package.sh'
[0.823s] INFO:colcon.colcon_core.shell:Creating package script '/home/gsylvia/agrobot-reverse-engineering/Agrobot/install/canopen_interfaces/share/canopen_interfaces/package.bash'
[0.823s] INFO:colcon.colcon_core.shell:Creating package script '/home/gsylvia/agrobot-reverse-engineering/Agrobot/install/canopen_interfaces/share/canopen_interfaces/package.zsh'
[0.823s] Level 1:colcon.colcon_core.environment:create_file_with_runtime_dependencies(/home/gsylvia/agrobot-reverse-engineering/Agrobot/install/canopen_interfaces/share/colcon-core/packages/canopen_interfaces)
[0.824s] INFO:colcon.colcon_ros.task.ament_python.build:Building ROS package in '/home/gsylvia/agrobot-reverse-engineering/Agrobot/src/ros2_canopen/canopen_utils' with build type 'ament_python'
[0.824s] Level 1:colcon.colcon_core.shell:create_environment_hook('canopen_utils', 'ament_prefix_path')
[0.824s] INFO:colcon.colcon_core.shell:Creating environment hook '/home/gsylvia/agrobot-reverse-engineering/Agrobot/install/canopen_utils/share/canopen_utils/hook/ament_prefix_path.ps1'
[0.825s] INFO:colcon.colcon_core.shell:Creating environment descriptor '/home/gsylvia/agrobot-reverse-engineering/Agrobot/install/canopen_utils/share/canopen_utils/hook/ament_prefix_path.dsv'
[0.825s] INFO:colcon.colcon_core.shell:Creating environment hook '/home/gsylvia/agrobot-reverse-engineering/Agrobot/install/canopen_utils/share/canopen_utils/hook/ament_prefix_path.sh'
[0.826s] INFO:colcon.colcon_core.shell:Skip shell extension 'powershell' for command environment: Not usable outside of PowerShell
[0.826s] DEBUG:colcon.colcon_core.shell:Skip shell extension 'dsv' for command environment
[0.850s] DEBUG:colcon.colcon_core.event_handler.log_command:Invoking command in '/home/gsylvia/agrobot-reverse-engineering/Agrobot/build/moveit_config': AMENT_PREFIX_PATH=/home/gsylvia/agrobot-reverse-engineering/Agrobot/install/robot_description:${AMENT_PREFIX_PATH} CMAKE_PREFIX_PATH=/home/gsylvia/agrobot-reverse-engineering/Agrobot/install/robot_description:/opt/ros/jazzy/opt/gz_sim_vendor:/opt/ros/jazzy/opt/gz_sensors_vendor:/opt/ros/jazzy/opt/gz_physics_vendor:/opt/ros/jazzy/opt/sdformat_vendor:/opt/ros/jazzy/opt/gz_gui_vendor:/opt/ros/jazzy/opt/gz_transport_vendor:/opt/ros/jazzy/opt/gz_rendering_vendor:/opt/ros/jazzy/opt/gz_plugin_vendor:/opt/ros/jazzy/opt/gz_fuel_tools_vendor:/opt/ros/jazzy/opt/gz_msgs_vendor:/opt/ros/jazzy/opt/gz_common_vendor:/opt/ros/jazzy/opt/gz_math_vendor:/opt/ros/jazzy/opt/gz_utils_vendor:/opt/ros/jazzy/opt/gz_tools_vendor:/opt/ros/jazzy/opt/gz_ogre_next_vendor:/opt/ros/jazzy/opt/gz_dartsim_vendor:/opt/ros/jazzy/opt/gz_cmake_vendor:/opt/ros/jazzy /usr/bin/cmake --build /home/gsylvia/agrobot-reverse-engineering/Agrobot/build/moveit_config -- -j16 -l16
[0.880s] Level 1:colcon.colcon_core.environment:create_environment_scripts_only(robot_interfaces)
[0.880s] Level 1:colcon.colcon_core.environment:checking '/home/gsylvia/agrobot-reverse-engineering/Agrobot/install/robot_interfaces' for CMake module files
[0.880s] DEBUG:colcon.colcon_core.event_handler.log_command:Invoked command in '/home/gsylvia/agrobot-reverse-engineering/Agrobot/build/robot_interfaces' returned '0': CMAKE_PREFIX_PATH=${CMAKE_PREFIX_PATH}:/opt/ros/jazzy /usr/bin/cmake --install /home/gsylvia/agrobot-reverse-engineering/Agrobot/build/robot_interfaces
[0.881s] Level 1:colcon.colcon_core.environment:checking '/home/gsylvia/agrobot-reverse-engineering/Agrobot/install/robot_interfaces' for CMake config files
[0.882s] Level 1:colcon.colcon_core.shell:create_environment_hook('robot_interfaces', 'cmake_prefix_path')
[0.882s] INFO:colcon.colcon_core.shell:Creating environment hook '/home/gsylvia/agrobot-reverse-engineering/Agrobot/install/robot_interfaces/share/robot_interfaces/hook/cmake_prefix_path.ps1'
[0.883s] INFO:colcon.colcon_core.shell:Creating environment descriptor '/home/gsylvia/agrobot-reverse-engineering/Agrobot/install/robot_interfaces/share/robot_interfaces/hook/cmake_prefix_path.dsv'
[0.883s] INFO:colcon.colcon_core.shell:Creating environment hook '/home/gsylvia/agrobot-reverse-engineering/Agrobot/install/robot_interfaces/share/robot_interfaces/hook/cmake_prefix_path.sh'
[0.884s] Level 1:colcon.colcon_core.environment:checking '/home/gsylvia/agrobot-reverse-engineering/Agrobot/install/robot_interfaces/lib'
[0.884s] Level 1:colcon.colcon_core.shell:create_environment_hook('robot_interfaces', 'ld_library_path_lib')
[0.884s] INFO:colcon.colcon_core.shell:Creating environment hook '/home/gsylvia/agrobot-reverse-engineering/Agrobot/install/robot_interfaces/share/robot_interfaces/hook/ld_library_path_lib.ps1'
[0.884s] INFO:colcon.colcon_core.shell:Creating environment descriptor '/home/gsylvia/agrobot-reverse-engineering/Agrobot/install/robot_interfaces/share/robot_interfaces/hook/ld_library_path_lib.dsv'
[0.884s] INFO:colcon.colcon_core.shell:Creating environment hook '/home/gsylvia/agrobot-reverse-engineering/Agrobot/install/robot_interfaces/share/robot_interfaces/hook/ld_library_path_lib.sh'
[0.884s] Level 1:colcon.colcon_core.environment:checking '/home/gsylvia/agrobot-reverse-engineering/Agrobot/install/robot_interfaces/bin'
[0.884s] Level 1:colcon.colcon_core.environment:checking '/home/gsylvia/agrobot-reverse-engineering/Agrobot/install/robot_interfaces/lib/pkgconfig/robot_interfaces.pc'
[0.885s] Level 1:colcon.colcon_core.environment:checking '/home/gsylvia/agrobot-reverse-engineering/Agrobot/install/robot_interfaces/lib/python3.12/site-packages'
[0.885s] Level 1:colcon.colcon_core.shell:create_environment_hook('robot_interfaces', 'pythonpath')
[0.885s] INFO:colcon.colcon_core.shell:Creating environment hook '/home/gsylvia/agrobot-reverse-engineering/Agrobot/install/robot_interfaces/share/robot_interfaces/hook/pythonpath.ps1'
[0.885s] INFO:colcon.colcon_core.shell:Creating environment descriptor '/home/gsylvia/agrobot-reverse-engineering/Agrobot/install/robot_interfaces/share/robot_interfaces/hook/pythonpath.dsv'
[0.885s] INFO:colcon.colcon_core.shell:Creating environment hook '/home/gsylvia/agrobot-reverse-engineering/Agrobot/install/robot_interfaces/share/robot_interfaces/hook/pythonpath.sh'
[0.885s] Level 1:colcon.colcon_core.environment:checking '/home/gsylvia/agrobot-reverse-engineering/Agrobot/install/robot_interfaces/bin'
[0.886s] INFO:colcon.colcon_core.shell:Creating package script '/home/gsylvia/agrobot-reverse-engineering/Agrobot/install/robot_interfaces/share/robot_interfaces/package.ps1'
[0.886s] INFO:colcon.colcon_core.shell:Creating package descriptor '/home/gsylvia/agrobot-reverse-engineering/Agrobot/install/robot_interfaces/share/robot_interfaces/package.dsv'
[0.886s] INFO:colcon.colcon_core.shell:Creating package script '/home/gsylvia/agrobot-reverse-engineering/Agrobot/install/robot_interfaces/share/robot_interfaces/package.sh'
[0.887s] INFO:colcon.colcon_core.shell:Creating package script '/home/gsylvia/agrobot-reverse-engineering/Agrobot/install/robot_interfaces/share/robot_interfaces/package.bash'
[0.887s] INFO:colcon.colcon_core.shell:Creating package script '/home/gsylvia/agrobot-reverse-engineering/Agrobot/install/robot_interfaces/share/robot_interfaces/package.zsh'
[0.887s] Level 1:colcon.colcon_core.environment:create_file_with_runtime_dependencies(/home/gsylvia/agrobot-reverse-engineering/Agrobot/install/robot_interfaces/share/colcon-core/packages/robot_interfaces)
[0.887s] Level 1:colcon.colcon_core.environment:create_environment_scripts_only(robot_interfaces)
[0.887s] Level 1:colcon.colcon_core.environment:checking '/home/gsylvia/agrobot-reverse-engineering/Agrobot/install/robot_interfaces' for CMake module files
[0.888s] Level 1:colcon.colcon_core.environment:checking '/home/gsylvia/agrobot-reverse-engineering/Agrobot/install/robot_interfaces' for CMake config files
[0.888s] Level 1:colcon.colcon_core.shell:create_environment_hook('robot_interfaces', 'cmake_prefix_path')
[0.888s] INFO:colcon.colcon_core.shell:Creating environment hook '/home/gsylvia/agrobot-reverse-engineering/Agrobot/install/robot_interfaces/share/robot_interfaces/hook/cmake_prefix_path.ps1'
[0.888s] INFO:colcon.colcon_core.shell:Creating environment descriptor '/home/gsylvia/agrobot-reverse-engineering/Agrobot/install/robot_interfaces/share/robot_interfaces/hook/cmake_prefix_path.dsv'
[0.888s] INFO:colcon.colcon_core.shell:Creating environment hook '/home/gsylvia/agrobot-reverse-engineering/Agrobot/install/robot_interfaces/share/robot_interfaces/hook/cmake_prefix_path.sh'
[0.889s] Level 1:colcon.colcon_core.environment:checking '/home/gsylvia/agrobot-reverse-engineering/Agrobot/install/robot_interfaces/lib'
[0.889s] Level 1:colcon.colcon_core.shell:create_environment_hook('robot_interfaces', 'ld_library_path_lib')
[0.889s] INFO:colcon.colcon_core.shell:Creating environment hook '/home/gsylvia/agrobot-reverse-engineering/Agrobot/install/robot_interfaces/share/robot_interfaces/hook/ld_library_path_lib.ps1'
[0.889s] INFO:colcon.colcon_core.shell:Creating environment descriptor '/home/gsylvia/agrobot-reverse-engineering/Agrobot/install/robot_interfaces/share/robot_interfaces/hook/ld_library_path_lib.dsv'
[0.889s] INFO:colcon.colcon_core.shell:Creating environment hook '/home/gsylvia/agrobot-reverse-engineering/Agrobot/install/robot_interfaces/share/robot_interfaces/hook/ld_library_path_lib.sh'
[0.889s] Level 1:colcon.colcon_core.environment:checking '/home/gsylvia/agrobot-reverse-engineering/Agrobot/install/robot_interfaces/bin'
[0.890s] Level 1:colcon.colcon_core.environment:checking '/home/gsylvia/agrobot-reverse-engineering/Agrobot/install/robot_interfaces/lib/pkgconfig/robot_interfaces.pc'
[0.890s] Level 1:colcon.colcon_core.environment:checking '/home/gsylvia/agrobot-reverse-engineering/Agrobot/install/robot_interfaces/lib/python3.12/site-packages'
[0.890s] Level 1:colcon.colcon_core.shell:create_environment_hook('robot_interfaces', 'pythonpath')
[0.890s] INFO:colcon.colcon_core.shell:Creating environment hook '/home/gsylvia/agrobot-reverse-engineering/Agrobot/install/robot_interfaces/share/robot_interfaces/hook/pythonpath.ps1'
[0.890s] INFO:colcon.colcon_core.shell:Creating environment descriptor '/home/gsylvia/agrobot-reverse-engineering/Agrobot/install/robot_interfaces/share/robot_interfaces/hook/pythonpath.dsv'
[0.890s] INFO:colcon.colcon_core.shell:Creating environment hook '/home/gsylvia/agrobot-reverse-engineering/Agrobot/install/robot_interfaces/share/robot_interfaces/hook/pythonpath.sh'
[0.891s] Level 1:colcon.colcon_core.environment:checking '/home/gsylvia/agrobot-reverse-engineering/Agrobot/install/robot_interfaces/bin'
[0.891s] INFO:colcon.colcon_core.shell:Creating package script '/home/gsylvia/agrobot-reverse-engineering/Agrobot/install/robot_interfaces/share/robot_interfaces/package.ps1'
[0.891s] INFO:colcon.colcon_core.shell:Creating package descriptor '/home/gsylvia/agrobot-reverse-engineering/Agrobot/install/robot_interfaces/share/robot_interfaces/package.dsv'
[0.892s] INFO:colcon.colcon_core.shell:Creating package script '/home/gsylvia/agrobot-reverse-engineering/Agrobot/install/robot_interfaces/share/robot_interfaces/package.sh'
[0.892s] INFO:colcon.colcon_core.shell:Creating package script '/home/gsylvia/agrobot-reverse-engineering/Agrobot/install/robot_interfaces/share/robot_interfaces/package.bash'
[0.892s] INFO:colcon.colcon_core.shell:Creating package script '/home/gsylvia/agrobot-reverse-engineering/Agrobot/install/robot_interfaces/share/robot_interfaces/package.zsh'
[0.892s] Level 1:colcon.colcon_core.environment:create_file_with_runtime_dependencies(/home/gsylvia/agrobot-reverse-engineering/Agrobot/install/robot_interfaces/share/colcon-core/packages/robot_interfaces)
[0.893s] INFO:colcon.colcon_ros.task.ament_python.build:Building ROS package in '/home/gsylvia/agrobot-reverse-engineering/Agrobot/src/epos2_bridge' with build type 'ament_python'
[0.893s] Level 1:colcon.colcon_core.shell:create_environment_hook('epos2_bridge', 'ament_prefix_path')
[0.893s] INFO:colcon.colcon_core.shell:Creating environment hook '/home/gsylvia/agrobot-reverse-engineering/Agrobot/install/epos2_bridge/share/epos2_bridge/hook/ament_prefix_path.ps1'
[0.894s] INFO:colcon.colcon_core.shell:Creating environment descriptor '/home/gsylvia/agrobot-reverse-engineering/Agrobot/install/epos2_bridge/share/epos2_bridge/hook/ament_prefix_path.dsv'
[0.894s] INFO:colcon.colcon_core.shell:Creating environment hook '/home/gsylvia/agrobot-reverse-engineering/Agrobot/install/epos2_bridge/share/epos2_bridge/hook/ament_prefix_path.sh'
[0.894s] INFO:colcon.colcon_core.shell:Skip shell extension 'powershell' for command environment: Not usable outside of PowerShell
[0.894s] DEBUG:colcon.colcon_core.shell:Skip shell extension 'dsv' for command environment
[0.896s] DEBUG:colcon.colcon_core.event_handler.log_command:Invoked command in '/home/gsylvia/agrobot-reverse-engineering/Agrobot/build/moveit_config' returned '0': AMENT_PREFIX_PATH=/home/gsylvia/agrobot-reverse-engineering/Agrobot/install/robot_description:${AMENT_PREFIX_PATH} CMAKE_PREFIX_PATH=/home/gsylvia/agrobot-reverse-engineering/Agrobot/install/robot_description:/opt/ros/jazzy/opt/gz_sim_vendor:/opt/ros/jazzy/opt/gz_sensors_vendor:/opt/ros/jazzy/opt/gz_physics_vendor:/opt/ros/jazzy/opt/sdformat_vendor:/opt/ros/jazzy/opt/gz_gui_vendor:/opt/ros/jazzy/opt/gz_transport_vendor:/opt/ros/jazzy/opt/gz_rendering_vendor:/opt/ros/jazzy/opt/gz_plugin_vendor:/opt/ros/jazzy/opt/gz_fuel_tools_vendor:/opt/ros/jazzy/opt/gz_msgs_vendor:/opt/ros/jazzy/opt/gz_common_vendor:/opt/ros/jazzy/opt/gz_math_vendor:/opt/ros/jazzy/opt/gz_utils_vendor:/opt/ros/jazzy/opt/gz_tools_vendor:/opt/ros/jazzy/opt/gz_ogre_next_vendor:/opt/ros/jazzy/opt/gz_dartsim_vendor:/opt/ros/jazzy/opt/gz_cmake_vendor:/opt/ros/jazzy /usr/bin/cmake --build /home/gsylvia/agrobot-reverse-engineering/Agrobot/build/moveit_config -- -j16 -l16
[0.897s] DEBUG:colcon.colcon_core.event_handler.log_command:Invoking command in '/home/gsylvia/agrobot-reverse-engineering/Agrobot/build/moveit_config': AMENT_PREFIX_PATH=/home/gsylvia/agrobot-reverse-engineering/Agrobot/install/robot_description:${AMENT_PREFIX_PATH} CMAKE_PREFIX_PATH=/home/gsylvia/agrobot-reverse-engineering/Agrobot/install/robot_description:/opt/ros/jazzy/opt/gz_sim_vendor:/opt/ros/jazzy/opt/gz_sensors_vendor:/opt/ros/jazzy/opt/gz_physics_vendor:/opt/ros/jazzy/opt/sdformat_vendor:/opt/ros/jazzy/opt/gz_gui_vendor:/opt/ros/jazzy/opt/gz_transport_vendor:/opt/ros/jazzy/opt/gz_rendering_vendor:/opt/ros/jazzy/opt/gz_plugin_vendor:/opt/ros/jazzy/opt/gz_fuel_tools_vendor:/opt/ros/jazzy/opt/gz_msgs_vendor:/opt/ros/jazzy/opt/gz_common_vendor:/opt/ros/jazzy/opt/gz_math_vendor:/opt/ros/jazzy/opt/gz_utils_vendor:/opt/ros/jazzy/opt/gz_tools_vendor:/opt/ros/jazzy/opt/gz_ogre_next_vendor:/opt/ros/jazzy/opt/gz_dartsim_vendor:/opt/ros/jazzy/opt/gz_cmake_vendor:/opt/ros/jazzy /usr/bin/cmake --install /home/gsylvia/agrobot-reverse-engineering/Agrobot/build/moveit_config
[0.906s] Level 1:colcon.colcon_core.environment:create_environment_scripts_only(moveit_config)
[0.906s] Level 1:colcon.colcon_core.environment:checking '/home/gsylvia/agrobot-reverse-engineering/Agrobot/install/moveit_config' for CMake module files
[0.907s] DEBUG:colcon.colcon_core.event_handler.log_command:Invoked command in '/home/gsylvia/agrobot-reverse-engineering/Agrobot/build/moveit_config' returned '0': AMENT_PREFIX_PATH=/home/gsylvia/agrobot-reverse-engineering/Agrobot/install/robot_description:${AMENT_PREFIX_PATH} CMAKE_PREFIX_PATH=/home/gsylvia/agrobot-reverse-engineering/Agrobot/install/robot_description:/opt/ros/jazzy/opt/gz_sim_vendor:/opt/ros/jazzy/opt/gz_sensors_vendor:/opt/ros/jazzy/opt/gz_physics_vendor:/opt/ros/jazzy/opt/sdformat_vendor:/opt/ros/jazzy/opt/gz_gui_vendor:/opt/ros/jazzy/opt/gz_transport_vendor:/opt/ros/jazzy/opt/gz_rendering_vendor:/opt/ros/jazzy/opt/gz_plugin_vendor:/opt/ros/jazzy/opt/gz_fuel_tools_vendor:/opt/ros/jazzy/opt/gz_msgs_vendor:/opt/ros/jazzy/opt/gz_common_vendor:/opt/ros/jazzy/opt/gz_math_vendor:/opt/ros/jazzy/opt/gz_utils_vendor:/opt/ros/jazzy/opt/gz_tools_vendor:/opt/ros/jazzy/opt/gz_ogre_next_vendor:/opt/ros/jazzy/opt/gz_dartsim_vendor:/opt/ros/jazzy/opt/gz_cmake_vendor:/opt/ros/jazzy /usr/bin/cmake --install /home/gsylvia/agrobot-reverse-engineering/Agrobot/build/moveit_config
[0.907s] Level 1:colcon.colcon_core.environment:checking '/home/gsylvia/agrobot-reverse-engineering/Agrobot/install/moveit_config' for CMake config files
[0.907s] Level 1:colcon.colcon_core.shell:create_environment_hook('moveit_config', 'cmake_prefix_path')
[0.908s] INFO:colcon.colcon_core.shell:Creating environment hook '/home/gsylvia/agrobot-reverse-engineering/Agrobot/install/moveit_config/share/moveit_config/hook/cmake_prefix_path.ps1'
[0.908s] INFO:colcon.colcon_core.shell:Creating environment descriptor '/home/gsylvia/agrobot-reverse-engineering/Agrobot/install/moveit_config/share/moveit_config/hook/cmake_prefix_path.dsv'
[0.908s] INFO:colcon.colcon_core.shell:Creating environment hook '/home/gsylvia/agrobot-reverse-engineering/Agrobot/install/moveit_config/share/moveit_config/hook/cmake_prefix_path.sh'
[0.909s] Level 1:colcon.colcon_core.environment:checking '/home/gsylvia/agrobot-reverse-engineering/Agrobot/install/moveit_config/bin'
[0.909s] Level 1:colcon.colcon_core.environment:checking '/home/gsylvia/agrobot-reverse-engineering/Agrobot/install/moveit_config/lib/pkgconfig/moveit_config.pc'
[0.909s] Level 1:colcon.colcon_core.environment:checking '/home/gsylvia/agrobot-reverse-engineering/Agrobot/install/moveit_config/lib/python3.12/site-packages'
[0.909s] Level 1:colcon.colcon_core.environment:checking '/home/gsylvia/agrobot-reverse-engineering/Agrobot/install/moveit_config/bin'
[0.909s] INFO:colcon.colcon_core.shell:Creating package script '/home/gsylvia/agrobot-reverse-engineering/Agrobot/install/moveit_config/share/moveit_config/package.ps1'
[0.910s] INFO:colcon.colcon_core.shell:Creating package descriptor '/home/gsylvia/agrobot-reverse-engineering/Agrobot/install/moveit_config/share/moveit_config/package.dsv'
[0.910s] INFO:colcon.colcon_core.shell:Creating package script '/home/gsylvia/agrobot-reverse-engineering/Agrobot/install/moveit_config/share/moveit_config/package.sh'
[0.922s] INFO:colcon.colcon_core.shell:Creating package script '/home/gsylvia/agrobot-reverse-engineering/Agrobot/install/moveit_config/share/moveit_config/package.bash'
[0.922s] INFO:colcon.colcon_core.shell:Creating package script '/home/gsylvia/agrobot-reverse-engineering/Agrobot/install/moveit_config/share/moveit_config/package.zsh'
[0.922s] Level 1:colcon.colcon_core.environment:create_file_with_runtime_dependencies(/home/gsylvia/agrobot-reverse-engineering/Agrobot/install/moveit_config/share/colcon-core/packages/moveit_config)
[0.923s] Level 1:colcon.colcon_core.environment:create_environment_scripts_only(moveit_config)
[0.923s] Level 1:colcon.colcon_core.environment:checking '/home/gsylvia/agrobot-reverse-engineering/Agrobot/install/moveit_config' for CMake module files
[0.923s] Level 1:colcon.colcon_core.environment:checking '/home/gsylvia/agrobot-reverse-engineering/Agrobot/install/moveit_config' for CMake config files
[0.923s] Level 1:colcon.colcon_core.shell:create_environment_hook('moveit_config', 'cmake_prefix_path')
[0.923s] INFO:colcon.colcon_core.shell:Creating environment hook '/home/gsylvia/agrobot-reverse-engineering/Agrobot/install/moveit_config/share/moveit_config/hook/cmake_prefix_path.ps1'
[0.923s] INFO:colcon.colcon_core.shell:Creating environment descriptor '/home/gsylvia/agrobot-reverse-engineering/Agrobot/install/moveit_config/share/moveit_config/hook/cmake_prefix_path.dsv'
[0.924s] INFO:colcon.colcon_core.shell:Creating environment hook '/home/gsylvia/agrobot-reverse-engineering/Agrobot/install/moveit_config/share/moveit_config/hook/cmake_prefix_path.sh'
[0.924s] Level 1:colcon.colcon_core.environment:checking '/home/gsylvia/agrobot-reverse-engineering/Agrobot/install/moveit_config/bin'
[0.924s] Level 1:colcon.colcon_core.environment:checking '/home/gsylvia/agrobot-reverse-engineering/Agrobot/install/moveit_config/lib/pkgconfig/moveit_config.pc'
[0.924s] Level 1:colcon.colcon_core.environment:checking '/home/gsylvia/agrobot-reverse-engineering/Agrobot/install/moveit_config/lib/python3.12/site-packages'
[0.924s] Level 1:colcon.colcon_core.environment:checking '/home/gsylvia/agrobot-reverse-engineering/Agrobot/install/moveit_config/bin'
[0.924s] INFO:colcon.colcon_core.shell:Creating package script '/home/gsylvia/agrobot-reverse-engineering/Agrobot/install/moveit_config/share/moveit_config/package.ps1'
[0.925s] INFO:colcon.colcon_core.shell:Creating package descriptor '/home/gsylvia/agrobot-reverse-engineering/Agrobot/install/moveit_config/share/moveit_config/package.dsv'
[0.925s] INFO:colcon.colcon_core.shell:Creating package script '/home/gsylvia/agrobot-reverse-engineering/Agrobot/install/moveit_config/share/moveit_config/package.sh'
[0.925s] INFO:colcon.colcon_core.shell:Creating package script '/home/gsylvia/agrobot-reverse-engineering/Agrobot/install/moveit_config/share/moveit_config/package.bash'
[0.925s] INFO:colcon.colcon_core.shell:Creating package script '/home/gsylvia/agrobot-reverse-engineering/Agrobot/install/moveit_config/share/moveit_config/package.zsh'
[0.925s] Level 1:colcon.colcon_core.environment:create_file_with_runtime_dependencies(/home/gsylvia/agrobot-reverse-engineering/Agrobot/install/moveit_config/share/colcon-core/packages/moveit_config)
[0.926s] INFO:colcon.colcon_ros.task.ament_cmake.build:Building ROS package in '/home/gsylvia/agrobot-reverse-engineering/Agrobot/src/robot_commander' with build type 'ament_cmake'
[0.926s] INFO:colcon.colcon_cmake.task.cmake.build:Building CMake package in '/home/gsylvia/agrobot-reverse-engineering/Agrobot/src/robot_commander'
[0.926s] INFO:colcon.colcon_core.shell:Skip shell extension 'powershell' for command environment: Not usable outside of PowerShell
[0.926s] DEBUG:colcon.colcon_core.shell:Skip shell extension 'dsv' for command environment
[1.087s] INFO:colcon.colcon_core.task.python.build:Building Python package in '/home/gsylvia/agrobot-reverse-engineering/Agrobot/src/ros2_canopen/canopen_utils'
[1.087s] INFO:colcon.colcon_core.shell:Skip shell extension 'powershell' for command environment: Not usable outside of PowerShell
[1.087s] DEBUG:colcon.colcon_core.shell:Skip shell extension 'dsv' for command environment
[1.091s] DEBUG:colcon.colcon_core.event_handler.log_command:Invoking command in '/home/gsylvia/agrobot-reverse-engineering/Agrobot/build/robot_commander': AMENT_PREFIX_PATH=/home/gsylvia/agrobot-reverse-engineering/Agrobot/install/robot_interfaces:${AMENT_PREFIX_PATH} CMAKE_PREFIX_PATH=/home/gsylvia/agrobot-reverse-engineering/Agrobot/install/robot_interfaces:/opt/ros/jazzy/opt/gz_sim_vendor:/opt/ros/jazzy/opt/gz_sensors_vendor:/opt/ros/jazzy/opt/gz_physics_vendor:/opt/ros/jazzy/opt/sdformat_vendor:/opt/ros/jazzy/opt/gz_gui_vendor:/opt/ros/jazzy/opt/gz_transport_vendor:/opt/ros/jazzy/opt/gz_rendering_vendor:/opt/ros/jazzy/opt/gz_plugin_vendor:/opt/ros/jazzy/opt/gz_fuel_tools_vendor:/opt/ros/jazzy/opt/gz_msgs_vendor:/opt/ros/jazzy/opt/gz_common_vendor:/opt/ros/jazzy/opt/gz_math_vendor:/opt/ros/jazzy/opt/gz_utils_vendor:/opt/ros/jazzy/opt/gz_tools_vendor:/opt/ros/jazzy/opt/gz_ogre_next_vendor:/opt/ros/jazzy/opt/gz_dartsim_vendor:/opt/ros/jazzy/opt/gz_cmake_vendor:/opt/ros/jazzy LD_LIBRARY_PATH=/home/gsylvia/agrobot-reverse-engineering/Agrobot/install/robot_interfaces/lib:${LD_LIBRARY_PATH} PYTHONPATH=/home/gsylvia/agrobot-reverse-engineering/Agrobot/install/robot_interfaces/lib/python3.12/site-packages:${PYTHONPATH} /usr/bin/cmake --build /home/gsylvia/agrobot-reverse-engineering/Agrobot/build/robot_commander -- -j16 -l16
[1.169s] DEBUG:colcon.colcon_core.event_handler.log_command:Invoked command in '/home/gsylvia/agrobot-reverse-engineering/Agrobot/build/robot_commander' returned '0': AMENT_PREFIX_PATH=/home/gsylvia/agrobot-reverse-engineering/Agrobot/install/robot_interfaces:${AMENT_PREFIX_PATH} CMAKE_PREFIX_PATH=/home/gsylvia/agrobot-reverse-engineering/Agrobot/install/robot_interfaces:/opt/ros/jazzy/opt/gz_sim_vendor:/opt/ros/jazzy/opt/gz_sensors_vendor:/opt/ros/jazzy/opt/gz_physics_vendor:/opt/ros/jazzy/opt/sdformat_vendor:/opt/ros/jazzy/opt/gz_gui_vendor:/opt/ros/jazzy/opt/gz_transport_vendor:/opt/ros/jazzy/opt/gz_rendering_vendor:/opt/ros/jazzy/opt/gz_plugin_vendor:/opt/ros/jazzy/opt/gz_fuel_tools_vendor:/opt/ros/jazzy/opt/gz_msgs_vendor:/opt/ros/jazzy/opt/gz_common_vendor:/opt/ros/jazzy/opt/gz_math_vendor:/opt/ros/jazzy/opt/gz_utils_vendor:/opt/ros/jazzy/opt/gz_tools_vendor:/opt/ros/jazzy/opt/gz_ogre_next_vendor:/opt/ros/jazzy/opt/gz_dartsim_vendor:/opt/ros/jazzy/opt/gz_cmake_vendor:/opt/ros/jazzy LD_LIBRARY_PATH=/home/gsylvia/agrobot-reverse-engineering/Agrobot/install/robot_interfaces/lib:${LD_LIBRARY_PATH} PYTHONPATH=/home/gsylvia/agrobot-reverse-engineering/Agrobot/install/robot_interfaces/lib/python3.12/site-packages:${PYTHONPATH} /usr/bin/cmake --build /home/gsylvia/agrobot-reverse-engineering/Agrobot/build/robot_commander -- -j16 -l16
[1.172s] DEBUG:colcon.colcon_core.event_handler.log_command:Invoking command in '/home/gsylvia/agrobot-reverse-engineering/Agrobot/build/robot_commander': AMENT_PREFIX_PATH=/home/gsylvia/agrobot-reverse-engineering/Agrobot/install/robot_interfaces:${AMENT_PREFIX_PATH} CMAKE_PREFIX_PATH=/home/gsylvia/agrobot-reverse-engineering/Agrobot/install/robot_interfaces:/opt/ros/jazzy/opt/gz_sim_vendor:/opt/ros/jazzy/opt/gz_sensors_vendor:/opt/ros/jazzy/opt/gz_physics_vendor:/opt/ros/jazzy/opt/sdformat_vendor:/opt/ros/jazzy/opt/gz_gui_vendor:/opt/ros/jazzy/opt/gz_transport_vendor:/opt/ros/jazzy/opt/gz_rendering_vendor:/opt/ros/jazzy/opt/gz_plugin_vendor:/opt/ros/jazzy/opt/gz_fuel_tools_vendor:/opt/ros/jazzy/opt/gz_msgs_vendor:/opt/ros/jazzy/opt/gz_common_vendor:/opt/ros/jazzy/opt/gz_math_vendor:/opt/ros/jazzy/opt/gz_utils_vendor:/opt/ros/jazzy/opt/gz_tools_vendor:/opt/ros/jazzy/opt/gz_ogre_next_vendor:/opt/ros/jazzy/opt/gz_dartsim_vendor:/opt/ros/jazzy/opt/gz_cmake_vendor:/opt/ros/jazzy LD_LIBRARY_PATH=/home/gsylvia/agrobot-reverse-engineering/Agrobot/install/robot_interfaces/lib:${LD_LIBRARY_PATH} PYTHONPATH=/home/gsylvia/agrobot-reverse-engineering/Agrobot/install/robot_interfaces/lib/python3.12/site-packages:${PYTHONPATH} /usr/bin/cmake --install /home/gsylvia/agrobot-reverse-engineering/Agrobot/build/robot_commander
[1.287s] INFO:colcon.colcon_core.task.python.build:Building Python package in '/home/gsylvia/agrobot-reverse-engineering/Agrobot/src/epos2_bridge'
[1.287s] INFO:colcon.colcon_core.shell:Skip shell extension 'powershell' for command environment: Not usable outside of PowerShell
[1.287s] DEBUG:colcon.colcon_core.shell:Skip shell extension 'dsv' for command environment
[1.289s] Level 1:colcon.colcon_core.environment:create_environment_scripts_only(robot_commander)
[1.290s] Level 1:colcon.colcon_core.environment:checking '/home/gsylvia/agrobot-reverse-engineering/Agrobot/install/robot_commander' for CMake module files
[1.293s] Level 1:colcon.colcon_core.environment:checking '/home/gsylvia/agrobot-reverse-engineering/Agrobot/install/robot_commander' for CMake config files
[1.295s] DEBUG:colcon.colcon_core.event_handler.log_command:Invoked command in '/home/gsylvia/agrobot-reverse-engineering/Agrobot/build/robot_commander' returned '0': AMENT_PREFIX_PATH=/home/gsylvia/agrobot-reverse-engineering/Agrobot/install/robot_interfaces:${AMENT_PREFIX_PATH} CMAKE_PREFIX_PATH=/home/gsylvia/agrobot-reverse-engineering/Agrobot/install/robot_interfaces:/opt/ros/jazzy/opt/gz_sim_vendor:/opt/ros/jazzy/opt/gz_sensors_vendor:/opt/ros/jazzy/opt/gz_physics_vendor:/opt/ros/jazzy/opt/sdformat_vendor:/opt/ros/jazzy/opt/gz_gui_vendor:/opt/ros/jazzy/opt/gz_transport_vendor:/opt/ros/jazzy/opt/gz_rendering_vendor:/opt/ros/jazzy/opt/gz_plugin_vendor:/opt/ros/jazzy/opt/gz_fuel_tools_vendor:/opt/ros/jazzy/opt/gz_msgs_vendor:/opt/ros/jazzy/opt/gz_common_vendor:/opt/ros/jazzy/opt/gz_math_vendor:/opt/ros/jazzy/opt/gz_utils_vendor:/opt/ros/jazzy/opt/gz_tools_vendor:/opt/ros/jazzy/opt/gz_ogre_next_vendor:/opt/ros/jazzy/opt/gz_dartsim_vendor:/opt/ros/jazzy/opt/gz_cmake_vendor:/opt/ros/jazzy LD_LIBRARY_PATH=/home/gsylvia/agrobot-reverse-engineering/Agrobot/install/robot_interfaces/lib:${LD_LIBRARY_PATH} PYTHONPATH=/home/gsylvia/agrobot-reverse-engineering/Agrobot/install/robot_interfaces/lib/python3.12/site-packages:${PYTHONPATH} /usr/bin/cmake --install /home/gsylvia/agrobot-reverse-engineering/Agrobot/build/robot_commander
[1.295s] Level 1:colcon.colcon_core.shell:create_environment_hook('robot_commander', 'cmake_prefix_path')
[1.295s] INFO:colcon.colcon_core.shell:Creating environment hook '/home/gsylvia/agrobot-reverse-engineering/Agrobot/install/robot_commander/share/robot_commander/hook/cmake_prefix_path.ps1'
[1.296s] INFO:colcon.colcon_core.shell:Creating environment descriptor '/home/gsylvia/agrobot-reverse-engineering/Agrobot/install/robot_commander/share/robot_commander/hook/cmake_prefix_path.dsv'
[1.296s] INFO:colcon.colcon_core.shell:Creating environment hook '/home/gsylvia/agrobot-reverse-engineering/Agrobot/install/robot_commander/share/robot_commander/hook/cmake_prefix_path.sh'
[1.297s] Level 1:colcon.colcon_core.environment:checking '/home/gsylvia/agrobot-reverse-engineering/Agrobot/install/robot_commander/lib'
[1.297s] Level 1:colcon.colcon_core.environment:checking '/home/gsylvia/agrobot-reverse-engineering/Agrobot/install/robot_commander/bin'
[1.297s] Level 1:colcon.colcon_core.environment:checking '/home/gsylvia/agrobot-reverse-engineering/Agrobot/install/robot_commander/lib/pkgconfig/robot_commander.pc'
[1.297s] Level 1:colcon.colcon_core.environment:checking '/home/gsylvia/agrobot-reverse-engineering/Agrobot/install/robot_commander/lib/python3.12/site-packages'
[1.297s] Level 1:colcon.colcon_core.environment:checking '/home/gsylvia/agrobot-reverse-engineering/Agrobot/install/robot_commander/bin'
[1.297s] INFO:colcon.colcon_core.shell:Creating package script '/home/gsylvia/agrobot-reverse-engineering/Agrobot/install/robot_commander/share/robot_commander/package.ps1'
[1.298s] INFO:colcon.colcon_core.shell:Creating package descriptor '/home/gsylvia/agrobot-reverse-engineering/Agrobot/install/robot_commander/share/robot_commander/package.dsv'
[1.298s] INFO:colcon.colcon_core.shell:Creating package script '/home/gsylvia/agrobot-reverse-engineering/Agrobot/install/robot_commander/share/robot_commander/package.sh'
[1.298s] INFO:colcon.colcon_core.shell:Creating package script '/home/gsylvia/agrobot-reverse-engineering/Agrobot/install/robot_commander/share/robot_commander/package.bash'
[1.298s] INFO:colcon.colcon_core.shell:Creating package script '/home/gsylvia/agrobot-reverse-engineering/Agrobot/install/robot_commander/share/robot_commander/package.zsh'
[1.299s] Level 1:colcon.colcon_core.environment:create_file_with_runtime_dependencies(/home/gsylvia/agrobot-reverse-engineering/Agrobot/install/robot_commander/share/colcon-core/packages/robot_commander)
[1.299s] Level 1:colcon.colcon_core.environment:create_environment_scripts_only(robot_commander)
[1.299s] Level 1:colcon.colcon_core.environment:checking '/home/gsylvia/agrobot-reverse-engineering/Agrobot/install/robot_commander' for CMake module files
[1.299s] Level 1:colcon.colcon_core.environment:checking '/home/gsylvia/agrobot-reverse-engineering/Agrobot/install/robot_commander' for CMake config files
[1.299s] Level 1:colcon.colcon_core.shell:create_environment_hook('robot_commander', 'cmake_prefix_path')
[1.300s] INFO:colcon.colcon_core.shell:Creating environment hook '/home/gsylvia/agrobot-reverse-engineering/Agrobot/install/robot_commander/share/robot_commander/hook/cmake_prefix_path.ps1'
[1.300s] INFO:colcon.colcon_core.shell:Creating environment descriptor '/home/gsylvia/agrobot-reverse-engineering/Agrobot/install/robot_commander/share/robot_commander/hook/cmake_prefix_path.dsv'
[1.300s] INFO:colcon.colcon_core.shell:Creating environment hook '/home/gsylvia/agrobot-reverse-engineering/Agrobot/install/robot_commander/share/robot_commander/hook/cmake_prefix_path.sh'
[1.300s] Level 1:colcon.colcon_core.environment:checking '/home/gsylvia/agrobot-reverse-engineering/Agrobot/install/robot_commander/lib'
[1.300s] Level 1:colcon.colcon_core.environment:checking '/home/gsylvia/agrobot-reverse-engineering/Agrobot/install/robot_commander/bin'
[1.300s] Level 1:colcon.colcon_core.environment:checking '/home/gsylvia/agrobot-reverse-engineering/Agrobot/install/robot_commander/lib/pkgconfig/robot_commander.pc'
[1.301s] Level 1:colcon.colcon_core.environment:checking '/home/gsylvia/agrobot-reverse-engineering/Agrobot/install/robot_commander/lib/python3.12/site-packages'
[1.301s] Level 1:colcon.colcon_core.environment:checking '/home/gsylvia/agrobot-reverse-engineering/Agrobot/install/robot_commander/bin'
[1.301s] INFO:colcon.colcon_core.shell:Creating package script '/home/gsylvia/agrobot-reverse-engineering/Agrobot/install/robot_commander/share/robot_commander/package.ps1'
[1.302s] INFO:colcon.colcon_core.shell:Creating package descriptor '/home/gsylvia/agrobot-reverse-engineering/Agrobot/install/robot_commander/share/robot_commander/package.dsv'
[1.303s] INFO:colcon.colcon_core.shell:Creating package script '/home/gsylvia/agrobot-reverse-engineering/Agrobot/install/robot_commander/share/robot_commander/package.sh'
[1.304s] INFO:colcon.colcon_core.shell:Creating package script '/home/gsylvia/agrobot-reverse-engineering/Agrobot/install/robot_commander/share/robot_commander/package.bash'
[1.305s] INFO:colcon.colcon_core.shell:Creating package script '/home/gsylvia/agrobot-reverse-engineering/Agrobot/install/robot_commander/share/robot_commander/package.zsh'
[1.306s] Level 1:colcon.colcon_core.environment:create_file_with_runtime_dependencies(/home/gsylvia/agrobot-reverse-engineering/Agrobot/install/robot_commander/share/colcon-core/packages/robot_commander)
[1.309s] INFO:colcon.colcon_ros.task.ament_cmake.build:Building ROS package in '/home/gsylvia/agrobot-reverse-engineering/Agrobot/src/robot_bringup' with build type 'ament_cmake'
[1.309s] INFO:colcon.colcon_cmake.task.cmake.build:Building CMake package in '/home/gsylvia/agrobot-reverse-engineering/Agrobot/src/robot_bringup'
[1.310s] INFO:colcon.colcon_core.shell:Skip shell extension 'powershell' for command environment: Not usable outside of PowerShell
[1.310s] DEBUG:colcon.colcon_core.shell:Skip shell extension 'dsv' for command environment
[1.423s] DEBUG:colcon.colcon_core.event_handler.log_command:Invoking command in '/home/gsylvia/agrobot-reverse-engineering/Agrobot/build/robot_bringup': AMENT_PREFIX_PATH=/home/gsylvia/agrobot-reverse-engineering/Agrobot/install/moveit_config:/home/gsylvia/agrobot-reverse-engineering/Agrobot/install/robot_description:${AMENT_PREFIX_PATH} CMAKE_PREFIX_PATH=/home/gsylvia/agrobot-reverse-engineering/Agrobot/install/moveit_config:/home/gsylvia/agrobot-reverse-engineering/Agrobot/install/robot_description:/opt/ros/jazzy/opt/gz_sim_vendor:/opt/ros/jazzy/opt/gz_sensors_vendor:/opt/ros/jazzy/opt/gz_physics_vendor:/opt/ros/jazzy/opt/sdformat_vendor:/opt/ros/jazzy/opt/gz_gui_vendor:/opt/ros/jazzy/opt/gz_transport_vendor:/opt/ros/jazzy/opt/gz_rendering_vendor:/opt/ros/jazzy/opt/gz_plugin_vendor:/opt/ros/jazzy/opt/gz_fuel_tools_vendor:/opt/ros/jazzy/opt/gz_msgs_vendor:/opt/ros/jazzy/opt/gz_common_vendor:/opt/ros/jazzy/opt/gz_math_vendor:/opt/ros/jazzy/opt/gz_utils_vendor:/opt/ros/jazzy/opt/gz_tools_vendor:/opt/ros/jazzy/opt/gz_ogre_next_vendor:/opt/ros/jazzy/opt/gz_dartsim_vendor:/opt/ros/jazzy/opt/gz_cmake_vendor:/opt/ros/jazzy /usr/bin/cmake --build /home/gsylvia/agrobot-reverse-engineering/Agrobot/build/robot_bringup -- -j16 -l16
[1.455s] DEBUG:colcon.colcon_core.event_handler.log_command:Invoked command in '/home/gsylvia/agrobot-reverse-engineering/Agrobot/build/robot_bringup' returned '0': AMENT_PREFIX_PATH=/home/gsylvia/agrobot-reverse-engineering/Agrobot/install/moveit_config:/home/gsylvia/agrobot-reverse-engineering/Agrobot/install/robot_description:${AMENT_PREFIX_PATH} CMAKE_PREFIX_PATH=/home/gsylvia/agrobot-reverse-engineering/Agrobot/install/moveit_config:/home/gsylvia/agrobot-reverse-engineering/Agrobot/install/robot_description:/opt/ros/jazzy/opt/gz_sim_vendor:/opt/ros/jazzy/opt/gz_sensors_vendor:/opt/ros/jazzy/opt/gz_physics_vendor:/opt/ros/jazzy/opt/sdformat_vendor:/opt/ros/jazzy/opt/gz_gui_vendor:/opt/ros/jazzy/opt/gz_transport_vendor:/opt/ros/jazzy/opt/gz_rendering_vendor:/opt/ros/jazzy/opt/gz_plugin_vendor:/opt/ros/jazzy/opt/gz_fuel_tools_vendor:/opt/ros/jazzy/opt/gz_msgs_vendor:/opt/ros/jazzy/opt/gz_common_vendor:/opt/ros/jazzy/opt/gz_math_vendor:/opt/ros/jazzy/opt/gz_utils_vendor:/opt/ros/jazzy/opt/gz_tools_vendor:/opt/ros/jazzy/opt/gz_ogre_next_vendor:/opt/ros/jazzy/opt/gz_dartsim_vendor:/opt/ros/jazzy/opt/gz_cmake_vendor:/opt/ros/jazzy /usr/bin/cmake --build /home/gsylvia/agrobot-reverse-engineering/Agrobot/build/robot_bringup -- -j16 -l16
[1.457s] DEBUG:colcon.colcon_core.event_handler.log_command:Invoking command in '/home/gsylvia/agrobot-reverse-engineering/Agrobot/build/robot_bringup': AMENT_PREFIX_PATH=/home/gsylvia/agrobot-reverse-engineering/Agrobot/install/moveit_config:/home/gsylvia/agrobot-reverse-engineering/Agrobot/install/robot_description:${AMENT_PREFIX_PATH} CMAKE_PREFIX_PATH=/home/gsylvia/agrobot-reverse-engineering/Agrobot/install/moveit_config:/home/gsylvia/agrobot-reverse-engineering/Agrobot/install/robot_description:/opt/ros/jazzy/opt/gz_sim_vendor:/opt/ros/jazzy/opt/gz_sensors_vendor:/opt/ros/jazzy/opt/gz_physics_vendor:/opt/ros/jazzy/opt/sdformat_vendor:/opt/ros/jazzy/opt/gz_gui_vendor:/opt/ros/jazzy/opt/gz_transport_vendor:/opt/ros/jazzy/opt/gz_rendering_vendor:/opt/ros/jazzy/opt/gz_plugin_vendor:/opt/ros/jazzy/opt/gz_fuel_tools_vendor:/opt/ros/jazzy/opt/gz_msgs_vendor:/opt/ros/jazzy/opt/gz_common_vendor:/opt/ros/jazzy/opt/gz_math_vendor:/opt/ros/jazzy/opt/gz_utils_vendor:/opt/ros/jazzy/opt/gz_tools_vendor:/opt/ros/jazzy/opt/gz_ogre_next_vendor:/opt/ros/jazzy/opt/gz_dartsim_vendor:/opt/ros/jazzy/opt/gz_cmake_vendor:/opt/ros/jazzy /usr/bin/cmake --install /home/gsylvia/agrobot-reverse-engineering/Agrobot/build/robot_bringup
[1.465s] Level 1:colcon.colcon_core.environment:create_environment_scripts_only(robot_bringup)
[1.465s] Level 1:colcon.colcon_core.environment:checking '/home/gsylvia/agrobot-reverse-engineering/Agrobot/install/robot_bringup' for CMake module files
[1.465s] DEBUG:colcon.colcon_core.event_handler.log_command:Invoked command in '/home/gsylvia/agrobot-reverse-engineering/Agrobot/build/robot_bringup' returned '0': AMENT_PREFIX_PATH=/home/gsylvia/agrobot-reverse-engineering/Agrobot/install/moveit_config:/home/gsylvia/agrobot-reverse-engineering/Agrobot/install/robot_description:${AMENT_PREFIX_PATH} CMAKE_PREFIX_PATH=/home/gsylvia/agrobot-reverse-engineering/Agrobot/install/moveit_config:/home/gsylvia/agrobot-reverse-engineering/Agrobot/install/robot_description:/opt/ros/jazzy/opt/gz_sim_vendor:/opt/ros/jazzy/opt/gz_sensors_vendor:/opt/ros/jazzy/opt/gz_physics_vendor:/opt/ros/jazzy/opt/sdformat_vendor:/opt/ros/jazzy/opt/gz_gui_vendor:/opt/ros/jazzy/opt/gz_transport_vendor:/opt/ros/jazzy/opt/gz_rendering_vendor:/opt/ros/jazzy/opt/gz_plugin_vendor:/opt/ros/jazzy/opt/gz_fuel_tools_vendor:/opt/ros/jazzy/opt/gz_msgs_vendor:/opt/ros/jazzy/opt/gz_common_vendor:/opt/ros/jazzy/opt/gz_math_vendor:/opt/ros/jazzy/opt/gz_utils_vendor:/opt/ros/jazzy/opt/gz_tools_vendor:/opt/ros/jazzy/opt/gz_ogre_next_vendor:/opt/ros/jazzy/opt/gz_dartsim_vendor:/opt/ros/jazzy/opt/gz_cmake_vendor:/opt/ros/jazzy /usr/bin/cmake --install /home/gsylvia/agrobot-reverse-engineering/Agrobot/build/robot_bringup
[1.466s] Level 1:colcon.colcon_core.environment:checking '/home/gsylvia/agrobot-reverse-engineering/Agrobot/install/robot_bringup' for CMake config files
[1.466s] Level 1:colcon.colcon_core.shell:create_environment_hook('robot_bringup', 'cmake_prefix_path')
[1.466s] INFO:colcon.colcon_core.shell:Creating environment hook '/home/gsylvia/agrobot-reverse-engineering/Agrobot/install/robot_bringup/share/robot_bringup/hook/cmake_prefix_path.ps1'
[1.466s] INFO:colcon.colcon_core.shell:Creating environment descriptor '/home/gsylvia/agrobot-reverse-engineering/Agrobot/install/robot_bringup/share/robot_bringup/hook/cmake_prefix_path.dsv'
[1.466s] INFO:colcon.colcon_core.shell:Creating environment hook '/home/gsylvia/agrobot-reverse-engineering/Agrobot/install/robot_bringup/share/robot_bringup/hook/cmake_prefix_path.sh'
[1.467s] Level 1:colcon.colcon_core.environment:checking '/home/gsylvia/agrobot-reverse-engineering/Agrobot/install/robot_bringup/bin'
[1.467s] Level 1:colcon.colcon_core.environment:checking '/home/gsylvia/agrobot-reverse-engineering/Agrobot/install/robot_bringup/lib/pkgconfig/robot_bringup.pc'
[1.467s] Level 1:colcon.colcon_core.environment:checking '/home/gsylvia/agrobot-reverse-engineering/Agrobot/install/robot_bringup/lib/python3.12/site-packages'
[1.467s] Level 1:colcon.colcon_core.environment:checking '/home/gsylvia/agrobot-reverse-engineering/Agrobot/install/robot_bringup/bin'
[1.467s] INFO:colcon.colcon_core.shell:Creating package script '/home/gsylvia/agrobot-reverse-engineering/Agrobot/install/robot_bringup/share/robot_bringup/package.ps1'
[1.468s] INFO:colcon.colcon_core.shell:Creating package descriptor '/home/gsylvia/agrobot-reverse-engineering/Agrobot/install/robot_bringup/share/robot_bringup/package.dsv'
[1.468s] INFO:colcon.colcon_core.shell:Creating package script '/home/gsylvia/agrobot-reverse-engineering/Agrobot/install/robot_bringup/share/robot_bringup/package.sh'
[1.468s] INFO:colcon.colcon_core.shell:Creating package script '/home/gsylvia/agrobot-reverse-engineering/Agrobot/install/robot_bringup/share/robot_bringup/package.bash'
[1.468s] INFO:colcon.colcon_core.shell:Creating package script '/home/gsylvia/agrobot-reverse-engineering/Agrobot/install/robot_bringup/share/robot_bringup/package.zsh'
[1.468s] Level 1:colcon.colcon_core.environment:create_file_with_runtime_dependencies(/home/gsylvia/agrobot-reverse-engineering/Agrobot/install/robot_bringup/share/colcon-core/packages/robot_bringup)
[1.469s] Level 1:colcon.colcon_core.environment:create_environment_scripts_only(robot_bringup)
[1.469s] Level 1:colcon.colcon_core.environment:checking '/home/gsylvia/agrobot-reverse-engineering/Agrobot/install/robot_bringup' for CMake module files
[1.469s] Level 1:colcon.colcon_core.environment:checking '/home/gsylvia/agrobot-reverse-engineering/Agrobot/install/robot_bringup' for CMake config files
[1.469s] Level 1:colcon.colcon_core.shell:create_environment_hook('robot_bringup', 'cmake_prefix_path')
[1.469s] INFO:colcon.colcon_core.shell:Creating environment hook '/home/gsylvia/agrobot-reverse-engineering/Agrobot/install/robot_bringup/share/robot_bringup/hook/cmake_prefix_path.ps1'
[1.469s] INFO:colcon.colcon_core.shell:Creating environment descriptor '/home/gsylvia/agrobot-reverse-engineering/Agrobot/install/robot_bringup/share/robot_bringup/hook/cmake_prefix_path.dsv'
[1.469s] INFO:colcon.colcon_core.shell:Creating environment hook '/home/gsylvia/agrobot-reverse-engineering/Agrobot/install/robot_bringup/share/robot_bringup/hook/cmake_prefix_path.sh'
[1.470s] Level 1:colcon.colcon_core.environment:checking '/home/gsylvia/agrobot-reverse-engineering/Agrobot/install/robot_bringup/bin'
[1.470s] Level 1:colcon.colcon_core.environment:checking '/home/gsylvia/agrobot-reverse-engineering/Agrobot/install/robot_bringup/lib/pkgconfig/robot_bringup.pc'
[1.470s] Level 1:colcon.colcon_core.environment:checking '/home/gsylvia/agrobot-reverse-engineering/Agrobot/install/robot_bringup/lib/python3.12/site-packages'
[1.470s] Level 1:colcon.colcon_core.environment:checking '/home/gsylvia/agrobot-reverse-engineering/Agrobot/install/robot_bringup/bin'
[1.470s] INFO:colcon.colcon_core.shell:Creating package script '/home/gsylvia/agrobot-reverse-engineering/Agrobot/install/robot_bringup/share/robot_bringup/package.ps1'
[1.471s] INFO:colcon.colcon_core.shell:Creating package descriptor '/home/gsylvia/agrobot-reverse-engineering/Agrobot/install/robot_bringup/share/robot_bringup/package.dsv'
[1.471s] INFO:colcon.colcon_core.shell:Creating package script '/home/gsylvia/agrobot-reverse-engineering/Agrobot/install/robot_bringup/share/robot_bringup/package.sh'
[1.471s] INFO:colcon.colcon_core.shell:Creating package script '/home/gsylvia/agrobot-reverse-engineering/Agrobot/install/robot_bringup/share/robot_bringup/package.bash'
[1.471s] INFO:colcon.colcon_core.shell:Creating package script '/home/gsylvia/agrobot-reverse-engineering/Agrobot/install/robot_bringup/share/robot_bringup/package.zsh'
[1.471s] Level 1:colcon.colcon_core.environment:create_file_with_runtime_dependencies(/home/gsylvia/agrobot-reverse-engineering/Agrobot/install/robot_bringup/share/colcon-core/packages/robot_bringup)
[1.668s] DEBUG:colcon.colcon_core.task.python.build:Available setuptools commands: bdist_rpm, saveopts, build, build_clib, easy_install, install_data, update_catalog, bdist_dumb, rotate, upload_docs, symlink_data, bdist_egg, editable_wheel, build_ext, register, install_lib, extract_messages, bdist, dist_info, alias, compile_catalog, setopt, upload, init_catalog, install_headers, install_scripts, test, egg_info, develop, check, build_py, install_egg_info, build_scripts, clean, install, sdist
[1.669s] DEBUG:colcon.colcon_core.event_handler.log_command:Invoking command in '/home/gsylvia/agrobot-reverse-engineering/Agrobot/src/ros2_canopen/canopen_utils': AMENT_PREFIX_PATH=/home/gsylvia/agrobot-reverse-engineering/Agrobot/install/canopen_interfaces:${AMENT_PREFIX_PATH} CMAKE_PREFIX_PATH=/home/gsylvia/agrobot-reverse-engineering/Agrobot/install/canopen_interfaces:${CMAKE_PREFIX_PATH} LD_LIBRARY_PATH=/home/gsylvia/agrobot-reverse-engineering/Agrobot/install/canopen_interfaces/lib:${LD_LIBRARY_PATH} PYTHONPATH=/home/gsylvia/agrobot-reverse-engineering/Agrobot/build/canopen_utils/prefix_override:/usr/lib/python3/dist-packages/colcon_core/task/python/colcon_distutils_commands:/home/gsylvia/agrobot-reverse-engineering/Agrobot/install/canopen_utils/lib/python3.12/site-packages:/home/gsylvia/agrobot-reverse-engineering/Agrobot/install/canopen_interfaces/lib/python3.12/site-packages:${PYTHONPATH} /usr/bin/python3 -W ignore:setup.py install is deprecated -W ignore:easy_install command is deprecated setup.py egg_info --egg-base ../../../build/canopen_utils build --build-base /home/gsylvia/agrobot-reverse-engineering/Agrobot/build/canopen_utils/build install --record /home/gsylvia/agrobot-reverse-engineering/Agrobot/build/canopen_utils/install.log --install-scripts $base/lib/canopen_utils --single-version-externally-managed install_data
[1.916s] DEBUG:colcon.colcon_core.task.python.build:Available setuptools commands: bdist_rpm, saveopts, build, build_clib, easy_install, install_data, update_catalog, bdist_dumb, rotate, upload_docs, symlink_data, bdist_egg, editable_wheel, build_ext, register, install_lib, extract_messages, bdist, dist_info, alias, compile_catalog, setopt, upload, init_catalog, install_headers, install_scripts, test, egg_info, develop, check, build_py, install_egg_info, build_scripts, clean, install, sdist
[1.917s] DEBUG:colcon.colcon_core.event_handler.log_command:Invoking command in '/home/gsylvia/agrobot-reverse-engineering/Agrobot/src/epos2_bridge': AMENT_PREFIX_PATH=/home/gsylvia/agrobot-reverse-engineering/Agrobot/install/epos2_bridge_interfaces:/home/gsylvia/agrobot-reverse-engineering/Agrobot/install/canopen_interfaces:${AMENT_PREFIX_PATH} CMAKE_PREFIX_PATH=/home/gsylvia/agrobot-reverse-engineering/Agrobot/install/epos2_bridge_interfaces:/home/gsylvia/agrobot-reverse-engineering/Agrobot/install/canopen_interfaces:${CMAKE_PREFIX_PATH} LD_LIBRARY_PATH=/home/gsylvia/agrobot-reverse-engineering/Agrobot/install/epos2_bridge_interfaces/lib:/home/gsylvia/agrobot-reverse-engineering/Agrobot/install/canopen_interfaces/lib:${LD_LIBRARY_PATH} PYTHONPATH=/home/gsylvia/agrobot-reverse-engineering/Agrobot/build/epos2_bridge/prefix_override:/usr/lib/python3/dist-packages/colcon_core/task/python/colcon_distutils_commands:/home/gsylvia/agrobot-reverse-engineering/Agrobot/install/epos2_bridge/lib/python3.12/site-packages:/home/gsylvia/agrobot-reverse-engineering/Agrobot/install/epos2_bridge_interfaces/lib/python3.12/site-packages:/home/gsylvia/agrobot-reverse-engineering/Agrobot/install/canopen_interfaces/lib/python3.12/site-packages:${PYTHONPATH} /usr/bin/python3 -W ignore:setup.py install is deprecated -W ignore:easy_install command is deprecated setup.py egg_info --egg-base ../../build/epos2_bridge build --build-base /home/gsylvia/agrobot-reverse-engineering/Agrobot/build/epos2_bridge/build install --record /home/gsylvia/agrobot-reverse-engineering/Agrobot/build/epos2_bridge/install.log --install-scripts $base/lib/epos2_bridge --single-version-externally-managed install_data
[1.975s] Level 1:colcon.colcon_core.environment:checking '/home/gsylvia/agrobot-reverse-engineering/Agrobot/install/canopen_utils' for CMake module files
[1.976s] DEBUG:colcon.colcon_core.event_handler.log_command:Invoked command in '/home/gsylvia/agrobot-reverse-engineering/Agrobot/src/ros2_canopen/canopen_utils' returned '0': AMENT_PREFIX_PATH=/home/gsylvia/agrobot-reverse-engineering/Agrobot/install/canopen_interfaces:${AMENT_PREFIX_PATH} CMAKE_PREFIX_PATH=/home/gsylvia/agrobot-reverse-engineering/Agrobot/install/canopen_interfaces:${CMAKE_PREFIX_PATH} LD_LIBRARY_PATH=/home/gsylvia/agrobot-reverse-engineering/Agrobot/install/canopen_interfaces/lib:${LD_LIBRARY_PATH} PYTHONPATH=/home/gsylvia/agrobot-reverse-engineering/Agrobot/build/canopen_utils/prefix_override:/usr/lib/python3/dist-packages/colcon_core/task/python/colcon_distutils_commands:/home/gsylvia/agrobot-reverse-engineering/Agrobot/install/canopen_utils/lib/python3.12/site-packages:/home/gsylvia/agrobot-reverse-engineering/Agrobot/install/canopen_interfaces/lib/python3.12/site-packages:${PYTHONPATH} /usr/bin/python3 -W ignore:setup.py install is deprecated -W ignore:easy_install command is deprecated setup.py egg_info --egg-base ../../../build/canopen_utils build --build-base /home/gsylvia/agrobot-reverse-engineering/Agrobot/build/canopen_utils/build install --record /home/gsylvia/agrobot-reverse-engineering/Agrobot/build/canopen_utils/install.log --install-scripts $base/lib/canopen_utils --single-version-externally-managed install_data
[1.976s] Level 1:colcon.colcon_core.environment:checking '/home/gsylvia/agrobot-reverse-engineering/Agrobot/install/canopen_utils' for CMake config files
[1.977s] Level 1:colcon.colcon_core.environment:checking '/home/gsylvia/agrobot-reverse-engineering/Agrobot/install/canopen_utils/lib'
[1.977s] Level 1:colcon.colcon_core.environment:checking '/home/gsylvia/agrobot-reverse-engineering/Agrobot/install/canopen_utils/bin'
[1.977s] Level 1:colcon.colcon_core.environment:checking '/home/gsylvia/agrobot-reverse-engineering/Agrobot/install/canopen_utils/lib/pkgconfig/canopen_utils.pc'
[1.977s] Level 1:colcon.colcon_core.environment:checking '/home/gsylvia/agrobot-reverse-engineering/Agrobot/install/canopen_utils/lib/python3.12/site-packages'
[1.977s] Level 1:colcon.colcon_core.shell:create_environment_hook('canopen_utils', 'pythonpath')
[1.977s] INFO:colcon.colcon_core.shell:Creating environment hook '/home/gsylvia/agrobot-reverse-engineering/Agrobot/install/canopen_utils/share/canopen_utils/hook/pythonpath.ps1'
[1.977s] INFO:colcon.colcon_core.shell:Creating environment descriptor '/home/gsylvia/agrobot-reverse-engineering/Agrobot/install/canopen_utils/share/canopen_utils/hook/pythonpath.dsv'
[1.978s] INFO:colcon.colcon_core.shell:Creating environment hook '/home/gsylvia/agrobot-reverse-engineering/Agrobot/install/canopen_utils/share/canopen_utils/hook/pythonpath.sh'
[1.978s] Level 1:colcon.colcon_core.environment:checking '/home/gsylvia/agrobot-reverse-engineering/Agrobot/install/canopen_utils/bin'
[1.978s] Level 1:colcon.colcon_core.environment:create_environment_scripts_only(canopen_utils)
[1.978s] INFO:colcon.colcon_core.shell:Creating package script '/home/gsylvia/agrobot-reverse-engineering/Agrobot/install/canopen_utils/share/canopen_utils/package.ps1'
[1.979s] INFO:colcon.colcon_core.shell:Creating package descriptor '/home/gsylvia/agrobot-reverse-engineering/Agrobot/install/canopen_utils/share/canopen_utils/package.dsv'
[1.979s] INFO:colcon.colcon_core.shell:Creating package script '/home/gsylvia/agrobot-reverse-engineering/Agrobot/install/canopen_utils/share/canopen_utils/package.sh'
[1.979s] INFO:colcon.colcon_core.shell:Creating package script '/home/gsylvia/agrobot-reverse-engineering/Agrobot/install/canopen_utils/share/canopen_utils/package.bash'
[1.979s] INFO:colcon.colcon_core.shell:Creating package script '/home/gsylvia/agrobot-reverse-engineering/Agrobot/install/canopen_utils/share/canopen_utils/package.zsh'
[1.979s] Level 1:colcon.colcon_core.environment:create_file_with_runtime_dependencies(/home/gsylvia/agrobot-reverse-engineering/Agrobot/install/canopen_utils/share/colcon-core/packages/canopen_utils)
[2.220s] Level 1:colcon.colcon_core.environment:checking '/home/gsylvia/agrobot-reverse-engineering/Agrobot/install/epos2_bridge' for CMake module files
[2.220s] DEBUG:colcon.colcon_core.event_handler.log_command:Invoked command in '/home/gsylvia/agrobot-reverse-engineering/Agrobot/src/epos2_bridge' returned '0': AMENT_PREFIX_PATH=/home/gsylvia/agrobot-reverse-engineering/Agrobot/install/epos2_bridge_interfaces:/home/gsylvia/agrobot-reverse-engineering/Agrobot/install/canopen_interfaces:${AMENT_PREFIX_PATH} CMAKE_PREFIX_PATH=/home/gsylvia/agrobot-reverse-engineering/Agrobot/install/epos2_bridge_interfaces:/home/gsylvia/agrobot-reverse-engineering/Agrobot/install/canopen_interfaces:${CMAKE_PREFIX_PATH} LD_LIBRARY_PATH=/home/gsylvia/agrobot-reverse-engineering/Agrobot/install/epos2_bridge_interfaces/lib:/home/gsylvia/agrobot-reverse-engineering/Agrobot/install/canopen_interfaces/lib:${LD_LIBRARY_PATH} PYTHONPATH=/home/gsylvia/agrobot-reverse-engineering/Agrobot/build/epos2_bridge/prefix_override:/usr/lib/python3/dist-packages/colcon_core/task/python/colcon_distutils_commands:/home/gsylvia/agrobot-reverse-engineering/Agrobot/install/epos2_bridge/lib/python3.12/site-packages:/home/gsylvia/agrobot-reverse-engineering/Agrobot/install/epos2_bridge_interfaces/lib/python3.12/site-packages:/home/gsylvia/agrobot-reverse-engineering/Agrobot/install/canopen_interfaces/lib/python3.12/site-packages:${PYTHONPATH} /usr/bin/python3 -W ignore:setup.py install is deprecated -W ignore:easy_install command is deprecated setup.py egg_info --egg-base ../../build/epos2_bridge build --build-base /home/gsylvia/agrobot-reverse-engineering/Agrobot/build/epos2_bridge/build install --record /home/gsylvia/agrobot-reverse-engineering/Agrobot/build/epos2_bridge/install.log --install-scripts $base/lib/epos2_bridge --single-version-externally-managed install_data
[2.220s] Level 1:colcon.colcon_core.environment:checking '/home/gsylvia/agrobot-reverse-engineering/Agrobot/install/epos2_bridge' for CMake config files
[2.221s] Level 1:colcon.colcon_core.environment:checking '/home/gsylvia/agrobot-reverse-engineering/Agrobot/install/epos2_bridge/lib'
[2.221s] Level 1:colcon.colcon_core.environment:checking '/home/gsylvia/agrobot-reverse-engineering/Agrobot/install/epos2_bridge/bin'
[2.221s] Level 1:colcon.colcon_core.environment:checking '/home/gsylvia/agrobot-reverse-engineering/Agrobot/install/epos2_bridge/lib/pkgconfig/epos2_bridge.pc'
[2.221s] Level 1:colcon.colcon_core.environment:checking '/home/gsylvia/agrobot-reverse-engineering/Agrobot/install/epos2_bridge/lib/python3.12/site-packages'
[2.221s] Level 1:colcon.colcon_core.shell:create_environment_hook('epos2_bridge', 'pythonpath')
[2.221s] INFO:colcon.colcon_core.shell:Creating environment hook '/home/gsylvia/agrobot-reverse-engineering/Agrobot/install/epos2_bridge/share/epos2_bridge/hook/pythonpath.ps1'
[2.221s] INFO:colcon.colcon_core.shell:Creating environment descriptor '/home/gsylvia/agrobot-reverse-engineering/Agrobot/install/epos2_bridge/share/epos2_bridge/hook/pythonpath.dsv'
[2.222s] INFO:colcon.colcon_core.shell:Creating environment hook '/home/gsylvia/agrobot-reverse-engineering/Agrobot/install/epos2_bridge/share/epos2_bridge/hook/pythonpath.sh'
[2.222s] Level 1:colcon.colcon_core.environment:checking '/home/gsylvia/agrobot-reverse-engineering/Agrobot/install/epos2_bridge/bin'
[2.222s] Level 1:colcon.colcon_core.environment:create_environment_scripts_only(epos2_bridge)
[2.222s] INFO:colcon.colcon_core.shell:Creating package script '/home/gsylvia/agrobot-reverse-engineering/Agrobot/install/epos2_bridge/share/epos2_bridge/package.ps1'
[2.222s] INFO:colcon.colcon_core.shell:Creating package descriptor '/home/gsylvia/agrobot-reverse-engineering/Agrobot/install/epos2_bridge/share/epos2_bridge/package.dsv'
[2.223s] INFO:colcon.colcon_core.shell:Creating package script '/home/gsylvia/agrobot-reverse-engineering/Agrobot/install/epos2_bridge/share/epos2_bridge/package.sh'
[2.223s] INFO:colcon.colcon_core.shell:Creating package script '/home/gsylvia/agrobot-reverse-engineering/Agrobot/install/epos2_bridge/share/epos2_bridge/package.bash'
[2.223s] INFO:colcon.colcon_core.shell:Creating package script '/home/gsylvia/agrobot-reverse-engineering/Agrobot/install/epos2_bridge/share/epos2_bridge/package.zsh'
[2.223s] Level 1:colcon.colcon_core.environment:create_file_with_runtime_dependencies(/home/gsylvia/agrobot-reverse-engineering/Agrobot/install/epos2_bridge/share/colcon-core/packages/epos2_bridge)
[9.389s] DEBUG:colcon.colcon_core.event_handler.log_command:Invoked command in '/home/gsylvia/agrobot-reverse-engineering/Agrobot/build/lely_core_libraries' returned '0': CMAKE_PREFIX_PATH=${CMAKE_PREFIX_PATH}:/opt/ros/jazzy /usr/bin/cmake --build /home/gsylvia/agrobot-reverse-engineering/Agrobot/build/lely_core_libraries -- -j16 -l16
[9.390s] DEBUG:colcon.colcon_core.event_handler.log_command:Invoking command in '/home/gsylvia/agrobot-reverse-engineering/Agrobot/build/lely_core_libraries': CMAKE_PREFIX_PATH=${CMAKE_PREFIX_PATH}:/opt/ros/jazzy /usr/bin/cmake --install /home/gsylvia/agrobot-reverse-engineering/Agrobot/build/lely_core_libraries
[12.438s] Level 1:colcon.colcon_core.environment:create_environment_scripts_only(lely_core_libraries)
[12.438s] DEBUG:colcon.colcon_core.event_handler.log_command:Invoked command in '/home/gsylvia/agrobot-reverse-engineering/Agrobot/build/lely_core_libraries' returned '0': CMAKE_PREFIX_PATH=${CMAKE_PREFIX_PATH}:/opt/ros/jazzy /usr/bin/cmake --install /home/gsylvia/agrobot-reverse-engineering/Agrobot/build/lely_core_libraries
[12.438s] Level 1:colcon.colcon_core.environment:checking '/home/gsylvia/agrobot-reverse-engineering/Agrobot/install/lely_core_libraries' for CMake module files
[12.439s] Level 1:colcon.colcon_core.environment:checking '/home/gsylvia/agrobot-reverse-engineering/Agrobot/install/lely_core_libraries' for CMake config files
[12.439s] Level 1:colcon.colcon_core.shell:create_environment_hook('lely_core_libraries', 'cmake_prefix_path')
[12.439s] INFO:colcon.colcon_core.shell:Creating environment hook '/home/gsylvia/agrobot-reverse-engineering/Agrobot/install/lely_core_libraries/share/lely_core_libraries/hook/cmake_prefix_path.ps1'
[12.440s] INFO:colcon.colcon_core.shell:Creating environment descriptor '/home/gsylvia/agrobot-reverse-engineering/Agrobot/install/lely_core_libraries/share/lely_core_libraries/hook/cmake_prefix_path.dsv'
[12.440s] INFO:colcon.colcon_core.shell:Creating environment hook '/home/gsylvia/agrobot-reverse-engineering/Agrobot/install/lely_core_libraries/share/lely_core_libraries/hook/cmake_prefix_path.sh'
[12.440s] Level 1:colcon.colcon_core.environment:checking '/home/gsylvia/agrobot-reverse-engineering/Agrobot/install/lely_core_libraries/lib'
[12.440s] Level 1:colcon.colcon_core.shell:create_environment_hook('lely_core_libraries', 'ld_library_path_lib')
[12.440s] INFO:colcon.colcon_core.shell:Creating environment hook '/home/gsylvia/agrobot-reverse-engineering/Agrobot/install/lely_core_libraries/share/lely_core_libraries/hook/ld_library_path_lib.ps1'
[12.441s] INFO:colcon.colcon_core.shell:Creating environment descriptor '/home/gsylvia/agrobot-reverse-engineering/Agrobot/install/lely_core_libraries/share/lely_core_libraries/hook/ld_library_path_lib.dsv'
[12.441s] INFO:colcon.colcon_core.shell:Creating environment hook '/home/gsylvia/agrobot-reverse-engineering/Agrobot/install/lely_core_libraries/share/lely_core_libraries/hook/ld_library_path_lib.sh'
[12.441s] Level 1:colcon.colcon_core.environment:checking '/home/gsylvia/agrobot-reverse-engineering/Agrobot/install/lely_core_libraries/bin'
[12.441s] Level 1:colcon.colcon_core.shell:create_environment_hook('lely_core_libraries', 'path')
[12.441s] INFO:colcon.colcon_core.shell:Creating environment hook '/home/gsylvia/agrobot-reverse-engineering/Agrobot/install/lely_core_libraries/share/lely_core_libraries/hook/path.ps1'
[12.441s] INFO:colcon.colcon_core.shell:Creating environment descriptor '/home/gsylvia/agrobot-reverse-engineering/Agrobot/install/lely_core_libraries/share/lely_core_libraries/hook/path.dsv'
[12.441s] INFO:colcon.colcon_core.shell:Creating environment hook '/home/gsylvia/agrobot-reverse-engineering/Agrobot/install/lely_core_libraries/share/lely_core_libraries/hook/path.sh'
[12.442s] Level 1:colcon.colcon_core.environment:checking '/home/gsylvia/agrobot-reverse-engineering/Agrobot/install/lely_core_libraries/lib/pkgconfig/lely_core_libraries.pc'
[12.442s] Level 1:colcon.colcon_core.environment:checking '/home/gsylvia/agrobot-reverse-engineering/Agrobot/install/lely_core_libraries/lib/python3.12/site-packages'
[12.442s] Level 1:colcon.colcon_core.shell:create_environment_hook('lely_core_libraries', 'pythonpath')
[12.442s] INFO:colcon.colcon_core.shell:Creating environment hook '/home/gsylvia/agrobot-reverse-engineering/Agrobot/install/lely_core_libraries/share/lely_core_libraries/hook/pythonpath.ps1'
[12.442s] INFO:colcon.colcon_core.shell:Creating environment descriptor '/home/gsylvia/agrobot-reverse-engineering/Agrobot/install/lely_core_libraries/share/lely_core_libraries/hook/pythonpath.dsv'
[12.442s] INFO:colcon.colcon_core.shell:Creating environment hook '/home/gsylvia/agrobot-reverse-engineering/Agrobot/install/lely_core_libraries/share/lely_core_libraries/hook/pythonpath.sh'
[12.443s] Level 1:colcon.colcon_core.environment:checking '/home/gsylvia/agrobot-reverse-engineering/Agrobot/install/lely_core_libraries/bin'
[12.443s] Level 1:colcon.colcon_core.shell:create_environment_hook('lely_core_libraries', 'pythonscriptspath')
[12.443s] INFO:colcon.colcon_core.shell:Creating environment hook '/home/gsylvia/agrobot-reverse-engineering/Agrobot/install/lely_core_libraries/share/lely_core_libraries/hook/pythonscriptspath.ps1'
[12.443s] INFO:colcon.colcon_core.shell:Creating environment descriptor '/home/gsylvia/agrobot-reverse-engineering/Agrobot/install/lely_core_libraries/share/lely_core_libraries/hook/pythonscriptspath.dsv'
[12.443s] INFO:colcon.colcon_core.shell:Creating environment hook '/home/gsylvia/agrobot-reverse-engineering/Agrobot/install/lely_core_libraries/share/lely_core_libraries/hook/pythonscriptspath.sh'
[12.443s] INFO:colcon.colcon_core.shell:Creating package script '/home/gsylvia/agrobot-reverse-engineering/Agrobot/install/lely_core_libraries/share/lely_core_libraries/package.ps1'
[12.444s] INFO:colcon.colcon_core.shell:Creating package descriptor '/home/gsylvia/agrobot-reverse-engineering/Agrobot/install/lely_core_libraries/share/lely_core_libraries/package.dsv'
[12.444s] INFO:colcon.colcon_core.shell:Creating package script '/home/gsylvia/agrobot-reverse-engineering/Agrobot/install/lely_core_libraries/share/lely_core_libraries/package.sh'
[12.444s] INFO:colcon.colcon_core.shell:Creating package script '/home/gsylvia/agrobot-reverse-engineering/Agrobot/install/lely_core_libraries/share/lely_core_libraries/package.bash'
[12.444s] INFO:colcon.colcon_core.shell:Creating package script '/home/gsylvia/agrobot-reverse-engineering/Agrobot/install/lely_core_libraries/share/lely_core_libraries/package.zsh'
[12.445s] Level 1:colcon.colcon_core.environment:create_file_with_runtime_dependencies(/home/gsylvia/agrobot-reverse-engineering/Agrobot/install/lely_core_libraries/share/colcon-core/packages/lely_core_libraries)
[12.445s] Level 1:colcon.colcon_core.environment:create_environment_scripts_only(lely_core_libraries)
[12.445s] Level 1:colcon.colcon_core.environment:checking '/home/gsylvia/agrobot-reverse-engineering/Agrobot/install/lely_core_libraries' for CMake module files
[12.445s] Level 1:colcon.colcon_core.environment:checking '/home/gsylvia/agrobot-reverse-engineering/Agrobot/install/lely_core_libraries' for CMake config files
[12.446s] Level 1:colcon.colcon_core.shell:create_environment_hook('lely_core_libraries', 'cmake_prefix_path')
[12.446s] INFO:colcon.colcon_core.shell:Creating environment hook '/home/gsylvia/agrobot-reverse-engineering/Agrobot/install/lely_core_libraries/share/lely_core_libraries/hook/cmake_prefix_path.ps1'
[12.446s] INFO:colcon.colcon_core.shell:Creating environment descriptor '/home/gsylvia/agrobot-reverse-engineering/Agrobot/install/lely_core_libraries/share/lely_core_libraries/hook/cmake_prefix_path.dsv'
[12.446s] INFO:colcon.colcon_core.shell:Creating environment hook '/home/gsylvia/agrobot-reverse-engineering/Agrobot/install/lely_core_libraries/share/lely_core_libraries/hook/cmake_prefix_path.sh'
[12.446s] Level 1:colcon.colcon_core.environment:checking '/home/gsylvia/agrobot-reverse-engineering/Agrobot/install/lely_core_libraries/lib'
[12.446s] Level 1:colcon.colcon_core.shell:create_environment_hook('lely_core_libraries', 'ld_library_path_lib')
[12.447s] INFO:colcon.colcon_core.shell:Creating environment hook '/home/gsylvia/agrobot-reverse-engineering/Agrobot/install/lely_core_libraries/share/lely_core_libraries/hook/ld_library_path_lib.ps1'
[12.447s] INFO:colcon.colcon_core.shell:Creating environment descriptor '/home/gsylvia/agrobot-reverse-engineering/Agrobot/install/lely_core_libraries/share/lely_core_libraries/hook/ld_library_path_lib.dsv'
[12.447s] INFO:colcon.colcon_core.shell:Creating environment hook '/home/gsylvia/agrobot-reverse-engineering/Agrobot/install/lely_core_libraries/share/lely_core_libraries/hook/ld_library_path_lib.sh'
[12.447s] Level 1:colcon.colcon_core.environment:checking '/home/gsylvia/agrobot-reverse-engineering/Agrobot/install/lely_core_libraries/bin'
[12.447s] Level 1:colcon.colcon_core.shell:create_environment_hook('lely_core_libraries', 'path')
[12.447s] INFO:colcon.colcon_core.shell:Creating environment hook '/home/gsylvia/agrobot-reverse-engineering/Agrobot/install/lely_core_libraries/share/lely_core_libraries/hook/path.ps1'
[12.448s] INFO:colcon.colcon_core.shell:Creating environment descriptor '/home/gsylvia/agrobot-reverse-engineering/Agrobot/install/lely_core_libraries/share/lely_core_libraries/hook/path.dsv'
[12.448s] INFO:colcon.colcon_core.shell:Creating environment hook '/home/gsylvia/agrobot-reverse-engineering/Agrobot/install/lely_core_libraries/share/lely_core_libraries/hook/path.sh'
[12.448s] Level 1:colcon.colcon_core.environment:checking '/home/gsylvia/agrobot-reverse-engineering/Agrobot/install/lely_core_libraries/lib/pkgconfig/lely_core_libraries.pc'
[12.448s] Level 1:colcon.colcon_core.environment:checking '/home/gsylvia/agrobot-reverse-engineering/Agrobot/install/lely_core_libraries/lib/python3.12/site-packages'
[12.448s] Level 1:colcon.colcon_core.shell:create_environment_hook('lely_core_libraries', 'pythonpath')
[12.448s] INFO:colcon.colcon_core.shell:Creating environment hook '/home/gsylvia/agrobot-reverse-engineering/Agrobot/install/lely_core_libraries/share/lely_core_libraries/hook/pythonpath.ps1'
[12.448s] INFO:colcon.colcon_core.shell:Creating environment descriptor '/home/gsylvia/agrobot-reverse-engineering/Agrobot/install/lely_core_libraries/share/lely_core_libraries/hook/pythonpath.dsv'
[12.449s] INFO:colcon.colcon_core.shell:Creating environment hook '/home/gsylvia/agrobot-reverse-engineering/Agrobot/install/lely_core_libraries/share/lely_core_libraries/hook/pythonpath.sh'
[12.449s] Level 1:colcon.colcon_core.environment:checking '/home/gsylvia/agrobot-reverse-engineering/Agrobot/install/lely_core_libraries/bin'
[12.449s] Level 1:colcon.colcon_core.shell:create_environment_hook('lely_core_libraries', 'pythonscriptspath')
[12.449s] INFO:colcon.colcon_core.shell:Creating environment hook '/home/gsylvia/agrobot-reverse-engineering/Agrobot/install/lely_core_libraries/share/lely_core_libraries/hook/pythonscriptspath.ps1'
[12.449s] INFO:colcon.colcon_core.shell:Creating environment descriptor '/home/gsylvia/agrobot-reverse-engineering/Agrobot/install/lely_core_libraries/share/lely_core_libraries/hook/pythonscriptspath.dsv'
[12.449s] INFO:colcon.colcon_core.shell:Creating environment hook '/home/gsylvia/agrobot-reverse-engineering/Agrobot/install/lely_core_libraries/share/lely_core_libraries/hook/pythonscriptspath.sh'
[12.450s] INFO:colcon.colcon_core.shell:Creating package script '/home/gsylvia/agrobot-reverse-engineering/Agrobot/install/lely_core_libraries/share/lely_core_libraries/package.ps1'
[12.450s] INFO:colcon.colcon_core.shell:Creating package descriptor '/home/gsylvia/agrobot-reverse-engineering/Agrobot/install/lely_core_libraries/share/lely_core_libraries/package.dsv'
[12.450s] INFO:colcon.colcon_core.shell:Creating package script '/home/gsylvia/agrobot-reverse-engineering/Agrobot/install/lely_core_libraries/share/lely_core_libraries/package.sh'
[12.451s] INFO:colcon.colcon_core.shell:Creating package script '/home/gsylvia/agrobot-reverse-engineering/Agrobot/install/lely_core_libraries/share/lely_core_libraries/package.bash'
[12.451s] INFO:colcon.colcon_core.shell:Creating package script '/home/gsylvia/agrobot-reverse-engineering/Agrobot/install/lely_core_libraries/share/lely_core_libraries/package.zsh'
[12.451s] Level 1:colcon.colcon_core.environment:create_file_with_runtime_dependencies(/home/gsylvia/agrobot-reverse-engineering/Agrobot/install/lely_core_libraries/share/colcon-core/packages/lely_core_libraries)
[12.451s] INFO:colcon.colcon_ros.task.ament_cmake.build:Building ROS package in '/home/gsylvia/agrobot-reverse-engineering/Agrobot/src/ros2_canopen/canopen_core' with build type 'ament_cmake'
[12.451s] INFO:colcon.colcon_cmake.task.cmake.build:Building CMake package in '/home/gsylvia/agrobot-reverse-engineering/Agrobot/src/ros2_canopen/canopen_core'
[12.451s] INFO:colcon.colcon_core.shell:Skip shell extension 'powershell' for command environment: Not usable outside of PowerShell
[12.452s] DEBUG:colcon.colcon_core.shell:Skip shell extension 'dsv' for command environment
[12.454s] INFO:colcon.colcon_ros.task.ament_cmake.build:Building ROS package in '/home/gsylvia/agrobot-reverse-engineering/Agrobot/src/ros2_canopen/canopen_fake_slaves' with build type 'ament_cmake'
[12.454s] INFO:colcon.colcon_cmake.task.cmake.build:Building CMake package in '/home/gsylvia/agrobot-reverse-engineering/Agrobot/src/ros2_canopen/canopen_fake_slaves'
[12.454s] INFO:colcon.colcon_core.shell:Skip shell extension 'powershell' for command environment: Not usable outside of PowerShell
[12.454s] DEBUG:colcon.colcon_core.shell:Skip shell extension 'dsv' for command environment
[12.561s] DEBUG:colcon.colcon_core.event_handler.log_command:Invoking command in '/home/gsylvia/agrobot-reverse-engineering/Agrobot/build/canopen_fake_slaves': AMENT_PREFIX_PATH=/home/gsylvia/agrobot-reverse-engineering/Agrobot/install/lely_core_libraries:${AMENT_PREFIX_PATH} CMAKE_PREFIX_PATH=/home/gsylvia/agrobot-reverse-engineering/Agrobot/install/lely_core_libraries:/opt/ros/jazzy/opt/gz_sim_vendor:/opt/ros/jazzy/opt/gz_sensors_vendor:/opt/ros/jazzy/opt/gz_physics_vendor:/opt/ros/jazzy/opt/sdformat_vendor:/opt/ros/jazzy/opt/gz_gui_vendor:/opt/ros/jazzy/opt/gz_transport_vendor:/opt/ros/jazzy/opt/gz_rendering_vendor:/opt/ros/jazzy/opt/gz_plugin_vendor:/opt/ros/jazzy/opt/gz_fuel_tools_vendor:/opt/ros/jazzy/opt/gz_msgs_vendor:/opt/ros/jazzy/opt/gz_common_vendor:/opt/ros/jazzy/opt/gz_math_vendor:/opt/ros/jazzy/opt/gz_utils_vendor:/opt/ros/jazzy/opt/gz_tools_vendor:/opt/ros/jazzy/opt/gz_ogre_next_vendor:/opt/ros/jazzy/opt/gz_dartsim_vendor:/opt/ros/jazzy/opt/gz_cmake_vendor:/opt/ros/jazzy LD_LIBRARY_PATH=/home/gsylvia/agrobot-reverse-engineering/Agrobot/install/lely_core_libraries/lib:${LD_LIBRARY_PATH} PATH=/home/gsylvia/agrobot-reverse-engineering/Agrobot/install/lely_core_libraries/bin:${PATH} PYTHONPATH=/home/gsylvia/agrobot-reverse-engineering/Agrobot/install/lely_core_libraries/lib/python3.12/site-packages:${PYTHONPATH} /usr/bin/cmake --build /home/gsylvia/agrobot-reverse-engineering/Agrobot/build/canopen_fake_slaves -- -j16 -l16
[12.682s] DEBUG:colcon.colcon_core.event_handler.log_command:Invoking command in '/home/gsylvia/agrobot-reverse-engineering/Agrobot/build/canopen_core': AMENT_PREFIX_PATH=/home/gsylvia/agrobot-reverse-engineering/Agrobot/install/lely_core_libraries:/home/gsylvia/agrobot-reverse-engineering/Agrobot/install/canopen_interfaces:${AMENT_PREFIX_PATH} CMAKE_PREFIX_PATH=/home/gsylvia/agrobot-reverse-engineering/Agrobot/install/lely_core_libraries:/home/gsylvia/agrobot-reverse-engineering/Agrobot/install/canopen_interfaces:/opt/ros/jazzy/opt/gz_sim_vendor:/opt/ros/jazzy/opt/gz_sensors_vendor:/opt/ros/jazzy/opt/gz_physics_vendor:/opt/ros/jazzy/opt/sdformat_vendor:/opt/ros/jazzy/opt/gz_gui_vendor:/opt/ros/jazzy/opt/gz_transport_vendor:/opt/ros/jazzy/opt/gz_rendering_vendor:/opt/ros/jazzy/opt/gz_plugin_vendor:/opt/ros/jazzy/opt/gz_fuel_tools_vendor:/opt/ros/jazzy/opt/gz_msgs_vendor:/opt/ros/jazzy/opt/gz_common_vendor:/opt/ros/jazzy/opt/gz_math_vendor:/opt/ros/jazzy/opt/gz_utils_vendor:/opt/ros/jazzy/opt/gz_tools_vendor:/opt/ros/jazzy/opt/gz_ogre_next_vendor:/opt/ros/jazzy/opt/gz_dartsim_vendor:/opt/ros/jazzy/opt/gz_cmake_vendor:/opt/ros/jazzy LD_LIBRARY_PATH=/home/gsylvia/agrobot-reverse-engineering/Agrobot/install/lely_core_libraries/lib:/home/gsylvia/agrobot-reverse-engineering/Agrobot/install/canopen_interfaces/lib:${LD_LIBRARY_PATH} PATH=/home/gsylvia/agrobot-reverse-engineering/Agrobot/install/lely_core_libraries/bin:${PATH} PYTHONPATH=/home/gsylvia/agrobot-reverse-engineering/Agrobot/install/lely_core_libraries/lib/python3.12/site-packages:/home/gsylvia/agrobot-reverse-engineering/Agrobot/install/canopen_interfaces/lib/python3.12/site-packages:${PYTHONPATH} /usr/bin/cmake --build /home/gsylvia/agrobot-reverse-engineering/Agrobot/build/canopen_core -- -j16 -l16
[15.519s] DEBUG:colcon.colcon_core.event_handler.log_command:Invoked command in '/home/gsylvia/agrobot-reverse-engineering/Agrobot/build/canopen_fake_slaves' returned '0': AMENT_PREFIX_PATH=/home/gsylvia/agrobot-reverse-engineering/Agrobot/install/lely_core_libraries:${AMENT_PREFIX_PATH} CMAKE_PREFIX_PATH=/home/gsylvia/agrobot-reverse-engineering/Agrobot/install/lely_core_libraries:/opt/ros/jazzy/opt/gz_sim_vendor:/opt/ros/jazzy/opt/gz_sensors_vendor:/opt/ros/jazzy/opt/gz_physics_vendor:/opt/ros/jazzy/opt/sdformat_vendor:/opt/ros/jazzy/opt/gz_gui_vendor:/opt/ros/jazzy/opt/gz_transport_vendor:/opt/ros/jazzy/opt/gz_rendering_vendor:/opt/ros/jazzy/opt/gz_plugin_vendor:/opt/ros/jazzy/opt/gz_fuel_tools_vendor:/opt/ros/jazzy/opt/gz_msgs_vendor:/opt/ros/jazzy/opt/gz_common_vendor:/opt/ros/jazzy/opt/gz_math_vendor:/opt/ros/jazzy/opt/gz_utils_vendor:/opt/ros/jazzy/opt/gz_tools_vendor:/opt/ros/jazzy/opt/gz_ogre_next_vendor:/opt/ros/jazzy/opt/gz_dartsim_vendor:/opt/ros/jazzy/opt/gz_cmake_vendor:/opt/ros/jazzy LD_LIBRARY_PATH=/home/gsylvia/agrobot-reverse-engineering/Agrobot/install/lely_core_libraries/lib:${LD_LIBRARY_PATH} PATH=/home/gsylvia/agrobot-reverse-engineering/Agrobot/install/lely_core_libraries/bin:${PATH} PYTHONPATH=/home/gsylvia/agrobot-reverse-engineering/Agrobot/install/lely_core_libraries/lib/python3.12/site-packages:${PYTHONPATH} /usr/bin/cmake --build /home/gsylvia/agrobot-reverse-engineering/Agrobot/build/canopen_fake_slaves -- -j16 -l16
[15.521s] DEBUG:colcon.colcon_core.event_handler.log_command:Invoking command in '/home/gsylvia/agrobot-reverse-engineering/Agrobot/build/canopen_fake_slaves': AMENT_PREFIX_PATH=/home/gsylvia/agrobot-reverse-engineering/Agrobot/install/lely_core_libraries:${AMENT_PREFIX_PATH} CMAKE_PREFIX_PATH=/home/gsylvia/agrobot-reverse-engineering/Agrobot/install/lely_core_libraries:/opt/ros/jazzy/opt/gz_sim_vendor:/opt/ros/jazzy/opt/gz_sensors_vendor:/opt/ros/jazzy/opt/gz_physics_vendor:/opt/ros/jazzy/opt/sdformat_vendor:/opt/ros/jazzy/opt/gz_gui_vendor:/opt/ros/jazzy/opt/gz_transport_vendor:/opt/ros/jazzy/opt/gz_rendering_vendor:/opt/ros/jazzy/opt/gz_plugin_vendor:/opt/ros/jazzy/opt/gz_fuel_tools_vendor:/opt/ros/jazzy/opt/gz_msgs_vendor:/opt/ros/jazzy/opt/gz_common_vendor:/opt/ros/jazzy/opt/gz_math_vendor:/opt/ros/jazzy/opt/gz_utils_vendor:/opt/ros/jazzy/opt/gz_tools_vendor:/opt/ros/jazzy/opt/gz_ogre_next_vendor:/opt/ros/jazzy/opt/gz_dartsim_vendor:/opt/ros/jazzy/opt/gz_cmake_vendor:/opt/ros/jazzy LD_LIBRARY_PATH=/home/gsylvia/agrobot-reverse-engineering/Agrobot/install/lely_core_libraries/lib:${LD_LIBRARY_PATH} PATH=/home/gsylvia/agrobot-reverse-engineering/Agrobot/install/lely_core_libraries/bin:${PATH} PYTHONPATH=/home/gsylvia/agrobot-reverse-engineering/Agrobot/install/lely_core_libraries/lib/python3.12/site-packages:${PYTHONPATH} /usr/bin/cmake --install /home/gsylvia/agrobot-reverse-engineering/Agrobot/build/canopen_fake_slaves
[15.534s] Level 1:colcon.colcon_core.environment:create_environment_scripts_only(canopen_fake_slaves)
[15.535s] Level 1:colcon.colcon_core.environment:checking '/home/gsylvia/agrobot-reverse-engineering/Agrobot/install/canopen_fake_slaves' for CMake module files
[15.535s] DEBUG:colcon.colcon_core.event_handler.log_command:Invoked command in '/home/gsylvia/agrobot-reverse-engineering/Agrobot/build/canopen_fake_slaves' returned '0': AMENT_PREFIX_PATH=/home/gsylvia/agrobot-reverse-engineering/Agrobot/install/lely_core_libraries:${AMENT_PREFIX_PATH} CMAKE_PREFIX_PATH=/home/gsylvia/agrobot-reverse-engineering/Agrobot/install/lely_core_libraries:/opt/ros/jazzy/opt/gz_sim_vendor:/opt/ros/jazzy/opt/gz_sensors_vendor:/opt/ros/jazzy/opt/gz_physics_vendor:/opt/ros/jazzy/opt/sdformat_vendor:/opt/ros/jazzy/opt/gz_gui_vendor:/opt/ros/jazzy/opt/gz_transport_vendor:/opt/ros/jazzy/opt/gz_rendering_vendor:/opt/ros/jazzy/opt/gz_plugin_vendor:/opt/ros/jazzy/opt/gz_fuel_tools_vendor:/opt/ros/jazzy/opt/gz_msgs_vendor:/opt/ros/jazzy/opt/gz_common_vendor:/opt/ros/jazzy/opt/gz_math_vendor:/opt/ros/jazzy/opt/gz_utils_vendor:/opt/ros/jazzy/opt/gz_tools_vendor:/opt/ros/jazzy/opt/gz_ogre_next_vendor:/opt/ros/jazzy/opt/gz_dartsim_vendor:/opt/ros/jazzy/opt/gz_cmake_vendor:/opt/ros/jazzy LD_LIBRARY_PATH=/home/gsylvia/agrobot-reverse-engineering/Agrobot/install/lely_core_libraries/lib:${LD_LIBRARY_PATH} PATH=/home/gsylvia/agrobot-reverse-engineering/Agrobot/install/lely_core_libraries/bin:${PATH} PYTHONPATH=/home/gsylvia/agrobot-reverse-engineering/Agrobot/install/lely_core_libraries/lib/python3.12/site-packages:${PYTHONPATH} /usr/bin/cmake --install /home/gsylvia/agrobot-reverse-engineering/Agrobot/build/canopen_fake_slaves
[15.535s] Level 1:colcon.colcon_core.environment:checking '/home/gsylvia/agrobot-reverse-engineering/Agrobot/install/canopen_fake_slaves' for CMake config files
[15.536s] Level 1:colcon.colcon_core.shell:create_environment_hook('canopen_fake_slaves', 'cmake_prefix_path')
[15.536s] INFO:colcon.colcon_core.shell:Creating environment hook '/home/gsylvia/agrobot-reverse-engineering/Agrobot/install/canopen_fake_slaves/share/canopen_fake_slaves/hook/cmake_prefix_path.ps1'
[15.536s] INFO:colcon.colcon_core.shell:Creating environment descriptor '/home/gsylvia/agrobot-reverse-engineering/Agrobot/install/canopen_fake_slaves/share/canopen_fake_slaves/hook/cmake_prefix_path.dsv'
[15.536s] INFO:colcon.colcon_core.shell:Creating environment hook '/home/gsylvia/agrobot-reverse-engineering/Agrobot/install/canopen_fake_slaves/share/canopen_fake_slaves/hook/cmake_prefix_path.sh'
[15.537s] Level 1:colcon.colcon_core.environment:checking '/home/gsylvia/agrobot-reverse-engineering/Agrobot/install/canopen_fake_slaves/lib'
[15.537s] Level 1:colcon.colcon_core.environment:checking '/home/gsylvia/agrobot-reverse-engineering/Agrobot/install/canopen_fake_slaves/bin'
[15.537s] Level 1:colcon.colcon_core.environment:checking '/home/gsylvia/agrobot-reverse-engineering/Agrobot/install/canopen_fake_slaves/lib/pkgconfig/canopen_fake_slaves.pc'
[15.537s] Level 1:colcon.colcon_core.environment:checking '/home/gsylvia/agrobot-reverse-engineering/Agrobot/install/canopen_fake_slaves/lib/python3.12/site-packages'
[15.537s] Level 1:colcon.colcon_core.environment:checking '/home/gsylvia/agrobot-reverse-engineering/Agrobot/install/canopen_fake_slaves/bin'
[15.537s] INFO:colcon.colcon_core.shell:Creating package script '/home/gsylvia/agrobot-reverse-engineering/Agrobot/install/canopen_fake_slaves/share/canopen_fake_slaves/package.ps1'
[15.538s] INFO:colcon.colcon_core.shell:Creating package descriptor '/home/gsylvia/agrobot-reverse-engineering/Agrobot/install/canopen_fake_slaves/share/canopen_fake_slaves/package.dsv'
[15.538s] INFO:colcon.colcon_core.shell:Creating package script '/home/gsylvia/agrobot-reverse-engineering/Agrobot/install/canopen_fake_slaves/share/canopen_fake_slaves/package.sh'
[15.538s] INFO:colcon.colcon_core.shell:Creating package script '/home/gsylvia/agrobot-reverse-engineering/Agrobot/install/canopen_fake_slaves/share/canopen_fake_slaves/package.bash'
[15.538s] INFO:colcon.colcon_core.shell:Creating package script '/home/gsylvia/agrobot-reverse-engineering/Agrobot/install/canopen_fake_slaves/share/canopen_fake_slaves/package.zsh'
[15.539s] Level 1:colcon.colcon_core.environment:create_file_with_runtime_dependencies(/home/gsylvia/agrobot-reverse-engineering/Agrobot/install/canopen_fake_slaves/share/colcon-core/packages/canopen_fake_slaves)
[15.539s] Level 1:colcon.colcon_core.environment:create_environment_scripts_only(canopen_fake_slaves)
[15.539s] Level 1:colcon.colcon_core.environment:checking '/home/gsylvia/agrobot-reverse-engineering/Agrobot/install/canopen_fake_slaves' for CMake module files
[15.539s] Level 1:colcon.colcon_core.environment:checking '/home/gsylvia/agrobot-reverse-engineering/Agrobot/install/canopen_fake_slaves' for CMake config files
[15.539s] Level 1:colcon.colcon_core.shell:create_environment_hook('canopen_fake_slaves', 'cmake_prefix_path')
[15.540s] INFO:colcon.colcon_core.shell:Creating environment hook '/home/gsylvia/agrobot-reverse-engineering/Agrobot/install/canopen_fake_slaves/share/canopen_fake_slaves/hook/cmake_prefix_path.ps1'
[15.540s] INFO:colcon.colcon_core.shell:Creating environment descriptor '/home/gsylvia/agrobot-reverse-engineering/Agrobot/install/canopen_fake_slaves/share/canopen_fake_slaves/hook/cmake_prefix_path.dsv'
[15.540s] INFO:colcon.colcon_core.shell:Creating environment hook '/home/gsylvia/agrobot-reverse-engineering/Agrobot/install/canopen_fake_slaves/share/canopen_fake_slaves/hook/cmake_prefix_path.sh'
[15.541s] Level 1:colcon.colcon_core.environment:checking '/home/gsylvia/agrobot-reverse-engineering/Agrobot/install/canopen_fake_slaves/lib'
[15.541s] Level 1:colcon.colcon_core.environment:checking '/home/gsylvia/agrobot-reverse-engineering/Agrobot/install/canopen_fake_slaves/bin'
[15.541s] Level 1:colcon.colcon_core.environment:checking '/home/gsylvia/agrobot-reverse-engineering/Agrobot/install/canopen_fake_slaves/lib/pkgconfig/canopen_fake_slaves.pc'
[15.541s] Level 1:colcon.colcon_core.environment:checking '/home/gsylvia/agrobot-reverse-engineering/Agrobot/install/canopen_fake_slaves/lib/python3.12/site-packages'
[15.541s] Level 1:colcon.colcon_core.environment:checking '/home/gsylvia/agrobot-reverse-engineering/Agrobot/install/canopen_fake_slaves/bin'
[15.541s] INFO:colcon.colcon_core.shell:Creating package script '/home/gsylvia/agrobot-reverse-engineering/Agrobot/install/canopen_fake_slaves/share/canopen_fake_slaves/package.ps1'
[15.542s] INFO:colcon.colcon_core.shell:Creating package descriptor '/home/gsylvia/agrobot-reverse-engineering/Agrobot/install/canopen_fake_slaves/share/canopen_fake_slaves/package.dsv'
[15.542s] INFO:colcon.colcon_core.shell:Creating package script '/home/gsylvia/agrobot-reverse-engineering/Agrobot/install/canopen_fake_slaves/share/canopen_fake_slaves/package.sh'
[15.542s] INFO:colcon.colcon_core.shell:Creating package script '/home/gsylvia/agrobot-reverse-engineering/Agrobot/install/canopen_fake_slaves/share/canopen_fake_slaves/package.bash'
[15.542s] INFO:colcon.colcon_core.shell:Creating package script '/home/gsylvia/agrobot-reverse-engineering/Agrobot/install/canopen_fake_slaves/share/canopen_fake_slaves/package.zsh'
[15.543s] Level 1:colcon.colcon_core.environment:create_file_with_runtime_dependencies(/home/gsylvia/agrobot-reverse-engineering/Agrobot/install/canopen_fake_slaves/share/colcon-core/packages/canopen_fake_slaves)
[24.338s] DEBUG:colcon.colcon_core.event_handler.log_command:Invoked command in '/home/gsylvia/agrobot-reverse-engineering/Agrobot/build/canopen_core' returned '0': AMENT_PREFIX_PATH=/home/gsylvia/agrobot-reverse-engineering/Agrobot/install/lely_core_libraries:/home/gsylvia/agrobot-reverse-engineering/Agrobot/install/canopen_interfaces:${AMENT_PREFIX_PATH} CMAKE_PREFIX_PATH=/home/gsylvia/agrobot-reverse-engineering/Agrobot/install/lely_core_libraries:/home/gsylvia/agrobot-reverse-engineering/Agrobot/install/canopen_interfaces:/opt/ros/jazzy/opt/gz_sim_vendor:/opt/ros/jazzy/opt/gz_sensors_vendor:/opt/ros/jazzy/opt/gz_physics_vendor:/opt/ros/jazzy/opt/sdformat_vendor:/opt/ros/jazzy/opt/gz_gui_vendor:/opt/ros/jazzy/opt/gz_transport_vendor:/opt/ros/jazzy/opt/gz_rendering_vendor:/opt/ros/jazzy/opt/gz_plugin_vendor:/opt/ros/jazzy/opt/gz_fuel_tools_vendor:/opt/ros/jazzy/opt/gz_msgs_vendor:/opt/ros/jazzy/opt/gz_common_vendor:/opt/ros/jazzy/opt/gz_math_vendor:/opt/ros/jazzy/opt/gz_utils_vendor:/opt/ros/jazzy/opt/gz_tools_vendor:/opt/ros/jazzy/opt/gz_ogre_next_vendor:/opt/ros/jazzy/opt/gz_dartsim_vendor:/opt/ros/jazzy/opt/gz_cmake_vendor:/opt/ros/jazzy LD_LIBRARY_PATH=/home/gsylvia/agrobot-reverse-engineering/Agrobot/install/lely_core_libraries/lib:/home/gsylvia/agrobot-reverse-engineering/Agrobot/install/canopen_interfaces/lib:${LD_LIBRARY_PATH} PATH=/home/gsylvia/agrobot-reverse-engineering/Agrobot/install/lely_core_libraries/bin:${PATH} PYTHONPATH=/home/gsylvia/agrobot-reverse-engineering/Agrobot/install/lely_core_libraries/lib/python3.12/site-packages:/home/gsylvia/agrobot-reverse-engineering/Agrobot/install/canopen_interfaces/lib/python3.12/site-packages:${PYTHONPATH} /usr/bin/cmake --build /home/gsylvia/agrobot-reverse-engineering/Agrobot/build/canopen_core -- -j16 -l16
[24.339s] DEBUG:colcon.colcon_core.event_handler.log_command:Invoking command in '/home/gsylvia/agrobot-reverse-engineering/Agrobot/build/canopen_core': AMENT_PREFIX_PATH=/home/gsylvia/agrobot-reverse-engineering/Agrobot/install/lely_core_libraries:/home/gsylvia/agrobot-reverse-engineering/Agrobot/install/canopen_interfaces:${AMENT_PREFIX_PATH} CMAKE_PREFIX_PATH=/home/gsylvia/agrobot-reverse-engineering/Agrobot/install/lely_core_libraries:/home/gsylvia/agrobot-reverse-engineering/Agrobot/install/canopen_interfaces:/opt/ros/jazzy/opt/gz_sim_vendor:/opt/ros/jazzy/opt/gz_sensors_vendor:/opt/ros/jazzy/opt/gz_physics_vendor:/opt/ros/jazzy/opt/sdformat_vendor:/opt/ros/jazzy/opt/gz_gui_vendor:/opt/ros/jazzy/opt/gz_transport_vendor:/opt/ros/jazzy/opt/gz_rendering_vendor:/opt/ros/jazzy/opt/gz_plugin_vendor:/opt/ros/jazzy/opt/gz_fuel_tools_vendor:/opt/ros/jazzy/opt/gz_msgs_vendor:/opt/ros/jazzy/opt/gz_common_vendor:/opt/ros/jazzy/opt/gz_math_vendor:/opt/ros/jazzy/opt/gz_utils_vendor:/opt/ros/jazzy/opt/gz_tools_vendor:/opt/ros/jazzy/opt/gz_ogre_next_vendor:/opt/ros/jazzy/opt/gz_dartsim_vendor:/opt/ros/jazzy/opt/gz_cmake_vendor:/opt/ros/jazzy LD_LIBRARY_PATH=/home/gsylvia/agrobot-reverse-engineering/Agrobot/install/lely_core_libraries/lib:/home/gsylvia/agrobot-reverse-engineering/Agrobot/install/canopen_interfaces/lib:${LD_LIBRARY_PATH} PATH=/home/gsylvia/agrobot-reverse-engineering/Agrobot/install/lely_core_libraries/bin:${PATH} PYTHONPATH=/home/gsylvia/agrobot-reverse-engineering/Agrobot/install/lely_core_libraries/lib/python3.12/site-packages:/home/gsylvia/agrobot-reverse-engineering/Agrobot/install/canopen_interfaces/lib/python3.12/site-packages:${PYTHONPATH} /usr/bin/cmake --install /home/gsylvia/agrobot-reverse-engineering/Agrobot/build/canopen_core
[24.359s] Level 1:colcon.colcon_core.environment:create_environment_scripts_only(canopen_core)
[24.359s] Level 1:colcon.colcon_core.environment:checking '/home/gsylvia/agrobot-reverse-engineering/Agrobot/install/canopen_core' for CMake module files
[24.359s] DEBUG:colcon.colcon_core.event_handler.log_command:Invoked command in '/home/gsylvia/agrobot-reverse-engineering/Agrobot/build/canopen_core' returned '0': AMENT_PREFIX_PATH=/home/gsylvia/agrobot-reverse-engineering/Agrobot/install/lely_core_libraries:/home/gsylvia/agrobot-reverse-engineering/Agrobot/install/canopen_interfaces:${AMENT_PREFIX_PATH} CMAKE_PREFIX_PATH=/home/gsylvia/agrobot-reverse-engineering/Agrobot/install/lely_core_libraries:/home/gsylvia/agrobot-reverse-engineering/Agrobot/install/canopen_interfaces:/opt/ros/jazzy/opt/gz_sim_vendor:/opt/ros/jazzy/opt/gz_sensors_vendor:/opt/ros/jazzy/opt/gz_physics_vendor:/opt/ros/jazzy/opt/sdformat_vendor:/opt/ros/jazzy/opt/gz_gui_vendor:/opt/ros/jazzy/opt/gz_transport_vendor:/opt/ros/jazzy/opt/gz_rendering_vendor:/opt/ros/jazzy/opt/gz_plugin_vendor:/opt/ros/jazzy/opt/gz_fuel_tools_vendor:/opt/ros/jazzy/opt/gz_msgs_vendor:/opt/ros/jazzy/opt/gz_common_vendor:/opt/ros/jazzy/opt/gz_math_vendor:/opt/ros/jazzy/opt/gz_utils_vendor:/opt/ros/jazzy/opt/gz_tools_vendor:/opt/ros/jazzy/opt/gz_ogre_next_vendor:/opt/ros/jazzy/opt/gz_dartsim_vendor:/opt/ros/jazzy/opt/gz_cmake_vendor:/opt/ros/jazzy LD_LIBRARY_PATH=/home/gsylvia/agrobot-reverse-engineering/Agrobot/install/lely_core_libraries/lib:/home/gsylvia/agrobot-reverse-engineering/Agrobot/install/canopen_interfaces/lib:${LD_LIBRARY_PATH} PATH=/home/gsylvia/agrobot-reverse-engineering/Agrobot/install/lely_core_libraries/bin:${PATH} PYTHONPATH=/home/gsylvia/agrobot-reverse-engineering/Agrobot/install/lely_core_libraries/lib/python3.12/site-packages:/home/gsylvia/agrobot-reverse-engineering/Agrobot/install/canopen_interfaces/lib/python3.12/site-packages:${PYTHONPATH} /usr/bin/cmake --install /home/gsylvia/agrobot-reverse-engineering/Agrobot/build/canopen_core
[24.360s] Level 1:colcon.colcon_core.environment:checking '/home/gsylvia/agrobot-reverse-engineering/Agrobot/install/canopen_core' for CMake config files
[24.360s] Level 1:colcon.colcon_core.shell:create_environment_hook('canopen_core', 'cmake_prefix_path')
[24.360s] INFO:colcon.colcon_core.shell:Creating environment hook '/home/gsylvia/agrobot-reverse-engineering/Agrobot/install/canopen_core/share/canopen_core/hook/cmake_prefix_path.ps1'
[24.361s] INFO:colcon.colcon_core.shell:Creating environment descriptor '/home/gsylvia/agrobot-reverse-engineering/Agrobot/install/canopen_core/share/canopen_core/hook/cmake_prefix_path.dsv'
[24.361s] INFO:colcon.colcon_core.shell:Creating environment hook '/home/gsylvia/agrobot-reverse-engineering/Agrobot/install/canopen_core/share/canopen_core/hook/cmake_prefix_path.sh'
[24.361s] Level 1:colcon.colcon_core.environment:checking '/home/gsylvia/agrobot-reverse-engineering/Agrobot/install/canopen_core/lib'
[24.361s] Level 1:colcon.colcon_core.shell:create_environment_hook('canopen_core', 'ld_library_path_lib')
[24.361s] INFO:colcon.colcon_core.shell:Creating environment hook '/home/gsylvia/agrobot-reverse-engineering/Agrobot/install/canopen_core/share/canopen_core/hook/ld_library_path_lib.ps1'
[24.362s] INFO:colcon.colcon_core.shell:Creating environment descriptor '/home/gsylvia/agrobot-reverse-engineering/Agrobot/install/canopen_core/share/canopen_core/hook/ld_library_path_lib.dsv'
[24.362s] INFO:colcon.colcon_core.shell:Creating environment hook '/home/gsylvia/agrobot-reverse-engineering/Agrobot/install/canopen_core/share/canopen_core/hook/ld_library_path_lib.sh'
[24.362s] Level 1:colcon.colcon_core.environment:checking '/home/gsylvia/agrobot-reverse-engineering/Agrobot/install/canopen_core/bin'
[24.362s] Level 1:colcon.colcon_core.environment:checking '/home/gsylvia/agrobot-reverse-engineering/Agrobot/install/canopen_core/lib/pkgconfig/canopen_core.pc'
[24.362s] Level 1:colcon.colcon_core.environment:checking '/home/gsylvia/agrobot-reverse-engineering/Agrobot/install/canopen_core/lib/python3.12/site-packages'
[24.362s] Level 1:colcon.colcon_core.environment:checking '/home/gsylvia/agrobot-reverse-engineering/Agrobot/install/canopen_core/bin'
[24.363s] INFO:colcon.colcon_core.shell:Creating package script '/home/gsylvia/agrobot-reverse-engineering/Agrobot/install/canopen_core/share/canopen_core/package.ps1'
[24.363s] INFO:colcon.colcon_core.shell:Creating package descriptor '/home/gsylvia/agrobot-reverse-engineering/Agrobot/install/canopen_core/share/canopen_core/package.dsv'
[24.364s] INFO:colcon.colcon_core.shell:Creating package script '/home/gsylvia/agrobot-reverse-engineering/Agrobot/install/canopen_core/share/canopen_core/package.sh'
[24.364s] INFO:colcon.colcon_core.shell:Creating package script '/home/gsylvia/agrobot-reverse-engineering/Agrobot/install/canopen_core/share/canopen_core/package.bash'
[24.364s] INFO:colcon.colcon_core.shell:Creating package script '/home/gsylvia/agrobot-reverse-engineering/Agrobot/install/canopen_core/share/canopen_core/package.zsh'
[24.364s] Level 1:colcon.colcon_core.environment:create_file_with_runtime_dependencies(/home/gsylvia/agrobot-reverse-engineering/Agrobot/install/canopen_core/share/colcon-core/packages/canopen_core)
[24.365s] Level 1:colcon.colcon_core.environment:create_environment_scripts_only(canopen_core)
[24.365s] Level 1:colcon.colcon_core.environment:checking '/home/gsylvia/agrobot-reverse-engineering/Agrobot/install/canopen_core' for CMake module files
[24.365s] Level 1:colcon.colcon_core.environment:checking '/home/gsylvia/agrobot-reverse-engineering/Agrobot/install/canopen_core' for CMake config files
[24.365s] Level 1:colcon.colcon_core.shell:create_environment_hook('canopen_core', 'cmake_prefix_path')
[24.365s] INFO:colcon.colcon_core.shell:Creating environment hook '/home/gsylvia/agrobot-reverse-engineering/Agrobot/install/canopen_core/share/canopen_core/hook/cmake_prefix_path.ps1'
[24.365s] INFO:colcon.colcon_core.shell:Creating environment descriptor '/home/gsylvia/agrobot-reverse-engineering/Agrobot/install/canopen_core/share/canopen_core/hook/cmake_prefix_path.dsv'
[24.366s] INFO:colcon.colcon_core.shell:Creating environment hook '/home/gsylvia/agrobot-reverse-engineering/Agrobot/install/canopen_core/share/canopen_core/hook/cmake_prefix_path.sh'
[24.366s] Level 1:colcon.colcon_core.environment:checking '/home/gsylvia/agrobot-reverse-engineering/Agrobot/install/canopen_core/lib'
[24.366s] Level 1:colcon.colcon_core.shell:create_environment_hook('canopen_core', 'ld_library_path_lib')
[24.366s] INFO:colcon.colcon_core.shell:Creating environment hook '/home/gsylvia/agrobot-reverse-engineering/Agrobot/install/canopen_core/share/canopen_core/hook/ld_library_path_lib.ps1'
[24.366s] INFO:colcon.colcon_core.shell:Creating environment descriptor '/home/gsylvia/agrobot-reverse-engineering/Agrobot/install/canopen_core/share/canopen_core/hook/ld_library_path_lib.dsv'
[24.367s] INFO:colcon.colcon_core.shell:Creating environment hook '/home/gsylvia/agrobot-reverse-engineering/Agrobot/install/canopen_core/share/canopen_core/hook/ld_library_path_lib.sh'
[24.367s] Level 1:colcon.colcon_core.environment:checking '/home/gsylvia/agrobot-reverse-engineering/Agrobot/install/canopen_core/bin'
[24.367s] Level 1:colcon.colcon_core.environment:checking '/home/gsylvia/agrobot-reverse-engineering/Agrobot/install/canopen_core/lib/pkgconfig/canopen_core.pc'
[24.367s] Level 1:colcon.colcon_core.environment:checking '/home/gsylvia/agrobot-reverse-engineering/Agrobot/install/canopen_core/lib/python3.12/site-packages'
[24.367s] Level 1:colcon.colcon_core.environment:checking '/home/gsylvia/agrobot-reverse-engineering/Agrobot/install/canopen_core/bin'
[24.367s] INFO:colcon.colcon_core.shell:Creating package script '/home/gsylvia/agrobot-reverse-engineering/Agrobot/install/canopen_core/share/canopen_core/package.ps1'
[24.368s] INFO:colcon.colcon_core.shell:Creating package descriptor '/home/gsylvia/agrobot-reverse-engineering/Agrobot/install/canopen_core/share/canopen_core/package.dsv'
[24.368s] INFO:colcon.colcon_core.shell:Creating package script '/home/gsylvia/agrobot-reverse-engineering/Agrobot/install/canopen_core/share/canopen_core/package.sh'
[24.368s] INFO:colcon.colcon_core.shell:Creating package script '/home/gsylvia/agrobot-reverse-engineering/Agrobot/install/canopen_core/share/canopen_core/package.bash'
[24.368s] INFO:colcon.colcon_core.shell:Creating package script '/home/gsylvia/agrobot-reverse-engineering/Agrobot/install/canopen_core/share/canopen_core/package.zsh'
[24.369s] Level 1:colcon.colcon_core.environment:create_file_with_runtime_dependencies(/home/gsylvia/agrobot-reverse-engineering/Agrobot/install/canopen_core/share/colcon-core/packages/canopen_core)
[24.369s] INFO:colcon.colcon_ros.task.ament_cmake.build:Building ROS package in '/home/gsylvia/agrobot-reverse-engineering/Agrobot/src/ros2_canopen/canopen_base_driver' with build type 'ament_cmake'
[24.369s] INFO:colcon.colcon_cmake.task.cmake.build:Building CMake package in '/home/gsylvia/agrobot-reverse-engineering/Agrobot/src/ros2_canopen/canopen_base_driver'
[24.369s] INFO:colcon.colcon_core.shell:Skip shell extension 'powershell' for command environment: Not usable outside of PowerShell
[24.369s] DEBUG:colcon.colcon_core.shell:Skip shell extension 'dsv' for command environment
[24.373s] INFO:colcon.colcon_ros.task.ament_cmake.build:Building ROS package in '/home/gsylvia/agrobot-reverse-engineering/Agrobot/src/ros2_canopen/canopen_master_driver' with build type 'ament_cmake'
[24.373s] INFO:colcon.colcon_cmake.task.cmake.build:Building CMake package in '/home/gsylvia/agrobot-reverse-engineering/Agrobot/src/ros2_canopen/canopen_master_driver'
[24.373s] INFO:colcon.colcon_core.shell:Skip shell extension 'powershell' for command environment: Not usable outside of PowerShell
[24.373s] DEBUG:colcon.colcon_core.shell:Skip shell extension 'dsv' for command environment
[24.693s] DEBUG:colcon.colcon_core.event_handler.log_command:Invoking command in '/home/gsylvia/agrobot-reverse-engineering/Agrobot/build/canopen_master_driver': AMENT_PREFIX_PATH=/home/gsylvia/agrobot-reverse-engineering/Agrobot/install/canopen_core:/home/gsylvia/agrobot-reverse-engineering/Agrobot/install/lely_core_libraries:/home/gsylvia/agrobot-reverse-engineering/Agrobot/install/canopen_interfaces:${AMENT_PREFIX_PATH} CMAKE_PREFIX_PATH=/home/gsylvia/agrobot-reverse-engineering/Agrobot/install/canopen_core:/home/gsylvia/agrobot-reverse-engineering/Agrobot/install/lely_core_libraries:/home/gsylvia/agrobot-reverse-engineering/Agrobot/install/canopen_interfaces:/opt/ros/jazzy/opt/gz_sim_vendor:/opt/ros/jazzy/opt/gz_sensors_vendor:/opt/ros/jazzy/opt/gz_physics_vendor:/opt/ros/jazzy/opt/sdformat_vendor:/opt/ros/jazzy/opt/gz_gui_vendor:/opt/ros/jazzy/opt/gz_transport_vendor:/opt/ros/jazzy/opt/gz_rendering_vendor:/opt/ros/jazzy/opt/gz_plugin_vendor:/opt/ros/jazzy/opt/gz_fuel_tools_vendor:/opt/ros/jazzy/opt/gz_msgs_vendor:/opt/ros/jazzy/opt/gz_common_vendor:/opt/ros/jazzy/opt/gz_math_vendor:/opt/ros/jazzy/opt/gz_utils_vendor:/opt/ros/jazzy/opt/gz_tools_vendor:/opt/ros/jazzy/opt/gz_ogre_next_vendor:/opt/ros/jazzy/opt/gz_dartsim_vendor:/opt/ros/jazzy/opt/gz_cmake_vendor:/opt/ros/jazzy LD_LIBRARY_PATH=/home/gsylvia/agrobot-reverse-engineering/Agrobot/install/canopen_core/lib:/home/gsylvia/agrobot-reverse-engineering/Agrobot/install/lely_core_libraries/lib:/home/gsylvia/agrobot-reverse-engineering/Agrobot/install/canopen_interfaces/lib:${LD_LIBRARY_PATH} PATH=/home/gsylvia/agrobot-reverse-engineering/Agrobot/install/lely_core_libraries/bin:${PATH} PYTHONPATH=/home/gsylvia/agrobot-reverse-engineering/Agrobot/install/lely_core_libraries/lib/python3.12/site-packages:/home/gsylvia/agrobot-reverse-engineering/Agrobot/install/canopen_interfaces/lib/python3.12/site-packages:${PYTHONPATH} /usr/bin/cmake --build /home/gsylvia/agrobot-reverse-engineering/Agrobot/build/canopen_master_driver -- -j16 -l16
[24.696s] DEBUG:colcon.colcon_core.event_handler.log_command:Invoking command in '/home/gsylvia/agrobot-reverse-engineering/Agrobot/build/canopen_base_driver': AMENT_PREFIX_PATH=/home/gsylvia/agrobot-reverse-engineering/Agrobot/install/canopen_core:/home/gsylvia/agrobot-reverse-engineering/Agrobot/install/lely_core_libraries:/home/gsylvia/agrobot-reverse-engineering/Agrobot/install/canopen_interfaces:${AMENT_PREFIX_PATH} CMAKE_PREFIX_PATH=/home/gsylvia/agrobot-reverse-engineering/Agrobot/install/canopen_core:/home/gsylvia/agrobot-reverse-engineering/Agrobot/install/lely_core_libraries:/home/gsylvia/agrobot-reverse-engineering/Agrobot/install/canopen_interfaces:/opt/ros/jazzy/opt/gz_sim_vendor:/opt/ros/jazzy/opt/gz_sensors_vendor:/opt/ros/jazzy/opt/gz_physics_vendor:/opt/ros/jazzy/opt/sdformat_vendor:/opt/ros/jazzy/opt/gz_gui_vendor:/opt/ros/jazzy/opt/gz_transport_vendor:/opt/ros/jazzy/opt/gz_rendering_vendor:/opt/ros/jazzy/opt/gz_plugin_vendor:/opt/ros/jazzy/opt/gz_fuel_tools_vendor:/opt/ros/jazzy/opt/gz_msgs_vendor:/opt/ros/jazzy/opt/gz_common_vendor:/opt/ros/jazzy/opt/gz_math_vendor:/opt/ros/jazzy/opt/gz_utils_vendor:/opt/ros/jazzy/opt/gz_tools_vendor:/opt/ros/jazzy/opt/gz_ogre_next_vendor:/opt/ros/jazzy/opt/gz_dartsim_vendor:/opt/ros/jazzy/opt/gz_cmake_vendor:/opt/ros/jazzy LD_LIBRARY_PATH=/home/gsylvia/agrobot-reverse-engineering/Agrobot/install/canopen_core/lib:/home/gsylvia/agrobot-reverse-engineering/Agrobot/install/lely_core_libraries/lib:/home/gsylvia/agrobot-reverse-engineering/Agrobot/install/canopen_interfaces/lib:${LD_LIBRARY_PATH} PATH=/home/gsylvia/agrobot-reverse-engineering/Agrobot/install/lely_core_libraries/bin:${PATH} PYTHONPATH=/home/gsylvia/agrobot-reverse-engineering/Agrobot/install/lely_core_libraries/lib/python3.12/site-packages:/home/gsylvia/agrobot-reverse-engineering/Agrobot/install/canopen_interfaces/lib/python3.12/site-packages:${PYTHONPATH} /usr/bin/cmake --build /home/gsylvia/agrobot-reverse-engineering/Agrobot/build/canopen_base_driver -- -j16 -l16
[40.195s] DEBUG:colcon.colcon_core.event_handler.log_command:Invoked command in '/home/gsylvia/agrobot-reverse-engineering/Agrobot/build/canopen_base_driver' returned '0': AMENT_PREFIX_PATH=/home/gsylvia/agrobot-reverse-engineering/Agrobot/install/canopen_core:/home/gsylvia/agrobot-reverse-engineering/Agrobot/install/lely_core_libraries:/home/gsylvia/agrobot-reverse-engineering/Agrobot/install/canopen_interfaces:${AMENT_PREFIX_PATH} CMAKE_PREFIX_PATH=/home/gsylvia/agrobot-reverse-engineering/Agrobot/install/canopen_core:/home/gsylvia/agrobot-reverse-engineering/Agrobot/install/lely_core_libraries:/home/gsylvia/agrobot-reverse-engineering/Agrobot/install/canopen_interfaces:/opt/ros/jazzy/opt/gz_sim_vendor:/opt/ros/jazzy/opt/gz_sensors_vendor:/opt/ros/jazzy/opt/gz_physics_vendor:/opt/ros/jazzy/opt/sdformat_vendor:/opt/ros/jazzy/opt/gz_gui_vendor:/opt/ros/jazzy/opt/gz_transport_vendor:/opt/ros/jazzy/opt/gz_rendering_vendor:/opt/ros/jazzy/opt/gz_plugin_vendor:/opt/ros/jazzy/opt/gz_fuel_tools_vendor:/opt/ros/jazzy/opt/gz_msgs_vendor:/opt/ros/jazzy/opt/gz_common_vendor:/opt/ros/jazzy/opt/gz_math_vendor:/opt/ros/jazzy/opt/gz_utils_vendor:/opt/ros/jazzy/opt/gz_tools_vendor:/opt/ros/jazzy/opt/gz_ogre_next_vendor:/opt/ros/jazzy/opt/gz_dartsim_vendor:/opt/ros/jazzy/opt/gz_cmake_vendor:/opt/ros/jazzy LD_LIBRARY_PATH=/home/gsylvia/agrobot-reverse-engineering/Agrobot/install/canopen_core/lib:/home/gsylvia/agrobot-reverse-engineering/Agrobot/install/lely_core_libraries/lib:/home/gsylvia/agrobot-reverse-engineering/Agrobot/install/canopen_interfaces/lib:${LD_LIBRARY_PATH} PATH=/home/gsylvia/agrobot-reverse-engineering/Agrobot/install/lely_core_libraries/bin:${PATH} PYTHONPATH=/home/gsylvia/agrobot-reverse-engineering/Agrobot/install/lely_core_libraries/lib/python3.12/site-packages:/home/gsylvia/agrobot-reverse-engineering/Agrobot/install/canopen_interfaces/lib/python3.12/site-packages:${PYTHONPATH} /usr/bin/cmake --build /home/gsylvia/agrobot-reverse-engineering/Agrobot/build/canopen_base_driver -- -j16 -l16
[40.198s] DEBUG:colcon.colcon_core.event_handler.log_command:Invoking command in '/home/gsylvia/agrobot-reverse-engineering/Agrobot/build/canopen_base_driver': AMENT_PREFIX_PATH=/home/gsylvia/agrobot-reverse-engineering/Agrobot/install/canopen_core:/home/gsylvia/agrobot-reverse-engineering/Agrobot/install/lely_core_libraries:/home/gsylvia/agrobot-reverse-engineering/Agrobot/install/canopen_interfaces:${AMENT_PREFIX_PATH} CMAKE_PREFIX_PATH=/home/gsylvia/agrobot-reverse-engineering/Agrobot/install/canopen_core:/home/gsylvia/agrobot-reverse-engineering/Agrobot/install/lely_core_libraries:/home/gsylvia/agrobot-reverse-engineering/Agrobot/install/canopen_interfaces:/opt/ros/jazzy/opt/gz_sim_vendor:/opt/ros/jazzy/opt/gz_sensors_vendor:/opt/ros/jazzy/opt/gz_physics_vendor:/opt/ros/jazzy/opt/sdformat_vendor:/opt/ros/jazzy/opt/gz_gui_vendor:/opt/ros/jazzy/opt/gz_transport_vendor:/opt/ros/jazzy/opt/gz_rendering_vendor:/opt/ros/jazzy/opt/gz_plugin_vendor:/opt/ros/jazzy/opt/gz_fuel_tools_vendor:/opt/ros/jazzy/opt/gz_msgs_vendor:/opt/ros/jazzy/opt/gz_common_vendor:/opt/ros/jazzy/opt/gz_math_vendor:/opt/ros/jazzy/opt/gz_utils_vendor:/opt/ros/jazzy/opt/gz_tools_vendor:/opt/ros/jazzy/opt/gz_ogre_next_vendor:/opt/ros/jazzy/opt/gz_dartsim_vendor:/opt/ros/jazzy/opt/gz_cmake_vendor:/opt/ros/jazzy LD_LIBRARY_PATH=/home/gsylvia/agrobot-reverse-engineering/Agrobot/install/canopen_core/lib:/home/gsylvia/agrobot-reverse-engineering/Agrobot/install/lely_core_libraries/lib:/home/gsylvia/agrobot-reverse-engineering/Agrobot/install/canopen_interfaces/lib:${LD_LIBRARY_PATH} PATH=/home/gsylvia/agrobot-reverse-engineering/Agrobot/install/lely_core_libraries/bin:${PATH} PYTHONPATH=/home/gsylvia/agrobot-reverse-engineering/Agrobot/install/lely_core_libraries/lib/python3.12/site-packages:/home/gsylvia/agrobot-reverse-engineering/Agrobot/install/canopen_interfaces/lib/python3.12/site-packages:${PYTHONPATH} /usr/bin/cmake --install /home/gsylvia/agrobot-reverse-engineering/Agrobot/build/canopen_base_driver
[40.221s] Level 1:colcon.colcon_core.environment:create_environment_scripts_only(canopen_base_driver)
[40.222s] DEBUG:colcon.colcon_core.event_handler.log_command:Invoked command in '/home/gsylvia/agrobot-reverse-engineering/Agrobot/build/canopen_base_driver' returned '0': AMENT_PREFIX_PATH=/home/gsylvia/agrobot-reverse-engineering/Agrobot/install/canopen_core:/home/gsylvia/agrobot-reverse-engineering/Agrobot/install/lely_core_libraries:/home/gsylvia/agrobot-reverse-engineering/Agrobot/install/canopen_interfaces:${AMENT_PREFIX_PATH} CMAKE_PREFIX_PATH=/home/gsylvia/agrobot-reverse-engineering/Agrobot/install/canopen_core:/home/gsylvia/agrobot-reverse-engineering/Agrobot/install/lely_core_libraries:/home/gsylvia/agrobot-reverse-engineering/Agrobot/install/canopen_interfaces:/opt/ros/jazzy/opt/gz_sim_vendor:/opt/ros/jazzy/opt/gz_sensors_vendor:/opt/ros/jazzy/opt/gz_physics_vendor:/opt/ros/jazzy/opt/sdformat_vendor:/opt/ros/jazzy/opt/gz_gui_vendor:/opt/ros/jazzy/opt/gz_transport_vendor:/opt/ros/jazzy/opt/gz_rendering_vendor:/opt/ros/jazzy/opt/gz_plugin_vendor:/opt/ros/jazzy/opt/gz_fuel_tools_vendor:/opt/ros/jazzy/opt/gz_msgs_vendor:/opt/ros/jazzy/opt/gz_common_vendor:/opt/ros/jazzy/opt/gz_math_vendor:/opt/ros/jazzy/opt/gz_utils_vendor:/opt/ros/jazzy/opt/gz_tools_vendor:/opt/ros/jazzy/opt/gz_ogre_next_vendor:/opt/ros/jazzy/opt/gz_dartsim_vendor:/opt/ros/jazzy/opt/gz_cmake_vendor:/opt/ros/jazzy LD_LIBRARY_PATH=/home/gsylvia/agrobot-reverse-engineering/Agrobot/install/canopen_core/lib:/home/gsylvia/agrobot-reverse-engineering/Agrobot/install/lely_core_libraries/lib:/home/gsylvia/agrobot-reverse-engineering/Agrobot/install/canopen_interfaces/lib:${LD_LIBRARY_PATH} PATH=/home/gsylvia/agrobot-reverse-engineering/Agrobot/install/lely_core_libraries/bin:${PATH} PYTHONPATH=/home/gsylvia/agrobot-reverse-engineering/Agrobot/install/lely_core_libraries/lib/python3.12/site-packages:/home/gsylvia/agrobot-reverse-engineering/Agrobot/install/canopen_interfaces/lib/python3.12/site-packages:${PYTHONPATH} /usr/bin/cmake --install /home/gsylvia/agrobot-reverse-engineering/Agrobot/build/canopen_base_driver
[40.222s] Level 1:colcon.colcon_core.environment:checking '/home/gsylvia/agrobot-reverse-engineering/Agrobot/install/canopen_base_driver' for CMake module files
[40.223s] Level 1:colcon.colcon_core.environment:checking '/home/gsylvia/agrobot-reverse-engineering/Agrobot/install/canopen_base_driver' for CMake config files
[40.223s] Level 1:colcon.colcon_core.shell:create_environment_hook('canopen_base_driver', 'cmake_prefix_path')
[40.223s] INFO:colcon.colcon_core.shell:Creating environment hook '/home/gsylvia/agrobot-reverse-engineering/Agrobot/install/canopen_base_driver/share/canopen_base_driver/hook/cmake_prefix_path.ps1'
[40.224s] INFO:colcon.colcon_core.shell:Creating environment descriptor '/home/gsylvia/agrobot-reverse-engineering/Agrobot/install/canopen_base_driver/share/canopen_base_driver/hook/cmake_prefix_path.dsv'
[40.225s] INFO:colcon.colcon_core.shell:Creating environment hook '/home/gsylvia/agrobot-reverse-engineering/Agrobot/install/canopen_base_driver/share/canopen_base_driver/hook/cmake_prefix_path.sh'
[40.225s] Level 1:colcon.colcon_core.environment:checking '/home/gsylvia/agrobot-reverse-engineering/Agrobot/install/canopen_base_driver/lib'
[40.225s] Level 1:colcon.colcon_core.shell:create_environment_hook('canopen_base_driver', 'ld_library_path_lib')
[40.226s] INFO:colcon.colcon_core.shell:Creating environment hook '/home/gsylvia/agrobot-reverse-engineering/Agrobot/install/canopen_base_driver/share/canopen_base_driver/hook/ld_library_path_lib.ps1'
[40.226s] INFO:colcon.colcon_core.shell:Creating environment descriptor '/home/gsylvia/agrobot-reverse-engineering/Agrobot/install/canopen_base_driver/share/canopen_base_driver/hook/ld_library_path_lib.dsv'
[40.226s] INFO:colcon.colcon_core.shell:Creating environment hook '/home/gsylvia/agrobot-reverse-engineering/Agrobot/install/canopen_base_driver/share/canopen_base_driver/hook/ld_library_path_lib.sh'
[40.227s] Level 1:colcon.colcon_core.environment:checking '/home/gsylvia/agrobot-reverse-engineering/Agrobot/install/canopen_base_driver/bin'
[40.227s] Level 1:colcon.colcon_core.environment:checking '/home/gsylvia/agrobot-reverse-engineering/Agrobot/install/canopen_base_driver/lib/pkgconfig/canopen_base_driver.pc'
[40.227s] Level 1:colcon.colcon_core.environment:checking '/home/gsylvia/agrobot-reverse-engineering/Agrobot/install/canopen_base_driver/lib/python3.12/site-packages'
[40.227s] Level 1:colcon.colcon_core.environment:checking '/home/gsylvia/agrobot-reverse-engineering/Agrobot/install/canopen_base_driver/bin'
[40.228s] INFO:colcon.colcon_core.shell:Creating package script '/home/gsylvia/agrobot-reverse-engineering/Agrobot/install/canopen_base_driver/share/canopen_base_driver/package.ps1'
[40.229s] INFO:colcon.colcon_core.shell:Creating package descriptor '/home/gsylvia/agrobot-reverse-engineering/Agrobot/install/canopen_base_driver/share/canopen_base_driver/package.dsv'
[40.229s] INFO:colcon.colcon_core.shell:Creating package script '/home/gsylvia/agrobot-reverse-engineering/Agrobot/install/canopen_base_driver/share/canopen_base_driver/package.sh'
[40.229s] INFO:colcon.colcon_core.shell:Creating package script '/home/gsylvia/agrobot-reverse-engineering/Agrobot/install/canopen_base_driver/share/canopen_base_driver/package.bash'
[40.230s] INFO:colcon.colcon_core.shell:Creating package script '/home/gsylvia/agrobot-reverse-engineering/Agrobot/install/canopen_base_driver/share/canopen_base_driver/package.zsh'
[40.230s] Level 1:colcon.colcon_core.environment:create_file_with_runtime_dependencies(/home/gsylvia/agrobot-reverse-engineering/Agrobot/install/canopen_base_driver/share/colcon-core/packages/canopen_base_driver)
[40.230s] Level 1:colcon.colcon_core.environment:create_environment_scripts_only(canopen_base_driver)
[40.230s] Level 1:colcon.colcon_core.environment:checking '/home/gsylvia/agrobot-reverse-engineering/Agrobot/install/canopen_base_driver' for CMake module files
[40.231s] Level 1:colcon.colcon_core.environment:checking '/home/gsylvia/agrobot-reverse-engineering/Agrobot/install/canopen_base_driver' for CMake config files
[40.231s] Level 1:colcon.colcon_core.shell:create_environment_hook('canopen_base_driver', 'cmake_prefix_path')
[40.231s] INFO:colcon.colcon_core.shell:Creating environment hook '/home/gsylvia/agrobot-reverse-engineering/Agrobot/install/canopen_base_driver/share/canopen_base_driver/hook/cmake_prefix_path.ps1'
[40.231s] INFO:colcon.colcon_core.shell:Creating environment descriptor '/home/gsylvia/agrobot-reverse-engineering/Agrobot/install/canopen_base_driver/share/canopen_base_driver/hook/cmake_prefix_path.dsv'
[40.232s] INFO:colcon.colcon_core.shell:Creating environment hook '/home/gsylvia/agrobot-reverse-engineering/Agrobot/install/canopen_base_driver/share/canopen_base_driver/hook/cmake_prefix_path.sh'
[40.232s] Level 1:colcon.colcon_core.environment:checking '/home/gsylvia/agrobot-reverse-engineering/Agrobot/install/canopen_base_driver/lib'
[40.232s] Level 1:colcon.colcon_core.shell:create_environment_hook('canopen_base_driver', 'ld_library_path_lib')
[40.233s] INFO:colcon.colcon_core.shell:Creating environment hook '/home/gsylvia/agrobot-reverse-engineering/Agrobot/install/canopen_base_driver/share/canopen_base_driver/hook/ld_library_path_lib.ps1'
[40.233s] INFO:colcon.colcon_core.shell:Creating environment descriptor '/home/gsylvia/agrobot-reverse-engineering/Agrobot/install/canopen_base_driver/share/canopen_base_driver/hook/ld_library_path_lib.dsv'
[40.233s] INFO:colcon.colcon_core.shell:Creating environment hook '/home/gsylvia/agrobot-reverse-engineering/Agrobot/install/canopen_base_driver/share/canopen_base_driver/hook/ld_library_path_lib.sh'
[40.234s] Level 1:colcon.colcon_core.environment:checking '/home/gsylvia/agrobot-reverse-engineering/Agrobot/install/canopen_base_driver/bin'
[40.234s] Level 1:colcon.colcon_core.environment:checking '/home/gsylvia/agrobot-reverse-engineering/Agrobot/install/canopen_base_driver/lib/pkgconfig/canopen_base_driver.pc'
[40.234s] Level 1:colcon.colcon_core.environment:checking '/home/gsylvia/agrobot-reverse-engineering/Agrobot/install/canopen_base_driver/lib/python3.12/site-packages'
[40.234s] Level 1:colcon.colcon_core.environment:checking '/home/gsylvia/agrobot-reverse-engineering/Agrobot/install/canopen_base_driver/bin'
[40.234s] INFO:colcon.colcon_core.shell:Creating package script '/home/gsylvia/agrobot-reverse-engineering/Agrobot/install/canopen_base_driver/share/canopen_base_driver/package.ps1'
[40.235s] INFO:colcon.colcon_core.shell:Creating package descriptor '/home/gsylvia/agrobot-reverse-engineering/Agrobot/install/canopen_base_driver/share/canopen_base_driver/package.dsv'
[40.235s] INFO:colcon.colcon_core.shell:Creating package script '/home/gsylvia/agrobot-reverse-engineering/Agrobot/install/canopen_base_driver/share/canopen_base_driver/package.sh'
[40.236s] INFO:colcon.colcon_core.shell:Creating package script '/home/gsylvia/agrobot-reverse-engineering/Agrobot/install/canopen_base_driver/share/canopen_base_driver/package.bash'
[40.236s] INFO:colcon.colcon_core.shell:Creating package script '/home/gsylvia/agrobot-reverse-engineering/Agrobot/install/canopen_base_driver/share/canopen_base_driver/package.zsh'
[40.236s] Level 1:colcon.colcon_core.environment:create_file_with_runtime_dependencies(/home/gsylvia/agrobot-reverse-engineering/Agrobot/install/canopen_base_driver/share/colcon-core/packages/canopen_base_driver)
[40.237s] INFO:colcon.colcon_ros.task.ament_cmake.build:Building ROS package in '/home/gsylvia/agrobot-reverse-engineering/Agrobot/src/ros2_canopen/canopen_proxy_driver' with build type 'ament_cmake'
[40.237s] INFO:colcon.colcon_cmake.task.cmake.build:Building CMake package in '/home/gsylvia/agrobot-reverse-engineering/Agrobot/src/ros2_canopen/canopen_proxy_driver'
[40.237s] INFO:colcon.colcon_core.shell:Skip shell extension 'powershell' for command environment: Not usable outside of PowerShell
[40.237s] DEBUG:colcon.colcon_core.shell:Skip shell extension 'dsv' for command environment
[40.740s] DEBUG:colcon.colcon_core.event_handler.log_command:Invoking command in '/home/gsylvia/agrobot-reverse-engineering/Agrobot/build/canopen_proxy_driver': AMENT_PREFIX_PATH=/home/gsylvia/agrobot-reverse-engineering/Agrobot/install/canopen_base_driver:/home/gsylvia/agrobot-reverse-engineering/Agrobot/install/canopen_core:/home/gsylvia/agrobot-reverse-engineering/Agrobot/install/lely_core_libraries:/home/gsylvia/agrobot-reverse-engineering/Agrobot/install/canopen_interfaces:${AMENT_PREFIX_PATH} CMAKE_PREFIX_PATH=/home/gsylvia/agrobot-reverse-engineering/Agrobot/install/canopen_base_driver:/home/gsylvia/agrobot-reverse-engineering/Agrobot/install/canopen_core:/home/gsylvia/agrobot-reverse-engineering/Agrobot/install/lely_core_libraries:/home/gsylvia/agrobot-reverse-engineering/Agrobot/install/canopen_interfaces:/opt/ros/jazzy/opt/gz_sim_vendor:/opt/ros/jazzy/opt/gz_sensors_vendor:/opt/ros/jazzy/opt/gz_physics_vendor:/opt/ros/jazzy/opt/sdformat_vendor:/opt/ros/jazzy/opt/gz_gui_vendor:/opt/ros/jazzy/opt/gz_transport_vendor:/opt/ros/jazzy/opt/gz_rendering_vendor:/opt/ros/jazzy/opt/gz_plugin_vendor:/opt/ros/jazzy/opt/gz_fuel_tools_vendor:/opt/ros/jazzy/opt/gz_msgs_vendor:/opt/ros/jazzy/opt/gz_common_vendor:/opt/ros/jazzy/opt/gz_math_vendor:/opt/ros/jazzy/opt/gz_utils_vendor:/opt/ros/jazzy/opt/gz_tools_vendor:/opt/ros/jazzy/opt/gz_ogre_next_vendor:/opt/ros/jazzy/opt/gz_dartsim_vendor:/opt/ros/jazzy/opt/gz_cmake_vendor:/opt/ros/jazzy LD_LIBRARY_PATH=/home/gsylvia/agrobot-reverse-engineering/Agrobot/install/canopen_base_driver/lib:/home/gsylvia/agrobot-reverse-engineering/Agrobot/install/canopen_core/lib:/home/gsylvia/agrobot-reverse-engineering/Agrobot/install/lely_core_libraries/lib:/home/gsylvia/agrobot-reverse-engineering/Agrobot/install/canopen_interfaces/lib:${LD_LIBRARY_PATH} PATH=/home/gsylvia/agrobot-reverse-engineering/Agrobot/install/lely_core_libraries/bin:${PATH} PYTHONPATH=/home/gsylvia/agrobot-reverse-engineering/Agrobot/install/lely_core_libraries/lib/python3.12/site-packages:/home/gsylvia/agrobot-reverse-engineering/Agrobot/install/canopen_interfaces/lib/python3.12/site-packages:${PYTHONPATH} /usr/bin/cmake --build /home/gsylvia/agrobot-reverse-engineering/Agrobot/build/canopen_proxy_driver -- -j16 -l16
[42.887s] DEBUG:colcon.colcon_core.event_handler.log_command:Invoked command in '/home/gsylvia/agrobot-reverse-engineering/Agrobot/build/canopen_master_driver' returned '0': AMENT_PREFIX_PATH=/home/gsylvia/agrobot-reverse-engineering/Agrobot/install/canopen_core:/home/gsylvia/agrobot-reverse-engineering/Agrobot/install/lely_core_libraries:/home/gsylvia/agrobot-reverse-engineering/Agrobot/install/canopen_interfaces:${AMENT_PREFIX_PATH} CMAKE_PREFIX_PATH=/home/gsylvia/agrobot-reverse-engineering/Agrobot/install/canopen_core:/home/gsylvia/agrobot-reverse-engineering/Agrobot/install/lely_core_libraries:/home/gsylvia/agrobot-reverse-engineering/Agrobot/install/canopen_interfaces:/opt/ros/jazzy/opt/gz_sim_vendor:/opt/ros/jazzy/opt/gz_sensors_vendor:/opt/ros/jazzy/opt/gz_physics_vendor:/opt/ros/jazzy/opt/sdformat_vendor:/opt/ros/jazzy/opt/gz_gui_vendor:/opt/ros/jazzy/opt/gz_transport_vendor:/opt/ros/jazzy/opt/gz_rendering_vendor:/opt/ros/jazzy/opt/gz_plugin_vendor:/opt/ros/jazzy/opt/gz_fuel_tools_vendor:/opt/ros/jazzy/opt/gz_msgs_vendor:/opt/ros/jazzy/opt/gz_common_vendor:/opt/ros/jazzy/opt/gz_math_vendor:/opt/ros/jazzy/opt/gz_utils_vendor:/opt/ros/jazzy/opt/gz_tools_vendor:/opt/ros/jazzy/opt/gz_ogre_next_vendor:/opt/ros/jazzy/opt/gz_dartsim_vendor:/opt/ros/jazzy/opt/gz_cmake_vendor:/opt/ros/jazzy LD_LIBRARY_PATH=/home/gsylvia/agrobot-reverse-engineering/Agrobot/install/canopen_core/lib:/home/gsylvia/agrobot-reverse-engineering/Agrobot/install/lely_core_libraries/lib:/home/gsylvia/agrobot-reverse-engineering/Agrobot/install/canopen_interfaces/lib:${LD_LIBRARY_PATH} PATH=/home/gsylvia/agrobot-reverse-engineering/Agrobot/install/lely_core_libraries/bin:${PATH} PYTHONPATH=/home/gsylvia/agrobot-reverse-engineering/Agrobot/install/lely_core_libraries/lib/python3.12/site-packages:/home/gsylvia/agrobot-reverse-engineering/Agrobot/install/canopen_interfaces/lib/python3.12/site-packages:${PYTHONPATH} /usr/bin/cmake --build /home/gsylvia/agrobot-reverse-engineering/Agrobot/build/canopen_master_driver -- -j16 -l16
[42.890s] DEBUG:colcon.colcon_core.event_handler.log_command:Invoking command in '/home/gsylvia/agrobot-reverse-engineering/Agrobot/build/canopen_master_driver': AMENT_PREFIX_PATH=/home/gsylvia/agrobot-reverse-engineering/Agrobot/install/canopen_core:/home/gsylvia/agrobot-reverse-engineering/Agrobot/install/lely_core_libraries:/home/gsylvia/agrobot-reverse-engineering/Agrobot/install/canopen_interfaces:${AMENT_PREFIX_PATH} CMAKE_PREFIX_PATH=/home/gsylvia/agrobot-reverse-engineering/Agrobot/install/canopen_core:/home/gsylvia/agrobot-reverse-engineering/Agrobot/install/lely_core_libraries:/home/gsylvia/agrobot-reverse-engineering/Agrobot/install/canopen_interfaces:/opt/ros/jazzy/opt/gz_sim_vendor:/opt/ros/jazzy/opt/gz_sensors_vendor:/opt/ros/jazzy/opt/gz_physics_vendor:/opt/ros/jazzy/opt/sdformat_vendor:/opt/ros/jazzy/opt/gz_gui_vendor:/opt/ros/jazzy/opt/gz_transport_vendor:/opt/ros/jazzy/opt/gz_rendering_vendor:/opt/ros/jazzy/opt/gz_plugin_vendor:/opt/ros/jazzy/opt/gz_fuel_tools_vendor:/opt/ros/jazzy/opt/gz_msgs_vendor:/opt/ros/jazzy/opt/gz_common_vendor:/opt/ros/jazzy/opt/gz_math_vendor:/opt/ros/jazzy/opt/gz_utils_vendor:/opt/ros/jazzy/opt/gz_tools_vendor:/opt/ros/jazzy/opt/gz_ogre_next_vendor:/opt/ros/jazzy/opt/gz_dartsim_vendor:/opt/ros/jazzy/opt/gz_cmake_vendor:/opt/ros/jazzy LD_LIBRARY_PATH=/home/gsylvia/agrobot-reverse-engineering/Agrobot/install/canopen_core/lib:/home/gsylvia/agrobot-reverse-engineering/Agrobot/install/lely_core_libraries/lib:/home/gsylvia/agrobot-reverse-engineering/Agrobot/install/canopen_interfaces/lib:${LD_LIBRARY_PATH} PATH=/home/gsylvia/agrobot-reverse-engineering/Agrobot/install/lely_core_libraries/bin:${PATH} PYTHONPATH=/home/gsylvia/agrobot-reverse-engineering/Agrobot/install/lely_core_libraries/lib/python3.12/site-packages:/home/gsylvia/agrobot-reverse-engineering/Agrobot/install/canopen_interfaces/lib/python3.12/site-packages:${PYTHONPATH} /usr/bin/cmake --install /home/gsylvia/agrobot-reverse-engineering/Agrobot/build/canopen_master_driver
[42.910s] Level 1:colcon.colcon_core.environment:create_environment_scripts_only(canopen_master_driver)
[42.911s] Level 1:colcon.colcon_core.environment:checking '/home/gsylvia/agrobot-reverse-engineering/Agrobot/install/canopen_master_driver' for CMake module files
[42.911s] DEBUG:colcon.colcon_core.event_handler.log_command:Invoked command in '/home/gsylvia/agrobot-reverse-engineering/Agrobot/build/canopen_master_driver' returned '0': AMENT_PREFIX_PATH=/home/gsylvia/agrobot-reverse-engineering/Agrobot/install/canopen_core:/home/gsylvia/agrobot-reverse-engineering/Agrobot/install/lely_core_libraries:/home/gsylvia/agrobot-reverse-engineering/Agrobot/install/canopen_interfaces:${AMENT_PREFIX_PATH} CMAKE_PREFIX_PATH=/home/gsylvia/agrobot-reverse-engineering/Agrobot/install/canopen_core:/home/gsylvia/agrobot-reverse-engineering/Agrobot/install/lely_core_libraries:/home/gsylvia/agrobot-reverse-engineering/Agrobot/install/canopen_interfaces:/opt/ros/jazzy/opt/gz_sim_vendor:/opt/ros/jazzy/opt/gz_sensors_vendor:/opt/ros/jazzy/opt/gz_physics_vendor:/opt/ros/jazzy/opt/sdformat_vendor:/opt/ros/jazzy/opt/gz_gui_vendor:/opt/ros/jazzy/opt/gz_transport_vendor:/opt/ros/jazzy/opt/gz_rendering_vendor:/opt/ros/jazzy/opt/gz_plugin_vendor:/opt/ros/jazzy/opt/gz_fuel_tools_vendor:/opt/ros/jazzy/opt/gz_msgs_vendor:/opt/ros/jazzy/opt/gz_common_vendor:/opt/ros/jazzy/opt/gz_math_vendor:/opt/ros/jazzy/opt/gz_utils_vendor:/opt/ros/jazzy/opt/gz_tools_vendor:/opt/ros/jazzy/opt/gz_ogre_next_vendor:/opt/ros/jazzy/opt/gz_dartsim_vendor:/opt/ros/jazzy/opt/gz_cmake_vendor:/opt/ros/jazzy LD_LIBRARY_PATH=/home/gsylvia/agrobot-reverse-engineering/Agrobot/install/canopen_core/lib:/home/gsylvia/agrobot-reverse-engineering/Agrobot/install/lely_core_libraries/lib:/home/gsylvia/agrobot-reverse-engineering/Agrobot/install/canopen_interfaces/lib:${LD_LIBRARY_PATH} PATH=/home/gsylvia/agrobot-reverse-engineering/Agrobot/install/lely_core_libraries/bin:${PATH} PYTHONPATH=/home/gsylvia/agrobot-reverse-engineering/Agrobot/install/lely_core_libraries/lib/python3.12/site-packages:/home/gsylvia/agrobot-reverse-engineering/Agrobot/install/canopen_interfaces/lib/python3.12/site-packages:${PYTHONPATH} /usr/bin/cmake --install /home/gsylvia/agrobot-reverse-engineering/Agrobot/build/canopen_master_driver
[42.912s] Level 1:colcon.colcon_core.environment:checking '/home/gsylvia/agrobot-reverse-engineering/Agrobot/install/canopen_master_driver' for CMake config files
[42.912s] Level 1:colcon.colcon_core.shell:create_environment_hook('canopen_master_driver', 'cmake_prefix_path')
[42.912s] INFO:colcon.colcon_core.shell:Creating environment hook '/home/gsylvia/agrobot-reverse-engineering/Agrobot/install/canopen_master_driver/share/canopen_master_driver/hook/cmake_prefix_path.ps1'
[42.912s] INFO:colcon.colcon_core.shell:Creating environment descriptor '/home/gsylvia/agrobot-reverse-engineering/Agrobot/install/canopen_master_driver/share/canopen_master_driver/hook/cmake_prefix_path.dsv'
[42.913s] INFO:colcon.colcon_core.shell:Creating environment hook '/home/gsylvia/agrobot-reverse-engineering/Agrobot/install/canopen_master_driver/share/canopen_master_driver/hook/cmake_prefix_path.sh'
[42.913s] Level 1:colcon.colcon_core.environment:checking '/home/gsylvia/agrobot-reverse-engineering/Agrobot/install/canopen_master_driver/lib'
[42.913s] Level 1:colcon.colcon_core.shell:create_environment_hook('canopen_master_driver', 'ld_library_path_lib')
[42.914s] INFO:colcon.colcon_core.shell:Creating environment hook '/home/gsylvia/agrobot-reverse-engineering/Agrobot/install/canopen_master_driver/share/canopen_master_driver/hook/ld_library_path_lib.ps1'
[42.914s] INFO:colcon.colcon_core.shell:Creating environment descriptor '/home/gsylvia/agrobot-reverse-engineering/Agrobot/install/canopen_master_driver/share/canopen_master_driver/hook/ld_library_path_lib.dsv'
[42.914s] INFO:colcon.colcon_core.shell:Creating environment hook '/home/gsylvia/agrobot-reverse-engineering/Agrobot/install/canopen_master_driver/share/canopen_master_driver/hook/ld_library_path_lib.sh'
[42.914s] Level 1:colcon.colcon_core.environment:checking '/home/gsylvia/agrobot-reverse-engineering/Agrobot/install/canopen_master_driver/bin'
[42.915s] Level 1:colcon.colcon_core.environment:checking '/home/gsylvia/agrobot-reverse-engineering/Agrobot/install/canopen_master_driver/lib/pkgconfig/canopen_master_driver.pc'
[42.915s] Level 1:colcon.colcon_core.environment:checking '/home/gsylvia/agrobot-reverse-engineering/Agrobot/install/canopen_master_driver/lib/python3.12/site-packages'
[42.915s] Level 1:colcon.colcon_core.environment:checking '/home/gsylvia/agrobot-reverse-engineering/Agrobot/install/canopen_master_driver/bin'
[42.915s] INFO:colcon.colcon_core.shell:Creating package script '/home/gsylvia/agrobot-reverse-engineering/Agrobot/install/canopen_master_driver/share/canopen_master_driver/package.ps1'
[42.916s] INFO:colcon.colcon_core.shell:Creating package descriptor '/home/gsylvia/agrobot-reverse-engineering/Agrobot/install/canopen_master_driver/share/canopen_master_driver/package.dsv'
[42.916s] INFO:colcon.colcon_core.shell:Creating package script '/home/gsylvia/agrobot-reverse-engineering/Agrobot/install/canopen_master_driver/share/canopen_master_driver/package.sh'
[42.916s] INFO:colcon.colcon_core.shell:Creating package script '/home/gsylvia/agrobot-reverse-engineering/Agrobot/install/canopen_master_driver/share/canopen_master_driver/package.bash'
[42.917s] INFO:colcon.colcon_core.shell:Creating package script '/home/gsylvia/agrobot-reverse-engineering/Agrobot/install/canopen_master_driver/share/canopen_master_driver/package.zsh'
[42.917s] Level 1:colcon.colcon_core.environment:create_file_with_runtime_dependencies(/home/gsylvia/agrobot-reverse-engineering/Agrobot/install/canopen_master_driver/share/colcon-core/packages/canopen_master_driver)
[42.918s] Level 1:colcon.colcon_core.environment:create_environment_scripts_only(canopen_master_driver)
[42.918s] Level 1:colcon.colcon_core.environment:checking '/home/gsylvia/agrobot-reverse-engineering/Agrobot/install/canopen_master_driver' for CMake module files
[42.918s] Level 1:colcon.colcon_core.environment:checking '/home/gsylvia/agrobot-reverse-engineering/Agrobot/install/canopen_master_driver' for CMake config files
[42.918s] Level 1:colcon.colcon_core.shell:create_environment_hook('canopen_master_driver', 'cmake_prefix_path')
[42.918s] INFO:colcon.colcon_core.shell:Creating environment hook '/home/gsylvia/agrobot-reverse-engineering/Agrobot/install/canopen_master_driver/share/canopen_master_driver/hook/cmake_prefix_path.ps1'
[42.919s] INFO:colcon.colcon_core.shell:Creating environment descriptor '/home/gsylvia/agrobot-reverse-engineering/Agrobot/install/canopen_master_driver/share/canopen_master_driver/hook/cmake_prefix_path.dsv'
[42.919s] INFO:colcon.colcon_core.shell:Creating environment hook '/home/gsylvia/agrobot-reverse-engineering/Agrobot/install/canopen_master_driver/share/canopen_master_driver/hook/cmake_prefix_path.sh'
[42.920s] Level 1:colcon.colcon_core.environment:checking '/home/gsylvia/agrobot-reverse-engineering/Agrobot/install/canopen_master_driver/lib'
[42.920s] Level 1:colcon.colcon_core.shell:create_environment_hook('canopen_master_driver', 'ld_library_path_lib')
[42.920s] INFO:colcon.colcon_core.shell:Creating environment hook '/home/gsylvia/agrobot-reverse-engineering/Agrobot/install/canopen_master_driver/share/canopen_master_driver/hook/ld_library_path_lib.ps1'
[42.920s] INFO:colcon.colcon_core.shell:Creating environment descriptor '/home/gsylvia/agrobot-reverse-engineering/Agrobot/install/canopen_master_driver/share/canopen_master_driver/hook/ld_library_path_lib.dsv'
[42.920s] INFO:colcon.colcon_core.shell:Creating environment hook '/home/gsylvia/agrobot-reverse-engineering/Agrobot/install/canopen_master_driver/share/canopen_master_driver/hook/ld_library_path_lib.sh'
[42.921s] Level 1:colcon.colcon_core.environment:checking '/home/gsylvia/agrobot-reverse-engineering/Agrobot/install/canopen_master_driver/bin'
[42.921s] Level 1:colcon.colcon_core.environment:checking '/home/gsylvia/agrobot-reverse-engineering/Agrobot/install/canopen_master_driver/lib/pkgconfig/canopen_master_driver.pc'
[42.921s] Level 1:colcon.colcon_core.environment:checking '/home/gsylvia/agrobot-reverse-engineering/Agrobot/install/canopen_master_driver/lib/python3.12/site-packages'
[42.921s] Level 1:colcon.colcon_core.environment:checking '/home/gsylvia/agrobot-reverse-engineering/Agrobot/install/canopen_master_driver/bin'
[42.921s] INFO:colcon.colcon_core.shell:Creating package script '/home/gsylvia/agrobot-reverse-engineering/Agrobot/install/canopen_master_driver/share/canopen_master_driver/package.ps1'
[42.922s] INFO:colcon.colcon_core.shell:Creating package descriptor '/home/gsylvia/agrobot-reverse-engineering/Agrobot/install/canopen_master_driver/share/canopen_master_driver/package.dsv'
[42.922s] INFO:colcon.colcon_core.shell:Creating package script '/home/gsylvia/agrobot-reverse-engineering/Agrobot/install/canopen_master_driver/share/canopen_master_driver/package.sh'
[42.922s] INFO:colcon.colcon_core.shell:Creating package script '/home/gsylvia/agrobot-reverse-engineering/Agrobot/install/canopen_master_driver/share/canopen_master_driver/package.bash'
[42.922s] INFO:colcon.colcon_core.shell:Creating package script '/home/gsylvia/agrobot-reverse-engineering/Agrobot/install/canopen_master_driver/share/canopen_master_driver/package.zsh'
[42.923s] Level 1:colcon.colcon_core.environment:create_file_with_runtime_dependencies(/home/gsylvia/agrobot-reverse-engineering/Agrobot/install/canopen_master_driver/share/colcon-core/packages/canopen_master_driver)
[54.934s] DEBUG:colcon.colcon_core.event_handler.log_command:Invoked command in '/home/gsylvia/agrobot-reverse-engineering/Agrobot/build/canopen_proxy_driver' returned '0': AMENT_PREFIX_PATH=/home/gsylvia/agrobot-reverse-engineering/Agrobot/install/canopen_base_driver:/home/gsylvia/agrobot-reverse-engineering/Agrobot/install/canopen_core:/home/gsylvia/agrobot-reverse-engineering/Agrobot/install/lely_core_libraries:/home/gsylvia/agrobot-reverse-engineering/Agrobot/install/canopen_interfaces:${AMENT_PREFIX_PATH} CMAKE_PREFIX_PATH=/home/gsylvia/agrobot-reverse-engineering/Agrobot/install/canopen_base_driver:/home/gsylvia/agrobot-reverse-engineering/Agrobot/install/canopen_core:/home/gsylvia/agrobot-reverse-engineering/Agrobot/install/lely_core_libraries:/home/gsylvia/agrobot-reverse-engineering/Agrobot/install/canopen_interfaces:/opt/ros/jazzy/opt/gz_sim_vendor:/opt/ros/jazzy/opt/gz_sensors_vendor:/opt/ros/jazzy/opt/gz_physics_vendor:/opt/ros/jazzy/opt/sdformat_vendor:/opt/ros/jazzy/opt/gz_gui_vendor:/opt/ros/jazzy/opt/gz_transport_vendor:/opt/ros/jazzy/opt/gz_rendering_vendor:/opt/ros/jazzy/opt/gz_plugin_vendor:/opt/ros/jazzy/opt/gz_fuel_tools_vendor:/opt/ros/jazzy/opt/gz_msgs_vendor:/opt/ros/jazzy/opt/gz_common_vendor:/opt/ros/jazzy/opt/gz_math_vendor:/opt/ros/jazzy/opt/gz_utils_vendor:/opt/ros/jazzy/opt/gz_tools_vendor:/opt/ros/jazzy/opt/gz_ogre_next_vendor:/opt/ros/jazzy/opt/gz_dartsim_vendor:/opt/ros/jazzy/opt/gz_cmake_vendor:/opt/ros/jazzy LD_LIBRARY_PATH=/home/gsylvia/agrobot-reverse-engineering/Agrobot/install/canopen_base_driver/lib:/home/gsylvia/agrobot-reverse-engineering/Agrobot/install/canopen_core/lib:/home/gsylvia/agrobot-reverse-engineering/Agrobot/install/lely_core_libraries/lib:/home/gsylvia/agrobot-reverse-engineering/Agrobot/install/canopen_interfaces/lib:${LD_LIBRARY_PATH} PATH=/home/gsylvia/agrobot-reverse-engineering/Agrobot/install/lely_core_libraries/bin:${PATH} PYTHONPATH=/home/gsylvia/agrobot-reverse-engineering/Agrobot/install/lely_core_libraries/lib/python3.12/site-packages:/home/gsylvia/agrobot-reverse-engineering/Agrobot/install/canopen_interfaces/lib/python3.12/site-packages:${PYTHONPATH} /usr/bin/cmake --build /home/gsylvia/agrobot-reverse-engineering/Agrobot/build/canopen_proxy_driver -- -j16 -l16
[54.935s] DEBUG:colcon.colcon_core.event_handler.log_command:Invoking command in '/home/gsylvia/agrobot-reverse-engineering/Agrobot/build/canopen_proxy_driver': AMENT_PREFIX_PATH=/home/gsylvia/agrobot-reverse-engineering/Agrobot/install/canopen_base_driver:/home/gsylvia/agrobot-reverse-engineering/Agrobot/install/canopen_core:/home/gsylvia/agrobot-reverse-engineering/Agrobot/install/lely_core_libraries:/home/gsylvia/agrobot-reverse-engineering/Agrobot/install/canopen_interfaces:${AMENT_PREFIX_PATH} CMAKE_PREFIX_PATH=/home/gsylvia/agrobot-reverse-engineering/Agrobot/install/canopen_base_driver:/home/gsylvia/agrobot-reverse-engineering/Agrobot/install/canopen_core:/home/gsylvia/agrobot-reverse-engineering/Agrobot/install/lely_core_libraries:/home/gsylvia/agrobot-reverse-engineering/Agrobot/install/canopen_interfaces:/opt/ros/jazzy/opt/gz_sim_vendor:/opt/ros/jazzy/opt/gz_sensors_vendor:/opt/ros/jazzy/opt/gz_physics_vendor:/opt/ros/jazzy/opt/sdformat_vendor:/opt/ros/jazzy/opt/gz_gui_vendor:/opt/ros/jazzy/opt/gz_transport_vendor:/opt/ros/jazzy/opt/gz_rendering_vendor:/opt/ros/jazzy/opt/gz_plugin_vendor:/opt/ros/jazzy/opt/gz_fuel_tools_vendor:/opt/ros/jazzy/opt/gz_msgs_vendor:/opt/ros/jazzy/opt/gz_common_vendor:/opt/ros/jazzy/opt/gz_math_vendor:/opt/ros/jazzy/opt/gz_utils_vendor:/opt/ros/jazzy/opt/gz_tools_vendor:/opt/ros/jazzy/opt/gz_ogre_next_vendor:/opt/ros/jazzy/opt/gz_dartsim_vendor:/opt/ros/jazzy/opt/gz_cmake_vendor:/opt/ros/jazzy LD_LIBRARY_PATH=/home/gsylvia/agrobot-reverse-engineering/Agrobot/install/canopen_base_driver/lib:/home/gsylvia/agrobot-reverse-engineering/Agrobot/install/canopen_core/lib:/home/gsylvia/agrobot-reverse-engineering/Agrobot/install/lely_core_libraries/lib:/home/gsylvia/agrobot-reverse-engineering/Agrobot/install/canopen_interfaces/lib:${LD_LIBRARY_PATH} PATH=/home/gsylvia/agrobot-reverse-engineering/Agrobot/install/lely_core_libraries/bin:${PATH} PYTHONPATH=/home/gsylvia/agrobot-reverse-engineering/Agrobot/install/lely_core_libraries/lib/python3.12/site-packages:/home/gsylvia/agrobot-reverse-engineering/Agrobot/install/canopen_interfaces/lib/python3.12/site-packages:${PYTHONPATH} /usr/bin/cmake --install /home/gsylvia/agrobot-reverse-engineering/Agrobot/build/canopen_proxy_driver
[54.955s] Level 1:colcon.colcon_core.environment:create_environment_scripts_only(canopen_proxy_driver)
[54.955s] Level 1:colcon.colcon_core.environment:checking '/home/gsylvia/agrobot-reverse-engineering/Agrobot/install/canopen_proxy_driver' for CMake module files
[54.955s] DEBUG:colcon.colcon_core.event_handler.log_command:Invoked command in '/home/gsylvia/agrobot-reverse-engineering/Agrobot/build/canopen_proxy_driver' returned '0': AMENT_PREFIX_PATH=/home/gsylvia/agrobot-reverse-engineering/Agrobot/install/canopen_base_driver:/home/gsylvia/agrobot-reverse-engineering/Agrobot/install/canopen_core:/home/gsylvia/agrobot-reverse-engineering/Agrobot/install/lely_core_libraries:/home/gsylvia/agrobot-reverse-engineering/Agrobot/install/canopen_interfaces:${AMENT_PREFIX_PATH} CMAKE_PREFIX_PATH=/home/gsylvia/agrobot-reverse-engineering/Agrobot/install/canopen_base_driver:/home/gsylvia/agrobot-reverse-engineering/Agrobot/install/canopen_core:/home/gsylvia/agrobot-reverse-engineering/Agrobot/install/lely_core_libraries:/home/gsylvia/agrobot-reverse-engineering/Agrobot/install/canopen_interfaces:/opt/ros/jazzy/opt/gz_sim_vendor:/opt/ros/jazzy/opt/gz_sensors_vendor:/opt/ros/jazzy/opt/gz_physics_vendor:/opt/ros/jazzy/opt/sdformat_vendor:/opt/ros/jazzy/opt/gz_gui_vendor:/opt/ros/jazzy/opt/gz_transport_vendor:/opt/ros/jazzy/opt/gz_rendering_vendor:/opt/ros/jazzy/opt/gz_plugin_vendor:/opt/ros/jazzy/opt/gz_fuel_tools_vendor:/opt/ros/jazzy/opt/gz_msgs_vendor:/opt/ros/jazzy/opt/gz_common_vendor:/opt/ros/jazzy/opt/gz_math_vendor:/opt/ros/jazzy/opt/gz_utils_vendor:/opt/ros/jazzy/opt/gz_tools_vendor:/opt/ros/jazzy/opt/gz_ogre_next_vendor:/opt/ros/jazzy/opt/gz_dartsim_vendor:/opt/ros/jazzy/opt/gz_cmake_vendor:/opt/ros/jazzy LD_LIBRARY_PATH=/home/gsylvia/agrobot-reverse-engineering/Agrobot/install/canopen_base_driver/lib:/home/gsylvia/agrobot-reverse-engineering/Agrobot/install/canopen_core/lib:/home/gsylvia/agrobot-reverse-engineering/Agrobot/install/lely_core_libraries/lib:/home/gsylvia/agrobot-reverse-engineering/Agrobot/install/canopen_interfaces/lib:${LD_LIBRARY_PATH} PATH=/home/gsylvia/agrobot-reverse-engineering/Agrobot/install/lely_core_libraries/bin:${PATH} PYTHONPATH=/home/gsylvia/agrobot-reverse-engineering/Agrobot/install/lely_core_libraries/lib/python3.12/site-packages:/home/gsylvia/agrobot-reverse-engineering/Agrobot/install/canopen_interfaces/lib/python3.12/site-packages:${PYTHONPATH} /usr/bin/cmake --install /home/gsylvia/agrobot-reverse-engineering/Agrobot/build/canopen_proxy_driver
[54.956s] Level 1:colcon.colcon_core.environment:checking '/home/gsylvia/agrobot-reverse-engineering/Agrobot/install/canopen_proxy_driver' for CMake config files
[54.956s] Level 1:colcon.colcon_core.shell:create_environment_hook('canopen_proxy_driver', 'cmake_prefix_path')
[54.956s] INFO:colcon.colcon_core.shell:Creating environment hook '/home/gsylvia/agrobot-reverse-engineering/Agrobot/install/canopen_proxy_driver/share/canopen_proxy_driver/hook/cmake_prefix_path.ps1'
[54.957s] INFO:colcon.colcon_core.shell:Creating environment descriptor '/home/gsylvia/agrobot-reverse-engineering/Agrobot/install/canopen_proxy_driver/share/canopen_proxy_driver/hook/cmake_prefix_path.dsv'
[54.957s] INFO:colcon.colcon_core.shell:Creating environment hook '/home/gsylvia/agrobot-reverse-engineering/Agrobot/install/canopen_proxy_driver/share/canopen_proxy_driver/hook/cmake_prefix_path.sh'
[54.957s] Level 1:colcon.colcon_core.environment:checking '/home/gsylvia/agrobot-reverse-engineering/Agrobot/install/canopen_proxy_driver/lib'
[54.957s] Level 1:colcon.colcon_core.shell:create_environment_hook('canopen_proxy_driver', 'ld_library_path_lib')
[54.957s] INFO:colcon.colcon_core.shell:Creating environment hook '/home/gsylvia/agrobot-reverse-engineering/Agrobot/install/canopen_proxy_driver/share/canopen_proxy_driver/hook/ld_library_path_lib.ps1'
[54.958s] INFO:colcon.colcon_core.shell:Creating environment descriptor '/home/gsylvia/agrobot-reverse-engineering/Agrobot/install/canopen_proxy_driver/share/canopen_proxy_driver/hook/ld_library_path_lib.dsv'
[54.958s] INFO:colcon.colcon_core.shell:Creating environment hook '/home/gsylvia/agrobot-reverse-engineering/Agrobot/install/canopen_proxy_driver/share/canopen_proxy_driver/hook/ld_library_path_lib.sh'
[54.958s] Level 1:colcon.colcon_core.environment:checking '/home/gsylvia/agrobot-reverse-engineering/Agrobot/install/canopen_proxy_driver/bin'
[54.958s] Level 1:colcon.colcon_core.environment:checking '/home/gsylvia/agrobot-reverse-engineering/Agrobot/install/canopen_proxy_driver/lib/pkgconfig/canopen_proxy_driver.pc'
[54.958s] Level 1:colcon.colcon_core.environment:checking '/home/gsylvia/agrobot-reverse-engineering/Agrobot/install/canopen_proxy_driver/lib/python3.12/site-packages'
[54.959s] Level 1:colcon.colcon_core.environment:checking '/home/gsylvia/agrobot-reverse-engineering/Agrobot/install/canopen_proxy_driver/bin'
[54.959s] INFO:colcon.colcon_core.shell:Creating package script '/home/gsylvia/agrobot-reverse-engineering/Agrobot/install/canopen_proxy_driver/share/canopen_proxy_driver/package.ps1'
[54.959s] INFO:colcon.colcon_core.shell:Creating package descriptor '/home/gsylvia/agrobot-reverse-engineering/Agrobot/install/canopen_proxy_driver/share/canopen_proxy_driver/package.dsv'
[54.959s] INFO:colcon.colcon_core.shell:Creating package script '/home/gsylvia/agrobot-reverse-engineering/Agrobot/install/canopen_proxy_driver/share/canopen_proxy_driver/package.sh'
[54.959s] INFO:colcon.colcon_core.shell:Creating package script '/home/gsylvia/agrobot-reverse-engineering/Agrobot/install/canopen_proxy_driver/share/canopen_proxy_driver/package.bash'
[54.960s] INFO:colcon.colcon_core.shell:Creating package script '/home/gsylvia/agrobot-reverse-engineering/Agrobot/install/canopen_proxy_driver/share/canopen_proxy_driver/package.zsh'
[54.960s] Level 1:colcon.colcon_core.environment:create_file_with_runtime_dependencies(/home/gsylvia/agrobot-reverse-engineering/Agrobot/install/canopen_proxy_driver/share/colcon-core/packages/canopen_proxy_driver)
[54.960s] Level 1:colcon.colcon_core.environment:create_environment_scripts_only(canopen_proxy_driver)
[54.960s] Level 1:colcon.colcon_core.environment:checking '/home/gsylvia/agrobot-reverse-engineering/Agrobot/install/canopen_proxy_driver' for CMake module files
[54.960s] Level 1:colcon.colcon_core.environment:checking '/home/gsylvia/agrobot-reverse-engineering/Agrobot/install/canopen_proxy_driver' for CMake config files
[54.961s] Level 1:colcon.colcon_core.shell:create_environment_hook('canopen_proxy_driver', 'cmake_prefix_path')
[54.961s] INFO:colcon.colcon_core.shell:Creating environment hook '/home/gsylvia/agrobot-reverse-engineering/Agrobot/install/canopen_proxy_driver/share/canopen_proxy_driver/hook/cmake_prefix_path.ps1'
[54.961s] INFO:colcon.colcon_core.shell:Creating environment descriptor '/home/gsylvia/agrobot-reverse-engineering/Agrobot/install/canopen_proxy_driver/share/canopen_proxy_driver/hook/cmake_prefix_path.dsv'
[54.961s] INFO:colcon.colcon_core.shell:Creating environment hook '/home/gsylvia/agrobot-reverse-engineering/Agrobot/install/canopen_proxy_driver/share/canopen_proxy_driver/hook/cmake_prefix_path.sh'
[54.961s] Level 1:colcon.colcon_core.environment:checking '/home/gsylvia/agrobot-reverse-engineering/Agrobot/install/canopen_proxy_driver/lib'
[54.961s] Level 1:colcon.colcon_core.shell:create_environment_hook('canopen_proxy_driver', 'ld_library_path_lib')
[54.961s] INFO:colcon.colcon_core.shell:Creating environment hook '/home/gsylvia/agrobot-reverse-engineering/Agrobot/install/canopen_proxy_driver/share/canopen_proxy_driver/hook/ld_library_path_lib.ps1'
[54.962s] INFO:colcon.colcon_core.shell:Creating environment descriptor '/home/gsylvia/agrobot-reverse-engineering/Agrobot/install/canopen_proxy_driver/share/canopen_proxy_driver/hook/ld_library_path_lib.dsv'
[54.962s] INFO:colcon.colcon_core.shell:Creating environment hook '/home/gsylvia/agrobot-reverse-engineering/Agrobot/install/canopen_proxy_driver/share/canopen_proxy_driver/hook/ld_library_path_lib.sh'
[54.962s] Level 1:colcon.colcon_core.environment:checking '/home/gsylvia/agrobot-reverse-engineering/Agrobot/install/canopen_proxy_driver/bin'
[54.962s] Level 1:colcon.colcon_core.environment:checking '/home/gsylvia/agrobot-reverse-engineering/Agrobot/install/canopen_proxy_driver/lib/pkgconfig/canopen_proxy_driver.pc'
[54.962s] Level 1:colcon.colcon_core.environment:checking '/home/gsylvia/agrobot-reverse-engineering/Agrobot/install/canopen_proxy_driver/lib/python3.12/site-packages'
[54.962s] Level 1:colcon.colcon_core.environment:checking '/home/gsylvia/agrobot-reverse-engineering/Agrobot/install/canopen_proxy_driver/bin'
[54.962s] INFO:colcon.colcon_core.shell:Creating package script '/home/gsylvia/agrobot-reverse-engineering/Agrobot/install/canopen_proxy_driver/share/canopen_proxy_driver/package.ps1'
[54.963s] INFO:colcon.colcon_core.shell:Creating package descriptor '/home/gsylvia/agrobot-reverse-engineering/Agrobot/install/canopen_proxy_driver/share/canopen_proxy_driver/package.dsv'
[54.963s] INFO:colcon.colcon_core.shell:Creating package script '/home/gsylvia/agrobot-reverse-engineering/Agrobot/install/canopen_proxy_driver/share/canopen_proxy_driver/package.sh'
[54.963s] INFO:colcon.colcon_core.shell:Creating package script '/home/gsylvia/agrobot-reverse-engineering/Agrobot/install/canopen_proxy_driver/share/canopen_proxy_driver/package.bash'
[54.963s] INFO:colcon.colcon_core.shell:Creating package script '/home/gsylvia/agrobot-reverse-engineering/Agrobot/install/canopen_proxy_driver/share/canopen_proxy_driver/package.zsh'
[54.964s] Level 1:colcon.colcon_core.environment:create_file_with_runtime_dependencies(/home/gsylvia/agrobot-reverse-engineering/Agrobot/install/canopen_proxy_driver/share/colcon-core/packages/canopen_proxy_driver)
[54.964s] INFO:colcon.colcon_ros.task.ament_cmake.build:Building ROS package in '/home/gsylvia/agrobot-reverse-engineering/Agrobot/src/ros2_canopen/canopen_402_driver' with build type 'ament_cmake'
[54.964s] INFO:colcon.colcon_cmake.task.cmake.build:Building CMake package in '/home/gsylvia/agrobot-reverse-engineering/Agrobot/src/ros2_canopen/canopen_402_driver'
[54.964s] INFO:colcon.colcon_core.shell:Skip shell extension 'powershell' for command environment: Not usable outside of PowerShell
[54.964s] DEBUG:colcon.colcon_core.shell:Skip shell extension 'dsv' for command environment
[55.417s] DEBUG:colcon.colcon_core.event_handler.log_command:Invoking command in '/home/gsylvia/agrobot-reverse-engineering/Agrobot/build/canopen_402_driver': AMENT_PREFIX_PATH=/home/gsylvia/agrobot-reverse-engineering/Agrobot/install/canopen_proxy_driver:/home/gsylvia/agrobot-reverse-engineering/Agrobot/install/canopen_base_driver:/home/gsylvia/agrobot-reverse-engineering/Agrobot/install/canopen_core:/home/gsylvia/agrobot-reverse-engineering/Agrobot/install/lely_core_libraries:/home/gsylvia/agrobot-reverse-engineering/Agrobot/install/canopen_interfaces:${AMENT_PREFIX_PATH} CMAKE_PREFIX_PATH=/home/gsylvia/agrobot-reverse-engineering/Agrobot/install/canopen_proxy_driver:/home/gsylvia/agrobot-reverse-engineering/Agrobot/install/canopen_base_driver:/home/gsylvia/agrobot-reverse-engineering/Agrobot/install/canopen_core:/home/gsylvia/agrobot-reverse-engineering/Agrobot/install/lely_core_libraries:/home/gsylvia/agrobot-reverse-engineering/Agrobot/install/canopen_interfaces:/opt/ros/jazzy/opt/gz_sim_vendor:/opt/ros/jazzy/opt/gz_sensors_vendor:/opt/ros/jazzy/opt/gz_physics_vendor:/opt/ros/jazzy/opt/sdformat_vendor:/opt/ros/jazzy/opt/gz_gui_vendor:/opt/ros/jazzy/opt/gz_transport_vendor:/opt/ros/jazzy/opt/gz_rendering_vendor:/opt/ros/jazzy/opt/gz_plugin_vendor:/opt/ros/jazzy/opt/gz_fuel_tools_vendor:/opt/ros/jazzy/opt/gz_msgs_vendor:/opt/ros/jazzy/opt/gz_common_vendor:/opt/ros/jazzy/opt/gz_math_vendor:/opt/ros/jazzy/opt/gz_utils_vendor:/opt/ros/jazzy/opt/gz_tools_vendor:/opt/ros/jazzy/opt/gz_ogre_next_vendor:/opt/ros/jazzy/opt/gz_dartsim_vendor:/opt/ros/jazzy/opt/gz_cmake_vendor:/opt/ros/jazzy LD_LIBRARY_PATH=/home/gsylvia/agrobot-reverse-engineering/Agrobot/install/canopen_proxy_driver/lib:/home/gsylvia/agrobot-reverse-engineering/Agrobot/install/canopen_base_driver/lib:/home/gsylvia/agrobot-reverse-engineering/Agrobot/install/canopen_core/lib:/home/gsylvia/agrobot-reverse-engineering/Agrobot/install/lely_core_libraries/lib:/home/gsylvia/agrobot-reverse-engineering/Agrobot/install/canopen_interfaces/lib:${LD_LIBRARY_PATH} PATH=/home/gsylvia/agrobot-reverse-engineering/Agrobot/install/lely_core_libraries/bin:${PATH} PYTHONPATH=/home/gsylvia/agrobot-reverse-engineering/Agrobot/install/lely_core_libraries/lib/python3.12/site-packages:/home/gsylvia/agrobot-reverse-engineering/Agrobot/install/canopen_interfaces/lib/python3.12/site-packages:${PYTHONPATH} /usr/bin/cmake --build /home/gsylvia/agrobot-reverse-engineering/Agrobot/build/canopen_402_driver -- -j16 -l16
[73.664s] DEBUG:colcon.colcon_core.event_handler.log_command:Invoked command in '/home/gsylvia/agrobot-reverse-engineering/Agrobot/build/canopen_402_driver' returned '0': AMENT_PREFIX_PATH=/home/gsylvia/agrobot-reverse-engineering/Agrobot/install/canopen_proxy_driver:/home/gsylvia/agrobot-reverse-engineering/Agrobot/install/canopen_base_driver:/home/gsylvia/agrobot-reverse-engineering/Agrobot/install/canopen_core:/home/gsylvia/agrobot-reverse-engineering/Agrobot/install/lely_core_libraries:/home/gsylvia/agrobot-reverse-engineering/Agrobot/install/canopen_interfaces:${AMENT_PREFIX_PATH} CMAKE_PREFIX_PATH=/home/gsylvia/agrobot-reverse-engineering/Agrobot/install/canopen_proxy_driver:/home/gsylvia/agrobot-reverse-engineering/Agrobot/install/canopen_base_driver:/home/gsylvia/agrobot-reverse-engineering/Agrobot/install/canopen_core:/home/gsylvia/agrobot-reverse-engineering/Agrobot/install/lely_core_libraries:/home/gsylvia/agrobot-reverse-engineering/Agrobot/install/canopen_interfaces:/opt/ros/jazzy/opt/gz_sim_vendor:/opt/ros/jazzy/opt/gz_sensors_vendor:/opt/ros/jazzy/opt/gz_physics_vendor:/opt/ros/jazzy/opt/sdformat_vendor:/opt/ros/jazzy/opt/gz_gui_vendor:/opt/ros/jazzy/opt/gz_transport_vendor:/opt/ros/jazzy/opt/gz_rendering_vendor:/opt/ros/jazzy/opt/gz_plugin_vendor:/opt/ros/jazzy/opt/gz_fuel_tools_vendor:/opt/ros/jazzy/opt/gz_msgs_vendor:/opt/ros/jazzy/opt/gz_common_vendor:/opt/ros/jazzy/opt/gz_math_vendor:/opt/ros/jazzy/opt/gz_utils_vendor:/opt/ros/jazzy/opt/gz_tools_vendor:/opt/ros/jazzy/opt/gz_ogre_next_vendor:/opt/ros/jazzy/opt/gz_dartsim_vendor:/opt/ros/jazzy/opt/gz_cmake_vendor:/opt/ros/jazzy LD_LIBRARY_PATH=/home/gsylvia/agrobot-reverse-engineering/Agrobot/install/canopen_proxy_driver/lib:/home/gsylvia/agrobot-reverse-engineering/Agrobot/install/canopen_base_driver/lib:/home/gsylvia/agrobot-reverse-engineering/Agrobot/install/canopen_core/lib:/home/gsylvia/agrobot-reverse-engineering/Agrobot/install/lely_core_libraries/lib:/home/gsylvia/agrobot-reverse-engineering/Agrobot/install/canopen_interfaces/lib:${LD_LIBRARY_PATH} PATH=/home/gsylvia/agrobot-reverse-engineering/Agrobot/install/lely_core_libraries/bin:${PATH} PYTHONPATH=/home/gsylvia/agrobot-reverse-engineering/Agrobot/install/lely_core_libraries/lib/python3.12/site-packages:/home/gsylvia/agrobot-reverse-engineering/Agrobot/install/canopen_interfaces/lib/python3.12/site-packages:${PYTHONPATH} /usr/bin/cmake --build /home/gsylvia/agrobot-reverse-engineering/Agrobot/build/canopen_402_driver -- -j16 -l16
[73.666s] DEBUG:colcon.colcon_core.event_handler.log_command:Invoking command in '/home/gsylvia/agrobot-reverse-engineering/Agrobot/build/canopen_402_driver': AMENT_PREFIX_PATH=/home/gsylvia/agrobot-reverse-engineering/Agrobot/install/canopen_proxy_driver:/home/gsylvia/agrobot-reverse-engineering/Agrobot/install/canopen_base_driver:/home/gsylvia/agrobot-reverse-engineering/Agrobot/install/canopen_core:/home/gsylvia/agrobot-reverse-engineering/Agrobot/install/lely_core_libraries:/home/gsylvia/agrobot-reverse-engineering/Agrobot/install/canopen_interfaces:${AMENT_PREFIX_PATH} CMAKE_PREFIX_PATH=/home/gsylvia/agrobot-reverse-engineering/Agrobot/install/canopen_proxy_driver:/home/gsylvia/agrobot-reverse-engineering/Agrobot/install/canopen_base_driver:/home/gsylvia/agrobot-reverse-engineering/Agrobot/install/canopen_core:/home/gsylvia/agrobot-reverse-engineering/Agrobot/install/lely_core_libraries:/home/gsylvia/agrobot-reverse-engineering/Agrobot/install/canopen_interfaces:/opt/ros/jazzy/opt/gz_sim_vendor:/opt/ros/jazzy/opt/gz_sensors_vendor:/opt/ros/jazzy/opt/gz_physics_vendor:/opt/ros/jazzy/opt/sdformat_vendor:/opt/ros/jazzy/opt/gz_gui_vendor:/opt/ros/jazzy/opt/gz_transport_vendor:/opt/ros/jazzy/opt/gz_rendering_vendor:/opt/ros/jazzy/opt/gz_plugin_vendor:/opt/ros/jazzy/opt/gz_fuel_tools_vendor:/opt/ros/jazzy/opt/gz_msgs_vendor:/opt/ros/jazzy/opt/gz_common_vendor:/opt/ros/jazzy/opt/gz_math_vendor:/opt/ros/jazzy/opt/gz_utils_vendor:/opt/ros/jazzy/opt/gz_tools_vendor:/opt/ros/jazzy/opt/gz_ogre_next_vendor:/opt/ros/jazzy/opt/gz_dartsim_vendor:/opt/ros/jazzy/opt/gz_cmake_vendor:/opt/ros/jazzy LD_LIBRARY_PATH=/home/gsylvia/agrobot-reverse-engineering/Agrobot/install/canopen_proxy_driver/lib:/home/gsylvia/agrobot-reverse-engineering/Agrobot/install/canopen_base_driver/lib:/home/gsylvia/agrobot-reverse-engineering/Agrobot/install/canopen_core/lib:/home/gsylvia/agrobot-reverse-engineering/Agrobot/install/lely_core_libraries/lib:/home/gsylvia/agrobot-reverse-engineering/Agrobot/install/canopen_interfaces/lib:${LD_LIBRARY_PATH} PATH=/home/gsylvia/agrobot-reverse-engineering/Agrobot/install/lely_core_libraries/bin:${PATH} PYTHONPATH=/home/gsylvia/agrobot-reverse-engineering/Agrobot/install/lely_core_libraries/lib/python3.12/site-packages:/home/gsylvia/agrobot-reverse-engineering/Agrobot/install/canopen_interfaces/lib/python3.12/site-packages:${PYTHONPATH} /usr/bin/cmake --install /home/gsylvia/agrobot-reverse-engineering/Agrobot/build/canopen_402_driver
[73.685s] Level 1:colcon.colcon_core.environment:create_environment_scripts_only(canopen_402_driver)
[73.685s] Level 1:colcon.colcon_core.environment:checking '/home/gsylvia/agrobot-reverse-engineering/Agrobot/install/canopen_402_driver' for CMake module files
[73.685s] DEBUG:colcon.colcon_core.event_handler.log_command:Invoked command in '/home/gsylvia/agrobot-reverse-engineering/Agrobot/build/canopen_402_driver' returned '0': AMENT_PREFIX_PATH=/home/gsylvia/agrobot-reverse-engineering/Agrobot/install/canopen_proxy_driver:/home/gsylvia/agrobot-reverse-engineering/Agrobot/install/canopen_base_driver:/home/gsylvia/agrobot-reverse-engineering/Agrobot/install/canopen_core:/home/gsylvia/agrobot-reverse-engineering/Agrobot/install/lely_core_libraries:/home/gsylvia/agrobot-reverse-engineering/Agrobot/install/canopen_interfaces:${AMENT_PREFIX_PATH} CMAKE_PREFIX_PATH=/home/gsylvia/agrobot-reverse-engineering/Agrobot/install/canopen_proxy_driver:/home/gsylvia/agrobot-reverse-engineering/Agrobot/install/canopen_base_driver:/home/gsylvia/agrobot-reverse-engineering/Agrobot/install/canopen_core:/home/gsylvia/agrobot-reverse-engineering/Agrobot/install/lely_core_libraries:/home/gsylvia/agrobot-reverse-engineering/Agrobot/install/canopen_interfaces:/opt/ros/jazzy/opt/gz_sim_vendor:/opt/ros/jazzy/opt/gz_sensors_vendor:/opt/ros/jazzy/opt/gz_physics_vendor:/opt/ros/jazzy/opt/sdformat_vendor:/opt/ros/jazzy/opt/gz_gui_vendor:/opt/ros/jazzy/opt/gz_transport_vendor:/opt/ros/jazzy/opt/gz_rendering_vendor:/opt/ros/jazzy/opt/gz_plugin_vendor:/opt/ros/jazzy/opt/gz_fuel_tools_vendor:/opt/ros/jazzy/opt/gz_msgs_vendor:/opt/ros/jazzy/opt/gz_common_vendor:/opt/ros/jazzy/opt/gz_math_vendor:/opt/ros/jazzy/opt/gz_utils_vendor:/opt/ros/jazzy/opt/gz_tools_vendor:/opt/ros/jazzy/opt/gz_ogre_next_vendor:/opt/ros/jazzy/opt/gz_dartsim_vendor:/opt/ros/jazzy/opt/gz_cmake_vendor:/opt/ros/jazzy LD_LIBRARY_PATH=/home/gsylvia/agrobot-reverse-engineering/Agrobot/install/canopen_proxy_driver/lib:/home/gsylvia/agrobot-reverse-engineering/Agrobot/install/canopen_base_driver/lib:/home/gsylvia/agrobot-reverse-engineering/Agrobot/install/canopen_core/lib:/home/gsylvia/agrobot-reverse-engineering/Agrobot/install/lely_core_libraries/lib:/home/gsylvia/agrobot-reverse-engineering/Agrobot/install/canopen_interfaces/lib:${LD_LIBRARY_PATH} PATH=/home/gsylvia/agrobot-reverse-engineering/Agrobot/install/lely_core_libraries/bin:${PATH} PYTHONPATH=/home/gsylvia/agrobot-reverse-engineering/Agrobot/install/lely_core_libraries/lib/python3.12/site-packages:/home/gsylvia/agrobot-reverse-engineering/Agrobot/install/canopen_interfaces/lib/python3.12/site-packages:${PYTHONPATH} /usr/bin/cmake --install /home/gsylvia/agrobot-reverse-engineering/Agrobot/build/canopen_402_driver
[73.686s] Level 1:colcon.colcon_core.environment:checking '/home/gsylvia/agrobot-reverse-engineering/Agrobot/install/canopen_402_driver' for CMake config files
[73.686s] Level 1:colcon.colcon_core.shell:create_environment_hook('canopen_402_driver', 'cmake_prefix_path')
[73.686s] INFO:colcon.colcon_core.shell:Creating environment hook '/home/gsylvia/agrobot-reverse-engineering/Agrobot/install/canopen_402_driver/share/canopen_402_driver/hook/cmake_prefix_path.ps1'
[73.687s] INFO:colcon.colcon_core.shell:Creating environment descriptor '/home/gsylvia/agrobot-reverse-engineering/Agrobot/install/canopen_402_driver/share/canopen_402_driver/hook/cmake_prefix_path.dsv'
[73.687s] INFO:colcon.colcon_core.shell:Creating environment hook '/home/gsylvia/agrobot-reverse-engineering/Agrobot/install/canopen_402_driver/share/canopen_402_driver/hook/cmake_prefix_path.sh'
[73.687s] Level 1:colcon.colcon_core.environment:checking '/home/gsylvia/agrobot-reverse-engineering/Agrobot/install/canopen_402_driver/lib'
[73.687s] Level 1:colcon.colcon_core.shell:create_environment_hook('canopen_402_driver', 'ld_library_path_lib')
[73.687s] INFO:colcon.colcon_core.shell:Creating environment hook '/home/gsylvia/agrobot-reverse-engineering/Agrobot/install/canopen_402_driver/share/canopen_402_driver/hook/ld_library_path_lib.ps1'
[73.687s] INFO:colcon.colcon_core.shell:Creating environment descriptor '/home/gsylvia/agrobot-reverse-engineering/Agrobot/install/canopen_402_driver/share/canopen_402_driver/hook/ld_library_path_lib.dsv'
[73.688s] INFO:colcon.colcon_core.shell:Creating environment hook '/home/gsylvia/agrobot-reverse-engineering/Agrobot/install/canopen_402_driver/share/canopen_402_driver/hook/ld_library_path_lib.sh'
[73.688s] Level 1:colcon.colcon_core.environment:checking '/home/gsylvia/agrobot-reverse-engineering/Agrobot/install/canopen_402_driver/bin'
[73.688s] Level 1:colcon.colcon_core.environment:checking '/home/gsylvia/agrobot-reverse-engineering/Agrobot/install/canopen_402_driver/lib/pkgconfig/canopen_402_driver.pc'
[73.688s] Level 1:colcon.colcon_core.environment:checking '/home/gsylvia/agrobot-reverse-engineering/Agrobot/install/canopen_402_driver/lib/python3.12/site-packages'
[73.688s] Level 1:colcon.colcon_core.environment:checking '/home/gsylvia/agrobot-reverse-engineering/Agrobot/install/canopen_402_driver/bin'
[73.689s] INFO:colcon.colcon_core.shell:Creating package script '/home/gsylvia/agrobot-reverse-engineering/Agrobot/install/canopen_402_driver/share/canopen_402_driver/package.ps1'
[73.689s] INFO:colcon.colcon_core.shell:Creating package descriptor '/home/gsylvia/agrobot-reverse-engineering/Agrobot/install/canopen_402_driver/share/canopen_402_driver/package.dsv'
[73.689s] INFO:colcon.colcon_core.shell:Creating package script '/home/gsylvia/agrobot-reverse-engineering/Agrobot/install/canopen_402_driver/share/canopen_402_driver/package.sh'
[73.689s] INFO:colcon.colcon_core.shell:Creating package script '/home/gsylvia/agrobot-reverse-engineering/Agrobot/install/canopen_402_driver/share/canopen_402_driver/package.bash'
[73.689s] INFO:colcon.colcon_core.shell:Creating package script '/home/gsylvia/agrobot-reverse-engineering/Agrobot/install/canopen_402_driver/share/canopen_402_driver/package.zsh'
[73.690s] Level 1:colcon.colcon_core.environment:create_file_with_runtime_dependencies(/home/gsylvia/agrobot-reverse-engineering/Agrobot/install/canopen_402_driver/share/colcon-core/packages/canopen_402_driver)
[73.690s] Level 1:colcon.colcon_core.environment:create_environment_scripts_only(canopen_402_driver)
[73.690s] Level 1:colcon.colcon_core.environment:checking '/home/gsylvia/agrobot-reverse-engineering/Agrobot/install/canopen_402_driver' for CMake module files
[73.690s] Level 1:colcon.colcon_core.environment:checking '/home/gsylvia/agrobot-reverse-engineering/Agrobot/install/canopen_402_driver' for CMake config files
[73.690s] Level 1:colcon.colcon_core.shell:create_environment_hook('canopen_402_driver', 'cmake_prefix_path')
[73.690s] INFO:colcon.colcon_core.shell:Creating environment hook '/home/gsylvia/agrobot-reverse-engineering/Agrobot/install/canopen_402_driver/share/canopen_402_driver/hook/cmake_prefix_path.ps1'
[73.691s] INFO:colcon.colcon_core.shell:Creating environment descriptor '/home/gsylvia/agrobot-reverse-engineering/Agrobot/install/canopen_402_driver/share/canopen_402_driver/hook/cmake_prefix_path.dsv'
[73.691s] INFO:colcon.colcon_core.shell:Creating environment hook '/home/gsylvia/agrobot-reverse-engineering/Agrobot/install/canopen_402_driver/share/canopen_402_driver/hook/cmake_prefix_path.sh'
[73.691s] Level 1:colcon.colcon_core.environment:checking '/home/gsylvia/agrobot-reverse-engineering/Agrobot/install/canopen_402_driver/lib'
[73.691s] Level 1:colcon.colcon_core.shell:create_environment_hook('canopen_402_driver', 'ld_library_path_lib')
[73.691s] INFO:colcon.colcon_core.shell:Creating environment hook '/home/gsylvia/agrobot-reverse-engineering/Agrobot/install/canopen_402_driver/share/canopen_402_driver/hook/ld_library_path_lib.ps1'
[73.691s] INFO:colcon.colcon_core.shell:Creating environment descriptor '/home/gsylvia/agrobot-reverse-engineering/Agrobot/install/canopen_402_driver/share/canopen_402_driver/hook/ld_library_path_lib.dsv'
[73.692s] INFO:colcon.colcon_core.shell:Creating environment hook '/home/gsylvia/agrobot-reverse-engineering/Agrobot/install/canopen_402_driver/share/canopen_402_driver/hook/ld_library_path_lib.sh'
[73.692s] Level 1:colcon.colcon_core.environment:checking '/home/gsylvia/agrobot-reverse-engineering/Agrobot/install/canopen_402_driver/bin'
[73.692s] Level 1:colcon.colcon_core.environment:checking '/home/gsylvia/agrobot-reverse-engineering/Agrobot/install/canopen_402_driver/lib/pkgconfig/canopen_402_driver.pc'
[73.692s] Level 1:colcon.colcon_core.environment:checking '/home/gsylvia/agrobot-reverse-engineering/Agrobot/install/canopen_402_driver/lib/python3.12/site-packages'
[73.692s] Level 1:colcon.colcon_core.environment:checking '/home/gsylvia/agrobot-reverse-engineering/Agrobot/install/canopen_402_driver/bin'
[73.692s] INFO:colcon.colcon_core.shell:Creating package script '/home/gsylvia/agrobot-reverse-engineering/Agrobot/install/canopen_402_driver/share/canopen_402_driver/package.ps1'
[73.693s] INFO:colcon.colcon_core.shell:Creating package descriptor '/home/gsylvia/agrobot-reverse-engineering/Agrobot/install/canopen_402_driver/share/canopen_402_driver/package.dsv'
[73.693s] INFO:colcon.colcon_core.shell:Creating package script '/home/gsylvia/agrobot-reverse-engineering/Agrobot/install/canopen_402_driver/share/canopen_402_driver/package.sh'
[73.693s] INFO:colcon.colcon_core.shell:Creating package script '/home/gsylvia/agrobot-reverse-engineering/Agrobot/install/canopen_402_driver/share/canopen_402_driver/package.bash'
[73.693s] INFO:colcon.colcon_core.shell:Creating package script '/home/gsylvia/agrobot-reverse-engineering/Agrobot/install/canopen_402_driver/share/canopen_402_driver/package.zsh'
[73.693s] Level 1:colcon.colcon_core.environment:create_file_with_runtime_dependencies(/home/gsylvia/agrobot-reverse-engineering/Agrobot/install/canopen_402_driver/share/colcon-core/packages/canopen_402_driver)
[73.693s] INFO:colcon.colcon_ros.task.ament_cmake.build:Building ROS package in '/home/gsylvia/agrobot-reverse-engineering/Agrobot/src/ros2_canopen/canopen_ros2_controllers' with build type 'ament_cmake'
[73.694s] INFO:colcon.colcon_cmake.task.cmake.build:Building CMake package in '/home/gsylvia/agrobot-reverse-engineering/Agrobot/src/ros2_canopen/canopen_ros2_controllers'
[73.694s] INFO:colcon.colcon_core.shell:Skip shell extension 'powershell' for command environment: Not usable outside of PowerShell
[73.694s] DEBUG:colcon.colcon_core.shell:Skip shell extension 'dsv' for command environment
[73.697s] INFO:colcon.colcon_ros.task.ament_cmake.build:Building ROS package in '/home/gsylvia/agrobot-reverse-engineering/Agrobot/src/ros2_canopen/canopen' with build type 'ament_cmake'
[73.697s] INFO:colcon.colcon_cmake.task.cmake.build:Building CMake package in '/home/gsylvia/agrobot-reverse-engineering/Agrobot/src/ros2_canopen/canopen'
[73.697s] INFO:colcon.colcon_core.shell:Skip shell extension 'powershell' for command environment: Not usable outside of PowerShell
[73.697s] DEBUG:colcon.colcon_core.shell:Skip shell extension 'dsv' for command environment
[73.700s] INFO:colcon.colcon_ros.task.ament_cmake.build:Building ROS package in '/home/gsylvia/agrobot-reverse-engineering/Agrobot/src/ros2_canopen/canopen_ros2_control' with build type 'ament_cmake'
[73.700s] INFO:colcon.colcon_cmake.task.cmake.build:Building CMake package in '/home/gsylvia/agrobot-reverse-engineering/Agrobot/src/ros2_canopen/canopen_ros2_control'
[73.700s] INFO:colcon.colcon_core.shell:Skip shell extension 'powershell' for command environment: Not usable outside of PowerShell
[73.700s] DEBUG:colcon.colcon_core.shell:Skip shell extension 'dsv' for command environment
[74.164s] DEBUG:colcon.colcon_core.event_handler.log_command:Invoking command in '/home/gsylvia/agrobot-reverse-engineering/Agrobot/build/canopen_ros2_controllers': AMENT_PREFIX_PATH=/home/gsylvia/agrobot-reverse-engineering/Agrobot/install/canopen_402_driver:/home/gsylvia/agrobot-reverse-engineering/Agrobot/install/canopen_proxy_driver:/home/gsylvia/agrobot-reverse-engineering/Agrobot/install/canopen_base_driver:/home/gsylvia/agrobot-reverse-engineering/Agrobot/install/canopen_core:/home/gsylvia/agrobot-reverse-engineering/Agrobot/install/lely_core_libraries:/home/gsylvia/agrobot-reverse-engineering/Agrobot/install/canopen_interfaces:${AMENT_PREFIX_PATH} CMAKE_PREFIX_PATH=/home/gsylvia/agrobot-reverse-engineering/Agrobot/install/canopen_402_driver:/home/gsylvia/agrobot-reverse-engineering/Agrobot/install/canopen_proxy_driver:/home/gsylvia/agrobot-reverse-engineering/Agrobot/install/canopen_base_driver:/home/gsylvia/agrobot-reverse-engineering/Agrobot/install/canopen_core:/home/gsylvia/agrobot-reverse-engineering/Agrobot/install/lely_core_libraries:/home/gsylvia/agrobot-reverse-engineering/Agrobot/install/canopen_interfaces:/opt/ros/jazzy/opt/gz_sim_vendor:/opt/ros/jazzy/opt/gz_sensors_vendor:/opt/ros/jazzy/opt/gz_physics_vendor:/opt/ros/jazzy/opt/sdformat_vendor:/opt/ros/jazzy/opt/gz_gui_vendor:/opt/ros/jazzy/opt/gz_transport_vendor:/opt/ros/jazzy/opt/gz_rendering_vendor:/opt/ros/jazzy/opt/gz_plugin_vendor:/opt/ros/jazzy/opt/gz_fuel_tools_vendor:/opt/ros/jazzy/opt/gz_msgs_vendor:/opt/ros/jazzy/opt/gz_common_vendor:/opt/ros/jazzy/opt/gz_math_vendor:/opt/ros/jazzy/opt/gz_utils_vendor:/opt/ros/jazzy/opt/gz_tools_vendor:/opt/ros/jazzy/opt/gz_ogre_next_vendor:/opt/ros/jazzy/opt/gz_dartsim_vendor:/opt/ros/jazzy/opt/gz_cmake_vendor:/opt/ros/jazzy LD_LIBRARY_PATH=/home/gsylvia/agrobot-reverse-engineering/Agrobot/install/canopen_402_driver/lib:/home/gsylvia/agrobot-reverse-engineering/Agrobot/install/canopen_proxy_driver/lib:/home/gsylvia/agrobot-reverse-engineering/Agrobot/install/canopen_base_driver/lib:/home/gsylvia/agrobot-reverse-engineering/Agrobot/install/canopen_core/lib:/home/gsylvia/agrobot-reverse-engineering/Agrobot/install/lely_core_libraries/lib:/home/gsylvia/agrobot-reverse-engineering/Agrobot/install/canopen_interfaces/lib:${LD_LIBRARY_PATH} PATH=/home/gsylvia/agrobot-reverse-engineering/Agrobot/install/lely_core_libraries/bin:${PATH} PYTHONPATH=/home/gsylvia/agrobot-reverse-engineering/Agrobot/install/lely_core_libraries/lib/python3.12/site-packages:/home/gsylvia/agrobot-reverse-engineering/Agrobot/install/canopen_interfaces/lib/python3.12/site-packages:${PYTHONPATH} /usr/bin/cmake --build /home/gsylvia/agrobot-reverse-engineering/Agrobot/build/canopen_ros2_controllers -- -j16 -l16
[74.247s] DEBUG:colcon.colcon_core.event_handler.log_command:Invoking command in '/home/gsylvia/agrobot-reverse-engineering/Agrobot/build/canopen_ros2_control': AMENT_PREFIX_PATH=/home/gsylvia/agrobot-reverse-engineering/Agrobot/install/canopen_402_driver:/home/gsylvia/agrobot-reverse-engineering/Agrobot/install/canopen_proxy_driver:/home/gsylvia/agrobot-reverse-engineering/Agrobot/install/canopen_base_driver:/home/gsylvia/agrobot-reverse-engineering/Agrobot/install/canopen_core:/home/gsylvia/agrobot-reverse-engineering/Agrobot/install/lely_core_libraries:/home/gsylvia/agrobot-reverse-engineering/Agrobot/install/canopen_interfaces:${AMENT_PREFIX_PATH} CMAKE_PREFIX_PATH=/home/gsylvia/agrobot-reverse-engineering/Agrobot/install/canopen_402_driver:/home/gsylvia/agrobot-reverse-engineering/Agrobot/install/canopen_proxy_driver:/home/gsylvia/agrobot-reverse-engineering/Agrobot/install/canopen_base_driver:/home/gsylvia/agrobot-reverse-engineering/Agrobot/install/canopen_core:/home/gsylvia/agrobot-reverse-engineering/Agrobot/install/lely_core_libraries:/home/gsylvia/agrobot-reverse-engineering/Agrobot/install/canopen_interfaces:/opt/ros/jazzy/opt/gz_sim_vendor:/opt/ros/jazzy/opt/gz_sensors_vendor:/opt/ros/jazzy/opt/gz_physics_vendor:/opt/ros/jazzy/opt/sdformat_vendor:/opt/ros/jazzy/opt/gz_gui_vendor:/opt/ros/jazzy/opt/gz_transport_vendor:/opt/ros/jazzy/opt/gz_rendering_vendor:/opt/ros/jazzy/opt/gz_plugin_vendor:/opt/ros/jazzy/opt/gz_fuel_tools_vendor:/opt/ros/jazzy/opt/gz_msgs_vendor:/opt/ros/jazzy/opt/gz_common_vendor:/opt/ros/jazzy/opt/gz_math_vendor:/opt/ros/jazzy/opt/gz_utils_vendor:/opt/ros/jazzy/opt/gz_tools_vendor:/opt/ros/jazzy/opt/gz_ogre_next_vendor:/opt/ros/jazzy/opt/gz_dartsim_vendor:/opt/ros/jazzy/opt/gz_cmake_vendor:/opt/ros/jazzy LD_LIBRARY_PATH=/home/gsylvia/agrobot-reverse-engineering/Agrobot/install/canopen_402_driver/lib:/home/gsylvia/agrobot-reverse-engineering/Agrobot/install/canopen_proxy_driver/lib:/home/gsylvia/agrobot-reverse-engineering/Agrobot/install/canopen_base_driver/lib:/home/gsylvia/agrobot-reverse-engineering/Agrobot/install/canopen_core/lib:/home/gsylvia/agrobot-reverse-engineering/Agrobot/install/lely_core_libraries/lib:/home/gsylvia/agrobot-reverse-engineering/Agrobot/install/canopen_interfaces/lib:${LD_LIBRARY_PATH} PATH=/home/gsylvia/agrobot-reverse-engineering/Agrobot/install/lely_core_libraries/bin:${PATH} PYTHONPATH=/home/gsylvia/agrobot-reverse-engineering/Agrobot/install/lely_core_libraries/lib/python3.12/site-packages:/home/gsylvia/agrobot-reverse-engineering/Agrobot/install/canopen_interfaces/lib/python3.12/site-packages:${PYTHONPATH} /usr/bin/cmake --build /home/gsylvia/agrobot-reverse-engineering/Agrobot/build/canopen_ros2_control -- -j16 -l16
[74.249s] DEBUG:colcon.colcon_core.event_handler.log_command:Invoking command in '/home/gsylvia/agrobot-reverse-engineering/Agrobot/build/canopen': AMENT_PREFIX_PATH=/home/gsylvia/agrobot-reverse-engineering/Agrobot/install/canopen_402_driver:/home/gsylvia/agrobot-reverse-engineering/Agrobot/install/canopen_proxy_driver:/home/gsylvia/agrobot-reverse-engineering/Agrobot/install/canopen_base_driver:/home/gsylvia/agrobot-reverse-engineering/Agrobot/install/canopen_core:/home/gsylvia/agrobot-reverse-engineering/Agrobot/install/lely_core_libraries:/home/gsylvia/agrobot-reverse-engineering/Agrobot/install/canopen_interfaces:${AMENT_PREFIX_PATH} CMAKE_PREFIX_PATH=/home/gsylvia/agrobot-reverse-engineering/Agrobot/install/canopen_402_driver:/home/gsylvia/agrobot-reverse-engineering/Agrobot/install/canopen_proxy_driver:/home/gsylvia/agrobot-reverse-engineering/Agrobot/install/canopen_base_driver:/home/gsylvia/agrobot-reverse-engineering/Agrobot/install/canopen_core:/home/gsylvia/agrobot-reverse-engineering/Agrobot/install/lely_core_libraries:/home/gsylvia/agrobot-reverse-engineering/Agrobot/install/canopen_interfaces:/opt/ros/jazzy/opt/gz_sim_vendor:/opt/ros/jazzy/opt/gz_sensors_vendor:/opt/ros/jazzy/opt/gz_physics_vendor:/opt/ros/jazzy/opt/sdformat_vendor:/opt/ros/jazzy/opt/gz_gui_vendor:/opt/ros/jazzy/opt/gz_transport_vendor:/opt/ros/jazzy/opt/gz_rendering_vendor:/opt/ros/jazzy/opt/gz_plugin_vendor:/opt/ros/jazzy/opt/gz_fuel_tools_vendor:/opt/ros/jazzy/opt/gz_msgs_vendor:/opt/ros/jazzy/opt/gz_common_vendor:/opt/ros/jazzy/opt/gz_math_vendor:/opt/ros/jazzy/opt/gz_utils_vendor:/opt/ros/jazzy/opt/gz_tools_vendor:/opt/ros/jazzy/opt/gz_ogre_next_vendor:/opt/ros/jazzy/opt/gz_dartsim_vendor:/opt/ros/jazzy/opt/gz_cmake_vendor:/opt/ros/jazzy LD_LIBRARY_PATH=/home/gsylvia/agrobot-reverse-engineering/Agrobot/install/canopen_402_driver/lib:/home/gsylvia/agrobot-reverse-engineering/Agrobot/install/canopen_proxy_driver/lib:/home/gsylvia/agrobot-reverse-engineering/Agrobot/install/canopen_base_driver/lib:/home/gsylvia/agrobot-reverse-engineering/Agrobot/install/canopen_core/lib:/home/gsylvia/agrobot-reverse-engineering/Agrobot/install/lely_core_libraries/lib:/home/gsylvia/agrobot-reverse-engineering/Agrobot/install/canopen_interfaces/lib:${LD_LIBRARY_PATH} PATH=/home/gsylvia/agrobot-reverse-engineering/Agrobot/install/lely_core_libraries/bin:${PATH} PYTHONPATH=/home/gsylvia/agrobot-reverse-engineering/Agrobot/install/lely_core_libraries/lib/python3.12/site-packages:/home/gsylvia/agrobot-reverse-engineering/Agrobot/install/canopen_interfaces/lib/python3.12/site-packages:${PYTHONPATH} /usr/bin/cmake --build /home/gsylvia/agrobot-reverse-engineering/Agrobot/build/canopen -- -j16 -l16
[74.276s] DEBUG:colcon.colcon_core.event_handler.log_command:Invoked command in '/home/gsylvia/agrobot-reverse-engineering/Agrobot/build/canopen' returned '0': AMENT_PREFIX_PATH=/home/gsylvia/agrobot-reverse-engineering/Agrobot/install/canopen_402_driver:/home/gsylvia/agrobot-reverse-engineering/Agrobot/install/canopen_proxy_driver:/home/gsylvia/agrobot-reverse-engineering/Agrobot/install/canopen_base_driver:/home/gsylvia/agrobot-reverse-engineering/Agrobot/install/canopen_core:/home/gsylvia/agrobot-reverse-engineering/Agrobot/install/lely_core_libraries:/home/gsylvia/agrobot-reverse-engineering/Agrobot/install/canopen_interfaces:${AMENT_PREFIX_PATH} CMAKE_PREFIX_PATH=/home/gsylvia/agrobot-reverse-engineering/Agrobot/install/canopen_402_driver:/home/gsylvia/agrobot-reverse-engineering/Agrobot/install/canopen_proxy_driver:/home/gsylvia/agrobot-reverse-engineering/Agrobot/install/canopen_base_driver:/home/gsylvia/agrobot-reverse-engineering/Agrobot/install/canopen_core:/home/gsylvia/agrobot-reverse-engineering/Agrobot/install/lely_core_libraries:/home/gsylvia/agrobot-reverse-engineering/Agrobot/install/canopen_interfaces:/opt/ros/jazzy/opt/gz_sim_vendor:/opt/ros/jazzy/opt/gz_sensors_vendor:/opt/ros/jazzy/opt/gz_physics_vendor:/opt/ros/jazzy/opt/sdformat_vendor:/opt/ros/jazzy/opt/gz_gui_vendor:/opt/ros/jazzy/opt/gz_transport_vendor:/opt/ros/jazzy/opt/gz_rendering_vendor:/opt/ros/jazzy/opt/gz_plugin_vendor:/opt/ros/jazzy/opt/gz_fuel_tools_vendor:/opt/ros/jazzy/opt/gz_msgs_vendor:/opt/ros/jazzy/opt/gz_common_vendor:/opt/ros/jazzy/opt/gz_math_vendor:/opt/ros/jazzy/opt/gz_utils_vendor:/opt/ros/jazzy/opt/gz_tools_vendor:/opt/ros/jazzy/opt/gz_ogre_next_vendor:/opt/ros/jazzy/opt/gz_dartsim_vendor:/opt/ros/jazzy/opt/gz_cmake_vendor:/opt/ros/jazzy LD_LIBRARY_PATH=/home/gsylvia/agrobot-reverse-engineering/Agrobot/install/canopen_402_driver/lib:/home/gsylvia/agrobot-reverse-engineering/Agrobot/install/canopen_proxy_driver/lib:/home/gsylvia/agrobot-reverse-engineering/Agrobot/install/canopen_base_driver/lib:/home/gsylvia/agrobot-reverse-engineering/Agrobot/install/canopen_core/lib:/home/gsylvia/agrobot-reverse-engineering/Agrobot/install/lely_core_libraries/lib:/home/gsylvia/agrobot-reverse-engineering/Agrobot/install/canopen_interfaces/lib:${LD_LIBRARY_PATH} PATH=/home/gsylvia/agrobot-reverse-engineering/Agrobot/install/lely_core_libraries/bin:${PATH} PYTHONPATH=/home/gsylvia/agrobot-reverse-engineering/Agrobot/install/lely_core_libraries/lib/python3.12/site-packages:/home/gsylvia/agrobot-reverse-engineering/Agrobot/install/canopen_interfaces/lib/python3.12/site-packages:${PYTHONPATH} /usr/bin/cmake --build /home/gsylvia/agrobot-reverse-engineering/Agrobot/build/canopen -- -j16 -l16
[74.277s] DEBUG:colcon.colcon_core.event_handler.log_command:Invoking command in '/home/gsylvia/agrobot-reverse-engineering/Agrobot/build/canopen': AMENT_PREFIX_PATH=/home/gsylvia/agrobot-reverse-engineering/Agrobot/install/canopen_402_driver:/home/gsylvia/agrobot-reverse-engineering/Agrobot/install/canopen_proxy_driver:/home/gsylvia/agrobot-reverse-engineering/Agrobot/install/canopen_base_driver:/home/gsylvia/agrobot-reverse-engineering/Agrobot/install/canopen_core:/home/gsylvia/agrobot-reverse-engineering/Agrobot/install/lely_core_libraries:/home/gsylvia/agrobot-reverse-engineering/Agrobot/install/canopen_interfaces:${AMENT_PREFIX_PATH} CMAKE_PREFIX_PATH=/home/gsylvia/agrobot-reverse-engineering/Agrobot/install/canopen_402_driver:/home/gsylvia/agrobot-reverse-engineering/Agrobot/install/canopen_proxy_driver:/home/gsylvia/agrobot-reverse-engineering/Agrobot/install/canopen_base_driver:/home/gsylvia/agrobot-reverse-engineering/Agrobot/install/canopen_core:/home/gsylvia/agrobot-reverse-engineering/Agrobot/install/lely_core_libraries:/home/gsylvia/agrobot-reverse-engineering/Agrobot/install/canopen_interfaces:/opt/ros/jazzy/opt/gz_sim_vendor:/opt/ros/jazzy/opt/gz_sensors_vendor:/opt/ros/jazzy/opt/gz_physics_vendor:/opt/ros/jazzy/opt/sdformat_vendor:/opt/ros/jazzy/opt/gz_gui_vendor:/opt/ros/jazzy/opt/gz_transport_vendor:/opt/ros/jazzy/opt/gz_rendering_vendor:/opt/ros/jazzy/opt/gz_plugin_vendor:/opt/ros/jazzy/opt/gz_fuel_tools_vendor:/opt/ros/jazzy/opt/gz_msgs_vendor:/opt/ros/jazzy/opt/gz_common_vendor:/opt/ros/jazzy/opt/gz_math_vendor:/opt/ros/jazzy/opt/gz_utils_vendor:/opt/ros/jazzy/opt/gz_tools_vendor:/opt/ros/jazzy/opt/gz_ogre_next_vendor:/opt/ros/jazzy/opt/gz_dartsim_vendor:/opt/ros/jazzy/opt/gz_cmake_vendor:/opt/ros/jazzy LD_LIBRARY_PATH=/home/gsylvia/agrobot-reverse-engineering/Agrobot/install/canopen_402_driver/lib:/home/gsylvia/agrobot-reverse-engineering/Agrobot/install/canopen_proxy_driver/lib:/home/gsylvia/agrobot-reverse-engineering/Agrobot/install/canopen_base_driver/lib:/home/gsylvia/agrobot-reverse-engineering/Agrobot/install/canopen_core/lib:/home/gsylvia/agrobot-reverse-engineering/Agrobot/install/lely_core_libraries/lib:/home/gsylvia/agrobot-reverse-engineering/Agrobot/install/canopen_interfaces/lib:${LD_LIBRARY_PATH} PATH=/home/gsylvia/agrobot-reverse-engineering/Agrobot/install/lely_core_libraries/bin:${PATH} PYTHONPATH=/home/gsylvia/agrobot-reverse-engineering/Agrobot/install/lely_core_libraries/lib/python3.12/site-packages:/home/gsylvia/agrobot-reverse-engineering/Agrobot/install/canopen_interfaces/lib/python3.12/site-packages:${PYTHONPATH} /usr/bin/cmake --install /home/gsylvia/agrobot-reverse-engineering/Agrobot/build/canopen
[74.286s] Level 1:colcon.colcon_core.environment:create_environment_scripts_only(canopen)
[74.287s] Level 1:colcon.colcon_core.environment:checking '/home/gsylvia/agrobot-reverse-engineering/Agrobot/install/canopen' for CMake module files
[74.287s] DEBUG:colcon.colcon_core.event_handler.log_command:Invoked command in '/home/gsylvia/agrobot-reverse-engineering/Agrobot/build/canopen' returned '0': AMENT_PREFIX_PATH=/home/gsylvia/agrobot-reverse-engineering/Agrobot/install/canopen_402_driver:/home/gsylvia/agrobot-reverse-engineering/Agrobot/install/canopen_proxy_driver:/home/gsylvia/agrobot-reverse-engineering/Agrobot/install/canopen_base_driver:/home/gsylvia/agrobot-reverse-engineering/Agrobot/install/canopen_core:/home/gsylvia/agrobot-reverse-engineering/Agrobot/install/lely_core_libraries:/home/gsylvia/agrobot-reverse-engineering/Agrobot/install/canopen_interfaces:${AMENT_PREFIX_PATH} CMAKE_PREFIX_PATH=/home/gsylvia/agrobot-reverse-engineering/Agrobot/install/canopen_402_driver:/home/gsylvia/agrobot-reverse-engineering/Agrobot/install/canopen_proxy_driver:/home/gsylvia/agrobot-reverse-engineering/Agrobot/install/canopen_base_driver:/home/gsylvia/agrobot-reverse-engineering/Agrobot/install/canopen_core:/home/gsylvia/agrobot-reverse-engineering/Agrobot/install/lely_core_libraries:/home/gsylvia/agrobot-reverse-engineering/Agrobot/install/canopen_interfaces:/opt/ros/jazzy/opt/gz_sim_vendor:/opt/ros/jazzy/opt/gz_sensors_vendor:/opt/ros/jazzy/opt/gz_physics_vendor:/opt/ros/jazzy/opt/sdformat_vendor:/opt/ros/jazzy/opt/gz_gui_vendor:/opt/ros/jazzy/opt/gz_transport_vendor:/opt/ros/jazzy/opt/gz_rendering_vendor:/opt/ros/jazzy/opt/gz_plugin_vendor:/opt/ros/jazzy/opt/gz_fuel_tools_vendor:/opt/ros/jazzy/opt/gz_msgs_vendor:/opt/ros/jazzy/opt/gz_common_vendor:/opt/ros/jazzy/opt/gz_math_vendor:/opt/ros/jazzy/opt/gz_utils_vendor:/opt/ros/jazzy/opt/gz_tools_vendor:/opt/ros/jazzy/opt/gz_ogre_next_vendor:/opt/ros/jazzy/opt/gz_dartsim_vendor:/opt/ros/jazzy/opt/gz_cmake_vendor:/opt/ros/jazzy LD_LIBRARY_PATH=/home/gsylvia/agrobot-reverse-engineering/Agrobot/install/canopen_402_driver/lib:/home/gsylvia/agrobot-reverse-engineering/Agrobot/install/canopen_proxy_driver/lib:/home/gsylvia/agrobot-reverse-engineering/Agrobot/install/canopen_base_driver/lib:/home/gsylvia/agrobot-reverse-engineering/Agrobot/install/canopen_core/lib:/home/gsylvia/agrobot-reverse-engineering/Agrobot/install/lely_core_libraries/lib:/home/gsylvia/agrobot-reverse-engineering/Agrobot/install/canopen_interfaces/lib:${LD_LIBRARY_PATH} PATH=/home/gsylvia/agrobot-reverse-engineering/Agrobot/install/lely_core_libraries/bin:${PATH} PYTHONPATH=/home/gsylvia/agrobot-reverse-engineering/Agrobot/install/lely_core_libraries/lib/python3.12/site-packages:/home/gsylvia/agrobot-reverse-engineering/Agrobot/install/canopen_interfaces/lib/python3.12/site-packages:${PYTHONPATH} /usr/bin/cmake --install /home/gsylvia/agrobot-reverse-engineering/Agrobot/build/canopen
[74.287s] Level 1:colcon.colcon_core.environment:checking '/home/gsylvia/agrobot-reverse-engineering/Agrobot/install/canopen' for CMake config files
[74.287s] Level 1:colcon.colcon_core.shell:create_environment_hook('canopen', 'cmake_prefix_path')
[74.288s] INFO:colcon.colcon_core.shell:Creating environment hook '/home/gsylvia/agrobot-reverse-engineering/Agrobot/install/canopen/share/canopen/hook/cmake_prefix_path.ps1'
[74.288s] INFO:colcon.colcon_core.shell:Creating environment descriptor '/home/gsylvia/agrobot-reverse-engineering/Agrobot/install/canopen/share/canopen/hook/cmake_prefix_path.dsv'
[74.288s] INFO:colcon.colcon_core.shell:Creating environment hook '/home/gsylvia/agrobot-reverse-engineering/Agrobot/install/canopen/share/canopen/hook/cmake_prefix_path.sh'
[74.289s] Level 1:colcon.colcon_core.environment:checking '/home/gsylvia/agrobot-reverse-engineering/Agrobot/install/canopen/bin'
[74.289s] Level 1:colcon.colcon_core.environment:checking '/home/gsylvia/agrobot-reverse-engineering/Agrobot/install/canopen/lib/pkgconfig/canopen.pc'
[74.289s] Level 1:colcon.colcon_core.environment:checking '/home/gsylvia/agrobot-reverse-engineering/Agrobot/install/canopen/lib/python3.12/site-packages'
[74.289s] Level 1:colcon.colcon_core.environment:checking '/home/gsylvia/agrobot-reverse-engineering/Agrobot/install/canopen/bin'
[74.289s] INFO:colcon.colcon_core.shell:Creating package script '/home/gsylvia/agrobot-reverse-engineering/Agrobot/install/canopen/share/canopen/package.ps1'
[74.290s] INFO:colcon.colcon_core.shell:Creating package descriptor '/home/gsylvia/agrobot-reverse-engineering/Agrobot/install/canopen/share/canopen/package.dsv'
[74.290s] INFO:colcon.colcon_core.shell:Creating package script '/home/gsylvia/agrobot-reverse-engineering/Agrobot/install/canopen/share/canopen/package.sh'
[74.290s] INFO:colcon.colcon_core.shell:Creating package script '/home/gsylvia/agrobot-reverse-engineering/Agrobot/install/canopen/share/canopen/package.bash'
[74.290s] INFO:colcon.colcon_core.shell:Creating package script '/home/gsylvia/agrobot-reverse-engineering/Agrobot/install/canopen/share/canopen/package.zsh'
[74.290s] Level 1:colcon.colcon_core.environment:create_file_with_runtime_dependencies(/home/gsylvia/agrobot-reverse-engineering/Agrobot/install/canopen/share/colcon-core/packages/canopen)
[74.291s] Level 1:colcon.colcon_core.environment:create_environment_scripts_only(canopen)
[74.291s] Level 1:colcon.colcon_core.environment:checking '/home/gsylvia/agrobot-reverse-engineering/Agrobot/install/canopen' for CMake module files
[74.291s] Level 1:colcon.colcon_core.environment:checking '/home/gsylvia/agrobot-reverse-engineering/Agrobot/install/canopen' for CMake config files
[74.291s] Level 1:colcon.colcon_core.shell:create_environment_hook('canopen', 'cmake_prefix_path')
[74.291s] INFO:colcon.colcon_core.shell:Creating environment hook '/home/gsylvia/agrobot-reverse-engineering/Agrobot/install/canopen/share/canopen/hook/cmake_prefix_path.ps1'
[74.291s] INFO:colcon.colcon_core.shell:Creating environment descriptor '/home/gsylvia/agrobot-reverse-engineering/Agrobot/install/canopen/share/canopen/hook/cmake_prefix_path.dsv'
[74.291s] INFO:colcon.colcon_core.shell:Creating environment hook '/home/gsylvia/agrobot-reverse-engineering/Agrobot/install/canopen/share/canopen/hook/cmake_prefix_path.sh'
[74.292s] Level 1:colcon.colcon_core.environment:checking '/home/gsylvia/agrobot-reverse-engineering/Agrobot/install/canopen/bin'
[74.292s] Level 1:colcon.colcon_core.environment:checking '/home/gsylvia/agrobot-reverse-engineering/Agrobot/install/canopen/lib/pkgconfig/canopen.pc'
[74.292s] Level 1:colcon.colcon_core.environment:checking '/home/gsylvia/agrobot-reverse-engineering/Agrobot/install/canopen/lib/python3.12/site-packages'
[74.292s] Level 1:colcon.colcon_core.environment:checking '/home/gsylvia/agrobot-reverse-engineering/Agrobot/install/canopen/bin'
[74.292s] INFO:colcon.colcon_core.shell:Creating package script '/home/gsylvia/agrobot-reverse-engineering/Agrobot/install/canopen/share/canopen/package.ps1'
[74.293s] INFO:colcon.colcon_core.shell:Creating package descriptor '/home/gsylvia/agrobot-reverse-engineering/Agrobot/install/canopen/share/canopen/package.dsv'
[74.293s] INFO:colcon.colcon_core.shell:Creating package script '/home/gsylvia/agrobot-reverse-engineering/Agrobot/install/canopen/share/canopen/package.sh'
[74.293s] INFO:colcon.colcon_core.shell:Creating package script '/home/gsylvia/agrobot-reverse-engineering/Agrobot/install/canopen/share/canopen/package.bash'
[74.293s] INFO:colcon.colcon_core.shell:Creating package script '/home/gsylvia/agrobot-reverse-engineering/Agrobot/install/canopen/share/canopen/package.zsh'
[74.293s] Level 1:colcon.colcon_core.environment:create_file_with_runtime_dependencies(/home/gsylvia/agrobot-reverse-engineering/Agrobot/install/canopen/share/colcon-core/packages/canopen)
[85.893s] DEBUG:colcon.colcon_core.event_handler.log_command:Invoked command in '/home/gsylvia/agrobot-reverse-engineering/Agrobot/build/canopen_ros2_control' returned '0': AMENT_PREFIX_PATH=/home/gsylvia/agrobot-reverse-engineering/Agrobot/install/canopen_402_driver:/home/gsylvia/agrobot-reverse-engineering/Agrobot/install/canopen_proxy_driver:/home/gsylvia/agrobot-reverse-engineering/Agrobot/install/canopen_base_driver:/home/gsylvia/agrobot-reverse-engineering/Agrobot/install/canopen_core:/home/gsylvia/agrobot-reverse-engineering/Agrobot/install/lely_core_libraries:/home/gsylvia/agrobot-reverse-engineering/Agrobot/install/canopen_interfaces:${AMENT_PREFIX_PATH} CMAKE_PREFIX_PATH=/home/gsylvia/agrobot-reverse-engineering/Agrobot/install/canopen_402_driver:/home/gsylvia/agrobot-reverse-engineering/Agrobot/install/canopen_proxy_driver:/home/gsylvia/agrobot-reverse-engineering/Agrobot/install/canopen_base_driver:/home/gsylvia/agrobot-reverse-engineering/Agrobot/install/canopen_core:/home/gsylvia/agrobot-reverse-engineering/Agrobot/install/lely_core_libraries:/home/gsylvia/agrobot-reverse-engineering/Agrobot/install/canopen_interfaces:/opt/ros/jazzy/opt/gz_sim_vendor:/opt/ros/jazzy/opt/gz_sensors_vendor:/opt/ros/jazzy/opt/gz_physics_vendor:/opt/ros/jazzy/opt/sdformat_vendor:/opt/ros/jazzy/opt/gz_gui_vendor:/opt/ros/jazzy/opt/gz_transport_vendor:/opt/ros/jazzy/opt/gz_rendering_vendor:/opt/ros/jazzy/opt/gz_plugin_vendor:/opt/ros/jazzy/opt/gz_fuel_tools_vendor:/opt/ros/jazzy/opt/gz_msgs_vendor:/opt/ros/jazzy/opt/gz_common_vendor:/opt/ros/jazzy/opt/gz_math_vendor:/opt/ros/jazzy/opt/gz_utils_vendor:/opt/ros/jazzy/opt/gz_tools_vendor:/opt/ros/jazzy/opt/gz_ogre_next_vendor:/opt/ros/jazzy/opt/gz_dartsim_vendor:/opt/ros/jazzy/opt/gz_cmake_vendor:/opt/ros/jazzy LD_LIBRARY_PATH=/home/gsylvia/agrobot-reverse-engineering/Agrobot/install/canopen_402_driver/lib:/home/gsylvia/agrobot-reverse-engineering/Agrobot/install/canopen_proxy_driver/lib:/home/gsylvia/agrobot-reverse-engineering/Agrobot/install/canopen_base_driver/lib:/home/gsylvia/agrobot-reverse-engineering/Agrobot/install/canopen_core/lib:/home/gsylvia/agrobot-reverse-engineering/Agrobot/install/lely_core_libraries/lib:/home/gsylvia/agrobot-reverse-engineering/Agrobot/install/canopen_interfaces/lib:${LD_LIBRARY_PATH} PATH=/home/gsylvia/agrobot-reverse-engineering/Agrobot/install/lely_core_libraries/bin:${PATH} PYTHONPATH=/home/gsylvia/agrobot-reverse-engineering/Agrobot/install/lely_core_libraries/lib/python3.12/site-packages:/home/gsylvia/agrobot-reverse-engineering/Agrobot/install/canopen_interfaces/lib/python3.12/site-packages:${PYTHONPATH} /usr/bin/cmake --build /home/gsylvia/agrobot-reverse-engineering/Agrobot/build/canopen_ros2_control -- -j16 -l16
[85.895s] DEBUG:colcon.colcon_core.event_handler.log_command:Invoking command in '/home/gsylvia/agrobot-reverse-engineering/Agrobot/build/canopen_ros2_control': AMENT_PREFIX_PATH=/home/gsylvia/agrobot-reverse-engineering/Agrobot/install/canopen_402_driver:/home/gsylvia/agrobot-reverse-engineering/Agrobot/install/canopen_proxy_driver:/home/gsylvia/agrobot-reverse-engineering/Agrobot/install/canopen_base_driver:/home/gsylvia/agrobot-reverse-engineering/Agrobot/install/canopen_core:/home/gsylvia/agrobot-reverse-engineering/Agrobot/install/lely_core_libraries:/home/gsylvia/agrobot-reverse-engineering/Agrobot/install/canopen_interfaces:${AMENT_PREFIX_PATH} CMAKE_PREFIX_PATH=/home/gsylvia/agrobot-reverse-engineering/Agrobot/install/canopen_402_driver:/home/gsylvia/agrobot-reverse-engineering/Agrobot/install/canopen_proxy_driver:/home/gsylvia/agrobot-reverse-engineering/Agrobot/install/canopen_base_driver:/home/gsylvia/agrobot-reverse-engineering/Agrobot/install/canopen_core:/home/gsylvia/agrobot-reverse-engineering/Agrobot/install/lely_core_libraries:/home/gsylvia/agrobot-reverse-engineering/Agrobot/install/canopen_interfaces:/opt/ros/jazzy/opt/gz_sim_vendor:/opt/ros/jazzy/opt/gz_sensors_vendor:/opt/ros/jazzy/opt/gz_physics_vendor:/opt/ros/jazzy/opt/sdformat_vendor:/opt/ros/jazzy/opt/gz_gui_vendor:/opt/ros/jazzy/opt/gz_transport_vendor:/opt/ros/jazzy/opt/gz_rendering_vendor:/opt/ros/jazzy/opt/gz_plugin_vendor:/opt/ros/jazzy/opt/gz_fuel_tools_vendor:/opt/ros/jazzy/opt/gz_msgs_vendor:/opt/ros/jazzy/opt/gz_common_vendor:/opt/ros/jazzy/opt/gz_math_vendor:/opt/ros/jazzy/opt/gz_utils_vendor:/opt/ros/jazzy/opt/gz_tools_vendor:/opt/ros/jazzy/opt/gz_ogre_next_vendor:/opt/ros/jazzy/opt/gz_dartsim_vendor:/opt/ros/jazzy/opt/gz_cmake_vendor:/opt/ros/jazzy LD_LIBRARY_PATH=/home/gsylvia/agrobot-reverse-engineering/Agrobot/install/canopen_402_driver/lib:/home/gsylvia/agrobot-reverse-engineering/Agrobot/install/canopen_proxy_driver/lib:/home/gsylvia/agrobot-reverse-engineering/Agrobot/install/canopen_base_driver/lib:/home/gsylvia/agrobot-reverse-engineering/Agrobot/install/canopen_core/lib:/home/gsylvia/agrobot-reverse-engineering/Agrobot/install/lely_core_libraries/lib:/home/gsylvia/agrobot-reverse-engineering/Agrobot/install/canopen_interfaces/lib:${LD_LIBRARY_PATH} PATH=/home/gsylvia/agrobot-reverse-engineering/Agrobot/install/lely_core_libraries/bin:${PATH} PYTHONPATH=/home/gsylvia/agrobot-reverse-engineering/Agrobot/install/lely_core_libraries/lib/python3.12/site-packages:/home/gsylvia/agrobot-reverse-engineering/Agrobot/install/canopen_interfaces/lib/python3.12/site-packages:${PYTHONPATH} /usr/bin/cmake --install /home/gsylvia/agrobot-reverse-engineering/Agrobot/build/canopen_ros2_control
[85.909s] Level 1:colcon.colcon_core.environment:create_environment_scripts_only(canopen_ros2_control)
[85.910s] Level 1:colcon.colcon_core.environment:checking '/home/gsylvia/agrobot-reverse-engineering/Agrobot/install/canopen_ros2_control' for CMake module files
[85.910s] DEBUG:colcon.colcon_core.event_handler.log_command:Invoked command in '/home/gsylvia/agrobot-reverse-engineering/Agrobot/build/canopen_ros2_control' returned '0': AMENT_PREFIX_PATH=/home/gsylvia/agrobot-reverse-engineering/Agrobot/install/canopen_402_driver:/home/gsylvia/agrobot-reverse-engineering/Agrobot/install/canopen_proxy_driver:/home/gsylvia/agrobot-reverse-engineering/Agrobot/install/canopen_base_driver:/home/gsylvia/agrobot-reverse-engineering/Agrobot/install/canopen_core:/home/gsylvia/agrobot-reverse-engineering/Agrobot/install/lely_core_libraries:/home/gsylvia/agrobot-reverse-engineering/Agrobot/install/canopen_interfaces:${AMENT_PREFIX_PATH} CMAKE_PREFIX_PATH=/home/gsylvia/agrobot-reverse-engineering/Agrobot/install/canopen_402_driver:/home/gsylvia/agrobot-reverse-engineering/Agrobot/install/canopen_proxy_driver:/home/gsylvia/agrobot-reverse-engineering/Agrobot/install/canopen_base_driver:/home/gsylvia/agrobot-reverse-engineering/Agrobot/install/canopen_core:/home/gsylvia/agrobot-reverse-engineering/Agrobot/install/lely_core_libraries:/home/gsylvia/agrobot-reverse-engineering/Agrobot/install/canopen_interfaces:/opt/ros/jazzy/opt/gz_sim_vendor:/opt/ros/jazzy/opt/gz_sensors_vendor:/opt/ros/jazzy/opt/gz_physics_vendor:/opt/ros/jazzy/opt/sdformat_vendor:/opt/ros/jazzy/opt/gz_gui_vendor:/opt/ros/jazzy/opt/gz_transport_vendor:/opt/ros/jazzy/opt/gz_rendering_vendor:/opt/ros/jazzy/opt/gz_plugin_vendor:/opt/ros/jazzy/opt/gz_fuel_tools_vendor:/opt/ros/jazzy/opt/gz_msgs_vendor:/opt/ros/jazzy/opt/gz_common_vendor:/opt/ros/jazzy/opt/gz_math_vendor:/opt/ros/jazzy/opt/gz_utils_vendor:/opt/ros/jazzy/opt/gz_tools_vendor:/opt/ros/jazzy/opt/gz_ogre_next_vendor:/opt/ros/jazzy/opt/gz_dartsim_vendor:/opt/ros/jazzy/opt/gz_cmake_vendor:/opt/ros/jazzy LD_LIBRARY_PATH=/home/gsylvia/agrobot-reverse-engineering/Agrobot/install/canopen_402_driver/lib:/home/gsylvia/agrobot-reverse-engineering/Agrobot/install/canopen_proxy_driver/lib:/home/gsylvia/agrobot-reverse-engineering/Agrobot/install/canopen_base_driver/lib:/home/gsylvia/agrobot-reverse-engineering/Agrobot/install/canopen_core/lib:/home/gsylvia/agrobot-reverse-engineering/Agrobot/install/lely_core_libraries/lib:/home/gsylvia/agrobot-reverse-engineering/Agrobot/install/canopen_interfaces/lib:${LD_LIBRARY_PATH} PATH=/home/gsylvia/agrobot-reverse-engineering/Agrobot/install/lely_core_libraries/bin:${PATH} PYTHONPATH=/home/gsylvia/agrobot-reverse-engineering/Agrobot/install/lely_core_libraries/lib/python3.12/site-packages:/home/gsylvia/agrobot-reverse-engineering/Agrobot/install/canopen_interfaces/lib/python3.12/site-packages:${PYTHONPATH} /usr/bin/cmake --install /home/gsylvia/agrobot-reverse-engineering/Agrobot/build/canopen_ros2_control
[85.910s] Level 1:colcon.colcon_core.environment:checking '/home/gsylvia/agrobot-reverse-engineering/Agrobot/install/canopen_ros2_control' for CMake config files
[85.911s] Level 1:colcon.colcon_core.shell:create_environment_hook('canopen_ros2_control', 'cmake_prefix_path')
[85.911s] INFO:colcon.colcon_core.shell:Creating environment hook '/home/gsylvia/agrobot-reverse-engineering/Agrobot/install/canopen_ros2_control/share/canopen_ros2_control/hook/cmake_prefix_path.ps1'
[85.911s] INFO:colcon.colcon_core.shell:Creating environment descriptor '/home/gsylvia/agrobot-reverse-engineering/Agrobot/install/canopen_ros2_control/share/canopen_ros2_control/hook/cmake_prefix_path.dsv'
[85.912s] INFO:colcon.colcon_core.shell:Creating environment hook '/home/gsylvia/agrobot-reverse-engineering/Agrobot/install/canopen_ros2_control/share/canopen_ros2_control/hook/cmake_prefix_path.sh'
[85.912s] Level 1:colcon.colcon_core.environment:checking '/home/gsylvia/agrobot-reverse-engineering/Agrobot/install/canopen_ros2_control/lib'
[85.912s] Level 1:colcon.colcon_core.shell:create_environment_hook('canopen_ros2_control', 'ld_library_path_lib')
[85.912s] INFO:colcon.colcon_core.shell:Creating environment hook '/home/gsylvia/agrobot-reverse-engineering/Agrobot/install/canopen_ros2_control/share/canopen_ros2_control/hook/ld_library_path_lib.ps1'
[85.913s] INFO:colcon.colcon_core.shell:Creating environment descriptor '/home/gsylvia/agrobot-reverse-engineering/Agrobot/install/canopen_ros2_control/share/canopen_ros2_control/hook/ld_library_path_lib.dsv'
[85.913s] INFO:colcon.colcon_core.shell:Creating environment hook '/home/gsylvia/agrobot-reverse-engineering/Agrobot/install/canopen_ros2_control/share/canopen_ros2_control/hook/ld_library_path_lib.sh'
[85.913s] Level 1:colcon.colcon_core.environment:checking '/home/gsylvia/agrobot-reverse-engineering/Agrobot/install/canopen_ros2_control/bin'
[85.913s] Level 1:colcon.colcon_core.environment:checking '/home/gsylvia/agrobot-reverse-engineering/Agrobot/install/canopen_ros2_control/lib/pkgconfig/canopen_ros2_control.pc'
[85.914s] Level 1:colcon.colcon_core.environment:checking '/home/gsylvia/agrobot-reverse-engineering/Agrobot/install/canopen_ros2_control/lib/python3.12/site-packages'
[85.914s] Level 1:colcon.colcon_core.environment:checking '/home/gsylvia/agrobot-reverse-engineering/Agrobot/install/canopen_ros2_control/bin'
[85.914s] INFO:colcon.colcon_core.shell:Creating package script '/home/gsylvia/agrobot-reverse-engineering/Agrobot/install/canopen_ros2_control/share/canopen_ros2_control/package.ps1'
[85.914s] INFO:colcon.colcon_core.shell:Creating package descriptor '/home/gsylvia/agrobot-reverse-engineering/Agrobot/install/canopen_ros2_control/share/canopen_ros2_control/package.dsv'
[85.915s] INFO:colcon.colcon_core.shell:Creating package script '/home/gsylvia/agrobot-reverse-engineering/Agrobot/install/canopen_ros2_control/share/canopen_ros2_control/package.sh'
[85.915s] INFO:colcon.colcon_core.shell:Creating package script '/home/gsylvia/agrobot-reverse-engineering/Agrobot/install/canopen_ros2_control/share/canopen_ros2_control/package.bash'
[85.915s] INFO:colcon.colcon_core.shell:Creating package script '/home/gsylvia/agrobot-reverse-engineering/Agrobot/install/canopen_ros2_control/share/canopen_ros2_control/package.zsh'
[85.915s] Level 1:colcon.colcon_core.environment:create_file_with_runtime_dependencies(/home/gsylvia/agrobot-reverse-engineering/Agrobot/install/canopen_ros2_control/share/colcon-core/packages/canopen_ros2_control)
[85.915s] Level 1:colcon.colcon_core.environment:create_environment_scripts_only(canopen_ros2_control)
[85.916s] Level 1:colcon.colcon_core.environment:checking '/home/gsylvia/agrobot-reverse-engineering/Agrobot/install/canopen_ros2_control' for CMake module files
[85.916s] Level 1:colcon.colcon_core.environment:checking '/home/gsylvia/agrobot-reverse-engineering/Agrobot/install/canopen_ros2_control' for CMake config files
[85.916s] Level 1:colcon.colcon_core.shell:create_environment_hook('canopen_ros2_control', 'cmake_prefix_path')
[85.916s] INFO:colcon.colcon_core.shell:Creating environment hook '/home/gsylvia/agrobot-reverse-engineering/Agrobot/install/canopen_ros2_control/share/canopen_ros2_control/hook/cmake_prefix_path.ps1'
[85.916s] INFO:colcon.colcon_core.shell:Creating environment descriptor '/home/gsylvia/agrobot-reverse-engineering/Agrobot/install/canopen_ros2_control/share/canopen_ros2_control/hook/cmake_prefix_path.dsv'
[85.916s] INFO:colcon.colcon_core.shell:Creating environment hook '/home/gsylvia/agrobot-reverse-engineering/Agrobot/install/canopen_ros2_control/share/canopen_ros2_control/hook/cmake_prefix_path.sh'
[85.917s] Level 1:colcon.colcon_core.environment:checking '/home/gsylvia/agrobot-reverse-engineering/Agrobot/install/canopen_ros2_control/lib'
[85.917s] Level 1:colcon.colcon_core.shell:create_environment_hook('canopen_ros2_control', 'ld_library_path_lib')
[85.917s] INFO:colcon.colcon_core.shell:Creating environment hook '/home/gsylvia/agrobot-reverse-engineering/Agrobot/install/canopen_ros2_control/share/canopen_ros2_control/hook/ld_library_path_lib.ps1'
[85.917s] INFO:colcon.colcon_core.shell:Creating environment descriptor '/home/gsylvia/agrobot-reverse-engineering/Agrobot/install/canopen_ros2_control/share/canopen_ros2_control/hook/ld_library_path_lib.dsv'
[85.917s] INFO:colcon.colcon_core.shell:Creating environment hook '/home/gsylvia/agrobot-reverse-engineering/Agrobot/install/canopen_ros2_control/share/canopen_ros2_control/hook/ld_library_path_lib.sh'
[85.917s] Level 1:colcon.colcon_core.environment:checking '/home/gsylvia/agrobot-reverse-engineering/Agrobot/install/canopen_ros2_control/bin'
[85.917s] Level 1:colcon.colcon_core.environment:checking '/home/gsylvia/agrobot-reverse-engineering/Agrobot/install/canopen_ros2_control/lib/pkgconfig/canopen_ros2_control.pc'
[85.917s] Level 1:colcon.colcon_core.environment:checking '/home/gsylvia/agrobot-reverse-engineering/Agrobot/install/canopen_ros2_control/lib/python3.12/site-packages'
[85.917s] Level 1:colcon.colcon_core.environment:checking '/home/gsylvia/agrobot-reverse-engineering/Agrobot/install/canopen_ros2_control/bin'
[85.918s] INFO:colcon.colcon_core.shell:Creating package script '/home/gsylvia/agrobot-reverse-engineering/Agrobot/install/canopen_ros2_control/share/canopen_ros2_control/package.ps1'
[85.918s] INFO:colcon.colcon_core.shell:Creating package descriptor '/home/gsylvia/agrobot-reverse-engineering/Agrobot/install/canopen_ros2_control/share/canopen_ros2_control/package.dsv'
[85.918s] INFO:colcon.colcon_core.shell:Creating package script '/home/gsylvia/agrobot-reverse-engineering/Agrobot/install/canopen_ros2_control/share/canopen_ros2_control/package.sh'
[85.918s] INFO:colcon.colcon_core.shell:Creating package script '/home/gsylvia/agrobot-reverse-engineering/Agrobot/install/canopen_ros2_control/share/canopen_ros2_control/package.bash'
[85.918s] INFO:colcon.colcon_core.shell:Creating package script '/home/gsylvia/agrobot-reverse-engineering/Agrobot/install/canopen_ros2_control/share/canopen_ros2_control/package.zsh'
[85.919s] Level 1:colcon.colcon_core.environment:create_file_with_runtime_dependencies(/home/gsylvia/agrobot-reverse-engineering/Agrobot/install/canopen_ros2_control/share/colcon-core/packages/canopen_ros2_control)
[88.344s] DEBUG:colcon.colcon_core.event_handler.log_command:Invoked command in '/home/gsylvia/agrobot-reverse-engineering/Agrobot/build/canopen_ros2_controllers' returned '0': AMENT_PREFIX_PATH=/home/gsylvia/agrobot-reverse-engineering/Agrobot/install/canopen_402_driver:/home/gsylvia/agrobot-reverse-engineering/Agrobot/install/canopen_proxy_driver:/home/gsylvia/agrobot-reverse-engineering/Agrobot/install/canopen_base_driver:/home/gsylvia/agrobot-reverse-engineering/Agrobot/install/canopen_core:/home/gsylvia/agrobot-reverse-engineering/Agrobot/install/lely_core_libraries:/home/gsylvia/agrobot-reverse-engineering/Agrobot/install/canopen_interfaces:${AMENT_PREFIX_PATH} CMAKE_PREFIX_PATH=/home/gsylvia/agrobot-reverse-engineering/Agrobot/install/canopen_402_driver:/home/gsylvia/agrobot-reverse-engineering/Agrobot/install/canopen_proxy_driver:/home/gsylvia/agrobot-reverse-engineering/Agrobot/install/canopen_base_driver:/home/gsylvia/agrobot-reverse-engineering/Agrobot/install/canopen_core:/home/gsylvia/agrobot-reverse-engineering/Agrobot/install/lely_core_libraries:/home/gsylvia/agrobot-reverse-engineering/Agrobot/install/canopen_interfaces:/opt/ros/jazzy/opt/gz_sim_vendor:/opt/ros/jazzy/opt/gz_sensors_vendor:/opt/ros/jazzy/opt/gz_physics_vendor:/opt/ros/jazzy/opt/sdformat_vendor:/opt/ros/jazzy/opt/gz_gui_vendor:/opt/ros/jazzy/opt/gz_transport_vendor:/opt/ros/jazzy/opt/gz_rendering_vendor:/opt/ros/jazzy/opt/gz_plugin_vendor:/opt/ros/jazzy/opt/gz_fuel_tools_vendor:/opt/ros/jazzy/opt/gz_msgs_vendor:/opt/ros/jazzy/opt/gz_common_vendor:/opt/ros/jazzy/opt/gz_math_vendor:/opt/ros/jazzy/opt/gz_utils_vendor:/opt/ros/jazzy/opt/gz_tools_vendor:/opt/ros/jazzy/opt/gz_ogre_next_vendor:/opt/ros/jazzy/opt/gz_dartsim_vendor:/opt/ros/jazzy/opt/gz_cmake_vendor:/opt/ros/jazzy LD_LIBRARY_PATH=/home/gsylvia/agrobot-reverse-engineering/Agrobot/install/canopen_402_driver/lib:/home/gsylvia/agrobot-reverse-engineering/Agrobot/install/canopen_proxy_driver/lib:/home/gsylvia/agrobot-reverse-engineering/Agrobot/install/canopen_base_driver/lib:/home/gsylvia/agrobot-reverse-engineering/Agrobot/install/canopen_core/lib:/home/gsylvia/agrobot-reverse-engineering/Agrobot/install/lely_core_libraries/lib:/home/gsylvia/agrobot-reverse-engineering/Agrobot/install/canopen_interfaces/lib:${LD_LIBRARY_PATH} PATH=/home/gsylvia/agrobot-reverse-engineering/Agrobot/install/lely_core_libraries/bin:${PATH} PYTHONPATH=/home/gsylvia/agrobot-reverse-engineering/Agrobot/install/lely_core_libraries/lib/python3.12/site-packages:/home/gsylvia/agrobot-reverse-engineering/Agrobot/install/canopen_interfaces/lib/python3.12/site-packages:${PYTHONPATH} /usr/bin/cmake --build /home/gsylvia/agrobot-reverse-engineering/Agrobot/build/canopen_ros2_controllers -- -j16 -l16
[88.346s] DEBUG:colcon.colcon_core.event_handler.log_command:Invoking command in '/home/gsylvia/agrobot-reverse-engineering/Agrobot/build/canopen_ros2_controllers': AMENT_PREFIX_PATH=/home/gsylvia/agrobot-reverse-engineering/Agrobot/install/canopen_402_driver:/home/gsylvia/agrobot-reverse-engineering/Agrobot/install/canopen_proxy_driver:/home/gsylvia/agrobot-reverse-engineering/Agrobot/install/canopen_base_driver:/home/gsylvia/agrobot-reverse-engineering/Agrobot/install/canopen_core:/home/gsylvia/agrobot-reverse-engineering/Agrobot/install/lely_core_libraries:/home/gsylvia/agrobot-reverse-engineering/Agrobot/install/canopen_interfaces:${AMENT_PREFIX_PATH} CMAKE_PREFIX_PATH=/home/gsylvia/agrobot-reverse-engineering/Agrobot/install/canopen_402_driver:/home/gsylvia/agrobot-reverse-engineering/Agrobot/install/canopen_proxy_driver:/home/gsylvia/agrobot-reverse-engineering/Agrobot/install/canopen_base_driver:/home/gsylvia/agrobot-reverse-engineering/Agrobot/install/canopen_core:/home/gsylvia/agrobot-reverse-engineering/Agrobot/install/lely_core_libraries:/home/gsylvia/agrobot-reverse-engineering/Agrobot/install/canopen_interfaces:/opt/ros/jazzy/opt/gz_sim_vendor:/opt/ros/jazzy/opt/gz_sensors_vendor:/opt/ros/jazzy/opt/gz_physics_vendor:/opt/ros/jazzy/opt/sdformat_vendor:/opt/ros/jazzy/opt/gz_gui_vendor:/opt/ros/jazzy/opt/gz_transport_vendor:/opt/ros/jazzy/opt/gz_rendering_vendor:/opt/ros/jazzy/opt/gz_plugin_vendor:/opt/ros/jazzy/opt/gz_fuel_tools_vendor:/opt/ros/jazzy/opt/gz_msgs_vendor:/opt/ros/jazzy/opt/gz_common_vendor:/opt/ros/jazzy/opt/gz_math_vendor:/opt/ros/jazzy/opt/gz_utils_vendor:/opt/ros/jazzy/opt/gz_tools_vendor:/opt/ros/jazzy/opt/gz_ogre_next_vendor:/opt/ros/jazzy/opt/gz_dartsim_vendor:/opt/ros/jazzy/opt/gz_cmake_vendor:/opt/ros/jazzy LD_LIBRARY_PATH=/home/gsylvia/agrobot-reverse-engineering/Agrobot/install/canopen_402_driver/lib:/home/gsylvia/agrobot-reverse-engineering/Agrobot/install/canopen_proxy_driver/lib:/home/gsylvia/agrobot-reverse-engineering/Agrobot/install/canopen_base_driver/lib:/home/gsylvia/agrobot-reverse-engineering/Agrobot/install/canopen_core/lib:/home/gsylvia/agrobot-reverse-engineering/Agrobot/install/lely_core_libraries/lib:/home/gsylvia/agrobot-reverse-engineering/Agrobot/install/canopen_interfaces/lib:${LD_LIBRARY_PATH} PATH=/home/gsylvia/agrobot-reverse-engineering/Agrobot/install/lely_core_libraries/bin:${PATH} PYTHONPATH=/home/gsylvia/agrobot-reverse-engineering/Agrobot/install/lely_core_libraries/lib/python3.12/site-packages:/home/gsylvia/agrobot-reverse-engineering/Agrobot/install/canopen_interfaces/lib/python3.12/site-packages:${PYTHONPATH} /usr/bin/cmake --install /home/gsylvia/agrobot-reverse-engineering/Agrobot/build/canopen_ros2_controllers
[88.363s] Level 1:colcon.colcon_core.environment:create_environment_scripts_only(canopen_ros2_controllers)
[88.363s] Level 1:colcon.colcon_core.environment:checking '/home/gsylvia/agrobot-reverse-engineering/Agrobot/install/canopen_ros2_controllers' for CMake module files
[88.363s] DEBUG:colcon.colcon_core.event_handler.log_command:Invoked command in '/home/gsylvia/agrobot-reverse-engineering/Agrobot/build/canopen_ros2_controllers' returned '0': AMENT_PREFIX_PATH=/home/gsylvia/agrobot-reverse-engineering/Agrobot/install/canopen_402_driver:/home/gsylvia/agrobot-reverse-engineering/Agrobot/install/canopen_proxy_driver:/home/gsylvia/agrobot-reverse-engineering/Agrobot/install/canopen_base_driver:/home/gsylvia/agrobot-reverse-engineering/Agrobot/install/canopen_core:/home/gsylvia/agrobot-reverse-engineering/Agrobot/install/lely_core_libraries:/home/gsylvia/agrobot-reverse-engineering/Agrobot/install/canopen_interfaces:${AMENT_PREFIX_PATH} CMAKE_PREFIX_PATH=/home/gsylvia/agrobot-reverse-engineering/Agrobot/install/canopen_402_driver:/home/gsylvia/agrobot-reverse-engineering/Agrobot/install/canopen_proxy_driver:/home/gsylvia/agrobot-reverse-engineering/Agrobot/install/canopen_base_driver:/home/gsylvia/agrobot-reverse-engineering/Agrobot/install/canopen_core:/home/gsylvia/agrobot-reverse-engineering/Agrobot/install/lely_core_libraries:/home/gsylvia/agrobot-reverse-engineering/Agrobot/install/canopen_interfaces:/opt/ros/jazzy/opt/gz_sim_vendor:/opt/ros/jazzy/opt/gz_sensors_vendor:/opt/ros/jazzy/opt/gz_physics_vendor:/opt/ros/jazzy/opt/sdformat_vendor:/opt/ros/jazzy/opt/gz_gui_vendor:/opt/ros/jazzy/opt/gz_transport_vendor:/opt/ros/jazzy/opt/gz_rendering_vendor:/opt/ros/jazzy/opt/gz_plugin_vendor:/opt/ros/jazzy/opt/gz_fuel_tools_vendor:/opt/ros/jazzy/opt/gz_msgs_vendor:/opt/ros/jazzy/opt/gz_common_vendor:/opt/ros/jazzy/opt/gz_math_vendor:/opt/ros/jazzy/opt/gz_utils_vendor:/opt/ros/jazzy/opt/gz_tools_vendor:/opt/ros/jazzy/opt/gz_ogre_next_vendor:/opt/ros/jazzy/opt/gz_dartsim_vendor:/opt/ros/jazzy/opt/gz_cmake_vendor:/opt/ros/jazzy LD_LIBRARY_PATH=/home/gsylvia/agrobot-reverse-engineering/Agrobot/install/canopen_402_driver/lib:/home/gsylvia/agrobot-reverse-engineering/Agrobot/install/canopen_proxy_driver/lib:/home/gsylvia/agrobot-reverse-engineering/Agrobot/install/canopen_base_driver/lib:/home/gsylvia/agrobot-reverse-engineering/Agrobot/install/canopen_core/lib:/home/gsylvia/agrobot-reverse-engineering/Agrobot/install/lely_core_libraries/lib:/home/gsylvia/agrobot-reverse-engineering/Agrobot/install/canopen_interfaces/lib:${LD_LIBRARY_PATH} PATH=/home/gsylvia/agrobot-reverse-engineering/Agrobot/install/lely_core_libraries/bin:${PATH} PYTHONPATH=/home/gsylvia/agrobot-reverse-engineering/Agrobot/install/lely_core_libraries/lib/python3.12/site-packages:/home/gsylvia/agrobot-reverse-engineering/Agrobot/install/canopen_interfaces/lib/python3.12/site-packages:${PYTHONPATH} /usr/bin/cmake --install /home/gsylvia/agrobot-reverse-engineering/Agrobot/build/canopen_ros2_controllers
[88.364s] Level 1:colcon.colcon_core.environment:checking '/home/gsylvia/agrobot-reverse-engineering/Agrobot/install/canopen_ros2_controllers' for CMake config files
[88.364s] Level 1:colcon.colcon_core.shell:create_environment_hook('canopen_ros2_controllers', 'cmake_prefix_path')
[88.364s] INFO:colcon.colcon_core.shell:Creating environment hook '/home/gsylvia/agrobot-reverse-engineering/Agrobot/install/canopen_ros2_controllers/share/canopen_ros2_controllers/hook/cmake_prefix_path.ps1'
[88.365s] INFO:colcon.colcon_core.shell:Creating environment descriptor '/home/gsylvia/agrobot-reverse-engineering/Agrobot/install/canopen_ros2_controllers/share/canopen_ros2_controllers/hook/cmake_prefix_path.dsv'
[88.365s] INFO:colcon.colcon_core.shell:Creating environment hook '/home/gsylvia/agrobot-reverse-engineering/Agrobot/install/canopen_ros2_controllers/share/canopen_ros2_controllers/hook/cmake_prefix_path.sh'
[88.365s] Level 1:colcon.colcon_core.environment:checking '/home/gsylvia/agrobot-reverse-engineering/Agrobot/install/canopen_ros2_controllers/lib'
[88.365s] Level 1:colcon.colcon_core.shell:create_environment_hook('canopen_ros2_controllers', 'ld_library_path_lib')
[88.365s] INFO:colcon.colcon_core.shell:Creating environment hook '/home/gsylvia/agrobot-reverse-engineering/Agrobot/install/canopen_ros2_controllers/share/canopen_ros2_controllers/hook/ld_library_path_lib.ps1'
[88.365s] INFO:colcon.colcon_core.shell:Creating environment descriptor '/home/gsylvia/agrobot-reverse-engineering/Agrobot/install/canopen_ros2_controllers/share/canopen_ros2_controllers/hook/ld_library_path_lib.dsv'
[88.366s] INFO:colcon.colcon_core.shell:Creating environment hook '/home/gsylvia/agrobot-reverse-engineering/Agrobot/install/canopen_ros2_controllers/share/canopen_ros2_controllers/hook/ld_library_path_lib.sh'
[88.366s] Level 1:colcon.colcon_core.environment:checking '/home/gsylvia/agrobot-reverse-engineering/Agrobot/install/canopen_ros2_controllers/bin'
[88.366s] Level 1:colcon.colcon_core.environment:checking '/home/gsylvia/agrobot-reverse-engineering/Agrobot/install/canopen_ros2_controllers/lib/pkgconfig/canopen_ros2_controllers.pc'
[88.366s] Level 1:colcon.colcon_core.environment:checking '/home/gsylvia/agrobot-reverse-engineering/Agrobot/install/canopen_ros2_controllers/lib/python3.12/site-packages'
[88.366s] Level 1:colcon.colcon_core.environment:checking '/home/gsylvia/agrobot-reverse-engineering/Agrobot/install/canopen_ros2_controllers/bin'
[88.366s] INFO:colcon.colcon_core.shell:Creating package script '/home/gsylvia/agrobot-reverse-engineering/Agrobot/install/canopen_ros2_controllers/share/canopen_ros2_controllers/package.ps1'
[88.366s] INFO:colcon.colcon_core.shell:Creating package descriptor '/home/gsylvia/agrobot-reverse-engineering/Agrobot/install/canopen_ros2_controllers/share/canopen_ros2_controllers/package.dsv'
[88.367s] INFO:colcon.colcon_core.shell:Creating package script '/home/gsylvia/agrobot-reverse-engineering/Agrobot/install/canopen_ros2_controllers/share/canopen_ros2_controllers/package.sh'
[88.367s] INFO:colcon.colcon_core.shell:Creating package script '/home/gsylvia/agrobot-reverse-engineering/Agrobot/install/canopen_ros2_controllers/share/canopen_ros2_controllers/package.bash'
[88.367s] INFO:colcon.colcon_core.shell:Creating package script '/home/gsylvia/agrobot-reverse-engineering/Agrobot/install/canopen_ros2_controllers/share/canopen_ros2_controllers/package.zsh'
[88.367s] Level 1:colcon.colcon_core.environment:create_file_with_runtime_dependencies(/home/gsylvia/agrobot-reverse-engineering/Agrobot/install/canopen_ros2_controllers/share/colcon-core/packages/canopen_ros2_controllers)
[88.367s] Level 1:colcon.colcon_core.environment:create_environment_scripts_only(canopen_ros2_controllers)
[88.368s] Level 1:colcon.colcon_core.environment:checking '/home/gsylvia/agrobot-reverse-engineering/Agrobot/install/canopen_ros2_controllers' for CMake module files
[88.368s] Level 1:colcon.colcon_core.environment:checking '/home/gsylvia/agrobot-reverse-engineering/Agrobot/install/canopen_ros2_controllers' for CMake config files
[88.368s] Level 1:colcon.colcon_core.shell:create_environment_hook('canopen_ros2_controllers', 'cmake_prefix_path')
[88.368s] INFO:colcon.colcon_core.shell:Creating environment hook '/home/gsylvia/agrobot-reverse-engineering/Agrobot/install/canopen_ros2_controllers/share/canopen_ros2_controllers/hook/cmake_prefix_path.ps1'
[88.368s] INFO:colcon.colcon_core.shell:Creating environment descriptor '/home/gsylvia/agrobot-reverse-engineering/Agrobot/install/canopen_ros2_controllers/share/canopen_ros2_controllers/hook/cmake_prefix_path.dsv'
[88.368s] INFO:colcon.colcon_core.shell:Creating environment hook '/home/gsylvia/agrobot-reverse-engineering/Agrobot/install/canopen_ros2_controllers/share/canopen_ros2_controllers/hook/cmake_prefix_path.sh'
[88.369s] Level 1:colcon.colcon_core.environment:checking '/home/gsylvia/agrobot-reverse-engineering/Agrobot/install/canopen_ros2_controllers/lib'
[88.369s] Level 1:colcon.colcon_core.shell:create_environment_hook('canopen_ros2_controllers', 'ld_library_path_lib')
[88.369s] INFO:colcon.colcon_core.shell:Creating environment hook '/home/gsylvia/agrobot-reverse-engineering/Agrobot/install/canopen_ros2_controllers/share/canopen_ros2_controllers/hook/ld_library_path_lib.ps1'
[88.369s] INFO:colcon.colcon_core.shell:Creating environment descriptor '/home/gsylvia/agrobot-reverse-engineering/Agrobot/install/canopen_ros2_controllers/share/canopen_ros2_controllers/hook/ld_library_path_lib.dsv'
[88.369s] INFO:colcon.colcon_core.shell:Creating environment hook '/home/gsylvia/agrobot-reverse-engineering/Agrobot/install/canopen_ros2_controllers/share/canopen_ros2_controllers/hook/ld_library_path_lib.sh'
[88.369s] Level 1:colcon.colcon_core.environment:checking '/home/gsylvia/agrobot-reverse-engineering/Agrobot/install/canopen_ros2_controllers/bin'
[88.369s] Level 1:colcon.colcon_core.environment:checking '/home/gsylvia/agrobot-reverse-engineering/Agrobot/install/canopen_ros2_controllers/lib/pkgconfig/canopen_ros2_controllers.pc'
[88.369s] Level 1:colcon.colcon_core.environment:checking '/home/gsylvia/agrobot-reverse-engineering/Agrobot/install/canopen_ros2_controllers/lib/python3.12/site-packages'
[88.370s] Level 1:colcon.colcon_core.environment:checking '/home/gsylvia/agrobot-reverse-engineering/Agrobot/install/canopen_ros2_controllers/bin'
[88.370s] INFO:colcon.colcon_core.shell:Creating package script '/home/gsylvia/agrobot-reverse-engineering/Agrobot/install/canopen_ros2_controllers/share/canopen_ros2_controllers/package.ps1'
[88.370s] INFO:colcon.colcon_core.shell:Creating package descriptor '/home/gsylvia/agrobot-reverse-engineering/Agrobot/install/canopen_ros2_controllers/share/canopen_ros2_controllers/package.dsv'
[88.370s] INFO:colcon.colcon_core.shell:Creating package script '/home/gsylvia/agrobot-reverse-engineering/Agrobot/install/canopen_ros2_controllers/share/canopen_ros2_controllers/package.sh'
[88.371s] INFO:colcon.colcon_core.shell:Creating package script '/home/gsylvia/agrobot-reverse-engineering/Agrobot/install/canopen_ros2_controllers/share/canopen_ros2_controllers/package.bash'
[88.371s] INFO:colcon.colcon_core.shell:Creating package script '/home/gsylvia/agrobot-reverse-engineering/Agrobot/install/canopen_ros2_controllers/share/canopen_ros2_controllers/package.zsh'
[88.371s] Level 1:colcon.colcon_core.environment:create_file_with_runtime_dependencies(/home/gsylvia/agrobot-reverse-engineering/Agrobot/install/canopen_ros2_controllers/share/colcon-core/packages/canopen_ros2_controllers)
[88.372s] INFO:colcon.colcon_ros.task.ament_cmake.build:Building ROS package in '/home/gsylvia/agrobot-reverse-engineering/Agrobot/src/ros2_canopen/canopen_tests' with build type 'ament_cmake'
[88.372s] INFO:colcon.colcon_cmake.task.cmake.build:Building CMake package in '/home/gsylvia/agrobot-reverse-engineering/Agrobot/src/ros2_canopen/canopen_tests'
[88.372s] INFO:colcon.colcon_core.shell:Skip shell extension 'powershell' for command environment: Not usable outside of PowerShell
[88.372s] DEBUG:colcon.colcon_core.shell:Skip shell extension 'dsv' for command environment
[89.230s] DEBUG:colcon.colcon_core.event_handler.log_command:Invoking command in '/home/gsylvia/agrobot-reverse-engineering/Agrobot/build/canopen_tests': AMENT_PREFIX_PATH=/home/gsylvia/agrobot-reverse-engineering/Agrobot/install/canopen_ros2_controllers:/home/gsylvia/agrobot-reverse-engineering/Agrobot/install/canopen_402_driver:/home/gsylvia/agrobot-reverse-engineering/Agrobot/install/canopen_proxy_driver:/home/gsylvia/agrobot-reverse-engineering/Agrobot/install/canopen_base_driver:/home/gsylvia/agrobot-reverse-engineering/Agrobot/install/canopen_fake_slaves:/home/gsylvia/agrobot-reverse-engineering/Agrobot/install/canopen_core:/home/gsylvia/agrobot-reverse-engineering/Agrobot/install/lely_core_libraries:/home/gsylvia/agrobot-reverse-engineering/Agrobot/install/canopen_interfaces:${AMENT_PREFIX_PATH} CMAKE_PREFIX_PATH=/home/gsylvia/agrobot-reverse-engineering/Agrobot/install/canopen_ros2_controllers:/home/gsylvia/agrobot-reverse-engineering/Agrobot/install/canopen_402_driver:/home/gsylvia/agrobot-reverse-engineering/Agrobot/install/canopen_proxy_driver:/home/gsylvia/agrobot-reverse-engineering/Agrobot/install/canopen_base_driver:/home/gsylvia/agrobot-reverse-engineering/Agrobot/install/canopen_fake_slaves:/home/gsylvia/agrobot-reverse-engineering/Agrobot/install/canopen_core:/home/gsylvia/agrobot-reverse-engineering/Agrobot/install/lely_core_libraries:/home/gsylvia/agrobot-reverse-engineering/Agrobot/install/canopen_interfaces:/opt/ros/jazzy/opt/gz_sim_vendor:/opt/ros/jazzy/opt/gz_sensors_vendor:/opt/ros/jazzy/opt/gz_physics_vendor:/opt/ros/jazzy/opt/sdformat_vendor:/opt/ros/jazzy/opt/gz_gui_vendor:/opt/ros/jazzy/opt/gz_transport_vendor:/opt/ros/jazzy/opt/gz_rendering_vendor:/opt/ros/jazzy/opt/gz_plugin_vendor:/opt/ros/jazzy/opt/gz_fuel_tools_vendor:/opt/ros/jazzy/opt/gz_msgs_vendor:/opt/ros/jazzy/opt/gz_common_vendor:/opt/ros/jazzy/opt/gz_math_vendor:/opt/ros/jazzy/opt/gz_utils_vendor:/opt/ros/jazzy/opt/gz_tools_vendor:/opt/ros/jazzy/opt/gz_ogre_next_vendor:/opt/ros/jazzy/opt/gz_dartsim_vendor:/opt/ros/jazzy/opt/gz_cmake_vendor:/opt/ros/jazzy LD_LIBRARY_PATH=/home/gsylvia/agrobot-reverse-engineering/Agrobot/install/canopen_ros2_controllers/lib:/home/gsylvia/agrobot-reverse-engineering/Agrobot/install/canopen_402_driver/lib:/home/gsylvia/agrobot-reverse-engineering/Agrobot/install/canopen_proxy_driver/lib:/home/gsylvia/agrobot-reverse-engineering/Agrobot/install/canopen_base_driver/lib:/home/gsylvia/agrobot-reverse-engineering/Agrobot/install/canopen_core/lib:/home/gsylvia/agrobot-reverse-engineering/Agrobot/install/lely_core_libraries/lib:/home/gsylvia/agrobot-reverse-engineering/Agrobot/install/canopen_interfaces/lib:${LD_LIBRARY_PATH} PATH=/home/gsylvia/agrobot-reverse-engineering/Agrobot/install/lely_core_libraries/bin:${PATH} PYTHONPATH=/home/gsylvia/agrobot-reverse-engineering/Agrobot/install/lely_core_libraries/lib/python3.12/site-packages:/home/gsylvia/agrobot-reverse-engineering/Agrobot/install/canopen_interfaces/lib/python3.12/site-packages:${PYTHONPATH} /usr/bin/cmake --build /home/gsylvia/agrobot-reverse-engineering/Agrobot/build/canopen_tests -- -j16 -l16
[89.776s] DEBUG:colcon.colcon_core.event_handler.log_command:Invoked command in '/home/gsylvia/agrobot-reverse-engineering/Agrobot/build/canopen_tests' returned '0': AMENT_PREFIX_PATH=/home/gsylvia/agrobot-reverse-engineering/Agrobot/install/canopen_ros2_controllers:/home/gsylvia/agrobot-reverse-engineering/Agrobot/install/canopen_402_driver:/home/gsylvia/agrobot-reverse-engineering/Agrobot/install/canopen_proxy_driver:/home/gsylvia/agrobot-reverse-engineering/Agrobot/install/canopen_base_driver:/home/gsylvia/agrobot-reverse-engineering/Agrobot/install/canopen_fake_slaves:/home/gsylvia/agrobot-reverse-engineering/Agrobot/install/canopen_core:/home/gsylvia/agrobot-reverse-engineering/Agrobot/install/lely_core_libraries:/home/gsylvia/agrobot-reverse-engineering/Agrobot/install/canopen_interfaces:${AMENT_PREFIX_PATH} CMAKE_PREFIX_PATH=/home/gsylvia/agrobot-reverse-engineering/Agrobot/install/canopen_ros2_controllers:/home/gsylvia/agrobot-reverse-engineering/Agrobot/install/canopen_402_driver:/home/gsylvia/agrobot-reverse-engineering/Agrobot/install/canopen_proxy_driver:/home/gsylvia/agrobot-reverse-engineering/Agrobot/install/canopen_base_driver:/home/gsylvia/agrobot-reverse-engineering/Agrobot/install/canopen_fake_slaves:/home/gsylvia/agrobot-reverse-engineering/Agrobot/install/canopen_core:/home/gsylvia/agrobot-reverse-engineering/Agrobot/install/lely_core_libraries:/home/gsylvia/agrobot-reverse-engineering/Agrobot/install/canopen_interfaces:/opt/ros/jazzy/opt/gz_sim_vendor:/opt/ros/jazzy/opt/gz_sensors_vendor:/opt/ros/jazzy/opt/gz_physics_vendor:/opt/ros/jazzy/opt/sdformat_vendor:/opt/ros/jazzy/opt/gz_gui_vendor:/opt/ros/jazzy/opt/gz_transport_vendor:/opt/ros/jazzy/opt/gz_rendering_vendor:/opt/ros/jazzy/opt/gz_plugin_vendor:/opt/ros/jazzy/opt/gz_fuel_tools_vendor:/opt/ros/jazzy/opt/gz_msgs_vendor:/opt/ros/jazzy/opt/gz_common_vendor:/opt/ros/jazzy/opt/gz_math_vendor:/opt/ros/jazzy/opt/gz_utils_vendor:/opt/ros/jazzy/opt/gz_tools_vendor:/opt/ros/jazzy/opt/gz_ogre_next_vendor:/opt/ros/jazzy/opt/gz_dartsim_vendor:/opt/ros/jazzy/opt/gz_cmake_vendor:/opt/ros/jazzy LD_LIBRARY_PATH=/home/gsylvia/agrobot-reverse-engineering/Agrobot/install/canopen_ros2_controllers/lib:/home/gsylvia/agrobot-reverse-engineering/Agrobot/install/canopen_402_driver/lib:/home/gsylvia/agrobot-reverse-engineering/Agrobot/install/canopen_proxy_driver/lib:/home/gsylvia/agrobot-reverse-engineering/Agrobot/install/canopen_base_driver/lib:/home/gsylvia/agrobot-reverse-engineering/Agrobot/install/canopen_core/lib:/home/gsylvia/agrobot-reverse-engineering/Agrobot/install/lely_core_libraries/lib:/home/gsylvia/agrobot-reverse-engineering/Agrobot/install/canopen_interfaces/lib:${LD_LIBRARY_PATH} PATH=/home/gsylvia/agrobot-reverse-engineering/Agrobot/install/lely_core_libraries/bin:${PATH} PYTHONPATH=/home/gsylvia/agrobot-reverse-engineering/Agrobot/install/lely_core_libraries/lib/python3.12/site-packages:/home/gsylvia/agrobot-reverse-engineering/Agrobot/install/canopen_interfaces/lib/python3.12/site-packages:${PYTHONPATH} /usr/bin/cmake --build /home/gsylvia/agrobot-reverse-engineering/Agrobot/build/canopen_tests -- -j16 -l16
[89.778s] DEBUG:colcon.colcon_core.event_handler.log_command:Invoking command in '/home/gsylvia/agrobot-reverse-engineering/Agrobot/build/canopen_tests': AMENT_PREFIX_PATH=/home/gsylvia/agrobot-reverse-engineering/Agrobot/install/canopen_ros2_controllers:/home/gsylvia/agrobot-reverse-engineering/Agrobot/install/canopen_402_driver:/home/gsylvia/agrobot-reverse-engineering/Agrobot/install/canopen_proxy_driver:/home/gsylvia/agrobot-reverse-engineering/Agrobot/install/canopen_base_driver:/home/gsylvia/agrobot-reverse-engineering/Agrobot/install/canopen_fake_slaves:/home/gsylvia/agrobot-reverse-engineering/Agrobot/install/canopen_core:/home/gsylvia/agrobot-reverse-engineering/Agrobot/install/lely_core_libraries:/home/gsylvia/agrobot-reverse-engineering/Agrobot/install/canopen_interfaces:${AMENT_PREFIX_PATH} CMAKE_PREFIX_PATH=/home/gsylvia/agrobot-reverse-engineering/Agrobot/install/canopen_ros2_controllers:/home/gsylvia/agrobot-reverse-engineering/Agrobot/install/canopen_402_driver:/home/gsylvia/agrobot-reverse-engineering/Agrobot/install/canopen_proxy_driver:/home/gsylvia/agrobot-reverse-engineering/Agrobot/install/canopen_base_driver:/home/gsylvia/agrobot-reverse-engineering/Agrobot/install/canopen_fake_slaves:/home/gsylvia/agrobot-reverse-engineering/Agrobot/install/canopen_core:/home/gsylvia/agrobot-reverse-engineering/Agrobot/install/lely_core_libraries:/home/gsylvia/agrobot-reverse-engineering/Agrobot/install/canopen_interfaces:/opt/ros/jazzy/opt/gz_sim_vendor:/opt/ros/jazzy/opt/gz_sensors_vendor:/opt/ros/jazzy/opt/gz_physics_vendor:/opt/ros/jazzy/opt/sdformat_vendor:/opt/ros/jazzy/opt/gz_gui_vendor:/opt/ros/jazzy/opt/gz_transport_vendor:/opt/ros/jazzy/opt/gz_rendering_vendor:/opt/ros/jazzy/opt/gz_plugin_vendor:/opt/ros/jazzy/opt/gz_fuel_tools_vendor:/opt/ros/jazzy/opt/gz_msgs_vendor:/opt/ros/jazzy/opt/gz_common_vendor:/opt/ros/jazzy/opt/gz_math_vendor:/opt/ros/jazzy/opt/gz_utils_vendor:/opt/ros/jazzy/opt/gz_tools_vendor:/opt/ros/jazzy/opt/gz_ogre_next_vendor:/opt/ros/jazzy/opt/gz_dartsim_vendor:/opt/ros/jazzy/opt/gz_cmake_vendor:/opt/ros/jazzy LD_LIBRARY_PATH=/home/gsylvia/agrobot-reverse-engineering/Agrobot/install/canopen_ros2_controllers/lib:/home/gsylvia/agrobot-reverse-engineering/Agrobot/install/canopen_402_driver/lib:/home/gsylvia/agrobot-reverse-engineering/Agrobot/install/canopen_proxy_driver/lib:/home/gsylvia/agrobot-reverse-engineering/Agrobot/install/canopen_base_driver/lib:/home/gsylvia/agrobot-reverse-engineering/Agrobot/install/canopen_core/lib:/home/gsylvia/agrobot-reverse-engineering/Agrobot/install/lely_core_libraries/lib:/home/gsylvia/agrobot-reverse-engineering/Agrobot/install/canopen_interfaces/lib:${LD_LIBRARY_PATH} PATH=/home/gsylvia/agrobot-reverse-engineering/Agrobot/install/lely_core_libraries/bin:${PATH} PYTHONPATH=/home/gsylvia/agrobot-reverse-engineering/Agrobot/install/lely_core_libraries/lib/python3.12/site-packages:/home/gsylvia/agrobot-reverse-engineering/Agrobot/install/canopen_interfaces/lib/python3.12/site-packages:${PYTHONPATH} /usr/bin/cmake --install /home/gsylvia/agrobot-reverse-engineering/Agrobot/build/canopen_tests
[89.792s] Level 1:colcon.colcon_core.environment:create_environment_scripts_only(canopen_tests)
[89.792s] Level 1:colcon.colcon_core.environment:checking '/home/gsylvia/agrobot-reverse-engineering/Agrobot/install/canopen_tests' for CMake module files
[89.793s] Level 1:colcon.colcon_core.environment:checking '/home/gsylvia/agrobot-reverse-engineering/Agrobot/install/canopen_tests' for CMake config files
[89.795s] Level 1:colcon.colcon_core.shell:create_environment_hook('canopen_tests', 'cmake_prefix_path')
[89.795s] INFO:colcon.colcon_core.shell:Creating environment hook '/home/gsylvia/agrobot-reverse-engineering/Agrobot/install/canopen_tests/share/canopen_tests/hook/cmake_prefix_path.ps1'
[89.796s] INFO:colcon.colcon_core.shell:Creating environment descriptor '/home/gsylvia/agrobot-reverse-engineering/Agrobot/install/canopen_tests/share/canopen_tests/hook/cmake_prefix_path.dsv'
[89.797s] DEBUG:colcon.colcon_core.event_handler.log_command:Invoked command in '/home/gsylvia/agrobot-reverse-engineering/Agrobot/build/canopen_tests' returned '0': AMENT_PREFIX_PATH=/home/gsylvia/agrobot-reverse-engineering/Agrobot/install/canopen_ros2_controllers:/home/gsylvia/agrobot-reverse-engineering/Agrobot/install/canopen_402_driver:/home/gsylvia/agrobot-reverse-engineering/Agrobot/install/canopen_proxy_driver:/home/gsylvia/agrobot-reverse-engineering/Agrobot/install/canopen_base_driver:/home/gsylvia/agrobot-reverse-engineering/Agrobot/install/canopen_fake_slaves:/home/gsylvia/agrobot-reverse-engineering/Agrobot/install/canopen_core:/home/gsylvia/agrobot-reverse-engineering/Agrobot/install/lely_core_libraries:/home/gsylvia/agrobot-reverse-engineering/Agrobot/install/canopen_interfaces:${AMENT_PREFIX_PATH} CMAKE_PREFIX_PATH=/home/gsylvia/agrobot-reverse-engineering/Agrobot/install/canopen_ros2_controllers:/home/gsylvia/agrobot-reverse-engineering/Agrobot/install/canopen_402_driver:/home/gsylvia/agrobot-reverse-engineering/Agrobot/install/canopen_proxy_driver:/home/gsylvia/agrobot-reverse-engineering/Agrobot/install/canopen_base_driver:/home/gsylvia/agrobot-reverse-engineering/Agrobot/install/canopen_fake_slaves:/home/gsylvia/agrobot-reverse-engineering/Agrobot/install/canopen_core:/home/gsylvia/agrobot-reverse-engineering/Agrobot/install/lely_core_libraries:/home/gsylvia/agrobot-reverse-engineering/Agrobot/install/canopen_interfaces:/opt/ros/jazzy/opt/gz_sim_vendor:/opt/ros/jazzy/opt/gz_sensors_vendor:/opt/ros/jazzy/opt/gz_physics_vendor:/opt/ros/jazzy/opt/sdformat_vendor:/opt/ros/jazzy/opt/gz_gui_vendor:/opt/ros/jazzy/opt/gz_transport_vendor:/opt/ros/jazzy/opt/gz_rendering_vendor:/opt/ros/jazzy/opt/gz_plugin_vendor:/opt/ros/jazzy/opt/gz_fuel_tools_vendor:/opt/ros/jazzy/opt/gz_msgs_vendor:/opt/ros/jazzy/opt/gz_common_vendor:/opt/ros/jazzy/opt/gz_math_vendor:/opt/ros/jazzy/opt/gz_utils_vendor:/opt/ros/jazzy/opt/gz_tools_vendor:/opt/ros/jazzy/opt/gz_ogre_next_vendor:/opt/ros/jazzy/opt/gz_dartsim_vendor:/opt/ros/jazzy/opt/gz_cmake_vendor:/opt/ros/jazzy LD_LIBRARY_PATH=/home/gsylvia/agrobot-reverse-engineering/Agrobot/install/canopen_ros2_controllers/lib:/home/gsylvia/agrobot-reverse-engineering/Agrobot/install/canopen_402_driver/lib:/home/gsylvia/agrobot-reverse-engineering/Agrobot/install/canopen_proxy_driver/lib:/home/gsylvia/agrobot-reverse-engineering/Agrobot/install/canopen_base_driver/lib:/home/gsylvia/agrobot-reverse-engineering/Agrobot/install/canopen_core/lib:/home/gsylvia/agrobot-reverse-engineering/Agrobot/install/lely_core_libraries/lib:/home/gsylvia/agrobot-reverse-engineering/Agrobot/install/canopen_interfaces/lib:${LD_LIBRARY_PATH} PATH=/home/gsylvia/agrobot-reverse-engineering/Agrobot/install/lely_core_libraries/bin:${PATH} PYTHONPATH=/home/gsylvia/agrobot-reverse-engineering/Agrobot/install/lely_core_libraries/lib/python3.12/site-packages:/home/gsylvia/agrobot-reverse-engineering/Agrobot/install/canopen_interfaces/lib/python3.12/site-packages:${PYTHONPATH} /usr/bin/cmake --install /home/gsylvia/agrobot-reverse-engineering/Agrobot/build/canopen_tests
[89.797s] INFO:colcon.colcon_core.shell:Creating environment hook '/home/gsylvia/agrobot-reverse-engineering/Agrobot/install/canopen_tests/share/canopen_tests/hook/cmake_prefix_path.sh'
[89.797s] Level 1:colcon.colcon_core.environment:checking '/home/gsylvia/agrobot-reverse-engineering/Agrobot/install/canopen_tests/bin'
[89.797s] Level 1:colcon.colcon_core.environment:checking '/home/gsylvia/agrobot-reverse-engineering/Agrobot/install/canopen_tests/lib/pkgconfig/canopen_tests.pc'
[89.798s] Level 1:colcon.colcon_core.environment:checking '/home/gsylvia/agrobot-reverse-engineering/Agrobot/install/canopen_tests/lib/python3.12/site-packages'
[89.798s] Level 1:colcon.colcon_core.environment:checking '/home/gsylvia/agrobot-reverse-engineering/Agrobot/install/canopen_tests/bin'
[89.798s] INFO:colcon.colcon_core.shell:Creating package script '/home/gsylvia/agrobot-reverse-engineering/Agrobot/install/canopen_tests/share/canopen_tests/package.ps1'
[89.798s] INFO:colcon.colcon_core.shell:Creating package descriptor '/home/gsylvia/agrobot-reverse-engineering/Agrobot/install/canopen_tests/share/canopen_tests/package.dsv'
[89.799s] INFO:colcon.colcon_core.shell:Creating package script '/home/gsylvia/agrobot-reverse-engineering/Agrobot/install/canopen_tests/share/canopen_tests/package.sh'
[89.799s] INFO:colcon.colcon_core.shell:Creating package script '/home/gsylvia/agrobot-reverse-engineering/Agrobot/install/canopen_tests/share/canopen_tests/package.bash'
[89.799s] INFO:colcon.colcon_core.shell:Creating package script '/home/gsylvia/agrobot-reverse-engineering/Agrobot/install/canopen_tests/share/canopen_tests/package.zsh'
[89.799s] Level 1:colcon.colcon_core.environment:create_file_with_runtime_dependencies(/home/gsylvia/agrobot-reverse-engineering/Agrobot/install/canopen_tests/share/colcon-core/packages/canopen_tests)
[89.800s] Level 1:colcon.colcon_core.environment:create_environment_scripts_only(canopen_tests)
[89.800s] Level 1:colcon.colcon_core.environment:checking '/home/gsylvia/agrobot-reverse-engineering/Agrobot/install/canopen_tests' for CMake module files
[89.800s] Level 1:colcon.colcon_core.environment:checking '/home/gsylvia/agrobot-reverse-engineering/Agrobot/install/canopen_tests' for CMake config files
[89.800s] Level 1:colcon.colcon_core.shell:create_environment_hook('canopen_tests', 'cmake_prefix_path')
[89.800s] INFO:colcon.colcon_core.shell:Creating environment hook '/home/gsylvia/agrobot-reverse-engineering/Agrobot/install/canopen_tests/share/canopen_tests/hook/cmake_prefix_path.ps1'
[89.800s] INFO:colcon.colcon_core.shell:Creating environment descriptor '/home/gsylvia/agrobot-reverse-engineering/Agrobot/install/canopen_tests/share/canopen_tests/hook/cmake_prefix_path.dsv'
[89.801s] INFO:colcon.colcon_core.shell:Creating environment hook '/home/gsylvia/agrobot-reverse-engineering/Agrobot/install/canopen_tests/share/canopen_tests/hook/cmake_prefix_path.sh'
[89.801s] Level 1:colcon.colcon_core.environment:checking '/home/gsylvia/agrobot-reverse-engineering/Agrobot/install/canopen_tests/bin'
[89.801s] Level 1:colcon.colcon_core.environment:checking '/home/gsylvia/agrobot-reverse-engineering/Agrobot/install/canopen_tests/lib/pkgconfig/canopen_tests.pc'
[89.801s] Level 1:colcon.colcon_core.environment:checking '/home/gsylvia/agrobot-reverse-engineering/Agrobot/install/canopen_tests/lib/python3.12/site-packages'
[89.801s] Level 1:colcon.colcon_core.environment:checking '/home/gsylvia/agrobot-reverse-engineering/Agrobot/install/canopen_tests/bin'
[89.801s] INFO:colcon.colcon_core.shell:Creating package script '/home/gsylvia/agrobot-reverse-engineering/Agrobot/install/canopen_tests/share/canopen_tests/package.ps1'
[89.802s] INFO:colcon.colcon_core.shell:Creating package descriptor '/home/gsylvia/agrobot-reverse-engineering/Agrobot/install/canopen_tests/share/canopen_tests/package.dsv'
[89.802s] INFO:colcon.colcon_core.shell:Creating package script '/home/gsylvia/agrobot-reverse-engineering/Agrobot/install/canopen_tests/share/canopen_tests/package.sh'
[89.802s] INFO:colcon.colcon_core.shell:Creating package script '/home/gsylvia/agrobot-reverse-engineering/Agrobot/install/canopen_tests/share/canopen_tests/package.bash'
[89.803s] INFO:colcon.colcon_core.shell:Creating package script '/home/gsylvia/agrobot-reverse-engineering/Agrobot/install/canopen_tests/share/canopen_tests/package.zsh'
[89.803s] Level 1:colcon.colcon_core.environment:create_file_with_runtime_dependencies(/home/gsylvia/agrobot-reverse-engineering/Agrobot/install/canopen_tests/share/colcon-core/packages/canopen_tests)
[89.803s] DEBUG:colcon.colcon_parallel_executor.executor.parallel:closing loop
[89.803s] DEBUG:colcon.colcon_parallel_executor.executor.parallel:loop closed
[89.803s] DEBUG:colcon.colcon_parallel_executor.executor.parallel:run_until_complete finished with '0'
[89.803s] DEBUG:colcon.colcon_core.event_reactor:joining thread
[89.855s] INFO:colcon.colcon_core.plugin_system:Skipping extension 'colcon_notification.desktop_notification.notify_send': Could not find 'notify-send'
[89.856s] INFO:colcon.colcon_core.plugin_system:Skipping extension 'colcon_notification.desktop_notification.terminal_notifier': Not used on non-Darwin systems
[89.856s] INFO:colcon.colcon_core.plugin_system:Skipping extension 'colcon_notification.desktop_notification.win32': Not used on non-Windows systems
[89.856s] INFO:colcon.colcon_notification.desktop_notification:Sending desktop notification using 'notify2'
[89.857s] DEBUG:colcon.colcon_notification.desktop_notification.notify2:Failed to initialize notify2: org.freedesktop.DBus.Error.ServiceUnknown: The name org.freedesktop.Notifications was not provided by any .service files
[89.857s] DEBUG:colcon.colcon_core.event_reactor:joined thread
[89.858s] INFO:colcon.colcon_core.shell:Creating prefix script '/home/gsylvia/agrobot-reverse-engineering/Agrobot/install/local_setup.ps1'
[89.858s] INFO:colcon.colcon_core.shell:Creating prefix util module '/home/gsylvia/agrobot-reverse-engineering/Agrobot/install/_local_setup_util_ps1.py'
[89.859s] INFO:colcon.colcon_core.shell:Creating prefix chain script '/home/gsylvia/agrobot-reverse-engineering/Agrobot/install/setup.ps1'
[89.859s] INFO:colcon.colcon_core.shell:Creating prefix script '/home/gsylvia/agrobot-reverse-engineering/Agrobot/install/local_setup.sh'
[89.860s] INFO:colcon.colcon_core.shell:Creating prefix util module '/home/gsylvia/agrobot-reverse-engineering/Agrobot/install/_local_setup_util_sh.py'
[89.860s] INFO:colcon.colcon_core.shell:Creating prefix chain script '/home/gsylvia/agrobot-reverse-engineering/Agrobot/install/setup.sh'
[89.860s] INFO:colcon.colcon_core.shell:Creating prefix script '/home/gsylvia/agrobot-reverse-engineering/Agrobot/install/local_setup.bash'
[89.861s] INFO:colcon.colcon_core.shell:Creating prefix chain script '/home/gsylvia/agrobot-reverse-engineering/Agrobot/install/setup.bash'
[89.861s] INFO:colcon.colcon_core.shell:Creating prefix script '/home/gsylvia/agrobot-reverse-engineering/Agrobot/install/local_setup.zsh'
[89.862s] INFO:colcon.colcon_core.shell:Creating prefix chain script '/home/gsylvia/agrobot-reverse-engineering/Agrobot/install/setup.zsh'
