Starting >>> canopen_interfaces
Starting >>> lely_core_libraries
Starting >>> robot_description
Starting >>> epos2_bridge_interfaces
-- The C compiler identification is GNU 13.3.0
-- The C compiler identification is GNU 13.3.0
-- The C compiler identification is GNU 13.3.0
-- The C compiler identification is GNU 13.3.0
-- The CXX compiler identification is GNU 13.3.0
-- The CXX compiler identification is GNU 13.3.0
-- The CXX compiler identification is GNU 13.3.0
-- The CXX compiler identification is GNU 13.3.0
-- Detecting C compiler ABI info
-- Detecting C compiler ABI info
-- Detecting C compiler ABI info
-- Detecting C compiler ABI info
-- Detecting C compiler ABI info - done
-- Detecting C compiler ABI info - done
-- Detecting C compiler ABI info - done
-- Check for working C compiler: /usr/bin/cc - skipped
-- Check for working C compiler: /usr/bin/cc - skipped
-- Detecting C compile features
-- Detecting C compile features
-- Check for working C compiler: /usr/bin/cc - skipped
-- Detecting C compile features
-- Detecting C compile features - done
-- Detecting C compile features - done
-- Detecting C compile features - done
-- Detecting CXX compiler ABI info
-- Detecting CXX compiler ABI info
-- Detecting CXX compiler ABI info
-- Detecting C compiler ABI info - done
-- Check for working C compiler: /usr/bin/cc - skipped
-- Detecting C compile features
-- Detecting C compile features - done
-- Detecting CXX compiler ABI info
-- Detecting CXX compiler ABI info - done
-- Detecting CXX compiler ABI info - done
-- Detecting CXX compiler ABI info - done
-- Check for working CXX compiler: /usr/bin/c++ - skipped
-- Detecting CXX compile features
-- Detecting CXX compile features - done
-- Check for working CXX compiler: /usr/bin/c++ - skipped
-- Detecting CXX compile features
-- Check for working CXX compiler: /usr/bin/c++ - skipped
-- Detecting CXX compile features
-- Detecting CXX compile features - done
-- Detecting CXX compile features - done
-- Found ament_cmake: 2.5.6 (/opt/ros/jazzy/share/ament_cmake/cmake)
-- Found ament_cmake: 2.5.6 (/opt/ros/jazzy/share/ament_cmake/cmake)
-- Found ament_cmake: 2.5.6 (/opt/ros/jazzy/share/ament_cmake/cmake)
-- Found Python3: /usr/bin/python3 (found version "3.12.3") found components: Interpreter 
-- Found Python3: /usr/bin/python3 (found version "3.12.3") found components: Interpreter 
-- Found Python3: /usr/bin/python3 (found version "3.12.3") found components: Interpreter 
-- Detecting CXX compiler ABI info - done
-- Check for working CXX compiler: /usr/bin/c++ - skipped
-- Detecting CXX compile features
-- Detecting CXX compile features - done
-- Found ament_cmake: 2.5.6 (/opt/ros/jazzy/share/ament_cmake/cmake)
-- Found rosidl_default_generators: 1.6.1 (/opt/ros/jazzy/share/rosidl_default_generators/cmake)
-- Using all available rosidl_typesupport_c: rosidl_typesupport_fastrtps_c;rosidl_typesupport_introspection_c
-- Configuring done (1.9s)
-- Generating done (0.0s)
-- Build files have been written to: /tmp/agrobot-next-build-ybgPHn/build/robot_description
-- Found Python3: /usr/bin/python3 (found version "3.12.3") found components: Interpreter 
-- Install configuration: ""
-- Installing: /tmp/agrobot-next-build-ybgPHn/install/robot_description/share/robot_description/launch
-- Installing: /tmp/agrobot-next-build-ybgPHn/install/robot_description/share/robot_description/launch/display.launch.xml
-- Installing: /tmp/agrobot-next-build-ybgPHn/install/robot_description/share/robot_description/rviz
-- Installing: /tmp/agrobot-next-build-ybgPHn/install/robot_description/share/robot_description/rviz/urdf_config.rviz
-- Installing: /tmp/agrobot-next-build-ybgPHn/install/robot_description/share/robot_description/urdf
-- Installing: /tmp/agrobot-next-build-ybgPHn/install/robot_description/share/robot_description/urdf/robot.urdf.xacro
-- Installing: /tmp/agrobot-next-build-ybgPHn/install/robot_description/share/robot_description/urdf/robot.xacro
-- Installing: /tmp/agrobot-next-build-ybgPHn/install/robot_description/share/robot_description/urdf/common_properties.xacro
-- Installing: /tmp/agrobot-next-build-ybgPHn/install/robot_description/share/robot_description/urdf/robot.ros2_control.xacro
-- Installing: /tmp/agrobot-next-build-ybgPHn/install/robot_description/share/robot_description/meshes
-- Installing: /tmp/agrobot-next-build-ybgPHn/install/robot_description/share/robot_description/meshes/Base Link Collision.stl
-- Installing: /tmp/agrobot-next-build-ybgPHn/install/robot_description/share/robot_description/meshes/Gripper fin.stl
-- Installing: /tmp/agrobot-next-build-ybgPHn/install/robot_description/share/robot_description/meshes/Link 4 Visual.stl
-- Installing: /tmp/agrobot-next-build-ybgPHn/install/robot_description/share/robot_description/meshes/Link 5 Collision.stl
-- Installing: /tmp/agrobot-next-build-ybgPHn/install/robot_description/share/robot_description/meshes/Base Link Visual.stl
-- Installing: /tmp/agrobot-next-build-ybgPHn/install/robot_description/share/robot_description/meshes/Link 3 Collision.stl
-- Installing: /tmp/agrobot-next-build-ybgPHn/install/robot_description/share/robot_description/meshes/Link 5 Visual.stl
-- Installing: /tmp/agrobot-next-build-ybgPHn/install/robot_description/share/robot_description/meshes/Link 2 Collision.stl
-- Installing: /tmp/agrobot-next-build-ybgPHn/install/robot_description/share/robot_description/meshes/Link 1 Collision.stl
-- Installing: /tmp/agrobot-next-build-ybgPHn/install/robot_description/share/robot_description/meshes/Link 1 Visual.stl
-- Installing: /tmp/agrobot-next-build-ybgPHn/install/robot_description/share/robot_description/meshes/End Effector Geometry.stl
-- Installing: /tmp/agrobot-next-build-ybgPHn/install/robot_description/share/robot_description/meshes/Link 3 Visual.stl
-- Installing: /tmp/agrobot-next-build-ybgPHn/install/robot_description/share/robot_description/meshes/Link 2 Visual.stl
-- Installing: /tmp/agrobot-next-build-ybgPHn/install/robot_description/share/robot_description/meshes/Link 4 Collision.stl
-- Installing: /tmp/agrobot-next-build-ybgPHn/install/robot_description/share/ament_index/resource_index/package_run_dependencies/robot_description
-- Installing: /tmp/agrobot-next-build-ybgPHn/install/robot_description/share/ament_index/resource_index/parent_prefix_path/robot_description
-- Installing: /tmp/agrobot-next-build-ybgPHn/install/robot_description/share/robot_description/environment/ament_prefix_path.sh
-- Installing: /tmp/agrobot-next-build-ybgPHn/install/robot_description/share/robot_description/environment/ament_prefix_path.dsv
-- Installing: /tmp/agrobot-next-build-ybgPHn/install/robot_description/share/robot_description/environment/path.sh
-- Installing: /tmp/agrobot-next-build-ybgPHn/install/robot_description/share/robot_description/environment/path.dsv
-- Installing: /tmp/agrobot-next-build-ybgPHn/install/robot_description/share/robot_description/local_setup.bash
-- Installing: /tmp/agrobot-next-build-ybgPHn/install/robot_description/share/robot_description/local_setup.sh
-- Installing: /tmp/agrobot-next-build-ybgPHn/install/robot_description/share/robot_description/local_setup.zsh
-- Installing: /tmp/agrobot-next-build-ybgPHn/install/robot_description/share/robot_description/local_setup.dsv
-- Installing: /tmp/agrobot-next-build-ybgPHn/install/robot_description/share/robot_description/package.dsv
-- Installing: /tmp/agrobot-next-build-ybgPHn/install/robot_description/share/ament_index/resource_index/packages/robot_description
-- Installing: /tmp/agrobot-next-build-ybgPHn/install/robot_description/share/robot_description/cmake/robot_descriptionConfig.cmake
-- Installing: /tmp/agrobot-next-build-ybgPHn/install/robot_description/share/robot_description/cmake/robot_descriptionConfig-version.cmake
-- Installing: /tmp/agrobot-next-build-ybgPHn/install/robot_description/share/robot_description/package.xml
Finished <<< robot_description [1.98s]
Starting >>> robot_interfaces
-- Configuring done (2.0s)
-- Generating done (0.0s)
-- Build files have been written to: /tmp/agrobot-next-build-ybgPHn/build/lely_core_libraries
-- Found rosidl_default_generators: 1.6.1 (/opt/ros/jazzy/share/rosidl_default_generators/cmake)
-- Using all available rosidl_typesupport_c: rosidl_typesupport_fastrtps_c;rosidl_typesupport_introspection_c
-- Using all available rosidl_typesupport_cpp: rosidl_typesupport_fastrtps_cpp;rosidl_typesupport_introspection_cpp
[ 12%] Creating directories for 'upstr_lely_core_libraries'
[ 12%] Built target ament_cmake_python_copy_cogen_setup
[ 12%] Built target ament_cmake_python_copy_cogen
[ 25%] Performing download step (git clone) for 'upstr_lely_core_libraries'
-- Found rosidl_adapter: 4.6.9 (/opt/ros/jazzy/share/rosidl_adapter/cmake)
Cloning into 'upstream'...
-- The C compiler identification is GNU 13.3.0
running egg_info
creating cogen.egg-info
running install_scripts
writing cogen.egg-info/PKG-INFO
-- Using all available rosidl_typesupport_cpp: rosidl_typesupport_fastrtps_cpp;rosidl_typesupport_introspection_cpp
writing dependency_links to cogen.egg-info/dependency_links.txt
writing entry points to cogen.egg-info/entry_points.txt
writing top-level names to cogen.egg-info/top_level.txt
writing manifest file 'cogen.egg-info/SOURCES.txt'
/usr/lib/python3/dist-packages/setuptools/_distutils/cmd.py:66: SetuptoolsDeprecationWarning: setup.py install is deprecated.
!!

        ********************************************************************************
        Please avoid running ``setup.py`` directly.
        Instead, use pypa/build, pypa/installer or other
        standards-based tools.

        See https://blog.ganssle.io/articles/2021/10/setup-py-deprecated.html for details.
        ********************************************************************************

!!
  self.initialize_options()
running egg_info
reading manifest file 'cogen.egg-info/SOURCES.txt'
writing manifest file 'cogen.egg-info/SOURCES.txt'
-- Found rosidl_adapter: 4.6.9 (/opt/ros/jazzy/share/rosidl_adapter/cmake)
writing cogen.egg-info/PKG-INFO
writing dependency_links to cogen.egg-info/dependency_links.txt
writing entry points to cogen.egg-info/entry_points.txt
writing top-level names to cogen.egg-info/top_level.txt
[ 25%] Built target ament_cmake_python_build_cogen_egg
reading manifest file 'cogen.egg-info/SOURCES.txt'
writing manifest file 'cogen.egg-info/SOURCES.txt'
Installing cogen script to scripts
[ 25%] Built target ament_cmake_python_build_cogen_scripts
-- Found ament_cmake_ros: 0.12.1 (/opt/ros/jazzy/share/ament_cmake_ros/cmake)
-- Found ament_cmake_ros: 0.12.1 (/opt/ros/jazzy/share/ament_cmake_ros/cmake)
-- Using all available rosidl_typesupport_c: rosidl_typesupport_fastrtps_c;rosidl_typesupport_introspection_c
-- The CXX compiler identification is GNU 13.3.0
-- Using all available rosidl_typesupport_c: rosidl_typesupport_fastrtps_c;rosidl_typesupport_introspection_c
-- Using all available rosidl_typesupport_cpp: rosidl_typesupport_fastrtps_cpp;rosidl_typesupport_introspection_cpp
-- Found python_cmake_module: 0.11.1 (/opt/ros/jazzy/share/python_cmake_module/cmake)
-- Found PythonExtra: /usr/bin/python3  
-- Using all available rosidl_typesupport_cpp: rosidl_typesupport_fastrtps_cpp;rosidl_typesupport_introspection_cpp
-- Found python_cmake_module: 0.11.1 (/opt/ros/jazzy/share/python_cmake_module/cmake)
-- Found PythonExtra: /usr/bin/python3  
-- Detecting C compiler ABI info
-- Found Python3: /usr/bin/python3 (found version "3.12.3") found components: Interpreter Development NumPy Development.Module Development.Embed 
-- Found Python3: /usr/bin/python3 (found version "3.12.3") found components: Interpreter 
-- Configuring done (3.6s)
-- Generating done (0.0s)
-- Build files have been written to: /tmp/agrobot-next-build-ybgPHn/build/epos2_bridge_interfaces
[  3%] Generating Rust code for ROS interfaces
[  3%] Generating type hashes for ROS interfaces
[  3%] Built target ament_cmake_python_copy_epos2_bridge_interfaces
-- Found Python3: /usr/bin/python3 (found version "3.12.3") found components: Interpreter Development NumPy Development.Module Development.Embed 
-- Detecting C compiler ABI info - done
-- Found Python3: /usr/bin/python3 (found version "3.12.3") found components: Interpreter 
-- Found ament_lint_auto: 0.17.5 (/opt/ros/jazzy/share/ament_lint_auto/cmake)
-- Check for working C compiler: /usr/bin/cc - skipped
-- Detecting C compile features
-- Detecting C compile features - done
-- Added test 'copyright' to check source files copyright and LICENSE
-- Added test 'lint_cmake' to check CMake code style
-- Added test 'xmllint' to check XML markup files
-- Configuring done (3.8s)
HEAD is now at fb735b79 nmt: remove EMCY messages when life-guarding/heartbeat errors are resolved
[  3%] Built target epos2_bridge_interfaces__rosidl_generator_type_description
[  5%] Generating C code for ROS interfaces
[  5%] Built target epos2_bridge_interfaces__rs
-- Generating done (0.0s)
[  7%] Generating C++ code for ROS interfaces
running egg_info
creating epos2_bridge_interfaces.egg-info
-- Build files have been written to: /tmp/agrobot-next-build-ybgPHn/build/canopen_interfaces
writing epos2_bridge_interfaces.egg-info/PKG-INFO
writing dependency_links to epos2_bridge_interfaces.egg-info/dependency_links.txt
writing top-level names to epos2_bridge_interfaces.egg-info/top_level.txt
writing manifest file 'epos2_bridge_interfaces.egg-info/SOURCES.txt'
[ 37%] Performing update step for 'upstr_lely_core_libraries'
-- Detecting CXX compiler ABI info
HEAD is now at fb735b79 nmt: remove EMCY messages when life-guarding/heartbeat errors are resolved
Checking patch configure.ac...
Hunk #1 succeeded at 577 (offset 8 lines).
Checking patch python/dcf-tools/Makefile.am...
Applied patch configure.ac cleanly.
Applied patch python/dcf-tools/Makefile.am cleanly.
reading manifest file 'epos2_bridge_interfaces.egg-info/SOURCES.txt'
writing manifest file 'epos2_bridge_interfaces.egg-info/SOURCES.txt'
[ 50%] No patch step for 'upstr_lely_core_libraries'
[  1%] Generating type hashes for ROS interfaces
[  2%] Generating Rust code for ROS interfaces
[  2%] Built target ament_cmake_python_copy_canopen_interfaces
[ 62%] Performing configure step for 'upstr_lely_core_libraries'
[  7%] Built target ament_cmake_python_build_epos2_bridge_interfaces_egg
running egg_info
creating canopen_interfaces.egg-info
writing canopen_interfaces.egg-info/PKG-INFO
writing dependency_links to canopen_interfaces.egg-info/dependency_links.txt
writing top-level names to canopen_interfaces.egg-info/top_level.txt
writing manifest file 'canopen_interfaces.egg-info/SOURCES.txt'
[  7%] Built target epos2_bridge_interfaces__cpp
[  2%] Built target canopen_interfaces__rosidl_generator_type_description
reading manifest file 'canopen_interfaces.egg-info/SOURCES.txt'
writing manifest file 'canopen_interfaces.egg-info/SOURCES.txt'
[  3%] Generating C code for ROS interfaces
[ 10%] Building C object CMakeFiles/epos2_bridge_interfaces__rosidl_generator_c.dir/rosidl_generator_c/epos2_bridge_interfaces/srv/detail/move_absolute__description.c.o
[ 10%] Building C object CMakeFiles/epos2_bridge_interfaces__rosidl_generator_c.dir/rosidl_generator_c/epos2_bridge_interfaces/srv/detail/move_delta__description.c.o
[ 12%] Building C object CMakeFiles/epos2_bridge_interfaces__rosidl_generator_c.dir/rosidl_generator_c/epos2_bridge_interfaces/srv/detail/move_delta__functions.c.o
[ 14%] Building C object CMakeFiles/epos2_bridge_interfaces__rosidl_generator_c.dir/rosidl_generator_c/epos2_bridge_interfaces/srv/detail/move_delta__type_support.c.o
[ 16%] Building C object CMakeFiles/epos2_bridge_interfaces__rosidl_generator_c.dir/rosidl_generator_c/epos2_bridge_interfaces/srv/detail/move_absolute__functions.c.o
[  3%] Generating C++ code for ROS interfaces
[ 18%] Building C object CMakeFiles/epos2_bridge_interfaces__rosidl_generator_c.dir/rosidl_generator_c/epos2_bridge_interfaces/srv/detail/move_absolute_timed__functions.c.o
[ 20%] Building C object CMakeFiles/epos2_bridge_interfaces__rosidl_generator_c.dir/rosidl_generator_c/epos2_bridge_interfaces/srv/detail/move_absolute__type_support.c.o
[  3%] Built target canopen_interfaces__rs
[ 23%] Building C object CMakeFiles/epos2_bridge_interfaces__rosidl_generator_c.dir/rosidl_generator_c/epos2_bridge_interfaces/srv/detail/move_absolute_timed__type_support.c.o
[ 23%] Building C object CMakeFiles/epos2_bridge_interfaces__rosidl_generator_c.dir/rosidl_generator_c/epos2_bridge_interfaces/srv/detail/move_absolute_timed__description.c.o
[  3%] Built target ament_cmake_python_build_canopen_interfaces_egg
-- Detecting CXX compiler ABI info - done
-- Check for working CXX compiler: /usr/bin/c++ - skipped
-- Detecting CXX compile features
-- Detecting CXX compile features - done
-- Found ament_cmake: 2.5.6 (/opt/ros/jazzy/share/ament_cmake/cmake)
[ 25%] Linking C shared library libepos2_bridge_interfaces__rosidl_generator_c.so
-- Found Python3: /usr/bin/python3 (found version "3.12.3") found components: Interpreter 
[ 25%] Built target epos2_bridge_interfaces__rosidl_generator_c
[ 32%] Generating C type support for eProsima Fast-RTPS
[ 32%] Generating C type support dispatch for ROS interfaces
[ 32%] Generating C++ type support for eProsima Fast-RTPS
[ 32%] Generating C introspection for ROS interfaces
[ 34%] Generating C++ introspection for ROS interfaces
[ 36%] Generating C++ type support dispatch for ROS interfaces
-- Found geometry_msgs: 5.3.8 (/opt/ros/jazzy/share/geometry_msgs/cmake)
[ 38%] Building CXX object CMakeFiles/epos2_bridge_interfaces__rosidl_typesupport_cpp.dir/rosidl_typesupport_cpp/epos2_bridge_interfaces/srv/move_delta__type_support.cpp.o
[ 41%] Building CXX object CMakeFiles/epos2_bridge_interfaces__rosidl_typesupport_c.dir/rosidl_typesupport_c/epos2_bridge_interfaces/srv/move_delta__type_support.cpp.o
[ 45%] Building CXX object CMakeFiles/epos2_bridge_interfaces__rosidl_typesupport_cpp.dir/rosidl_typesupport_cpp/epos2_bridge_interfaces/srv/move_absolute_timed__type_support.cpp.o
[ 45%] Building CXX object CMakeFiles/epos2_bridge_interfaces__rosidl_typesupport_c.dir/rosidl_typesupport_c/epos2_bridge_interfaces/srv/move_absolute_timed__type_support.cpp.o
[ 47%] Building CXX object CMakeFiles/epos2_bridge_interfaces__rosidl_typesupport_cpp.dir/rosidl_typesupport_cpp/epos2_bridge_interfaces/srv/move_absolute__type_support.cpp.o
[ 41%] Building CXX object CMakeFiles/epos2_bridge_interfaces__rosidl_typesupport_c.dir/rosidl_typesupport_c/epos2_bridge_interfaces/srv/move_absolute__type_support.cpp.o
[ 49%] Linking CXX shared library libepos2_bridge_interfaces__rosidl_typesupport_c.so
[ 52%] Building C object CMakeFiles/epos2_bridge_interfaces__rosidl_typesupport_introspection_c.dir/rosidl_typesupport_introspection_c/epos2_bridge_interfaces/srv/detail/move_absolute_timed__type_support.c.o
[ 52%] Building C object CMakeFiles/epos2_bridge_interfaces__rosidl_typesupport_introspection_c.dir/rosidl_typesupport_introspection_c/epos2_bridge_interfaces/srv/detail/move_delta__type_support.c.o
[ 54%] Building C object CMakeFiles/epos2_bridge_interfaces__rosidl_typesupport_introspection_c.dir/rosidl_typesupport_introspection_c/epos2_bridge_interfaces/srv/detail/move_absolute__type_support.c.o
-- Found rosidl_generator_c: 4.6.9 (/opt/ros/jazzy/share/rosidl_generator_c/cmake)
[ 56%] Building CXX object CMakeFiles/epos2_bridge_interfaces__rosidl_typesupport_introspection_cpp.dir/rosidl_typesupport_introspection_cpp/epos2_bridge_interfaces/srv/detail/move_delta__type_support.cpp.o
[ 58%] Building CXX object CMakeFiles/epos2_bridge_interfaces__rosidl_typesupport_introspection_cpp.dir/rosidl_typesupport_introspection_cpp/epos2_bridge_interfaces/srv/detail/move_absolute__type_support.cpp.o
[ 60%] Building CXX object CMakeFiles/epos2_bridge_interfaces__rosidl_typesupport_introspection_cpp.dir/rosidl_typesupport_introspection_cpp/epos2_bridge_interfaces/srv/detail/move_absolute_timed__type_support.cpp.o
-- Found rosidl_generator_cpp: 4.6.9 (/opt/ros/jazzy/share/rosidl_generator_cpp/cmake)
-- Using all available rosidl_typesupport_c: rosidl_typesupport_fastrtps_c;rosidl_typesupport_introspection_c
[ 61%] Linking C shared library libepos2_bridge_interfaces__rosidl_typesupport_introspection_c.so
-- Using all available rosidl_typesupport_cpp: rosidl_typesupport_fastrtps_cpp;rosidl_typesupport_introspection_cpp
-- Found rosidl_default_generators: 1.6.1 (/opt/ros/jazzy/share/rosidl_default_generators/cmake)
[ 63%] Building CXX object CMakeFiles/epos2_bridge_interfaces__rosidl_typesupport_fastrtps_cpp.dir/rosidl_typesupport_fastrtps_cpp/epos2_bridge_interfaces/srv/detail/dds_fastrtps/move_delta__type_support.cpp.o
[ 65%] Building CXX object CMakeFiles/epos2_bridge_interfaces__rosidl_typesupport_fastrtps_cpp.dir/rosidl_typesupport_fastrtps_cpp/epos2_bridge_interfaces/srv/detail/dds_fastrtps/move_absolute__type_support.cpp.o
[ 67%] Building CXX object CMakeFiles/epos2_bridge_interfaces__rosidl_typesupport_fastrtps_cpp.dir/rosidl_typesupport_fastrtps_cpp/epos2_bridge_interfaces/srv/detail/dds_fastrtps/move_absolute_timed__type_support.cpp.o
-- Found rosidl_adapter: 4.6.9 (/opt/ros/jazzy/share/rosidl_adapter/cmake)
[ 69%] Building CXX object CMakeFiles/epos2_bridge_interfaces__rosidl_typesupport_fastrtps_c.dir/rosidl_typesupport_fastrtps_c/epos2_bridge_interfaces/srv/detail/move_absolute__type_support_c.cpp.o
[ 70%] Building CXX object CMakeFiles/epos2_bridge_interfaces__rosidl_typesupport_fastrtps_c.dir/rosidl_typesupport_fastrtps_c/epos2_bridge_interfaces/srv/detail/move_delta__type_support_c.cpp.o
[ 72%] Building CXX object CMakeFiles/epos2_bridge_interfaces__rosidl_typesupport_fastrtps_c.dir/rosidl_typesupport_fastrtps_c/epos2_bridge_interfaces/srv/detail/move_absolute_timed__type_support_c.cpp.o
[ 72%] Built target epos2_bridge_interfaces__rosidl_typesupport_c
[  3%] Built target canopen_interfaces__cpp
[ 72%] Built target epos2_bridge_interfaces__rosidl_typesupport_introspection_c
[ 74%] Linking CXX shared library libepos2_bridge_interfaces__rosidl_typesupport_cpp.so
gmake[2]: Warning: File 'rosidl_generator_c/canopen_interfaces/srv/detail/co_read__description.c' has modification time 0.026 s in the future
[  4%] Building C object CMakeFiles/canopen_interfaces__rosidl_generator_c.dir/rosidl_generator_c/canopen_interfaces/srv/detail/co_nmt_id__description.c.o
[  5%] Building C object CMakeFiles/canopen_interfaces__rosidl_generator_c.dir/rosidl_generator_c/canopen_interfaces/srv/detail/co_heartbeat_id__type_support.c.o
[  6%] Building C object CMakeFiles/canopen_interfaces__rosidl_generator_c.dir/rosidl_generator_c/canopen_interfaces/srv/detail/co_nmt_id__type_support.c.o
[  7%] Building C object CMakeFiles/canopen_interfaces__rosidl_generator_c.dir/rosidl_generator_c/canopen_interfaces/srv/detail/co_read__description.c.o
[  7%] Building C object CMakeFiles/canopen_interfaces__rosidl_generator_c.dir/rosidl_generator_c/canopen_interfaces/srv/detail/co_nmt_id__functions.c.o
[  8%] Building C object CMakeFiles/canopen_interfaces__rosidl_generator_c.dir/rosidl_generator_c/canopen_interfaces/srv/detail/co_heartbeat_id__functions.c.o
[ 10%] Building C object CMakeFiles/canopen_interfaces__rosidl_generator_c.dir/rosidl_generator_c/canopen_interfaces/srv/detail/co_read__functions.c.o
[  9%] Building C object CMakeFiles/canopen_interfaces__rosidl_generator_c.dir/rosidl_generator_c/canopen_interfaces/srv/detail/co_heartbeat_id__description.c.o
[ 11%] Building C object CMakeFiles/canopen_interfaces__rosidl_generator_c.dir/rosidl_generator_c/canopen_interfaces/srv/detail/co_read__type_support.c.o
[ 12%] Building C object CMakeFiles/canopen_interfaces__rosidl_generator_c.dir/rosidl_generator_c/canopen_interfaces/srv/detail/co_read_id__functions.c.o
[ 13%] Building C object CMakeFiles/canopen_interfaces__rosidl_generator_c.dir/rosidl_generator_c/canopen_interfaces/srv/detail/co_read_id__description.c.o
[ 13%] Building C object CMakeFiles/canopen_interfaces__rosidl_generator_c.dir/rosidl_generator_c/canopen_interfaces/srv/detail/co_write__description.c.o
[ 14%] Building C object CMakeFiles/canopen_interfaces__rosidl_generator_c.dir/rosidl_generator_c/canopen_interfaces/srv/detail/co_write__functions.c.o
[ 15%] Building C object CMakeFiles/canopen_interfaces__rosidl_generator_c.dir/rosidl_generator_c/canopen_interfaces/srv/detail/co_read_id__type_support.c.o
[ 16%] Building C object CMakeFiles/canopen_interfaces__rosidl_generator_c.dir/rosidl_generator_c/canopen_interfaces/srv/detail/co_write__type_support.c.o
[ 17%] Building C object CMakeFiles/canopen_interfaces__rosidl_generator_c.dir/rosidl_generator_c/canopen_interfaces/srv/detail/co_write_id__description.c.o
[ 18%] Building C object CMakeFiles/canopen_interfaces__rosidl_generator_c.dir/rosidl_generator_c/canopen_interfaces/srv/detail/co_write_id__functions.c.o
[ 19%] Building C object CMakeFiles/canopen_interfaces__rosidl_generator_c.dir/rosidl_generator_c/canopen_interfaces/srv/detail/co_write_id__type_support.c.o
[ 20%] Building C object CMakeFiles/canopen_interfaces__rosidl_generator_c.dir/rosidl_generator_c/canopen_interfaces/srv/detail/co_target_double__description.c.o
[ 21%] Building C object CMakeFiles/canopen_interfaces__rosidl_generator_c.dir/rosidl_generator_c/canopen_interfaces/srv/detail/co_target_double__functions.c.o
[ 22%] Building C object CMakeFiles/canopen_interfaces__rosidl_generator_c.dir/rosidl_generator_c/canopen_interfaces/msg/detail/co_data__description.c.o
[ 23%] Building C object CMakeFiles/canopen_interfaces__rosidl_generator_c.dir/rosidl_generator_c/canopen_interfaces/srv/detail/co_node__description.c.o
[ 23%] Building C object CMakeFiles/canopen_interfaces__rosidl_generator_c.dir/rosidl_generator_c/canopen_interfaces/srv/detail/co_target_double__type_support.c.o
[ 24%] Building C object CMakeFiles/canopen_interfaces__rosidl_generator_c.dir/rosidl_generator_c/canopen_interfaces/msg/detail/co_data__functions.c.o
[ 76%] Linking CXX shared library libepos2_bridge_interfaces__rosidl_typesupport_introspection_cpp.so
[ 25%] Building C object CMakeFiles/canopen_interfaces__rosidl_generator_c.dir/rosidl_generator_c/canopen_interfaces/srv/detail/co_node__functions.c.o
[ 26%] Building C object CMakeFiles/canopen_interfaces__rosidl_generator_c.dir/rosidl_generator_c/canopen_interfaces/msg/detail/co_data__type_support.c.o
[ 27%] Building C object CMakeFiles/canopen_interfaces__rosidl_generator_c.dir/rosidl_generator_c/canopen_interfaces/srv/detail/co_node__type_support.c.o
[ 76%] Built target epos2_bridge_interfaces__rosidl_typesupport_cpp
[ 27%] Linking C shared library libcanopen_interfaces__rosidl_generator_c.so
[ 78%] Linking CXX shared library libepos2_bridge_interfaces__rosidl_typesupport_fastrtps_c.so
[ 78%] Built target epos2_bridge_interfaces__rosidl_typesupport_introspection_cpp
gmake[2]: warning:  Clock skew detected.  Your build may be incomplete.
[ 80%] Linking CXX shared library libepos2_bridge_interfaces__rosidl_typesupport_fastrtps_cpp.so
[ 27%] Built target canopen_interfaces__rosidl_generator_c
[ 29%] Generating C type support dispatch for ROS interfaces
[ 30%] Generating C introspection for ROS interfaces
[ 30%] Generating C++ type support for eProsima Fast-RTPS
[ 31%] Generating C type support for eProsima Fast-RTPS
[ 32%] Generating C++ introspection for ROS interfaces
[ 32%] Generating C++ type support dispatch for ROS interfaces
[ 80%] Built target epos2_bridge_interfaces__rosidl_typesupport_fastrtps_c
-- Found ament_cmake_ros: 0.12.1 (/opt/ros/jazzy/share/ament_cmake_ros/cmake)
[ 80%] Built target epos2_bridge_interfaces__rosidl_typesupport_fastrtps_cpp
[ 80%] Built target epos2_bridge_interfaces
[ 81%] Generating Python code for ROS interfaces
[ 33%] Building CXX object CMakeFiles/canopen_interfaces__rosidl_typesupport_c.dir/rosidl_typesupport_c/canopen_interfaces/srv/co_read__type_support.cpp.o
[ 33%] Building CXX object CMakeFiles/canopen_interfaces__rosidl_typesupport_c.dir/rosidl_typesupport_c/canopen_interfaces/srv/co_read_id__type_support.cpp.o
[ 38%] Building CXX object CMakeFiles/canopen_interfaces__rosidl_typesupport_c.dir/rosidl_typesupport_c/canopen_interfaces/srv/co_nmt_id__type_support.cpp.o
[ 38%] Building CXX object CMakeFiles/canopen_interfaces__rosidl_typesupport_c.dir/rosidl_typesupport_c/canopen_interfaces/srv/co_write__type_support.cpp.o
[ 38%] Building CXX object CMakeFiles/canopen_interfaces__rosidl_typesupport_c.dir/rosidl_typesupport_c/canopen_interfaces/srv/co_write_id__type_support.cpp.o
[ 39%] Building CXX object CMakeFiles/canopen_interfaces__rosidl_typesupport_c.dir/rosidl_typesupport_c/canopen_interfaces/srv/co_node__type_support.cpp.o
[ 38%] Building CXX object CMakeFiles/canopen_interfaces__rosidl_typesupport_c.dir/rosidl_typesupport_c/canopen_interfaces/srv/co_heartbeat_id__type_support.cpp.o
[ 36%] Building CXX object CMakeFiles/canopen_interfaces__rosidl_typesupport_c.dir/rosidl_typesupport_c/canopen_interfaces/srv/co_target_double__type_support.cpp.o
[ 40%] Building CXX object CMakeFiles/canopen_interfaces__rosidl_typesupport_c.dir/rosidl_typesupport_c/canopen_interfaces/msg/co_data__type_support.cpp.o
[ 41%] Linking CXX shared library libcanopen_interfaces__rosidl_typesupport_c.so
[ 43%] Building CXX object CMakeFiles/canopen_interfaces__rosidl_typesupport_cpp.dir/rosidl_typesupport_cpp/canopen_interfaces/srv/co_read_id__type_support.cpp.o
[ 43%] Building CXX object CMakeFiles/canopen_interfaces__rosidl_typesupport_cpp.dir/rosidl_typesupport_cpp/canopen_interfaces/srv/co_nmt_id__type_support.cpp.o
[ 44%] Building CXX object CMakeFiles/canopen_interfaces__rosidl_typesupport_cpp.dir/rosidl_typesupport_cpp/canopen_interfaces/srv/co_heartbeat_id__type_support.cpp.o
[ 45%] Building CXX object CMakeFiles/canopen_interfaces__rosidl_typesupport_cpp.dir/rosidl_typesupport_cpp/canopen_interfaces/srv/co_read__type_support.cpp.o
[ 46%] Building CXX object CMakeFiles/canopen_interfaces__rosidl_typesupport_cpp.dir/rosidl_typesupport_cpp/canopen_interfaces/srv/co_write__type_support.cpp.o
[ 47%] Building CXX object CMakeFiles/canopen_interfaces__rosidl_typesupport_cpp.dir/rosidl_typesupport_cpp/canopen_interfaces/srv/co_write_id__type_support.cpp.o
[ 48%] Building CXX object CMakeFiles/canopen_interfaces__rosidl_typesupport_cpp.dir/rosidl_typesupport_cpp/canopen_interfaces/srv/co_target_double__type_support.cpp.o
[ 48%] Building CXX object CMakeFiles/canopen_interfaces__rosidl_typesupport_cpp.dir/rosidl_typesupport_cpp/canopen_interfaces/srv/co_node__type_support.cpp.o
[ 49%] Building CXX object CMakeFiles/canopen_interfaces__rosidl_typesupport_cpp.dir/rosidl_typesupport_cpp/canopen_interfaces/msg/co_data__type_support.cpp.o
[ 50%] Building C object CMakeFiles/canopen_interfaces__rosidl_typesupport_introspection_c.dir/rosidl_typesupport_introspection_c/canopen_interfaces/srv/detail/co_heartbeat_id__type_support.c.o
[ 81%] Built target epos2_bridge_interfaces__py
[ 51%] Building C object CMakeFiles/canopen_interfaces__rosidl_typesupport_introspection_c.dir/rosidl_typesupport_introspection_c/canopen_interfaces/srv/detail/co_nmt_id__type_support.c.o
[ 51%] Built target canopen_interfaces__rosidl_typesupport_c
[ 52%] Building C object CMakeFiles/canopen_interfaces__rosidl_typesupport_introspection_c.dir/rosidl_typesupport_introspection_c/canopen_interfaces/srv/detail/co_read__type_support.c.o
[ 53%] Building CXX object CMakeFiles/canopen_interfaces__rosidl_typesupport_introspection_cpp.dir/rosidl_typesupport_introspection_cpp/canopen_interfaces/srv/detail/co_heartbeat_id__type_support.cpp.o
[ 54%] Building C object CMakeFiles/canopen_interfaces__rosidl_typesupport_introspection_c.dir/rosidl_typesupport_introspection_c/canopen_interfaces/srv/detail/co_write__type_support.c.o
[ 55%] Building C object CMakeFiles/canopen_interfaces__rosidl_typesupport_introspection_c.dir/rosidl_typesupport_introspection_c/canopen_interfaces/srv/detail/co_read_id__type_support.c.o
[ 83%] Building C object CMakeFiles/epos2_bridge_interfaces__rosidl_generator_py.dir/rosidl_generator_py/epos2_bridge_interfaces/srv/_move_delta_s.c.o
[ 55%] Building CXX object CMakeFiles/canopen_interfaces__rosidl_typesupport_introspection_cpp.dir/rosidl_typesupport_introspection_cpp/canopen_interfaces/srv/detail/co_nmt_id__type_support.cpp.o
[ 55%] Building C object CMakeFiles/canopen_interfaces__rosidl_typesupport_introspection_c.dir/rosidl_typesupport_introspection_c/canopen_interfaces/srv/detail/co_write_id__type_support.c.o
[ 85%] Building C object CMakeFiles/epos2_bridge_interfaces__rosidl_generator_py.dir/rosidl_generator_py/epos2_bridge_interfaces/srv/_move_absolute_s.c.o
[ 87%] Building C object CMakeFiles/epos2_bridge_interfaces__rosidl_generator_py.dir/rosidl_generator_py/epos2_bridge_interfaces/srv/_move_absolute_timed_s.c.o
[ 56%] Building C object CMakeFiles/canopen_interfaces__rosidl_typesupport_introspection_c.dir/rosidl_typesupport_introspection_c/canopen_interfaces/srv/detail/co_target_double__type_support.c.o
[ 57%] Building CXX object CMakeFiles/canopen_interfaces__rosidl_typesupport_introspection_cpp.dir/rosidl_typesupport_introspection_cpp/canopen_interfaces/srv/detail/co_read__type_support.cpp.o
[ 58%] Building CXX object CMakeFiles/canopen_interfaces__rosidl_typesupport_introspection_cpp.dir/rosidl_typesupport_introspection_cpp/canopen_interfaces/srv/detail/co_read_id__type_support.cpp.o
[ 59%] Building CXX object CMakeFiles/canopen_interfaces__rosidl_typesupport_introspection_cpp.dir/rosidl_typesupport_introspection_cpp/canopen_interfaces/srv/detail/co_write__type_support.cpp.o
[ 60%] Building C object CMakeFiles/canopen_interfaces__rosidl_typesupport_introspection_c.dir/rosidl_typesupport_introspection_c/canopen_interfaces/srv/detail/co_node__type_support.c.o
[ 61%] Building CXX object CMakeFiles/canopen_interfaces__rosidl_typesupport_introspection_cpp.dir/rosidl_typesupport_introspection_cpp/canopen_interfaces/srv/detail/co_write_id__type_support.cpp.o
[ 62%] Building C object CMakeFiles/canopen_interfaces__rosidl_typesupport_introspection_c.dir/rosidl_typesupport_introspection_c/canopen_interfaces/msg/detail/co_data__type_support.c.o
[ 63%] Building CXX object CMakeFiles/canopen_interfaces__rosidl_typesupport_introspection_cpp.dir/rosidl_typesupport_introspection_cpp/canopen_interfaces/srv/detail/co_target_double__type_support.cpp.o
[ 64%] Building CXX object CMakeFiles/canopen_interfaces__rosidl_typesupport_introspection_cpp.dir/rosidl_typesupport_introspection_cpp/canopen_interfaces/srv/detail/co_node__type_support.cpp.o
[ 65%] Building CXX object CMakeFiles/canopen_interfaces__rosidl_typesupport_introspection_cpp.dir/rosidl_typesupport_introspection_cpp/canopen_interfaces/msg/detail/co_data__type_support.cpp.o
[ 65%] Building CXX object CMakeFiles/canopen_interfaces__rosidl_typesupport_fastrtps_cpp.dir/rosidl_typesupport_fastrtps_cpp/canopen_interfaces/srv/detail/dds_fastrtps/co_heartbeat_id__type_support.cpp.o
[ 66%] Linking C shared library libcanopen_interfaces__rosidl_typesupport_introspection_c.so
[ 67%] Building CXX object CMakeFiles/canopen_interfaces__rosidl_typesupport_fastrtps_cpp.dir/rosidl_typesupport_fastrtps_cpp/canopen_interfaces/srv/detail/dds_fastrtps/co_nmt_id__type_support.cpp.o
[ 89%] Linking C shared library libepos2_bridge_interfaces__rosidl_generator_py.so
[ 68%] Building CXX object CMakeFiles/canopen_interfaces__rosidl_typesupport_fastrtps_c.dir/rosidl_typesupport_fastrtps_c/canopen_interfaces/srv/detail/co_heartbeat_id__type_support_c.cpp.o
[ 69%] Building CXX object CMakeFiles/canopen_interfaces__rosidl_typesupport_fastrtps_c.dir/rosidl_typesupport_fastrtps_c/canopen_interfaces/srv/detail/co_nmt_id__type_support_c.cpp.o
[ 70%] Building CXX object CMakeFiles/canopen_interfaces__rosidl_typesupport_fastrtps_c.dir/rosidl_typesupport_fastrtps_c/canopen_interfaces/srv/detail/co_read__type_support_c.cpp.o
[ 71%] Building CXX object CMakeFiles/canopen_interfaces__rosidl_typesupport_fastrtps_cpp.dir/rosidl_typesupport_fastrtps_cpp/canopen_interfaces/srv/detail/dds_fastrtps/co_read__type_support.cpp.o
[ 72%] Building CXX object CMakeFiles/canopen_interfaces__rosidl_typesupport_fastrtps_c.dir/rosidl_typesupport_fastrtps_c/canopen_interfaces/srv/detail/co_read_id__type_support_c.cpp.o
[ 72%] Building CXX object CMakeFiles/canopen_interfaces__rosidl_typesupport_fastrtps_c.dir/rosidl_typesupport_fastrtps_c/canopen_interfaces/srv/detail/co_write__type_support_c.cpp.o
[ 89%] Built target epos2_bridge_interfaces__rosidl_generator_py
[ 73%] Building CXX object CMakeFiles/canopen_interfaces__rosidl_typesupport_fastrtps_c.dir/rosidl_typesupport_fastrtps_c/canopen_interfaces/srv/detail/co_write_id__type_support_c.cpp.o
[ 74%] Linking CXX shared library libcanopen_interfaces__rosidl_typesupport_cpp.so
[ 74%] Built target canopen_interfaces__rosidl_typesupport_introspection_c
-- Using all available rosidl_typesupport_c: rosidl_typesupport_fastrtps_c;rosidl_typesupport_introspection_c
[ 90%] Building C object CMakeFiles/epos2_bridge_interfaces_s__rosidl_typesupport_c.dir/rosidl_generator_py/epos2_bridge_interfaces/_epos2_bridge_interfaces_s.ep.rosidl_typesupport_c.c.o
[ 92%] Building C object CMakeFiles/epos2_bridge_interfaces_s__rosidl_typesupport_fastrtps_c.dir/rosidl_generator_py/epos2_bridge_interfaces/_epos2_bridge_interfaces_s.ep.rosidl_typesupport_fastrtps_c.c.o
[ 94%] Building C object CMakeFiles/epos2_bridge_interfaces_s__rosidl_typesupport_introspection_c.dir/rosidl_generator_py/epos2_bridge_interfaces/_epos2_bridge_interfaces_s.ep.rosidl_typesupport_introspection_c.c.o
[ 75%] Building CXX object CMakeFiles/canopen_interfaces__rosidl_typesupport_fastrtps_cpp.dir/rosidl_typesupport_fastrtps_cpp/canopen_interfaces/srv/detail/dds_fastrtps/co_read_id__type_support.cpp.o
[ 77%] Building CXX object CMakeFiles/canopen_interfaces__rosidl_typesupport_fastrtps_c.dir/rosidl_typesupport_fastrtps_c/canopen_interfaces/srv/detail/co_target_double__type_support_c.cpp.o
[ 76%] Building CXX object CMakeFiles/canopen_interfaces__rosidl_typesupport_fastrtps_cpp.dir/rosidl_typesupport_fastrtps_cpp/canopen_interfaces/srv/detail/dds_fastrtps/co_write__type_support.cpp.o
[ 78%] Building CXX object CMakeFiles/canopen_interfaces__rosidl_typesupport_fastrtps_cpp.dir/rosidl_typesupport_fastrtps_cpp/canopen_interfaces/srv/detail/dds_fastrtps/co_write_id__type_support.cpp.o
[ 96%] Linking C shared module rosidl_generator_py/epos2_bridge_interfaces/epos2_bridge_interfaces_s__rosidl_typesupport_c.so
[ 79%] Building CXX object CMakeFiles/canopen_interfaces__rosidl_typesupport_fastrtps_c.dir/rosidl_typesupport_fastrtps_c/canopen_interfaces/srv/detail/co_node__type_support_c.cpp.o
[ 98%] Linking C shared module rosidl_generator_py/epos2_bridge_interfaces/epos2_bridge_interfaces_s__rosidl_typesupport_fastrtps_c.so
[100%] Linking C shared module rosidl_generator_py/epos2_bridge_interfaces/epos2_bridge_interfaces_s__rosidl_typesupport_introspection_c.so
libtoolize: putting auxiliary files in '.'.
libtoolize: copying file './ltmain.sh'
[ 80%] Building CXX object CMakeFiles/canopen_interfaces__rosidl_typesupport_fastrtps_c.dir/rosidl_typesupport_fastrtps_c/canopen_interfaces/msg/detail/co_data__type_support_c.cpp.o
libtoolize: putting macros in AC_CONFIG_MACRO_DIRS, 'm4'.
libtoolize: copying file 'm4/libtool.m4'
[ 81%] Building CXX object CMakeFiles/canopen_interfaces__rosidl_typesupport_fastrtps_cpp.dir/rosidl_typesupport_fastrtps_cpp/canopen_interfaces/srv/detail/dds_fastrtps/co_target_double__type_support.cpp.o
[ 82%] Building CXX object CMakeFiles/canopen_interfaces__rosidl_typesupport_fastrtps_cpp.dir/rosidl_typesupport_fastrtps_cpp/canopen_interfaces/srv/detail/dds_fastrtps/co_node__type_support.cpp.o
[ 82%] Building CXX object CMakeFiles/canopen_interfaces__rosidl_typesupport_fastrtps_cpp.dir/rosidl_typesupport_fastrtps_cpp/canopen_interfaces/msg/detail/dds_fastrtps/co_data__type_support.cpp.o
libtoolize: copying file 'm4/ltoptions.m4'
[ 82%] Linking CXX shared library libcanopen_interfaces__rosidl_typesupport_introspection_cpp.so
libtoolize: copying file 'm4/ltsugar.m4'
[100%] Built target epos2_bridge_interfaces_s__rosidl_typesupport_c
[ 82%] Built target canopen_interfaces__rosidl_typesupport_cpp
libtoolize: copying file 'm4/ltversion.m4'
[100%] Built target epos2_bridge_interfaces_s__rosidl_typesupport_introspection_c
[100%] Built target epos2_bridge_interfaces_s__rosidl_typesupport_fastrtps_c
libtoolize: copying file 'm4/lt~obsolete.m4'
-- Install configuration: ""
-- Installing: /tmp/agrobot-next-build-ybgPHn/install/epos2_bridge_interfaces/share/ament_index/resource_index/rosidl_interfaces/epos2_bridge_interfaces
-- Installing: /tmp/agrobot-next-build-ybgPHn/install/epos2_bridge_interfaces/share/epos2_bridge_interfaces/srv/MoveDelta.json
-- Installing: /tmp/agrobot-next-build-ybgPHn/install/epos2_bridge_interfaces/share/epos2_bridge_interfaces/srv/MoveAbsolute.json
-- Installing: /tmp/agrobot-next-build-ybgPHn/install/epos2_bridge_interfaces/share/epos2_bridge_interfaces/srv/MoveAbsoluteTimed.json
-- Installing: /tmp/agrobot-next-build-ybgPHn/install/epos2_bridge_interfaces/include/epos2_bridge_interfaces/epos2_bridge_interfaces
-- Installing: /tmp/agrobot-next-build-ybgPHn/install/epos2_bridge_interfaces/include/epos2_bridge_interfaces/epos2_bridge_interfaces/srv
-- Installing: /tmp/agrobot-next-build-ybgPHn/install/epos2_bridge_interfaces/include/epos2_bridge_interfaces/epos2_bridge_interfaces/srv/move_absolute_timed.h
-- Installing: /tmp/agrobot-next-build-ybgPHn/install/epos2_bridge_interfaces/include/epos2_bridge_interfaces/epos2_bridge_interfaces/srv/detail
-- Installing: /tmp/agrobot-next-build-ybgPHn/install/epos2_bridge_interfaces/include/epos2_bridge_interfaces/epos2_bridge_interfaces/srv/detail/move_absolute__struct.h
-- Installing: /tmp/agrobot-next-build-ybgPHn/install/epos2_bridge_interfaces/include/epos2_bridge_interfaces/epos2_bridge_interfaces/srv/detail/move_absolute__functions.c
-- Installing: /tmp/agrobot-next-build-ybgPHn/install/epos2_bridge_interfaces/include/epos2_bridge_interfaces/epos2_bridge_interfaces/srv/detail/move_absolute_timed__functions.c
-- Installing: /tmp/agrobot-next-build-ybgPHn/install/epos2_bridge_interfaces/include/epos2_bridge_interfaces/epos2_bridge_interfaces/srv/detail/move_delta__description.c
-- Installing: /tmp/agrobot-next-build-ybgPHn/install/epos2_bridge_interfaces/include/epos2_bridge_interfaces/epos2_bridge_interfaces/srv/detail/move_delta__functions.h
-- Installing: /tmp/agrobot-next-build-ybgPHn/install/epos2_bridge_interfaces/include/epos2_bridge_interfaces/epos2_bridge_interfaces/srv/detail/move_absolute__type_support.h
-- Installing: /tmp/agrobot-next-build-ybgPHn/install/epos2_bridge_interfaces/include/epos2_bridge_interfaces/epos2_bridge_interfaces/srv/detail/move_absolute_timed__struct.h
-- Installing: /tmp/agrobot-next-build-ybgPHn/install/epos2_bridge_interfaces/include/epos2_bridge_interfaces/epos2_bridge_interfaces/srv/detail/move_delta__functions.c
-- Installing: /tmp/agrobot-next-build-ybgPHn/install/epos2_bridge_interfaces/include/epos2_bridge_interfaces/epos2_bridge_interfaces/srv/detail/move_absolute_timed__type_support.c
-- Installing: /tmp/agrobot-next-build-ybgPHn/install/epos2_bridge_interfaces/include/epos2_bridge_interfaces/epos2_bridge_interfaces/srv/detail/move_delta__type_support.c
-- Installing: /tmp/agrobot-next-build-ybgPHn/install/epos2_bridge_interfaces/include/epos2_bridge_interfaces/epos2_bridge_interfaces/srv/detail/move_absolute__description.c
-- Installing: /tmp/agrobot-next-build-ybgPHn/install/epos2_bridge_interfaces/include/epos2_bridge_interfaces/epos2_bridge_interfaces/srv/detail/move_absolute__functions.h
-- Installing: /tmp/agrobot-next-build-ybgPHn/install/epos2_bridge_interfaces/include/epos2_bridge_interfaces/epos2_bridge_interfaces/srv/detail/move_absolute_timed__type_support.h
-- Installing: /tmp/agrobot-next-build-ybgPHn/install/epos2_bridge_interfaces/include/epos2_bridge_interfaces/epos2_bridge_interfaces/srv/detail/move_absolute__type_support.c
-- Installing: /tmp/agrobot-next-build-ybgPHn/install/epos2_bridge_interfaces/include/epos2_bridge_interfaces/epos2_bridge_interfaces/srv/detail/move_delta__struct.h
-- Installing: /tmp/agrobot-next-build-ybgPHn/install/epos2_bridge_interfaces/include/epos2_bridge_interfaces/epos2_bridge_interfaces/srv/detail/move_absolute_timed__description.c
-- Installing: /tmp/agrobot-next-build-ybgPHn/install/epos2_bridge_interfaces/include/epos2_bridge_interfaces/epos2_bridge_interfaces/srv/detail/move_delta__type_support.h
-- Installing: /tmp/agrobot-next-build-ybgPHn/install/epos2_bridge_interfaces/include/epos2_bridge_interfaces/epos2_bridge_interfaces/srv/detail/move_absolute_timed__functions.h
-- Installing: /tmp/agrobot-next-build-ybgPHn/install/epos2_bridge_interfaces/include/epos2_bridge_interfaces/epos2_bridge_interfaces/srv/move_absolute.h
-- Installing: /tmp/agrobot-next-build-ybgPHn/install/epos2_bridge_interfaces/include/epos2_bridge_interfaces/epos2_bridge_interfaces/srv/move_delta.h
-- Installing: /tmp/agrobot-next-build-ybgPHn/install/epos2_bridge_interfaces/include/epos2_bridge_interfaces/epos2_bridge_interfaces/msg
-- Installing: /tmp/agrobot-next-build-ybgPHn/install/epos2_bridge_interfaces/include/epos2_bridge_interfaces/epos2_bridge_interfaces/msg/rosidl_generator_c__visibility_control.h
-- Installing: /tmp/agrobot-next-build-ybgPHn/install/epos2_bridge_interfaces/share/epos2_bridge_interfaces/environment/library_path.sh
-- Installing: /tmp/agrobot-next-build-ybgPHn/install/epos2_bridge_interfaces/share/epos2_bridge_interfaces/environment/library_path.dsv
-- Installing: /tmp/agrobot-next-build-ybgPHn/install/epos2_bridge_interfaces/lib/libepos2_bridge_interfaces__rosidl_generator_c.so
-- Set non-toolchain portion of runtime path of "/tmp/agrobot-next-build-ybgPHn/install/epos2_bridge_interfaces/lib/libepos2_bridge_interfaces__rosidl_generator_c.so" to ""
-- Up-to-date: /tmp/agrobot-next-build-ybgPHn/install/epos2_bridge_interfaces/include/epos2_bridge_interfaces/epos2_bridge_interfaces
-- Up-to-date: /tmp/agrobot-next-build-ybgPHn/install/epos2_bridge_interfaces/include/epos2_bridge_interfaces/epos2_bridge_interfaces/srv
-- Up-to-date: /tmp/agrobot-next-build-ybgPHn/install/epos2_bridge_interfaces/include/epos2_bridge_interfaces/epos2_bridge_interfaces/srv/detail
-- Using all available rosidl_typesupport_cpp: rosidl_typesupport_fastrtps_cpp;rosidl_typesupport_introspection_cpp
-- Installing: /tmp/agrobot-next-build-ybgPHn/install/epos2_bridge_interfaces/include/epos2_bridge_interfaces/epos2_bridge_interfaces/srv/detail/move_absolute_timed__rosidl_typesupport_fastrtps_c.h
-- Installing: /tmp/agrobot-next-build-ybgPHn/install/epos2_bridge_interfaces/include/epos2_bridge_interfaces/epos2_bridge_interfaces/srv/detail/move_delta__rosidl_typesupport_fastrtps_c.h
-- Installing: /tmp/agrobot-next-build-ybgPHn/install/epos2_bridge_interfaces/include/epos2_bridge_interfaces/epos2_bridge_interfaces/srv/detail/move_absolute__rosidl_typesupport_fastrtps_c.h
-- Up-to-date: /tmp/agrobot-next-build-ybgPHn/install/epos2_bridge_interfaces/include/epos2_bridge_interfaces/epos2_bridge_interfaces/msg
-- Installing: /tmp/agrobot-next-build-ybgPHn/install/epos2_bridge_interfaces/include/epos2_bridge_interfaces/epos2_bridge_interfaces/msg/rosidl_typesupport_fastrtps_c__visibility_control.h
-- Installing: /tmp/agrobot-next-build-ybgPHn/install/epos2_bridge_interfaces/lib/libepos2_bridge_interfaces__rosidl_typesupport_fastrtps_c.so
-- Set non-toolchain portion of runtime path of "/tmp/agrobot-next-build-ybgPHn/install/epos2_bridge_interfaces/lib/libepos2_bridge_interfaces__rosidl_typesupport_fastrtps_c.so" to ""
-- Up-to-date: /tmp/agrobot-next-build-ybgPHn/install/epos2_bridge_interfaces/include/epos2_bridge_interfaces/epos2_bridge_interfaces
-- Up-to-date: /tmp/agrobot-next-build-ybgPHn/install/epos2_bridge_interfaces/include/epos2_bridge_interfaces/epos2_bridge_interfaces/srv
-- Up-to-date: /tmp/agrobot-next-build-ybgPHn/install/epos2_bridge_interfaces/include/epos2_bridge_interfaces/epos2_bridge_interfaces/srv/detail
-- Installing: /tmp/agrobot-next-build-ybgPHn/install/epos2_bridge_interfaces/include/epos2_bridge_interfaces/epos2_bridge_interfaces/srv/detail/move_absolute_timed__rosidl_typesupport_introspection_c.h
-- Installing: /tmp/agrobot-next-build-ybgPHn/install/epos2_bridge_interfaces/include/epos2_bridge_interfaces/epos2_bridge_interfaces/srv/detail/move_absolute__rosidl_typesupport_introspection_c.h
-- Installing: /tmp/agrobot-next-build-ybgPHn/install/epos2_bridge_interfaces/include/epos2_bridge_interfaces/epos2_bridge_interfaces/srv/detail/move_absolute_timed__type_support.c
-- Installing: /tmp/agrobot-next-build-ybgPHn/install/epos2_bridge_interfaces/include/epos2_bridge_interfaces/epos2_bridge_interfaces/srv/detail/move_delta__type_support.c
-- Installing: /tmp/agrobot-next-build-ybgPHn/install/epos2_bridge_interfaces/include/epos2_bridge_interfaces/epos2_bridge_interfaces/srv/detail/move_delta__rosidl_typesupport_introspection_c.h
-- Installing: /tmp/agrobot-next-build-ybgPHn/install/epos2_bridge_interfaces/include/epos2_bridge_interfaces/epos2_bridge_interfaces/srv/detail/move_absolute__type_support.c
-- Up-to-date: /tmp/agrobot-next-build-ybgPHn/install/epos2_bridge_interfaces/include/epos2_bridge_interfaces/epos2_bridge_interfaces/msg
-- Installing: /tmp/agrobot-next-build-ybgPHn/install/epos2_bridge_interfaces/include/epos2_bridge_interfaces/epos2_bridge_interfaces/msg/rosidl_typesupport_introspection_c__visibility_control.h
-- Found python_cmake_module: 0.11.1 (/opt/ros/jazzy/share/python_cmake_module/cmake)
-- Installing: /tmp/agrobot-next-build-ybgPHn/install/epos2_bridge_interfaces/lib/libepos2_bridge_interfaces__rosidl_typesupport_introspection_c.so
-- Set non-toolchain portion of runtime path of "/tmp/agrobot-next-build-ybgPHn/install/epos2_bridge_interfaces/lib/libepos2_bridge_interfaces__rosidl_typesupport_introspection_c.so" to ""
-- Installing: /tmp/agrobot-next-build-ybgPHn/install/epos2_bridge_interfaces/lib/libepos2_bridge_interfaces__rosidl_typesupport_c.so
-- Set non-toolchain portion of runtime path of "/tmp/agrobot-next-build-ybgPHn/install/epos2_bridge_interfaces/lib/libepos2_bridge_interfaces__rosidl_typesupport_c.so" to ""
-- Up-to-date: /tmp/agrobot-next-build-ybgPHn/install/epos2_bridge_interfaces/include/epos2_bridge_interfaces/epos2_bridge_interfaces
-- Up-to-date: /tmp/agrobot-next-build-ybgPHn/install/epos2_bridge_interfaces/include/epos2_bridge_interfaces/epos2_bridge_interfaces/srv
-- Installing: /tmp/agrobot-next-build-ybgPHn/install/epos2_bridge_interfaces/include/epos2_bridge_interfaces/epos2_bridge_interfaces/srv/move_absolute.hpp
-- Installing: /tmp/agrobot-next-build-ybgPHn/install/epos2_bridge_interfaces/include/epos2_bridge_interfaces/epos2_bridge_interfaces/srv/move_delta.hpp
-- Up-to-date: /tmp/agrobot-next-build-ybgPHn/install/epos2_bridge_interfaces/include/epos2_bridge_interfaces/epos2_bridge_interfaces/srv/detail
-- Installing: /tmp/agrobot-next-build-ybgPHn/install/epos2_bridge_interfaces/include/epos2_bridge_interfaces/epos2_bridge_interfaces/srv/detail/move_delta__builder.hpp
-- Installing: /tmp/agrobot-next-build-ybgPHn/install/epos2_bridge_interfaces/include/epos2_bridge_interfaces/epos2_bridge_interfaces/srv/detail/move_delta__struct.hpp
-- Installing: /tmp/agrobot-next-build-ybgPHn/install/epos2_bridge_interfaces/include/epos2_bridge_interfaces/epos2_bridge_interfaces/srv/detail/move_absolute__struct.hpp
-- Installing: /tmp/agrobot-next-build-ybgPHn/install/epos2_bridge_interfaces/include/epos2_bridge_interfaces/epos2_bridge_interfaces/srv/detail/move_delta__type_support.hpp
-- Installing: /tmp/agrobot-next-build-ybgPHn/install/epos2_bridge_interfaces/include/epos2_bridge_interfaces/epos2_bridge_interfaces/srv/detail/move_absolute__type_support.hpp
-- Installing: /tmp/agrobot-next-build-ybgPHn/install/epos2_bridge_interfaces/include/epos2_bridge_interfaces/epos2_bridge_interfaces/srv/detail/move_absolute__builder.hpp
-- Installing: /tmp/agrobot-next-build-ybgPHn/install/epos2_bridge_interfaces/include/epos2_bridge_interfaces/epos2_bridge_interfaces/srv/detail/move_absolute_timed__struct.hpp
-- Installing: /tmp/agrobot-next-build-ybgPHn/install/epos2_bridge_interfaces/include/epos2_bridge_interfaces/epos2_bridge_interfaces/srv/detail/move_absolute_timed__builder.hpp
-- Installing: /tmp/agrobot-next-build-ybgPHn/install/epos2_bridge_interfaces/include/epos2_bridge_interfaces/epos2_bridge_interfaces/srv/detail/move_absolute__traits.hpp
-- Installing: /tmp/agrobot-next-build-ybgPHn/install/epos2_bridge_interfaces/include/epos2_bridge_interfaces/epos2_bridge_interfaces/srv/detail/move_absolute_timed__type_support.hpp
-- Installing: /tmp/agrobot-next-build-ybgPHn/install/epos2_bridge_interfaces/include/epos2_bridge_interfaces/epos2_bridge_interfaces/srv/detail/move_absolute_timed__traits.hpp
-- Installing: /tmp/agrobot-next-build-ybgPHn/install/epos2_bridge_interfaces/include/epos2_bridge_interfaces/epos2_bridge_interfaces/srv/detail/move_delta__traits.hpp
-- Installing: /tmp/agrobot-next-build-ybgPHn/install/epos2_bridge_interfaces/include/epos2_bridge_interfaces/epos2_bridge_interfaces/srv/move_absolute_timed.hpp
-- Up-to-date: /tmp/agrobot-next-build-ybgPHn/install/epos2_bridge_interfaces/include/epos2_bridge_interfaces/epos2_bridge_interfaces/msg
-- Installing: /tmp/agrobot-next-build-ybgPHn/install/epos2_bridge_interfaces/include/epos2_bridge_interfaces/epos2_bridge_interfaces/msg/rosidl_generator_cpp__visibility_control.hpp
-- Up-to-date: /tmp/agrobot-next-build-ybgPHn/install/epos2_bridge_interfaces/include/epos2_bridge_interfaces/epos2_bridge_interfaces
-- Up-to-date: /tmp/agrobot-next-build-ybgPHn/install/epos2_bridge_interfaces/include/epos2_bridge_interfaces/epos2_bridge_interfaces/srv
-- Up-to-date: /tmp/agrobot-next-build-ybgPHn/install/epos2_bridge_interfaces/include/epos2_bridge_interfaces/epos2_bridge_interfaces/srv/detail
-- Installing: /tmp/agrobot-next-build-ybgPHn/install/epos2_bridge_interfaces/include/epos2_bridge_interfaces/epos2_bridge_interfaces/srv/detail/move_absolute_timed__rosidl_typesupport_fastrtps_cpp.hpp
-- Installing: /tmp/agrobot-next-build-ybgPHn/install/epos2_bridge_interfaces/include/epos2_bridge_interfaces/epos2_bridge_interfaces/srv/detail/dds_fastrtps
-- Installing: /tmp/agrobot-next-build-ybgPHn/install/epos2_bridge_interfaces/include/epos2_bridge_interfaces/epos2_bridge_interfaces/srv/detail/move_absolute__rosidl_typesupport_fastrtps_cpp.hpp
-- Installing: /tmp/agrobot-next-build-ybgPHn/install/epos2_bridge_interfaces/include/epos2_bridge_interfaces/epos2_bridge_interfaces/srv/detail/move_delta__rosidl_typesupport_fastrtps_cpp.hpp
-- Up-to-date: /tmp/agrobot-next-build-ybgPHn/install/epos2_bridge_interfaces/include/epos2_bridge_interfaces/epos2_bridge_interfaces/msg
-- Installing: /tmp/agrobot-next-build-ybgPHn/install/epos2_bridge_interfaces/include/epos2_bridge_interfaces/epos2_bridge_interfaces/msg/rosidl_typesupport_fastrtps_cpp__visibility_control.h
-- Installing: /tmp/agrobot-next-build-ybgPHn/install/epos2_bridge_interfaces/lib/libepos2_bridge_interfaces__rosidl_typesupport_fastrtps_cpp.so
-- Set non-toolchain portion of runtime path of "/tmp/agrobot-next-build-ybgPHn/install/epos2_bridge_interfaces/lib/libepos2_bridge_interfaces__rosidl_typesupport_fastrtps_cpp.so" to ""
-- Up-to-date: /tmp/agrobot-next-build-ybgPHn/install/epos2_bridge_interfaces/include/epos2_bridge_interfaces/epos2_bridge_interfaces
-- Up-to-date: /tmp/agrobot-next-build-ybgPHn/install/epos2_bridge_interfaces/include/epos2_bridge_interfaces/epos2_bridge_interfaces/srv
-- Up-to-date: /tmp/agrobot-next-build-ybgPHn/install/epos2_bridge_interfaces/include/epos2_bridge_interfaces/epos2_bridge_interfaces/srv/detail
-- Installing: /tmp/agrobot-next-build-ybgPHn/install/epos2_bridge_interfaces/include/epos2_bridge_interfaces/epos2_bridge_interfaces/srv/detail/move_delta__rosidl_typesupport_introspection_cpp.hpp
-- Installing: /tmp/agrobot-next-build-ybgPHn/install/epos2_bridge_interfaces/include/epos2_bridge_interfaces/epos2_bridge_interfaces/srv/detail/move_absolute__rosidl_typesupport_introspection_cpp.hpp
-- Installing: /tmp/agrobot-next-build-ybgPHn/install/epos2_bridge_interfaces/include/epos2_bridge_interfaces/epos2_bridge_interfaces/srv/detail/move_absolute_timed__rosidl_typesupport_introspection_cpp.hpp
-- Installing: /tmp/agrobot-next-build-ybgPHn/install/epos2_bridge_interfaces/include/epos2_bridge_interfaces/epos2_bridge_interfaces/srv/detail/move_delta__type_support.cpp
-- Installing: /tmp/agrobot-next-build-ybgPHn/install/epos2_bridge_interfaces/include/epos2_bridge_interfaces/epos2_bridge_interfaces/srv/detail/move_absolute_timed__type_support.cpp
-- Installing: /tmp/agrobot-next-build-ybgPHn/install/epos2_bridge_interfaces/include/epos2_bridge_interfaces/epos2_bridge_interfaces/srv/detail/move_absolute__type_support.cpp
-- Installing: /tmp/agrobot-next-build-ybgPHn/install/epos2_bridge_interfaces/lib/libepos2_bridge_interfaces__rosidl_typesupport_introspection_cpp.so
-- Set non-toolchain portion of runtime path of "/tmp/agrobot-next-build-ybgPHn/install/epos2_bridge_interfaces/lib/libepos2_bridge_interfaces__rosidl_typesupport_introspection_cpp.so" to ""
-- Installing: /tmp/agrobot-next-build-ybgPHn/install/epos2_bridge_interfaces/lib/libepos2_bridge_interfaces__rosidl_typesupport_cpp.so
-- Set non-toolchain portion of runtime path of "/tmp/agrobot-next-build-ybgPHn/install/epos2_bridge_interfaces/lib/libepos2_bridge_interfaces__rosidl_typesupport_cpp.so" to ""
-- Installing: /tmp/agrobot-next-build-ybgPHn/install/epos2_bridge_interfaces/share/epos2_bridge_interfaces/environment/pythonpath.sh
-- Installing: /tmp/agrobot-next-build-ybgPHn/install/epos2_bridge_interfaces/share/epos2_bridge_interfaces/environment/pythonpath.dsv
-- Installing: /tmp/agrobot-next-build-ybgPHn/install/epos2_bridge_interfaces/lib/python3.12/site-packages/epos2_bridge_interfaces-0.0.1-py3.12.egg-info
-- Installing: /tmp/agrobot-next-build-ybgPHn/install/epos2_bridge_interfaces/lib/python3.12/site-packages/epos2_bridge_interfaces-0.0.1-py3.12.egg-info/PKG-INFO
-- Installing: /tmp/agrobot-next-build-ybgPHn/install/epos2_bridge_interfaces/lib/python3.12/site-packages/epos2_bridge_interfaces-0.0.1-py3.12.egg-info/dependency_links.txt
-- Installing: /tmp/agrobot-next-build-ybgPHn/install/epos2_bridge_interfaces/lib/python3.12/site-packages/epos2_bridge_interfaces-0.0.1-py3.12.egg-info/top_level.txt
-- Installing: /tmp/agrobot-next-build-ybgPHn/install/epos2_bridge_interfaces/lib/python3.12/site-packages/epos2_bridge_interfaces-0.0.1-py3.12.egg-info/SOURCES.txt
-- Installing: /tmp/agrobot-next-build-ybgPHn/install/epos2_bridge_interfaces/lib/python3.12/site-packages/epos2_bridge_interfaces
-- Installing: /tmp/agrobot-next-build-ybgPHn/install/epos2_bridge_interfaces/lib/python3.12/site-packages/epos2_bridge_interfaces/epos2_bridge_interfaces_s__rosidl_typesupport_introspection_c.so
-- Installing: /tmp/agrobot-next-build-ybgPHn/install/epos2_bridge_interfaces/lib/python3.12/site-packages/epos2_bridge_interfaces/_epos2_bridge_interfaces_s.ep.rosidl_typesupport_fastrtps_c.c
-- Installing: /tmp/agrobot-next-build-ybgPHn/install/epos2_bridge_interfaces/lib/python3.12/site-packages/epos2_bridge_interfaces/_epos2_bridge_interfaces_s.ep.rosidl_typesupport_c.c
-- Installing: /tmp/agrobot-next-build-ybgPHn/install/epos2_bridge_interfaces/lib/python3.12/site-packages/epos2_bridge_interfaces/srv
-- Installing: /tmp/agrobot-next-build-ybgPHn/install/epos2_bridge_interfaces/lib/python3.12/site-packages/epos2_bridge_interfaces/srv/_move_delta.py
-- Installing: /tmp/agrobot-next-build-ybgPHn/install/epos2_bridge_interfaces/lib/python3.12/site-packages/epos2_bridge_interfaces/srv/_move_absolute_timed_s.c
-- Installing: /tmp/agrobot-next-build-ybgPHn/install/epos2_bridge_interfaces/lib/python3.12/site-packages/epos2_bridge_interfaces/srv/_move_absolute_timed.py
-- Installing: /tmp/agrobot-next-build-ybgPHn/install/epos2_bridge_interfaces/lib/python3.12/site-packages/epos2_bridge_interfaces/srv/_move_absolute_s.c
-- Installing: /tmp/agrobot-next-build-ybgPHn/install/epos2_bridge_interfaces/lib/python3.12/site-packages/epos2_bridge_interfaces/srv/__init__.py
-- Installing: /tmp/agrobot-next-build-ybgPHn/install/epos2_bridge_interfaces/lib/python3.12/site-packages/epos2_bridge_interfaces/srv/_move_delta_s.c
-- Installing: /tmp/agrobot-next-build-ybgPHn/install/epos2_bridge_interfaces/lib/python3.12/site-packages/epos2_bridge_interfaces/srv/_move_absolute.py
-- Installing: /tmp/agrobot-next-build-ybgPHn/install/epos2_bridge_interfaces/lib/python3.12/site-packages/epos2_bridge_interfaces/__init__.py
-- Installing: /tmp/agrobot-next-build-ybgPHn/install/epos2_bridge_interfaces/lib/python3.12/site-packages/epos2_bridge_interfaces/epos2_bridge_interfaces_s__rosidl_typesupport_c.so
-- Installing: /tmp/agrobot-next-build-ybgPHn/install/epos2_bridge_interfaces/lib/python3.12/site-packages/epos2_bridge_interfaces/epos2_bridge_interfaces_s__rosidl_typesupport_fastrtps_c.so
-- Installing: /tmp/agrobot-next-build-ybgPHn/install/epos2_bridge_interfaces/lib/python3.12/site-packages/epos2_bridge_interfaces/_epos2_bridge_interfaces_s.ep.rosidl_typesupport_introspection_c.c
Listing '/tmp/agrobot-next-build-ybgPHn/install/epos2_bridge_interfaces/lib/python3.12/site-packages/epos2_bridge_interfaces'...
Compiling '/tmp/agrobot-next-build-ybgPHn/install/epos2_bridge_interfaces/lib/python3.12/site-packages/epos2_bridge_interfaces/__init__.py'...
Listing '/tmp/agrobot-next-build-ybgPHn/install/epos2_bridge_interfaces/lib/python3.12/site-packages/epos2_bridge_interfaces/srv'...
Compiling '/tmp/agrobot-next-build-ybgPHn/install/epos2_bridge_interfaces/lib/python3.12/site-packages/epos2_bridge_interfaces/srv/__init__.py'...
Compiling '/tmp/agrobot-next-build-ybgPHn/install/epos2_bridge_interfaces/lib/python3.12/site-packages/epos2_bridge_interfaces/srv/_move_absolute.py'...
Compiling '/tmp/agrobot-next-build-ybgPHn/install/epos2_bridge_interfaces/lib/python3.12/site-packages/epos2_bridge_interfaces/srv/_move_absolute_timed.py'...
Compiling '/tmp/agrobot-next-build-ybgPHn/install/epos2_bridge_interfaces/lib/python3.12/site-packages/epos2_bridge_interfaces/srv/_move_delta.py'...
-- Installing: /tmp/agrobot-next-build-ybgPHn/install/epos2_bridge_interfaces/lib/python3.12/site-packages/epos2_bridge_interfaces/epos2_bridge_interfaces_s__rosidl_typesupport_fastrtps_c.so
-- Set non-toolchain portion of runtime path of "/tmp/agrobot-next-build-ybgPHn/install/epos2_bridge_interfaces/lib/python3.12/site-packages/epos2_bridge_interfaces/epos2_bridge_interfaces_s__rosidl_typesupport_fastrtps_c.so" to ""
-- Installing: /tmp/agrobot-next-build-ybgPHn/install/epos2_bridge_interfaces/lib/python3.12/site-packages/epos2_bridge_interfaces/epos2_bridge_interfaces_s__rosidl_typesupport_introspection_c.so
-- Set non-toolchain portion of runtime path of "/tmp/agrobot-next-build-ybgPHn/install/epos2_bridge_interfaces/lib/python3.12/site-packages/epos2_bridge_interfaces/epos2_bridge_interfaces_s__rosidl_typesupport_introspection_c.so" to ""
-- Installing: /tmp/agrobot-next-build-ybgPHn/install/epos2_bridge_interfaces/lib/python3.12/site-packages/epos2_bridge_interfaces/epos2_bridge_interfaces_s__rosidl_typesupport_c.so
-- Set non-toolchain portion of runtime path of "/tmp/agrobot-next-build-ybgPHn/install/epos2_bridge_interfaces/lib/python3.12/site-packages/epos2_bridge_interfaces/epos2_bridge_interfaces_s__rosidl_typesupport_c.so" to ""
-- Installing: /tmp/agrobot-next-build-ybgPHn/install/epos2_bridge_interfaces/lib/libepos2_bridge_interfaces__rosidl_generator_py.so
-- Set non-toolchain portion of runtime path of "/tmp/agrobot-next-build-ybgPHn/install/epos2_bridge_interfaces/lib/libepos2_bridge_interfaces__rosidl_generator_py.so" to ""
-- Installing: /tmp/agrobot-next-build-ybgPHn/install/epos2_bridge_interfaces/share/epos2_bridge_interfaces/rust
-- Installing: /tmp/agrobot-next-build-ybgPHn/install/epos2_bridge_interfaces/share/epos2_bridge_interfaces/rust/build.rs
-- Installing: /tmp/agrobot-next-build-ybgPHn/install/epos2_bridge_interfaces/share/epos2_bridge_interfaces/rust/Cargo.toml
-- Installing: /tmp/agrobot-next-build-ybgPHn/install/epos2_bridge_interfaces/share/epos2_bridge_interfaces/rust/src
-- Installing: /tmp/agrobot-next-build-ybgPHn/install/epos2_bridge_interfaces/share/epos2_bridge_interfaces/rust/src/srv.rs
-- Installing: /tmp/agrobot-next-build-ybgPHn/install/epos2_bridge_interfaces/share/epos2_bridge_interfaces/rust/src/srv
-- Installing: /tmp/agrobot-next-build-ybgPHn/install/epos2_bridge_interfaces/share/epos2_bridge_interfaces/rust/src/srv/rmw.rs
-- Installing: /tmp/agrobot-next-build-ybgPHn/install/epos2_bridge_interfaces/share/epos2_bridge_interfaces/rust/src/lib.rs
-- Installing: /tmp/agrobot-next-build-ybgPHn/install/epos2_bridge_interfaces/share/epos2_bridge_interfaces/srv/MoveDelta.idl
-- Installing: /tmp/agrobot-next-build-ybgPHn/install/epos2_bridge_interfaces/share/epos2_bridge_interfaces/srv/MoveAbsolute.idl
-- Installing: /tmp/agrobot-next-build-ybgPHn/install/epos2_bridge_interfaces/share/epos2_bridge_interfaces/srv/MoveAbsoluteTimed.idl
-- Installing: /tmp/agrobot-next-build-ybgPHn/install/epos2_bridge_interfaces/share/epos2_bridge_interfaces/srv/MoveDelta.srv
-- Installing: /tmp/agrobot-next-build-ybgPHn/install/epos2_bridge_interfaces/share/epos2_bridge_interfaces/srv/MoveAbsolute.srv
-- Installing: /tmp/agrobot-next-build-ybgPHn/install/epos2_bridge_interfaces/share/epos2_bridge_interfaces/srv/MoveAbsoluteTimed.srv
-- Installing: /tmp/agrobot-next-build-ybgPHn/install/epos2_bridge_interfaces/share/ament_index/resource_index/package_run_dependencies/epos2_bridge_interfaces
-- Installing: /tmp/agrobot-next-build-ybgPHn/install/epos2_bridge_interfaces/share/ament_index/resource_index/parent_prefix_path/epos2_bridge_interfaces
-- Installing: /tmp/agrobot-next-build-ybgPHn/install/epos2_bridge_interfaces/share/epos2_bridge_interfaces/environment/ament_prefix_path.sh
-- Installing: /tmp/agrobot-next-build-ybgPHn/install/epos2_bridge_interfaces/share/epos2_bridge_interfaces/environment/ament_prefix_path.dsv
-- Installing: /tmp/agrobot-next-build-ybgPHn/install/epos2_bridge_interfaces/share/epos2_bridge_interfaces/environment/path.sh
-- Installing: /tmp/agrobot-next-build-ybgPHn/install/epos2_bridge_interfaces/share/epos2_bridge_interfaces/environment/path.dsv
-- Installing: /tmp/agrobot-next-build-ybgPHn/install/epos2_bridge_interfaces/share/epos2_bridge_interfaces/local_setup.bash
-- Installing: /tmp/agrobot-next-build-ybgPHn/install/epos2_bridge_interfaces/share/epos2_bridge_interfaces/local_setup.sh
-- Installing: /tmp/agrobot-next-build-ybgPHn/install/epos2_bridge_interfaces/share/epos2_bridge_interfaces/local_setup.zsh
-- Installing: /tmp/agrobot-next-build-ybgPHn/install/epos2_bridge_interfaces/share/epos2_bridge_interfaces/local_setup.dsv
-- Installing: /tmp/agrobot-next-build-ybgPHn/install/epos2_bridge_interfaces/share/epos2_bridge_interfaces/package.dsv
-- Installing: /tmp/agrobot-next-build-ybgPHn/install/epos2_bridge_interfaces/share/ament_index/resource_index/packages/epos2_bridge_interfaces
-- Installing: /tmp/agrobot-next-build-ybgPHn/install/epos2_bridge_interfaces/share/epos2_bridge_interfaces/cmake/export_epos2_bridge_interfaces__rosidl_generator_cExport.cmake
-- Installing: /tmp/agrobot-next-build-ybgPHn/install/epos2_bridge_interfaces/share/epos2_bridge_interfaces/cmake/export_epos2_bridge_interfaces__rosidl_generator_cExport-noconfig.cmake
-- Installing: /tmp/agrobot-next-build-ybgPHn/install/epos2_bridge_interfaces/share/epos2_bridge_interfaces/cmake/export_epos2_bridge_interfaces__rosidl_typesupport_fastrtps_cExport.cmake
-- Installing: /tmp/agrobot-next-build-ybgPHn/install/epos2_bridge_interfaces/share/epos2_bridge_interfaces/cmake/export_epos2_bridge_interfaces__rosidl_typesupport_fastrtps_cExport-noconfig.cmake
-- Installing: /tmp/agrobot-next-build-ybgPHn/install/epos2_bridge_interfaces/share/epos2_bridge_interfaces/cmake/epos2_bridge_interfaces__rosidl_typesupport_introspection_cExport.cmake
-- Installing: /tmp/agrobot-next-build-ybgPHn/install/epos2_bridge_interfaces/share/epos2_bridge_interfaces/cmake/epos2_bridge_interfaces__rosidl_typesupport_introspection_cExport-noconfig.cmake
-- Installing: /tmp/agrobot-next-build-ybgPHn/install/epos2_bridge_interfaces/share/epos2_bridge_interfaces/cmake/epos2_bridge_interfaces__rosidl_typesupport_cExport.cmake
-- Installing: /tmp/agrobot-next-build-ybgPHn/install/epos2_bridge_interfaces/share/epos2_bridge_interfaces/cmake/epos2_bridge_interfaces__rosidl_typesupport_cExport-noconfig.cmake
-- Installing: /tmp/agrobot-next-build-ybgPHn/install/epos2_bridge_interfaces/share/epos2_bridge_interfaces/cmake/export_epos2_bridge_interfaces__rosidl_generator_cppExport.cmake
-- Installing: /tmp/agrobot-next-build-ybgPHn/install/epos2_bridge_interfaces/share/epos2_bridge_interfaces/cmake/export_epos2_bridge_interfaces__rosidl_typesupport_fastrtps_cppExport.cmake
-- Installing: /tmp/agrobot-next-build-ybgPHn/install/epos2_bridge_interfaces/share/epos2_bridge_interfaces/cmake/export_epos2_bridge_interfaces__rosidl_typesupport_fastrtps_cppExport-noconfig.cmake
-- Installing: /tmp/agrobot-next-build-ybgPHn/install/epos2_bridge_interfaces/share/epos2_bridge_interfaces/cmake/epos2_bridge_interfaces__rosidl_typesupport_introspection_cppExport.cmake
-- Installing: /tmp/agrobot-next-build-ybgPHn/install/epos2_bridge_interfaces/share/epos2_bridge_interfaces/cmake/epos2_bridge_interfaces__rosidl_typesupport_introspection_cppExport-noconfig.cmake
-- Installing: /tmp/agrobot-next-build-ybgPHn/install/epos2_bridge_interfaces/share/epos2_bridge_interfaces/cmake/epos2_bridge_interfaces__rosidl_typesupport_cppExport.cmake
-- Installing: /tmp/agrobot-next-build-ybgPHn/install/epos2_bridge_interfaces/share/epos2_bridge_interfaces/cmake/epos2_bridge_interfaces__rosidl_typesupport_cppExport-noconfig.cmake
-- Installing: /tmp/agrobot-next-build-ybgPHn/install/epos2_bridge_interfaces/share/epos2_bridge_interfaces/cmake/export_epos2_bridge_interfaces__rosidl_generator_pyExport.cmake
-- Installing: /tmp/agrobot-next-build-ybgPHn/install/epos2_bridge_interfaces/share/epos2_bridge_interfaces/cmake/export_epos2_bridge_interfaces__rosidl_generator_pyExport-noconfig.cmake
-- Installing: /tmp/agrobot-next-build-ybgPHn/install/epos2_bridge_interfaces/share/epos2_bridge_interfaces/cmake/rosidl_cmake-extras.cmake
-- Installing: /tmp/agrobot-next-build-ybgPHn/install/epos2_bridge_interfaces/share/epos2_bridge_interfaces/cmake/ament_cmake_export_dependencies-extras.cmake
-- Installing: /tmp/agrobot-next-build-ybgPHn/install/epos2_bridge_interfaces/share/epos2_bridge_interfaces/cmake/ament_cmake_export_include_directories-extras.cmake
-- Installing: /tmp/agrobot-next-build-ybgPHn/install/epos2_bridge_interfaces/share/epos2_bridge_interfaces/cmake/ament_cmake_export_libraries-extras.cmake
-- Installing: /tmp/agrobot-next-build-ybgPHn/install/epos2_bridge_interfaces/share/epos2_bridge_interfaces/cmake/ament_cmake_export_targets-extras.cmake
-- Installing: /tmp/agrobot-next-build-ybgPHn/install/epos2_bridge_interfaces/share/epos2_bridge_interfaces/cmake/rosidl_cmake_export_typesupport_targets-extras.cmake
-- Installing: /tmp/agrobot-next-build-ybgPHn/install/epos2_bridge_interfaces/share/epos2_bridge_interfaces/cmake/rosidl_cmake_export_typesupport_libraries-extras.cmake
-- Installing: /tmp/agrobot-next-build-ybgPHn/install/epos2_bridge_interfaces/share/epos2_bridge_interfaces/cmake/rosidl_cmake_aggregate_target-extras.cmake
-- Installing: /tmp/agrobot-next-build-ybgPHn/install/epos2_bridge_interfaces/share/epos2_bridge_interfaces/cmake/epos2_bridge_interfacesConfig.cmake
-- Installing: /tmp/agrobot-next-build-ybgPHn/install/epos2_bridge_interfaces/share/epos2_bridge_interfaces/cmake/epos2_bridge_interfacesConfig-version.cmake
-- Installing: /tmp/agrobot-next-build-ybgPHn/install/epos2_bridge_interfaces/share/epos2_bridge_interfaces/package.xml
Finished <<< epos2_bridge_interfaces [9.87s]
Starting >>> moveit_config
-- Found PythonExtra: /usr/bin/python3  
[ 82%] Built target canopen_interfaces__rosidl_typesupport_introspection_cpp
[ 83%] Linking CXX shared library libcanopen_interfaces__rosidl_typesupport_fastrtps_c.so
-- The C compiler identification is GNU 13.3.0
[ 83%] Built target canopen_interfaces__rosidl_typesupport_fastrtps_c
[ 84%] Linking CXX shared library libcanopen_interfaces__rosidl_typesupport_fastrtps_cpp.so
-- Found Python3: /usr/bin/python3 (found version "3.12.3") found components: Interpreter Development NumPy Development.Module Development.Embed 
[ 84%] Built target canopen_interfaces__rosidl_typesupport_fastrtps_cpp
[ 84%] Built target canopen_interfaces
-- Found Python3: /usr/bin/python3 (found version "3.12.3") found components: Interpreter 
-- Configuring done (8.3s)
[ 85%] Generating Python code for ROS interfaces
-- Generating done (0.0s)
-- Build files have been written to: /tmp/agrobot-next-build-ybgPHn/build/robot_interfaces
[  2%] Generating type hashes for ROS interfaces
[  2%] Generating Rust code for ROS interfaces
[  2%] Built target ament_cmake_python_copy_robot_interfaces
-- The CXX compiler identification is GNU 13.3.0
running egg_info
creating robot_interfaces.egg-info
writing robot_interfaces.egg-info/PKG-INFO
writing dependency_links to robot_interfaces.egg-info/dependency_links.txt
writing top-level names to robot_interfaces.egg-info/top_level.txt
writing manifest file 'robot_interfaces.egg-info/SOURCES.txt'
[  2%] Built target robot_interfaces__rosidl_generator_type_description
[  4%] Generating C code for ROS interfaces
[  5%] Generating C++ code for ROS interfaces
[  5%] Built target robot_interfaces__rs
reading manifest file 'robot_interfaces.egg-info/SOURCES.txt'
writing manifest file 'robot_interfaces.egg-info/SOURCES.txt'
configure.ac:17: warning: The macro `AC_PROG_CC_STDC' is obsolete.
configure.ac:17: You should run autoupdate.
./lib/autoconf/c.m4:1666: AC_PROG_CC_STDC is expanded from...
configure.ac:17: the top level
configure.ac:442: warning: AC_CHECK_HEADERS($ixxat_header): you should use literals
./lib/autoconf/headers.m4:217: AC_CHECK_HEADERS is expanded from...
lib/m4sugar/m4sh.m4:699: AS_IF is expanded from...
lib/m4sugar/m4sh.m4:699: AS_IF is expanded from...
configure.ac:442: the top level
[  5%] Built target ament_cmake_python_build_robot_interfaces_egg
[  5%] Built target robot_interfaces__cpp
[  8%] Building C object CMakeFiles/robot_interfaces__rosidl_generator_c.dir/rosidl_generator_c/robot_interfaces/msg/detail/joint_command__description.c.o
[  8%] Building C object CMakeFiles/robot_interfaces__rosidl_generator_c.dir/rosidl_generator_c/robot_interfaces/msg/detail/pose_command__description.c.o
[  9%] Building C object CMakeFiles/robot_interfaces__rosidl_generator_c.dir/rosidl_generator_c/robot_interfaces/msg/detail/pose_command__functions.c.o
[ 10%] Building C object CMakeFiles/robot_interfaces__rosidl_generator_c.dir/rosidl_generator_c/robot_interfaces/msg/detail/joint_command__type_support.c.o
[ 12%] Building C object CMakeFiles/robot_interfaces__rosidl_generator_c.dir/rosidl_generator_c/robot_interfaces/msg/detail/position_command__description.c.o
[ 14%] Building C object CMakeFiles/robot_interfaces__rosidl_generator_c.dir/rosidl_generator_c/robot_interfaces/action/detail/pick_sequence__functions.c.o
[ 13%] Building C object CMakeFiles/robot_interfaces__rosidl_generator_c.dir/rosidl_generator_c/robot_interfaces/msg/detail/joint_command__functions.c.o
[ 16%] Building C object CMakeFiles/robot_interfaces__rosidl_generator_c.dir/rosidl_generator_c/robot_interfaces/action/detail/pick_sequence__description.c.o
[ 17%] Building C object CMakeFiles/robot_interfaces__rosidl_generator_c.dir/rosidl_generator_c/robot_interfaces/msg/detail/position_command__type_support.c.o
[ 18%] Building C object CMakeFiles/robot_interfaces__rosidl_generator_c.dir/rosidl_generator_c/robot_interfaces/msg/detail/pose_command__type_support.c.o
[ 20%] Building C object CMakeFiles/robot_interfaces__rosidl_generator_c.dir/rosidl_generator_c/robot_interfaces/srv/detail/set_indicator__functions.c.o
[ 21%] Building C object CMakeFiles/robot_interfaces__rosidl_generator_c.dir/rosidl_generator_c/robot_interfaces/msg/detail/position_command__functions.c.o
[ 22%] Building C object CMakeFiles/robot_interfaces__rosidl_generator_c.dir/rosidl_generator_c/robot_interfaces/srv/detail/set_indicator__description.c.o
[ 24%] Building C object CMakeFiles/robot_interfaces__rosidl_generator_c.dir/rosidl_generator_c/robot_interfaces/srv/detail/set_indicator__type_support.c.o
[ 25%] Building C object CMakeFiles/robot_interfaces__rosidl_generator_c.dir/rosidl_generator_c/robot_interfaces/action/detail/pick_sequence__type_support.c.o
-- Detecting C compiler ABI info
[ 26%] Linking C shared library librobot_interfaces__rosidl_generator_c.so
[ 85%] Built target canopen_interfaces__py
[ 86%] Building C object CMakeFiles/canopen_interfaces__rosidl_generator_py.dir/rosidl_generator_py/canopen_interfaces/srv/_co_write_s.c.o
[ 88%] Building C object CMakeFiles/canopen_interfaces__rosidl_generator_py.dir/rosidl_generator_py/canopen_interfaces/srv/_co_nmt_id_s.c.o
[ 88%] Building C object CMakeFiles/canopen_interfaces__rosidl_generator_py.dir/rosidl_generator_py/canopen_interfaces/srv/_co_read_id_s.c.o
[ 89%] Building C object CMakeFiles/canopen_interfaces__rosidl_generator_py.dir/rosidl_generator_py/canopen_interfaces/srv/_co_heartbeat_id_s.c.o
[ 91%] Building C object CMakeFiles/canopen_interfaces__rosidl_generator_py.dir/rosidl_generator_py/canopen_interfaces/msg/_co_data_s.c.o
[ 91%] Building C object CMakeFiles/canopen_interfaces__rosidl_generator_py.dir/rosidl_generator_py/canopen_interfaces/srv/_co_node_s.c.o
[ 92%] Building C object CMakeFiles/canopen_interfaces__rosidl_generator_py.dir/rosidl_generator_py/canopen_interfaces/srv/_co_write_id_s.c.o
[ 93%] Building C object CMakeFiles/canopen_interfaces__rosidl_generator_py.dir/rosidl_generator_py/canopen_interfaces/srv/_co_target_double_s.c.o
configure.ac:17: installing './compile'
[ 91%] Building C object CMakeFiles/canopen_interfaces__rosidl_generator_py.dir/rosidl_generator_py/canopen_interfaces/srv/_co_read_s.c.o
configure.ac:6: installing './config.guess'
configure.ac:6: installing './config.sub'
configure.ac:7: installing './install-sh'
configure.ac:7: installing './missing'
configure.ac:610: installing './tap-driver.sh'
[ 26%] Built target robot_interfaces__rosidl_generator_c
[ 28%] Generating C introspection for ROS interfaces
[ 29%] Generating C type support dispatch for ROS interfaces
[ 30%] Generating C type support for eProsima Fast-RTPS
[ 32%] Generating C++ introspection for ROS interfaces
[ 33%] Generating C++ type support dispatch for ROS interfaces
[ 34%] Generating C++ type support for eProsima Fast-RTPS
-- Detecting C compiler ABI info - done
-- Check for working C compiler: /usr/bin/cc - skipped
-- Detecting C compile features
-- Detecting C compile features - done
[ 94%] Linking C shared library libcanopen_interfaces__rosidl_generator_py.so
src/can/Makefile.am: installing './depcomp'
-- Detecting CXX compiler ABI info
[ 94%] Built target canopen_interfaces__rosidl_generator_py
[ 96%] Building C object CMakeFiles/canopen_interfaces_s__rosidl_typesupport_c.dir/rosidl_generator_py/canopen_interfaces/_canopen_interfaces_s.ep.rosidl_typesupport_c.c.o
[ 95%] Building C object CMakeFiles/canopen_interfaces_s__rosidl_typesupport_introspection_c.dir/rosidl_generator_py/canopen_interfaces/_canopen_interfaces_s.ep.rosidl_typesupport_introspection_c.c.o
[ 97%] Building C object CMakeFiles/canopen_interfaces_s__rosidl_typesupport_fastrtps_c.dir/rosidl_generator_py/canopen_interfaces/_canopen_interfaces_s.ep.rosidl_typesupport_fastrtps_c.c.o
[ 36%] Building CXX object CMakeFiles/robot_interfaces__rosidl_typesupport_c.dir/rosidl_typesupport_c/robot_interfaces/msg/pose_command__type_support.cpp.o
[ 37%] Building CXX object CMakeFiles/robot_interfaces__rosidl_typesupport_c.dir/rosidl_typesupport_c/robot_interfaces/msg/joint_command__type_support.cpp.o
[ 40%] Building CXX object CMakeFiles/robot_interfaces__rosidl_typesupport_cpp.dir/rosidl_typesupport_cpp/robot_interfaces/msg/joint_command__type_support.cpp.o
[ 38%] Building CXX object CMakeFiles/robot_interfaces__rosidl_typesupport_c.dir/rosidl_typesupport_c/robot_interfaces/msg/position_command__type_support.cpp.o
[ 41%] Building CXX object CMakeFiles/robot_interfaces__rosidl_typesupport_c.dir/rosidl_typesupport_c/robot_interfaces/action/pick_sequence__type_support.cpp.o
[ 44%] Building CXX object CMakeFiles/robot_interfaces__rosidl_typesupport_cpp.dir/rosidl_typesupport_cpp/robot_interfaces/action/pick_sequence__type_support.cpp.o
[ 45%] Building CXX object CMakeFiles/robot_interfaces__rosidl_typesupport_cpp.dir/rosidl_typesupport_cpp/robot_interfaces/srv/set_indicator__type_support.cpp.o
[ 42%] Building CXX object CMakeFiles/robot_interfaces__rosidl_typesupport_cpp.dir/rosidl_typesupport_cpp/robot_interfaces/msg/pose_command__type_support.cpp.o
[ 46%] Building CXX object CMakeFiles/robot_interfaces__rosidl_typesupport_cpp.dir/rosidl_typesupport_cpp/robot_interfaces/msg/position_command__type_support.cpp.o
[ 48%] Building CXX object CMakeFiles/robot_interfaces__rosidl_typesupport_c.dir/rosidl_typesupport_c/robot_interfaces/srv/set_indicator__type_support.cpp.o
[ 49%] Linking CXX shared library librobot_interfaces__rosidl_typesupport_c.so
[ 98%] Linking C shared module rosidl_generator_py/canopen_interfaces/canopen_interfaces_s__rosidl_typesupport_c.so
[ 99%] Linking C shared module rosidl_generator_py/canopen_interfaces/canopen_interfaces_s__rosidl_typesupport_introspection_c.so
[ 50%] Building C object CMakeFiles/robot_interfaces__rosidl_typesupport_introspection_c.dir/rosidl_typesupport_introspection_c/robot_interfaces/msg/detail/pose_command__type_support.c.o
[ 52%] Building C object CMakeFiles/robot_interfaces__rosidl_typesupport_introspection_c.dir/rosidl_typesupport_introspection_c/robot_interfaces/msg/detail/position_command__type_support.c.o
[ 54%] Building C object CMakeFiles/robot_interfaces__rosidl_typesupport_introspection_c.dir/rosidl_typesupport_introspection_c/robot_interfaces/srv/detail/set_indicator__type_support.c.o
[ 53%] Building C object CMakeFiles/robot_interfaces__rosidl_typesupport_introspection_c.dir/rosidl_typesupport_introspection_c/robot_interfaces/action/detail/pick_sequence__type_support.c.o
[ 56%] Building C object CMakeFiles/robot_interfaces__rosidl_typesupport_introspection_c.dir/rosidl_typesupport_introspection_c/robot_interfaces/msg/detail/joint_command__type_support.c.o
[ 57%] Building CXX object CMakeFiles/robot_interfaces__rosidl_typesupport_introspection_cpp.dir/rosidl_typesupport_introspection_cpp/robot_interfaces/msg/detail/pose_command__type_support.cpp.o
[ 58%] Building CXX object CMakeFiles/robot_interfaces__rosidl_typesupport_introspection_cpp.dir/rosidl_typesupport_introspection_cpp/robot_interfaces/msg/detail/position_command__type_support.cpp.o
[ 60%] Building CXX object CMakeFiles/robot_interfaces__rosidl_typesupport_introspection_cpp.dir/rosidl_typesupport_introspection_cpp/robot_interfaces/msg/detail/joint_command__type_support.cpp.o
[ 61%] Building CXX object CMakeFiles/robot_interfaces__rosidl_typesupport_introspection_cpp.dir/rosidl_typesupport_introspection_cpp/robot_interfaces/action/detail/pick_sequence__type_support.cpp.o
[ 62%] Building CXX object CMakeFiles/robot_interfaces__rosidl_typesupport_introspection_cpp.dir/rosidl_typesupport_introspection_cpp/robot_interfaces/srv/detail/set_indicator__type_support.cpp.o
[100%] Linking C shared module rosidl_generator_py/canopen_interfaces/canopen_interfaces_s__rosidl_typesupport_fastrtps_c.so
[ 64%] Linking C shared library librobot_interfaces__rosidl_typesupport_introspection_c.so
parallel-tests: installing './test-driver'
[ 64%] Built target robot_interfaces__rosidl_typesupport_c
[100%] Built target canopen_interfaces_s__rosidl_typesupport_introspection_c
[ 65%] Building CXX object CMakeFiles/robot_interfaces__rosidl_typesupport_fastrtps_c.dir/rosidl_typesupport_fastrtps_c/robot_interfaces/srv/detail/set_indicator__type_support_c.cpp.o
[ 68%] Building CXX object CMakeFiles/robot_interfaces__rosidl_typesupport_fastrtps_c.dir/rosidl_typesupport_fastrtps_c/robot_interfaces/action/detail/pick_sequence__type_support_c.cpp.o
[ 68%] Building CXX object CMakeFiles/robot_interfaces__rosidl_typesupport_fastrtps_c.dir/rosidl_typesupport_fastrtps_c/robot_interfaces/msg/detail/joint_command__type_support_c.cpp.o
[ 69%] Building CXX object CMakeFiles/robot_interfaces__rosidl_typesupport_fastrtps_c.dir/rosidl_typesupport_fastrtps_c/robot_interfaces/msg/detail/position_command__type_support_c.cpp.o
[ 70%] Building CXX object CMakeFiles/robot_interfaces__rosidl_typesupport_fastrtps_c.dir/rosidl_typesupport_fastrtps_c/robot_interfaces/msg/detail/pose_command__type_support_c.cpp.o
[100%] Built target canopen_interfaces_s__rosidl_typesupport_c
[ 72%] Building CXX object CMakeFiles/robot_interfaces__rosidl_typesupport_fastrtps_cpp.dir/rosidl_typesupport_fastrtps_cpp/robot_interfaces/msg/detail/dds_fastrtps/position_command__type_support.cpp.o
[ 73%] Building CXX object CMakeFiles/robot_interfaces__rosidl_typesupport_fastrtps_cpp.dir/rosidl_typesupport_fastrtps_cpp/robot_interfaces/msg/detail/dds_fastrtps/joint_command__type_support.cpp.o
[ 74%] Building CXX object CMakeFiles/robot_interfaces__rosidl_typesupport_fastrtps_cpp.dir/rosidl_typesupport_fastrtps_cpp/robot_interfaces/srv/detail/dds_fastrtps/set_indicator__type_support.cpp.o
[ 76%] Building CXX object CMakeFiles/robot_interfaces__rosidl_typesupport_fastrtps_cpp.dir/rosidl_typesupport_fastrtps_cpp/robot_interfaces/msg/detail/dds_fastrtps/pose_command__type_support.cpp.o
[ 77%] Building CXX object CMakeFiles/robot_interfaces__rosidl_typesupport_fastrtps_cpp.dir/rosidl_typesupport_fastrtps_cpp/robot_interfaces/action/detail/dds_fastrtps/pick_sequence__type_support.cpp.o
[100%] Built target canopen_interfaces_s__rosidl_typesupport_fastrtps_c
-- Install configuration: ""
-- Installing: /tmp/agrobot-next-build-ybgPHn/install/canopen_interfaces/share/ament_index/resource_index/rosidl_interfaces/canopen_interfaces
-- Installing: /tmp/agrobot-next-build-ybgPHn/install/canopen_interfaces/share/canopen_interfaces/srv/COHeartbeatID.json
-- Installing: /tmp/agrobot-next-build-ybgPHn/install/canopen_interfaces/share/canopen_interfaces/srv/CONmtID.json
-- Installing: /tmp/agrobot-next-build-ybgPHn/install/canopen_interfaces/share/canopen_interfaces/srv/CORead.json
-- Installing: /tmp/agrobot-next-build-ybgPHn/install/canopen_interfaces/share/canopen_interfaces/srv/COReadID.json
-- Installing: /tmp/agrobot-next-build-ybgPHn/install/canopen_interfaces/share/canopen_interfaces/srv/COWrite.json
-- Installing: /tmp/agrobot-next-build-ybgPHn/install/canopen_interfaces/share/canopen_interfaces/srv/COWriteID.json
-- Installing: /tmp/agrobot-next-build-ybgPHn/install/canopen_interfaces/share/canopen_interfaces/srv/COTargetDouble.json
-- Installing: /tmp/agrobot-next-build-ybgPHn/install/canopen_interfaces/share/canopen_interfaces/srv/CONode.json
-- Installing: /tmp/agrobot-next-build-ybgPHn/install/canopen_interfaces/share/canopen_interfaces/msg/COData.json
-- Installing: /tmp/agrobot-next-build-ybgPHn/install/canopen_interfaces/include/canopen_interfaces/canopen_interfaces
-- Installing: /tmp/agrobot-next-build-ybgPHn/install/canopen_interfaces/include/canopen_interfaces/canopen_interfaces/srv
-- Installing: /tmp/agrobot-next-build-ybgPHn/install/canopen_interfaces/include/canopen_interfaces/canopen_interfaces/srv/co_write.h
-- Installing: /tmp/agrobot-next-build-ybgPHn/install/canopen_interfaces/include/canopen_interfaces/canopen_interfaces/srv/co_nmt_id.h
-- Installing: /tmp/agrobot-next-build-ybgPHn/install/canopen_interfaces/include/canopen_interfaces/canopen_interfaces/srv/co_read_id.h
-- Installing: /tmp/agrobot-next-build-ybgPHn/install/canopen_interfaces/include/canopen_interfaces/canopen_interfaces/srv/co_target_double.h
-- Installing: /tmp/agrobot-next-build-ybgPHn/install/canopen_interfaces/include/canopen_interfaces/canopen_interfaces/srv/co_read.h
-- Installing: /tmp/agrobot-next-build-ybgPHn/install/canopen_interfaces/include/canopen_interfaces/canopen_interfaces/srv/co_write_id.h
-- Installing: /tmp/agrobot-next-build-ybgPHn/install/canopen_interfaces/include/canopen_interfaces/canopen_interfaces/srv/co_heartbeat_id.h
-- Installing: /tmp/agrobot-next-build-ybgPHn/install/canopen_interfaces/include/canopen_interfaces/canopen_interfaces/srv/detail
-- Installing: /tmp/agrobot-next-build-ybgPHn/install/canopen_interfaces/include/canopen_interfaces/canopen_interfaces/srv/detail/co_write__struct.h
-- Installing: /tmp/agrobot-next-build-ybgPHn/install/canopen_interfaces/include/canopen_interfaces/canopen_interfaces/srv/detail/co_read__description.c
-- Installing: /tmp/agrobot-next-build-ybgPHn/install/canopen_interfaces/include/canopen_interfaces/canopen_interfaces/srv/detail/co_target_double__type_support.h
-- Installing: /tmp/agrobot-next-build-ybgPHn/install/canopen_interfaces/include/canopen_interfaces/canopen_interfaces/srv/detail/co_nmt_id__functions.c
-- Installing: /tmp/agrobot-next-build-ybgPHn/install/canopen_interfaces/include/canopen_interfaces/canopen_interfaces/srv/detail/co_target_double__struct.h
-- Installing: /tmp/agrobot-next-build-ybgPHn/install/canopen_interfaces/include/canopen_interfaces/canopen_interfaces/srv/detail/co_write_id__type_support.h
-- Installing: /tmp/agrobot-next-build-ybgPHn/install/canopen_interfaces/include/canopen_interfaces/canopen_interfaces/srv/detail/co_node__type_support.h
-- Installing: /tmp/agrobot-next-build-ybgPHn/install/canopen_interfaces/include/canopen_interfaces/canopen_interfaces/srv/detail/co_read_id__type_support.c
-- Installing: /tmp/agrobot-next-build-ybgPHn/install/canopen_interfaces/include/canopen_interfaces/canopen_interfaces/srv/detail/co_heartbeat_id__type_support.c
-- Installing: /tmp/agrobot-next-build-ybgPHn/install/canopen_interfaces/include/canopen_interfaces/canopen_interfaces/srv/detail/co_read__functions.c
-- Installing: /tmp/agrobot-next-build-ybgPHn/install/canopen_interfaces/include/canopen_interfaces/canopen_interfaces/srv/detail/co_read_id__functions.h
-- Installing: /tmp/agrobot-next-build-ybgPHn/install/canopen_interfaces/include/canopen_interfaces/canopen_interfaces/srv/detail/co_write__functions.h
-- Installing: /tmp/agrobot-next-build-ybgPHn/install/canopen_interfaces/include/canopen_interfaces/canopen_interfaces/srv/detail/co_read_id__functions.c
-- Installing: /tmp/agrobot-next-build-ybgPHn/install/canopen_interfaces/include/canopen_interfaces/canopen_interfaces/srv/detail/co_target_double__functions.h
-- Installing: /tmp/agrobot-next-build-ybgPHn/install/canopen_interfaces/include/canopen_interfaces/canopen_interfaces/srv/detail/co_heartbeat_id__functions.h
-- Installing: /tmp/agrobot-next-build-ybgPHn/install/canopen_interfaces/include/canopen_interfaces/canopen_interfaces/srv/detail/co_nmt_id__functions.h
-- Installing: /tmp/agrobot-next-build-ybgPHn/install/canopen_interfaces/include/canopen_interfaces/canopen_interfaces/srv/detail/co_write_id__description.c
-- Installing: /tmp/agrobot-next-build-ybgPHn/install/canopen_interfaces/include/canopen_interfaces/canopen_interfaces/srv/detail/co_write__description.c
-- Installing: /tmp/agrobot-next-build-ybgPHn/install/canopen_interfaces/include/canopen_interfaces/canopen_interfaces/srv/detail/co_write__type_support.c
-- Installing: /tmp/agrobot-next-build-ybgPHn/install/canopen_interfaces/include/canopen_interfaces/canopen_interfaces/srv/detail/co_read_id__type_support.h
-- Installing: /tmp/agrobot-next-build-ybgPHn/install/canopen_interfaces/include/canopen_interfaces/canopen_interfaces/srv/detail/co_node__functions.h
-- Installing: /tmp/agrobot-next-build-ybgPHn/install/canopen_interfaces/include/canopen_interfaces/canopen_interfaces/srv/detail/co_write_id__functions.c
-- Installing: /tmp/agrobot-next-build-ybgPHn/install/canopen_interfaces/include/canopen_interfaces/canopen_interfaces/srv/detail/co_write_id__struct.h
-- Installing: /tmp/agrobot-next-build-ybgPHn/install/canopen_interfaces/include/canopen_interfaces/canopen_interfaces/srv/detail/co_node__struct.h
-- Installing: /tmp/agrobot-next-build-ybgPHn/install/canopen_interfaces/include/canopen_interfaces/canopen_interfaces/srv/detail/co_nmt_id__type_support.h
-- Installing: /tmp/agrobot-next-build-ybgPHn/install/canopen_interfaces/include/canopen_interfaces/canopen_interfaces/srv/detail/co_write__type_support.h
-- Installing: /tmp/agrobot-next-build-ybgPHn/install/canopen_interfaces/include/canopen_interfaces/canopen_interfaces/srv/detail/co_write_id__type_support.c
-- Installing: /tmp/agrobot-next-build-ybgPHn/install/canopen_interfaces/include/canopen_interfaces/canopen_interfaces/srv/detail/co_heartbeat_id__struct.h
-- Installing: /tmp/agrobot-next-build-ybgPHn/install/canopen_interfaces/include/canopen_interfaces/canopen_interfaces/srv/detail/co_nmt_id__type_support.c
-- Installing: /tmp/agrobot-next-build-ybgPHn/install/canopen_interfaces/include/canopen_interfaces/canopen_interfaces/srv/detail/co_heartbeat_id__functions.c
-- Installing: /tmp/agrobot-next-build-ybgPHn/install/canopen_interfaces/include/canopen_interfaces/canopen_interfaces/srv/detail/co_read__type_support.h
-- Installing: /tmp/agrobot-next-build-ybgPHn/install/canopen_interfaces/include/canopen_interfaces/canopen_interfaces/srv/detail/co_nmt_id__description.c
-- Installing: /tmp/agrobot-next-build-ybgPHn/install/canopen_interfaces/include/canopen_interfaces/canopen_interfaces/srv/detail/co_heartbeat_id__type_support.h
-- Installing: /tmp/agrobot-next-build-ybgPHn/install/canopen_interfaces/include/canopen_interfaces/canopen_interfaces/srv/detail/co_read_id__description.c
-- Installing: /tmp/agrobot-next-build-ybgPHn/install/canopen_interfaces/include/canopen_interfaces/canopen_interfaces/srv/detail/co_read_id__struct.h
-- Installing: /tmp/agrobot-next-build-ybgPHn/install/canopen_interfaces/include/canopen_interfaces/canopen_interfaces/srv/detail/co_nmt_id__struct.h
-- Installing: /tmp/agrobot-next-build-ybgPHn/install/canopen_interfaces/include/canopen_interfaces/canopen_interfaces/srv/detail/co_heartbeat_id__description.c
-- Installing: /tmp/agrobot-next-build-ybgPHn/install/canopen_interfaces/include/canopen_interfaces/canopen_interfaces/srv/detail/co_read__type_support.c
-- Installing: /tmp/agrobot-next-build-ybgPHn/install/canopen_interfaces/include/canopen_interfaces/canopen_interfaces/srv/detail/co_write__functions.c
-- Installing: /tmp/agrobot-next-build-ybgPHn/install/canopen_interfaces/include/canopen_interfaces/canopen_interfaces/srv/detail/co_target_double__type_support.c
-- Installing: /tmp/agrobot-next-build-ybgPHn/install/canopen_interfaces/include/canopen_interfaces/canopen_interfaces/srv/detail/co_read__struct.h
[ 77%] Built target robot_interfaces__rosidl_typesupport_introspection_c
-- Installing: /tmp/agrobot-next-build-ybgPHn/install/canopen_interfaces/include/canopen_interfaces/canopen_interfaces/srv/detail/co_write_id__functions.h
-- Installing: /tmp/agrobot-next-build-ybgPHn/install/canopen_interfaces/include/canopen_interfaces/canopen_interfaces/srv/detail/co_node__type_support.c
-- Installing: /tmp/agrobot-next-build-ybgPHn/install/canopen_interfaces/include/canopen_interfaces/canopen_interfaces/srv/detail/co_target_double__description.c
-- Installing: /tmp/agrobot-next-build-ybgPHn/install/canopen_interfaces/include/canopen_interfaces/canopen_interfaces/srv/detail/co_target_double__functions.c
-- Installing: /tmp/agrobot-next-build-ybgPHn/install/canopen_interfaces/include/canopen_interfaces/canopen_interfaces/srv/detail/co_node__description.c
-- Installing: /tmp/agrobot-next-build-ybgPHn/install/canopen_interfaces/include/canopen_interfaces/canopen_interfaces/srv/detail/co_read__functions.h
-- Installing: /tmp/agrobot-next-build-ybgPHn/install/canopen_interfaces/include/canopen_interfaces/canopen_interfaces/srv/detail/co_node__functions.c
-- Installing: /tmp/agrobot-next-build-ybgPHn/install/canopen_interfaces/include/canopen_interfaces/canopen_interfaces/srv/co_node.h
-- Installing: /tmp/agrobot-next-build-ybgPHn/install/canopen_interfaces/include/canopen_interfaces/canopen_interfaces/msg
-- Installing: /tmp/agrobot-next-build-ybgPHn/install/canopen_interfaces/include/canopen_interfaces/canopen_interfaces/msg/rosidl_generator_c__visibility_control.h
-- Installing: /tmp/agrobot-next-build-ybgPHn/install/canopen_interfaces/include/canopen_interfaces/canopen_interfaces/msg/detail
-- Installing: /tmp/agrobot-next-build-ybgPHn/install/canopen_interfaces/include/canopen_interfaces/canopen_interfaces/msg/detail/co_data__struct.h
-- Installing: /tmp/agrobot-next-build-ybgPHn/install/canopen_interfaces/include/canopen_interfaces/canopen_interfaces/msg/detail/co_data__functions.h
-- Installing: /tmp/agrobot-next-build-ybgPHn/install/canopen_interfaces/include/canopen_interfaces/canopen_interfaces/msg/detail/co_data__description.c
-- Installing: /tmp/agrobot-next-build-ybgPHn/install/canopen_interfaces/include/canopen_interfaces/canopen_interfaces/msg/detail/co_data__functions.c
-- Installing: /tmp/agrobot-next-build-ybgPHn/install/canopen_interfaces/include/canopen_interfaces/canopen_interfaces/msg/detail/co_data__type_support.c
-- Installing: /tmp/agrobot-next-build-ybgPHn/install/canopen_interfaces/include/canopen_interfaces/canopen_interfaces/msg/detail/co_data__type_support.h
-- Installing: /tmp/agrobot-next-build-ybgPHn/install/canopen_interfaces/include/canopen_interfaces/canopen_interfaces/msg/co_data.h
-- Installing: /tmp/agrobot-next-build-ybgPHn/install/canopen_interfaces/share/canopen_interfaces/environment/library_path.sh
-- Installing: /tmp/agrobot-next-build-ybgPHn/install/canopen_interfaces/share/canopen_interfaces/environment/library_path.dsv
-- Installing: /tmp/agrobot-next-build-ybgPHn/install/canopen_interfaces/lib/libcanopen_interfaces__rosidl_generator_c.so
-- Set non-toolchain portion of runtime path of "/tmp/agrobot-next-build-ybgPHn/install/canopen_interfaces/lib/libcanopen_interfaces__rosidl_generator_c.so" to ""
-- Up-to-date: /tmp/agrobot-next-build-ybgPHn/install/canopen_interfaces/include/canopen_interfaces/canopen_interfaces
-- Up-to-date: /tmp/agrobot-next-build-ybgPHn/install/canopen_interfaces/include/canopen_interfaces/canopen_interfaces/srv
-- Up-to-date: /tmp/agrobot-next-build-ybgPHn/install/canopen_interfaces/include/canopen_interfaces/canopen_interfaces/srv/detail
-- Installing: /tmp/agrobot-next-build-ybgPHn/install/canopen_interfaces/include/canopen_interfaces/canopen_interfaces/srv/detail/co_target_double__rosidl_typesupport_fastrtps_c.h
-- Installing: /tmp/agrobot-next-build-ybgPHn/install/canopen_interfaces/include/canopen_interfaces/canopen_interfaces/srv/detail/co_read__rosidl_typesupport_fastrtps_c.h
-- Installing: /tmp/agrobot-next-build-ybgPHn/install/canopen_interfaces/include/canopen_interfaces/canopen_interfaces/srv/detail/co_heartbeat_id__rosidl_typesupport_fastrtps_c.h
-- Installing: /tmp/agrobot-next-build-ybgPHn/install/canopen_interfaces/include/canopen_interfaces/canopen_interfaces/srv/detail/co_write_id__rosidl_typesupport_fastrtps_c.h
-- Installing: /tmp/agrobot-next-build-ybgPHn/install/canopen_interfaces/include/canopen_interfaces/canopen_interfaces/srv/detail/co_read_id__rosidl_typesupport_fastrtps_c.h
-- Installing: /tmp/agrobot-next-build-ybgPHn/install/canopen_interfaces/include/canopen_interfaces/canopen_interfaces/srv/detail/co_write__rosidl_typesupport_fastrtps_c.h
-- Installing: /tmp/agrobot-next-build-ybgPHn/install/canopen_interfaces/include/canopen_interfaces/canopen_interfaces/srv/detail/co_nmt_id__rosidl_typesupport_fastrtps_c.h
-- Installing: /tmp/agrobot-next-build-ybgPHn/install/canopen_interfaces/include/canopen_interfaces/canopen_interfaces/srv/detail/co_node__rosidl_typesupport_fastrtps_c.h
-- Up-to-date: /tmp/agrobot-next-build-ybgPHn/install/canopen_interfaces/include/canopen_interfaces/canopen_interfaces/msg
-- Up-to-date: /tmp/agrobot-next-build-ybgPHn/install/canopen_interfaces/include/canopen_interfaces/canopen_interfaces/msg/detail
-- Installing: /tmp/agrobot-next-build-ybgPHn/install/canopen_interfaces/include/canopen_interfaces/canopen_interfaces/msg/detail/co_data__rosidl_typesupport_fastrtps_c.h
-- Installing: /tmp/agrobot-next-build-ybgPHn/install/canopen_interfaces/include/canopen_interfaces/canopen_interfaces/msg/rosidl_typesupport_fastrtps_c__visibility_control.h
-- Installing: /tmp/agrobot-next-build-ybgPHn/install/canopen_interfaces/lib/libcanopen_interfaces__rosidl_typesupport_fastrtps_c.so
-- Set non-toolchain portion of runtime path of "/tmp/agrobot-next-build-ybgPHn/install/canopen_interfaces/lib/libcanopen_interfaces__rosidl_typesupport_fastrtps_c.so" to ""
-- Up-to-date: /tmp/agrobot-next-build-ybgPHn/install/canopen_interfaces/include/canopen_interfaces/canopen_interfaces
-- Up-to-date: /tmp/agrobot-next-build-ybgPHn/install/canopen_interfaces/include/canopen_interfaces/canopen_interfaces/srv
-- Up-to-date: /tmp/agrobot-next-build-ybgPHn/install/canopen_interfaces/include/canopen_interfaces/canopen_interfaces/srv/detail
-- Installing: /tmp/agrobot-next-build-ybgPHn/install/canopen_interfaces/include/canopen_interfaces/canopen_interfaces/srv/detail/co_heartbeat_id__rosidl_typesupport_introspection_c.h
-- Installing: /tmp/agrobot-next-build-ybgPHn/install/canopen_interfaces/include/canopen_interfaces/canopen_interfaces/srv/detail/co_target_double__rosidl_typesupport_introspection_c.h
-- Installing: /tmp/agrobot-next-build-ybgPHn/install/canopen_interfaces/include/canopen_interfaces/canopen_interfaces/srv/detail/co_read_id__type_support.c
-- Installing: /tmp/agrobot-next-build-ybgPHn/install/canopen_interfaces/include/canopen_interfaces/canopen_interfaces/srv/detail/co_read__rosidl_typesupport_introspection_c.h
-- Installing: /tmp/agrobot-next-build-ybgPHn/install/canopen_interfaces/include/canopen_interfaces/canopen_interfaces/srv/detail/co_heartbeat_id__type_support.c
-- Installing: /tmp/agrobot-next-build-ybgPHn/install/canopen_interfaces/include/canopen_interfaces/canopen_interfaces/srv/detail/co_read_id__rosidl_typesupport_introspection_c.h
-- Installing: /tmp/agrobot-next-build-ybgPHn/install/canopen_interfaces/include/canopen_interfaces/canopen_interfaces/srv/detail/co_write__type_support.c
-- Installing: /tmp/agrobot-next-build-ybgPHn/install/canopen_interfaces/include/canopen_interfaces/canopen_interfaces/srv/detail/co_nmt_id__rosidl_typesupport_introspection_c.h
-- Installing: /tmp/agrobot-next-build-ybgPHn/install/canopen_interfaces/include/canopen_interfaces/canopen_interfaces/srv/detail/co_write__rosidl_typesupport_introspection_c.h
-- Installing: /tmp/agrobot-next-build-ybgPHn/install/canopen_interfaces/include/canopen_interfaces/canopen_interfaces/srv/detail/co_write_id__type_support.c
-- Installing: /tmp/agrobot-next-build-ybgPHn/install/canopen_interfaces/include/canopen_interfaces/canopen_interfaces/srv/detail/co_node__rosidl_typesupport_introspection_c.h
-- Installing: /tmp/agrobot-next-build-ybgPHn/install/canopen_interfaces/include/canopen_interfaces/canopen_interfaces/srv/detail/co_nmt_id__type_support.c
-- Installing: /tmp/agrobot-next-build-ybgPHn/install/canopen_interfaces/include/canopen_interfaces/canopen_interfaces/srv/detail/co_read__type_support.c
-- Installing: /tmp/agrobot-next-build-ybgPHn/install/canopen_interfaces/include/canopen_interfaces/canopen_interfaces/srv/detail/co_target_double__type_support.c
-- Installing: /tmp/agrobot-next-build-ybgPHn/install/canopen_interfaces/include/canopen_interfaces/canopen_interfaces/srv/detail/co_write_id__rosidl_typesupport_introspection_c.h
-- Installing: /tmp/agrobot-next-build-ybgPHn/install/canopen_interfaces/include/canopen_interfaces/canopen_interfaces/srv/detail/co_node__type_support.c
-- Up-to-date: /tmp/agrobot-next-build-ybgPHn/install/canopen_interfaces/include/canopen_interfaces/canopen_interfaces/msg
-- Installing: /tmp/agrobot-next-build-ybgPHn/install/canopen_interfaces/include/canopen_interfaces/canopen_interfaces/msg/rosidl_typesupport_introspection_c__visibility_control.h
-- Up-to-date: /tmp/agrobot-next-build-ybgPHn/install/canopen_interfaces/include/canopen_interfaces/canopen_interfaces/msg/detail
-- Installing: /tmp/agrobot-next-build-ybgPHn/install/canopen_interfaces/include/canopen_interfaces/canopen_interfaces/msg/detail/co_data__rosidl_typesupport_introspection_c.h
-- Installing: /tmp/agrobot-next-build-ybgPHn/install/canopen_interfaces/include/canopen_interfaces/canopen_interfaces/msg/detail/co_data__type_support.c
-- Installing: /tmp/agrobot-next-build-ybgPHn/install/canopen_interfaces/lib/libcanopen_interfaces__rosidl_typesupport_introspection_c.so
-- Set non-toolchain portion of runtime path of "/tmp/agrobot-next-build-ybgPHn/install/canopen_interfaces/lib/libcanopen_interfaces__rosidl_typesupport_introspection_c.so" to ""
-- Installing: /tmp/agrobot-next-build-ybgPHn/install/canopen_interfaces/lib/libcanopen_interfaces__rosidl_typesupport_c.so
-- Set non-toolchain portion of runtime path of "/tmp/agrobot-next-build-ybgPHn/install/canopen_interfaces/lib/libcanopen_interfaces__rosidl_typesupport_c.so" to ""
-- Up-to-date: /tmp/agrobot-next-build-ybgPHn/install/canopen_interfaces/include/canopen_interfaces/canopen_interfaces
-- Up-to-date: /tmp/agrobot-next-build-ybgPHn/install/canopen_interfaces/include/canopen_interfaces/canopen_interfaces/srv
-- Installing: /tmp/agrobot-next-build-ybgPHn/install/canopen_interfaces/include/canopen_interfaces/canopen_interfaces/srv/co_write_id.hpp
-- Installing: /tmp/agrobot-next-build-ybgPHn/install/canopen_interfaces/include/canopen_interfaces/canopen_interfaces/srv/co_write.hpp
-- Installing: /tmp/agrobot-next-build-ybgPHn/install/canopen_interfaces/include/canopen_interfaces/canopen_interfaces/srv/co_nmt_id.hpp
-- Installing: /tmp/agrobot-next-build-ybgPHn/install/canopen_interfaces/include/canopen_interfaces/canopen_interfaces/srv/co_node.hpp
-- Installing: /tmp/agrobot-next-build-ybgPHn/install/canopen_interfaces/include/canopen_interfaces/canopen_interfaces/srv/co_heartbeat_id.hpp
-- Up-to-date: /tmp/agrobot-next-build-ybgPHn/install/canopen_interfaces/include/canopen_interfaces/canopen_interfaces/srv/detail
-- Installing: /tmp/agrobot-next-build-ybgPHn/install/canopen_interfaces/include/canopen_interfaces/canopen_interfaces/srv/detail/co_nmt_id__traits.hpp
-- Installing: /tmp/agrobot-next-build-ybgPHn/install/canopen_interfaces/include/canopen_interfaces/canopen_interfaces/srv/detail/co_read__type_support.hpp
-- Installing: /tmp/agrobot-next-build-ybgPHn/install/canopen_interfaces/include/canopen_interfaces/canopen_interfaces/srv/detail/co_target_double__type_support.hpp
-- Installing: /tmp/agrobot-next-build-ybgPHn/install/canopen_interfaces/include/canopen_interfaces/canopen_interfaces/srv/detail/co_heartbeat_id__struct.hpp
-- Installing: /tmp/agrobot-next-build-ybgPHn/install/canopen_interfaces/include/canopen_interfaces/canopen_interfaces/srv/detail/co_target_double__builder.hpp
-- Installing: /tmp/agrobot-next-build-ybgPHn/install/canopen_interfaces/include/canopen_interfaces/canopen_interfaces/srv/detail/co_read_id__type_support.hpp
-- Installing: /tmp/agrobot-next-build-ybgPHn/install/canopen_interfaces/include/canopen_interfaces/canopen_interfaces/srv/detail/co_read__builder.hpp
-- Installing: /tmp/agrobot-next-build-ybgPHn/install/canopen_interfaces/include/canopen_interfaces/canopen_interfaces/srv/detail/co_nmt_id__struct.hpp
-- Installing: /tmp/agrobot-next-build-ybgPHn/install/canopen_interfaces/include/canopen_interfaces/canopen_interfaces/srv/detail/co_target_double__traits.hpp
-- Installing: /tmp/agrobot-next-build-ybgPHn/install/canopen_interfaces/include/canopen_interfaces/canopen_interfaces/srv/detail/co_read_id__struct.hpp
-- Installing: /tmp/agrobot-next-build-ybgPHn/install/canopen_interfaces/include/canopen_interfaces/canopen_interfaces/srv/detail/co_write_id__traits.hpp
-- Installing: /tmp/agrobot-next-build-ybgPHn/install/canopen_interfaces/include/canopen_interfaces/canopen_interfaces/srv/detail/co_heartbeat_id__traits.hpp
-- Installing: /tmp/agrobot-next-build-ybgPHn/install/canopen_interfaces/include/canopen_interfaces/canopen_interfaces/srv/detail/co_read_id__traits.hpp
-- Installing: /tmp/agrobot-next-build-ybgPHn/install/canopen_interfaces/include/canopen_interfaces/canopen_interfaces/srv/detail/co_read_id__builder.hpp
-- Installing: /tmp/agrobot-next-build-ybgPHn/install/canopen_interfaces/include/canopen_interfaces/canopen_interfaces/srv/detail/co_read__traits.hpp
-- Installing: /tmp/agrobot-next-build-ybgPHn/install/canopen_interfaces/include/canopen_interfaces/canopen_interfaces/srv/detail/co_node__type_support.hpp
-- Installing: /tmp/agrobot-next-build-ybgPHn/install/canopen_interfaces/include/canopen_interfaces/canopen_interfaces/srv/detail/co_nmt_id__builder.hpp
-- Installing: /tmp/agrobot-next-build-ybgPHn/install/canopen_interfaces/include/canopen_interfaces/canopen_interfaces/srv/detail/co_write__struct.hpp
-- Installing: /tmp/agrobot-next-build-ybgPHn/install/canopen_interfaces/include/canopen_interfaces/canopen_interfaces/srv/detail/co_read__struct.hpp
-- Installing: /tmp/agrobot-next-build-ybgPHn/install/canopen_interfaces/include/canopen_interfaces/canopen_interfaces/srv/detail/co_write__builder.hpp
-- Installing: /tmp/agrobot-next-build-ybgPHn/install/canopen_interfaces/include/canopen_interfaces/canopen_interfaces/srv/detail/co_write__type_support.hpp
-- Installing: /tmp/agrobot-next-build-ybgPHn/install/canopen_interfaces/include/canopen_interfaces/canopen_interfaces/srv/detail/co_nmt_id__type_support.hpp
-- Installing: /tmp/agrobot-next-build-ybgPHn/install/canopen_interfaces/include/canopen_interfaces/canopen_interfaces/srv/detail/co_write_id__builder.hpp
-- Installing: /tmp/agrobot-next-build-ybgPHn/install/canopen_interfaces/include/canopen_interfaces/canopen_interfaces/srv/detail/co_write_id__type_support.hpp
-- Installing: /tmp/agrobot-next-build-ybgPHn/install/canopen_interfaces/include/canopen_interfaces/canopen_interfaces/srv/detail/co_node__builder.hpp
-- Installing: /tmp/agrobot-next-build-ybgPHn/install/canopen_interfaces/include/canopen_interfaces/canopen_interfaces/srv/detail/co_node__traits.hpp
-- Installing: /tmp/agrobot-next-build-ybgPHn/install/canopen_interfaces/include/canopen_interfaces/canopen_interfaces/srv/detail/co_write_id__struct.hpp
-- Installing: /tmp/agrobot-next-build-ybgPHn/install/canopen_interfaces/include/canopen_interfaces/canopen_interfaces/srv/detail/co_heartbeat_id__type_support.hpp
-- Installing: /tmp/agrobot-next-build-ybgPHn/install/canopen_interfaces/include/canopen_interfaces/canopen_interfaces/srv/detail/co_target_double__struct.hpp
-- Installing: /tmp/agrobot-next-build-ybgPHn/install/canopen_interfaces/include/canopen_interfaces/canopen_interfaces/srv/detail/co_heartbeat_id__builder.hpp
-- Installing: /tmp/agrobot-next-build-ybgPHn/install/canopen_interfaces/include/canopen_interfaces/canopen_interfaces/srv/detail/co_node__struct.hpp
-- Installing: /tmp/agrobot-next-build-ybgPHn/install/canopen_interfaces/include/canopen_interfaces/canopen_interfaces/srv/detail/co_write__traits.hpp
-- Installing: /tmp/agrobot-next-build-ybgPHn/install/canopen_interfaces/include/canopen_interfaces/canopen_interfaces/srv/co_read.hpp
-- Installing: /tmp/agrobot-next-build-ybgPHn/install/canopen_interfaces/include/canopen_interfaces/canopen_interfaces/srv/co_read_id.hpp
-- Installing: /tmp/agrobot-next-build-ybgPHn/install/canopen_interfaces/include/canopen_interfaces/canopen_interfaces/srv/co_target_double.hpp
-- Up-to-date: /tmp/agrobot-next-build-ybgPHn/install/canopen_interfaces/include/canopen_interfaces/canopen_interfaces/msg
-- Up-to-date: /tmp/agrobot-next-build-ybgPHn/install/canopen_interfaces/include/canopen_interfaces/canopen_interfaces/msg/detail
-- Installing: /tmp/agrobot-next-build-ybgPHn/install/canopen_interfaces/include/canopen_interfaces/canopen_interfaces/msg/detail/co_data__traits.hpp
-- Installing: /tmp/agrobot-next-build-ybgPHn/install/canopen_interfaces/include/canopen_interfaces/canopen_interfaces/msg/detail/co_data__builder.hpp
-- Installing: /tmp/agrobot-next-build-ybgPHn/install/canopen_interfaces/include/canopen_interfaces/canopen_interfaces/msg/detail/co_data__type_support.hpp
-- Installing: /tmp/agrobot-next-build-ybgPHn/install/canopen_interfaces/include/canopen_interfaces/canopen_interfaces/msg/detail/co_data__struct.hpp
-- Installing: /tmp/agrobot-next-build-ybgPHn/install/canopen_interfaces/include/canopen_interfaces/canopen_interfaces/msg/rosidl_generator_cpp__visibility_control.hpp
-- Installing: /tmp/agrobot-next-build-ybgPHn/install/canopen_interfaces/include/canopen_interfaces/canopen_interfaces/msg/co_data.hpp
-- Up-to-date: /tmp/agrobot-next-build-ybgPHn/install/canopen_interfaces/include/canopen_interfaces/canopen_interfaces
-- Up-to-date: /tmp/agrobot-next-build-ybgPHn/install/canopen_interfaces/include/canopen_interfaces/canopen_interfaces/srv
-- Up-to-date: /tmp/agrobot-next-build-ybgPHn/install/canopen_interfaces/include/canopen_interfaces/canopen_interfaces/srv/detail
-- Installing: /tmp/agrobot-next-build-ybgPHn/install/canopen_interfaces/include/canopen_interfaces/canopen_interfaces/srv/detail/co_write__rosidl_typesupport_fastrtps_cpp.hpp
-- Installing: /tmp/agrobot-next-build-ybgPHn/install/canopen_interfaces/include/canopen_interfaces/canopen_interfaces/srv/detail/co_nmt_id__rosidl_typesupport_fastrtps_cpp.hpp
-- Installing: /tmp/agrobot-next-build-ybgPHn/install/canopen_interfaces/include/canopen_interfaces/canopen_interfaces/srv/detail/dds_fastrtps
-- Installing: /tmp/agrobot-next-build-ybgPHn/install/canopen_interfaces/include/canopen_interfaces/canopen_interfaces/srv/detail/co_heartbeat_id__rosidl_typesupport_fastrtps_cpp.hpp
-- Installing: /tmp/agrobot-next-build-ybgPHn/install/canopen_interfaces/include/canopen_interfaces/canopen_interfaces/srv/detail/co_read_id__rosidl_typesupport_fastrtps_cpp.hpp
-- Installing: /tmp/agrobot-next-build-ybgPHn/install/canopen_interfaces/include/canopen_interfaces/canopen_interfaces/srv/detail/co_write_id__rosidl_typesupport_fastrtps_cpp.hpp
-- Installing: /tmp/agrobot-next-build-ybgPHn/install/canopen_interfaces/include/canopen_interfaces/canopen_interfaces/srv/detail/co_read__rosidl_typesupport_fastrtps_cpp.hpp
-- Installing: /tmp/agrobot-next-build-ybgPHn/install/canopen_interfaces/include/canopen_interfaces/canopen_interfaces/srv/detail/co_node__rosidl_typesupport_fastrtps_cpp.hpp
-- Installing: /tmp/agrobot-next-build-ybgPHn/install/canopen_interfaces/include/canopen_interfaces/canopen_interfaces/srv/detail/co_target_double__rosidl_typesupport_fastrtps_cpp.hpp
-- Up-to-date: /tmp/agrobot-next-build-ybgPHn/install/canopen_interfaces/include/canopen_interfaces/canopen_interfaces/msg
-- Up-to-date: /tmp/agrobot-next-build-ybgPHn/install/canopen_interfaces/include/canopen_interfaces/canopen_interfaces/msg/detail
-- Installing: /tmp/agrobot-next-build-ybgPHn/install/canopen_interfaces/include/canopen_interfaces/canopen_interfaces/msg/detail/dds_fastrtps
-- Installing: /tmp/agrobot-next-build-ybgPHn/install/canopen_interfaces/include/canopen_interfaces/canopen_interfaces/msg/detail/co_data__rosidl_typesupport_fastrtps_cpp.hpp
-- Installing: /tmp/agrobot-next-build-ybgPHn/install/canopen_interfaces/include/canopen_interfaces/canopen_interfaces/msg/rosidl_typesupport_fastrtps_cpp__visibility_control.h
-- Installing: /tmp/agrobot-next-build-ybgPHn/install/canopen_interfaces/lib/libcanopen_interfaces__rosidl_typesupport_fastrtps_cpp.so
-- Set non-toolchain portion of runtime path of "/tmp/agrobot-next-build-ybgPHn/install/canopen_interfaces/lib/libcanopen_interfaces__rosidl_typesupport_fastrtps_cpp.so" to ""
-- Up-to-date: /tmp/agrobot-next-build-ybgPHn/install/canopen_interfaces/include/canopen_interfaces/canopen_interfaces
-- Detecting CXX compiler ABI info - done
-- Check for working CXX compiler: /usr/bin/c++ - skipped
-- Detecting CXX compile features
-- Detecting CXX compile features - done
-- Up-to-date: /tmp/agrobot-next-build-ybgPHn/install/canopen_interfaces/include/canopen_interfaces/canopen_interfaces/srv
-- Up-to-date: /tmp/agrobot-next-build-ybgPHn/install/canopen_interfaces/include/canopen_interfaces/canopen_interfaces/srv/detail
-- Installing: /tmp/agrobot-next-build-ybgPHn/install/canopen_interfaces/include/canopen_interfaces/canopen_interfaces/srv/detail/co_read_id__rosidl_typesupport_introspection_cpp.hpp
-- Installing: /tmp/agrobot-next-build-ybgPHn/install/canopen_interfaces/include/canopen_interfaces/canopen_interfaces/srv/detail/co_write__type_support.cpp
-- Installing: /tmp/agrobot-next-build-ybgPHn/install/canopen_interfaces/include/canopen_interfaces/canopen_interfaces/srv/detail/co_read__type_support.cpp
-- Installing: /tmp/agrobot-next-build-ybgPHn/install/canopen_interfaces/include/canopen_interfaces/canopen_interfaces/srv/detail/co_heartbeat_id__rosidl_typesupport_introspection_cpp.hpp
-- Installing: /tmp/agrobot-next-build-ybgPHn/install/canopen_interfaces/include/canopen_interfaces/canopen_interfaces/srv/detail/co_target_double__type_support.cpp
-- Installing: /tmp/agrobot-next-build-ybgPHn/install/canopen_interfaces/include/canopen_interfaces/canopen_interfaces/srv/detail/co_nmt_id__rosidl_typesupport_introspection_cpp.hpp
-- Installing: /tmp/agrobot-next-build-ybgPHn/install/canopen_interfaces/include/canopen_interfaces/canopen_interfaces/srv/detail/co_node__type_support.cpp
-- Installing: /tmp/agrobot-next-build-ybgPHn/install/canopen_interfaces/include/canopen_interfaces/canopen_interfaces/srv/detail/co_heartbeat_id__type_support.cpp
-- Installing: /tmp/agrobot-next-build-ybgPHn/install/canopen_interfaces/include/canopen_interfaces/canopen_interfaces/srv/detail/co_read_id__type_support.cpp
-- Installing: /tmp/agrobot-next-build-ybgPHn/install/canopen_interfaces/include/canopen_interfaces/canopen_interfaces/srv/detail/co_write_id__type_support.cpp
-- Installing: /tmp/agrobot-next-build-ybgPHn/install/canopen_interfaces/include/canopen_interfaces/canopen_interfaces/srv/detail/co_nmt_id__type_support.cpp
-- Installing: /tmp/agrobot-next-build-ybgPHn/install/canopen_interfaces/include/canopen_interfaces/canopen_interfaces/srv/detail/co_node__rosidl_typesupport_introspection_cpp.hpp
-- Installing: /tmp/agrobot-next-build-ybgPHn/install/canopen_interfaces/include/canopen_interfaces/canopen_interfaces/srv/detail/co_write__rosidl_typesupport_introspection_cpp.hpp
-- Installing: /tmp/agrobot-next-build-ybgPHn/install/canopen_interfaces/include/canopen_interfaces/canopen_interfaces/srv/detail/co_read__rosidl_typesupport_introspection_cpp.hpp
-- Installing: /tmp/agrobot-next-build-ybgPHn/install/canopen_interfaces/include/canopen_interfaces/canopen_interfaces/srv/detail/co_target_double__rosidl_typesupport_introspection_cpp.hpp
-- Installing: /tmp/agrobot-next-build-ybgPHn/install/canopen_interfaces/include/canopen_interfaces/canopen_interfaces/srv/detail/co_write_id__rosidl_typesupport_introspection_cpp.hpp
-- Up-to-date: /tmp/agrobot-next-build-ybgPHn/install/canopen_interfaces/include/canopen_interfaces/canopen_interfaces/msg
-- Up-to-date: /tmp/agrobot-next-build-ybgPHn/install/canopen_interfaces/include/canopen_interfaces/canopen_interfaces/msg/detail
-- Installing: /tmp/agrobot-next-build-ybgPHn/install/canopen_interfaces/include/canopen_interfaces/canopen_interfaces/msg/detail/co_data__rosidl_typesupport_introspection_cpp.hpp
-- Installing: /tmp/agrobot-next-build-ybgPHn/install/canopen_interfaces/include/canopen_interfaces/canopen_interfaces/msg/detail/co_data__type_support.cpp
-- Installing: /tmp/agrobot-next-build-ybgPHn/install/canopen_interfaces/lib/libcanopen_interfaces__rosidl_typesupport_introspection_cpp.so
-- Set non-toolchain portion of runtime path of "/tmp/agrobot-next-build-ybgPHn/install/canopen_interfaces/lib/libcanopen_interfaces__rosidl_typesupport_introspection_cpp.so" to ""
-- Installing: /tmp/agrobot-next-build-ybgPHn/install/canopen_interfaces/lib/libcanopen_interfaces__rosidl_typesupport_cpp.so
-- Set non-toolchain portion of runtime path of "/tmp/agrobot-next-build-ybgPHn/install/canopen_interfaces/lib/libcanopen_interfaces__rosidl_typesupport_cpp.so" to ""
-- Installing: /tmp/agrobot-next-build-ybgPHn/install/canopen_interfaces/share/canopen_interfaces/environment/pythonpath.sh
-- Installing: /tmp/agrobot-next-build-ybgPHn/install/canopen_interfaces/share/canopen_interfaces/environment/pythonpath.dsv
-- Installing: /tmp/agrobot-next-build-ybgPHn/install/canopen_interfaces/lib/python3.12/site-packages/canopen_interfaces-0.3.1-py3.12.egg-info
-- Installing: /tmp/agrobot-next-build-ybgPHn/install/canopen_interfaces/lib/python3.12/site-packages/canopen_interfaces-0.3.1-py3.12.egg-info/PKG-INFO
-- Installing: /tmp/agrobot-next-build-ybgPHn/install/canopen_interfaces/lib/python3.12/site-packages/canopen_interfaces-0.3.1-py3.12.egg-info/dependency_links.txt
-- Installing: /tmp/agrobot-next-build-ybgPHn/install/canopen_interfaces/lib/python3.12/site-packages/canopen_interfaces-0.3.1-py3.12.egg-info/top_level.txt
-- Installing: /tmp/agrobot-next-build-ybgPHn/install/canopen_interfaces/lib/python3.12/site-packages/canopen_interfaces-0.3.1-py3.12.egg-info/SOURCES.txt
-- Installing: /tmp/agrobot-next-build-ybgPHn/install/canopen_interfaces/lib/python3.12/site-packages/canopen_interfaces
-- Installing: /tmp/agrobot-next-build-ybgPHn/install/canopen_interfaces/lib/python3.12/site-packages/canopen_interfaces/_canopen_interfaces_s.ep.rosidl_typesupport_fastrtps_c.c
-- Installing: /tmp/agrobot-next-build-ybgPHn/install/canopen_interfaces/lib/python3.12/site-packages/canopen_interfaces/_canopen_interfaces_s.ep.rosidl_typesupport_c.c
-- Installing: /tmp/agrobot-next-build-ybgPHn/install/canopen_interfaces/lib/python3.12/site-packages/canopen_interfaces/canopen_interfaces_s__rosidl_typesupport_c.so
-- Installing: /tmp/agrobot-next-build-ybgPHn/install/canopen_interfaces/lib/python3.12/site-packages/canopen_interfaces/srv
-- Installing: /tmp/agrobot-next-build-ybgPHn/install/canopen_interfaces/lib/python3.12/site-packages/canopen_interfaces/srv/_co_heartbeat_id.py
-- Installing: /tmp/agrobot-next-build-ybgPHn/install/canopen_interfaces/lib/python3.12/site-packages/canopen_interfaces/srv/_co_read_id_s.c
-- Installing: /tmp/agrobot-next-build-ybgPHn/install/canopen_interfaces/lib/python3.12/site-packages/canopen_interfaces/srv/_co_write_s.c
-- Installing: /tmp/agrobot-next-build-ybgPHn/install/canopen_interfaces/lib/python3.12/site-packages/canopen_interfaces/srv/_co_node_s.c
-- Installing: /tmp/agrobot-next-build-ybgPHn/install/canopen_interfaces/lib/python3.12/site-packages/canopen_interfaces/srv/_co_read_id.py
-- Installing: /tmp/agrobot-next-build-ybgPHn/install/canopen_interfaces/lib/python3.12/site-packages/canopen_interfaces/srv/_co_nmt_id.py
-- Installing: /tmp/agrobot-next-build-ybgPHn/install/canopen_interfaces/lib/python3.12/site-packages/canopen_interfaces/srv/_co_write_id.py
-- Installing: /tmp/agrobot-next-build-ybgPHn/install/canopen_interfaces/lib/python3.12/site-packages/canopen_interfaces/srv/_co_heartbeat_id_s.c
-- Installing: /tmp/agrobot-next-build-ybgPHn/install/canopen_interfaces/lib/python3.12/site-packages/canopen_interfaces/srv/_co_target_double.py
-- Installing: /tmp/agrobot-next-build-ybgPHn/install/canopen_interfaces/lib/python3.12/site-packages/canopen_interfaces/srv/_co_target_double_s.c
-- Installing: /tmp/agrobot-next-build-ybgPHn/install/canopen_interfaces/lib/python3.12/site-packages/canopen_interfaces/srv/_co_read_s.c
-- Installing: /tmp/agrobot-next-build-ybgPHn/install/canopen_interfaces/lib/python3.12/site-packages/canopen_interfaces/srv/__init__.py
-- Installing: /tmp/agrobot-next-build-ybgPHn/install/canopen_interfaces/lib/python3.12/site-packages/canopen_interfaces/srv/_co_node.py
-- Installing: /tmp/agrobot-next-build-ybgPHn/install/canopen_interfaces/lib/python3.12/site-packages/canopen_interfaces/srv/_co_read.py
-- Installing: /tmp/agrobot-next-build-ybgPHn/install/canopen_interfaces/lib/python3.12/site-packages/canopen_interfaces/srv/_co_write.py
-- Installing: /tmp/agrobot-next-build-ybgPHn/install/canopen_interfaces/lib/python3.12/site-packages/canopen_interfaces/srv/_co_nmt_id_s.c
-- Installing: /tmp/agrobot-next-build-ybgPHn/install/canopen_interfaces/lib/python3.12/site-packages/canopen_interfaces/srv/_co_write_id_s.c
-- Installing: /tmp/agrobot-next-build-ybgPHn/install/canopen_interfaces/lib/python3.12/site-packages/canopen_interfaces/__init__.py
-- Installing: /tmp/agrobot-next-build-ybgPHn/install/canopen_interfaces/lib/python3.12/site-packages/canopen_interfaces/canopen_interfaces_s__rosidl_typesupport_fastrtps_c.so
-- Found ament_cmake: 2.5.6 (/opt/ros/jazzy/share/ament_cmake/cmake)
-- Installing: /tmp/agrobot-next-build-ybgPHn/install/canopen_interfaces/lib/python3.12/site-packages/canopen_interfaces/msg
-- Installing: /tmp/agrobot-next-build-ybgPHn/install/canopen_interfaces/lib/python3.12/site-packages/canopen_interfaces/msg/_co_data_s.c
-- Installing: /tmp/agrobot-next-build-ybgPHn/install/canopen_interfaces/lib/python3.12/site-packages/canopen_interfaces/msg/_co_data.py
-- Installing: /tmp/agrobot-next-build-ybgPHn/install/canopen_interfaces/lib/python3.12/site-packages/canopen_interfaces/msg/__init__.py
-- Installing: /tmp/agrobot-next-build-ybgPHn/install/canopen_interfaces/lib/python3.12/site-packages/canopen_interfaces/_canopen_interfaces_s.ep.rosidl_typesupport_introspection_c.c
-- Installing: /tmp/agrobot-next-build-ybgPHn/install/canopen_interfaces/lib/python3.12/site-packages/canopen_interfaces/canopen_interfaces_s__rosidl_typesupport_introspection_c.so
Listing '/tmp/agrobot-next-build-ybgPHn/install/canopen_interfaces/lib/python3.12/site-packages/canopen_interfaces'...
Compiling '/tmp/agrobot-next-build-ybgPHn/install/canopen_interfaces/lib/python3.12/site-packages/canopen_interfaces/__init__.py'...
Listing '/tmp/agrobot-next-build-ybgPHn/install/canopen_interfaces/lib/python3.12/site-packages/canopen_interfaces/msg'...
Compiling '/tmp/agrobot-next-build-ybgPHn/install/canopen_interfaces/lib/python3.12/site-packages/canopen_interfaces/msg/__init__.py'...
Compiling '/tmp/agrobot-next-build-ybgPHn/install/canopen_interfaces/lib/python3.12/site-packages/canopen_interfaces/msg/_co_data.py'...
Listing '/tmp/agrobot-next-build-ybgPHn/install/canopen_interfaces/lib/python3.12/site-packages/canopen_interfaces/srv'...
Compiling '/tmp/agrobot-next-build-ybgPHn/install/canopen_interfaces/lib/python3.12/site-packages/canopen_interfaces/srv/__init__.py'...
Compiling '/tmp/agrobot-next-build-ybgPHn/install/canopen_interfaces/lib/python3.12/site-packages/canopen_interfaces/srv/_co_heartbeat_id.py'...
Compiling '/tmp/agrobot-next-build-ybgPHn/install/canopen_interfaces/lib/python3.12/site-packages/canopen_interfaces/srv/_co_nmt_id.py'...
Compiling '/tmp/agrobot-next-build-ybgPHn/install/canopen_interfaces/lib/python3.12/site-packages/canopen_interfaces/srv/_co_node.py'...
Compiling '/tmp/agrobot-next-build-ybgPHn/install/canopen_interfaces/lib/python3.12/site-packages/canopen_interfaces/srv/_co_read.py'...
Compiling '/tmp/agrobot-next-build-ybgPHn/install/canopen_interfaces/lib/python3.12/site-packages/canopen_interfaces/srv/_co_read_id.py'...
Compiling '/tmp/agrobot-next-build-ybgPHn/install/canopen_interfaces/lib/python3.12/site-packages/canopen_interfaces/srv/_co_target_double.py'...
Compiling '/tmp/agrobot-next-build-ybgPHn/install/canopen_interfaces/lib/python3.12/site-packages/canopen_interfaces/srv/_co_write.py'...
Compiling '/tmp/agrobot-next-build-ybgPHn/install/canopen_interfaces/lib/python3.12/site-packages/canopen_interfaces/srv/_co_write_id.py'...
-- Installing: /tmp/agrobot-next-build-ybgPHn/install/canopen_interfaces/lib/python3.12/site-packages/canopen_interfaces/canopen_interfaces_s__rosidl_typesupport_fastrtps_c.so
-- Set non-toolchain portion of runtime path of "/tmp/agrobot-next-build-ybgPHn/install/canopen_interfaces/lib/python3.12/site-packages/canopen_interfaces/canopen_interfaces_s__rosidl_typesupport_fastrtps_c.so" to ""
-- Installing: /tmp/agrobot-next-build-ybgPHn/install/canopen_interfaces/lib/python3.12/site-packages/canopen_interfaces/canopen_interfaces_s__rosidl_typesupport_introspection_c.so
[ 78%] Linking CXX shared library librobot_interfaces__rosidl_typesupport_cpp.so
-- Set non-toolchain portion of runtime path of "/tmp/agrobot-next-build-ybgPHn/install/canopen_interfaces/lib/python3.12/site-packages/canopen_interfaces/canopen_interfaces_s__rosidl_typesupport_introspection_c.so" to ""
-- Installing: /tmp/agrobot-next-build-ybgPHn/install/canopen_interfaces/lib/python3.12/site-packages/canopen_interfaces/canopen_interfaces_s__rosidl_typesupport_c.so
-- Set non-toolchain portion of runtime path of "/tmp/agrobot-next-build-ybgPHn/install/canopen_interfaces/lib/python3.12/site-packages/canopen_interfaces/canopen_interfaces_s__rosidl_typesupport_c.so" to ""
-- Installing: /tmp/agrobot-next-build-ybgPHn/install/canopen_interfaces/lib/libcanopen_interfaces__rosidl_generator_py.so
-- Set non-toolchain portion of runtime path of "/tmp/agrobot-next-build-ybgPHn/install/canopen_interfaces/lib/libcanopen_interfaces__rosidl_generator_py.so" to ""
-- Installing: /tmp/agrobot-next-build-ybgPHn/install/canopen_interfaces/share/canopen_interfaces/rust
-- Installing: /tmp/agrobot-next-build-ybgPHn/install/canopen_interfaces/share/canopen_interfaces/rust/build.rs
-- Installing: /tmp/agrobot-next-build-ybgPHn/install/canopen_interfaces/share/canopen_interfaces/rust/Cargo.toml
-- Installing: /tmp/agrobot-next-build-ybgPHn/install/canopen_interfaces/share/canopen_interfaces/rust/src
-- Installing: /tmp/agrobot-next-build-ybgPHn/install/canopen_interfaces/share/canopen_interfaces/rust/src/msg.rs
-- Installing: /tmp/agrobot-next-build-ybgPHn/install/canopen_interfaces/share/canopen_interfaces/rust/src/srv.rs
-- Installing: /tmp/agrobot-next-build-ybgPHn/install/canopen_interfaces/share/canopen_interfaces/rust/src/srv
-- Installing: /tmp/agrobot-next-build-ybgPHn/install/canopen_interfaces/share/canopen_interfaces/rust/src/srv/rmw.rs
-- Installing: /tmp/agrobot-next-build-ybgPHn/install/canopen_interfaces/share/canopen_interfaces/rust/src/msg
-- Installing: /tmp/agrobot-next-build-ybgPHn/install/canopen_interfaces/share/canopen_interfaces/rust/src/msg/rmw.rs
-- Installing: /tmp/agrobot-next-build-ybgPHn/install/canopen_interfaces/share/canopen_interfaces/rust/src/lib.rs
-- Installing: /tmp/agrobot-next-build-ybgPHn/install/canopen_interfaces/share/canopen_interfaces/srv/COHeartbeatID.idl
-- Installing: /tmp/agrobot-next-build-ybgPHn/install/canopen_interfaces/share/canopen_interfaces/srv/CONmtID.idl
-- Installing: /tmp/agrobot-next-build-ybgPHn/install/canopen_interfaces/share/canopen_interfaces/srv/CORead.idl
-- Installing: /tmp/agrobot-next-build-ybgPHn/install/canopen_interfaces/share/canopen_interfaces/srv/COReadID.idl
-- Installing: /tmp/agrobot-next-build-ybgPHn/install/canopen_interfaces/share/canopen_interfaces/srv/COWrite.idl
-- Installing: /tmp/agrobot-next-build-ybgPHn/install/canopen_interfaces/share/canopen_interfaces/srv/COWriteID.idl
-- Installing: /tmp/agrobot-next-build-ybgPHn/install/canopen_interfaces/share/canopen_interfaces/srv/COTargetDouble.idl
-- Installing: /tmp/agrobot-next-build-ybgPHn/install/canopen_interfaces/share/canopen_interfaces/srv/CONode.idl
-- Installing: /tmp/agrobot-next-build-ybgPHn/install/canopen_interfaces/share/canopen_interfaces/msg/COData.idl
-- Installing: /tmp/agrobot-next-build-ybgPHn/install/canopen_interfaces/share/canopen_interfaces/srv/COHeartbeatID.srv
-- Installing: /tmp/agrobot-next-build-ybgPHn/install/canopen_interfaces/share/canopen_interfaces/srv/CONmtID.srv
-- Installing: /tmp/agrobot-next-build-ybgPHn/install/canopen_interfaces/share/canopen_interfaces/srv/CORead.srv
-- Installing: /tmp/agrobot-next-build-ybgPHn/install/canopen_interfaces/share/canopen_interfaces/srv/COReadID.srv
-- Installing: /tmp/agrobot-next-build-ybgPHn/install/canopen_interfaces/share/canopen_interfaces/srv/COWrite.srv
-- Installing: /tmp/agrobot-next-build-ybgPHn/install/canopen_interfaces/share/canopen_interfaces/srv/COWriteID.srv
-- Installing: /tmp/agrobot-next-build-ybgPHn/install/canopen_interfaces/share/canopen_interfaces/srv/COTargetDouble.srv
-- Installing: /tmp/agrobot-next-build-ybgPHn/install/canopen_interfaces/share/canopen_interfaces/srv/CONode.srv
-- Installing: /tmp/agrobot-next-build-ybgPHn/install/canopen_interfaces/share/canopen_interfaces/msg/COData.msg
-- Installing: /tmp/agrobot-next-build-ybgPHn/install/canopen_interfaces/share/ament_index/resource_index/package_run_dependencies/canopen_interfaces
-- Installing: /tmp/agrobot-next-build-ybgPHn/install/canopen_interfaces/share/ament_index/resource_index/parent_prefix_path/canopen_interfaces
-- Installing: /tmp/agrobot-next-build-ybgPHn/install/canopen_interfaces/share/canopen_interfaces/environment/ament_prefix_path.sh
-- Installing: /tmp/agrobot-next-build-ybgPHn/install/canopen_interfaces/share/canopen_interfaces/environment/ament_prefix_path.dsv
-- Installing: /tmp/agrobot-next-build-ybgPHn/install/canopen_interfaces/share/canopen_interfaces/environment/path.sh
-- Installing: /tmp/agrobot-next-build-ybgPHn/install/canopen_interfaces/share/canopen_interfaces/environment/path.dsv
-- Installing: /tmp/agrobot-next-build-ybgPHn/install/canopen_interfaces/share/canopen_interfaces/local_setup.bash
-- Installing: /tmp/agrobot-next-build-ybgPHn/install/canopen_interfaces/share/canopen_interfaces/local_setup.sh
-- Installing: /tmp/agrobot-next-build-ybgPHn/install/canopen_interfaces/share/canopen_interfaces/local_setup.zsh
-- Installing: /tmp/agrobot-next-build-ybgPHn/install/canopen_interfaces/share/canopen_interfaces/local_setup.dsv
-- Installing: /tmp/agrobot-next-build-ybgPHn/install/canopen_interfaces/share/canopen_interfaces/package.dsv
-- Installing: /tmp/agrobot-next-build-ybgPHn/install/canopen_interfaces/share/ament_index/resource_index/packages/canopen_interfaces
-- Installing: /tmp/agrobot-next-build-ybgPHn/install/canopen_interfaces/share/canopen_interfaces/cmake/export_canopen_interfaces__rosidl_generator_cExport.cmake
-- Installing: /tmp/agrobot-next-build-ybgPHn/install/canopen_interfaces/share/canopen_interfaces/cmake/export_canopen_interfaces__rosidl_generator_cExport-noconfig.cmake
-- Installing: /tmp/agrobot-next-build-ybgPHn/install/canopen_interfaces/share/canopen_interfaces/cmake/export_canopen_interfaces__rosidl_typesupport_fastrtps_cExport.cmake
-- Installing: /tmp/agrobot-next-build-ybgPHn/install/canopen_interfaces/share/canopen_interfaces/cmake/export_canopen_interfaces__rosidl_typesupport_fastrtps_cExport-noconfig.cmake
-- Installing: /tmp/agrobot-next-build-ybgPHn/install/canopen_interfaces/share/canopen_interfaces/cmake/canopen_interfaces__rosidl_typesupport_introspection_cExport.cmake
-- Installing: /tmp/agrobot-next-build-ybgPHn/install/canopen_interfaces/share/canopen_interfaces/cmake/canopen_interfaces__rosidl_typesupport_introspection_cExport-noconfig.cmake
-- Installing: /tmp/agrobot-next-build-ybgPHn/install/canopen_interfaces/share/canopen_interfaces/cmake/canopen_interfaces__rosidl_typesupport_cExport.cmake
-- Installing: /tmp/agrobot-next-build-ybgPHn/install/canopen_interfaces/share/canopen_interfaces/cmake/canopen_interfaces__rosidl_typesupport_cExport-noconfig.cmake
-- Installing: /tmp/agrobot-next-build-ybgPHn/install/canopen_interfaces/share/canopen_interfaces/cmake/export_canopen_interfaces__rosidl_generator_cppExport.cmake
-- Installing: /tmp/agrobot-next-build-ybgPHn/install/canopen_interfaces/share/canopen_interfaces/cmake/export_canopen_interfaces__rosidl_typesupport_fastrtps_cppExport.cmake
-- Installing: /tmp/agrobot-next-build-ybgPHn/install/canopen_interfaces/share/canopen_interfaces/cmake/export_canopen_interfaces__rosidl_typesupport_fastrtps_cppExport-noconfig.cmake
-- Installing: /tmp/agrobot-next-build-ybgPHn/install/canopen_interfaces/share/canopen_interfaces/cmake/canopen_interfaces__rosidl_typesupport_introspection_cppExport.cmake
-- Installing: /tmp/agrobot-next-build-ybgPHn/install/canopen_interfaces/share/canopen_interfaces/cmake/canopen_interfaces__rosidl_typesupport_introspection_cppExport-noconfig.cmake
-- Installing: /tmp/agrobot-next-build-ybgPHn/install/canopen_interfaces/share/canopen_interfaces/cmake/canopen_interfaces__rosidl_typesupport_cppExport.cmake
-- Installing: /tmp/agrobot-next-build-ybgPHn/install/canopen_interfaces/share/canopen_interfaces/cmake/canopen_interfaces__rosidl_typesupport_cppExport-noconfig.cmake
-- Installing: /tmp/agrobot-next-build-ybgPHn/install/canopen_interfaces/share/canopen_interfaces/cmake/export_canopen_interfaces__rosidl_generator_pyExport.cmake
-- Installing: /tmp/agrobot-next-build-ybgPHn/install/canopen_interfaces/share/canopen_interfaces/cmake/export_canopen_interfaces__rosidl_generator_pyExport-noconfig.cmake
-- Installing: /tmp/agrobot-next-build-ybgPHn/install/canopen_interfaces/share/canopen_interfaces/cmake/rosidl_cmake-extras.cmake
-- Installing: /tmp/agrobot-next-build-ybgPHn/install/canopen_interfaces/share/canopen_interfaces/cmake/ament_cmake_export_dependencies-extras.cmake
-- Installing: /tmp/agrobot-next-build-ybgPHn/install/canopen_interfaces/share/canopen_interfaces/cmake/ament_cmake_export_include_directories-extras.cmake
-- Installing: /tmp/agrobot-next-build-ybgPHn/install/canopen_interfaces/share/canopen_interfaces/cmake/ament_cmake_export_libraries-extras.cmake
-- Installing: /tmp/agrobot-next-build-ybgPHn/install/canopen_interfaces/share/canopen_interfaces/cmake/ament_cmake_export_targets-extras.cmake
-- Installing: /tmp/agrobot-next-build-ybgPHn/install/canopen_interfaces/share/canopen_interfaces/cmake/rosidl_cmake_export_typesupport_targets-extras.cmake
-- Installing: /tmp/agrobot-next-build-ybgPHn/install/canopen_interfaces/share/canopen_interfaces/cmake/rosidl_cmake_export_typesupport_libraries-extras.cmake
-- Installing: /tmp/agrobot-next-build-ybgPHn/install/canopen_interfaces/share/canopen_interfaces/cmake/rosidl_cmake_aggregate_target-extras.cmake
-- Installing: /tmp/agrobot-next-build-ybgPHn/install/canopen_interfaces/share/canopen_interfaces/cmake/canopen_interfacesConfig.cmake
-- Installing: /tmp/agrobot-next-build-ybgPHn/install/canopen_interfaces/share/canopen_interfaces/cmake/canopen_interfacesConfig-version.cmake
-- Installing: /tmp/agrobot-next-build-ybgPHn/install/canopen_interfaces/share/canopen_interfaces/package.xml
--- stderr: canopen_interfaces
gmake[2]: Warning: File 'rosidl_generator_c/canopen_interfaces/srv/detail/co_read__description.c' has modification time 0.026 s in the future
gmake[2]: warning:  Clock skew detected.  Your build may be incomplete.
---
Finished <<< canopen_interfaces [13.4s]
Starting >>> canopen_utils
checking build system type... x86_64-pc-linux-gnu
checking host system type... x86_64-pc-linux-gnu
checking target system type... x86_64-pc-linux-gnu
checking for a BSD-compatible install... /usr/bin/install -c
checking whether build environment is sane... yes
checking for a race-free mkdir -p... /usr/bin/mkdir -p
checking for gawk... gawk
checking whether make sets $(MAKE)... yes
-- Found Python3: /usr/bin/python3 (found version "3.12.3") found components: Interpreter 
checking whether make supports nested variables... yes
checking whether to enable maintainer-specific portions of Makefiles... yes
checking whether make supports nested variables... (cached) yes
checking for a sed that does not truncate output... /usr/bin/sed
checking whether to build with code coverage support... no
checking for valgrind... no
checking whether make supports the include directive... yes (GNU style)
checking for gcc... gcc
[ 80%] Linking CXX shared library librobot_interfaces__rosidl_typesupport_fastrtps_c.so
[ 80%] Built target robot_interfaces__rosidl_typesupport_cpp
-- Configuring done (3.7s)
-- Generating done (0.0s)
[ 81%] Linking CXX shared library librobot_interfaces__rosidl_typesupport_introspection_cpp.so
-- Build files have been written to: /tmp/agrobot-next-build-ybgPHn/build/moveit_config
checking whether the C compiler works... yes
checking for C compiler default output file name... a.out
[ 81%] Built target robot_interfaces__rosidl_typesupport_fastrtps_c
[ 81%] Built target robot_interfaces__rosidl_typesupport_introspection_cpp
-- Install configuration: ""
-- Installing: /tmp/agrobot-next-build-ybgPHn/install/moveit_config/share/ament_index/resource_index/package_run_dependencies/moveit_config
-- Installing: /tmp/agrobot-next-build-ybgPHn/install/moveit_config/share/ament_index/resource_index/parent_prefix_path/moveit_config
-- Installing: /tmp/agrobot-next-build-ybgPHn/install/moveit_config/share/moveit_config/environment/ament_prefix_path.sh
-- Installing: /tmp/agrobot-next-build-ybgPHn/install/moveit_config/share/moveit_config/environment/ament_prefix_path.dsv
-- Installing: /tmp/agrobot-next-build-ybgPHn/install/moveit_config/share/moveit_config/environment/path.sh
-- Installing: /tmp/agrobot-next-build-ybgPHn/install/moveit_config/share/moveit_config/environment/path.dsv
-- Installing: /tmp/agrobot-next-build-ybgPHn/install/moveit_config/share/moveit_config/local_setup.bash
-- Installing: /tmp/agrobot-next-build-ybgPHn/install/moveit_config/share/moveit_config/local_setup.sh
-- Installing: /tmp/agrobot-next-build-ybgPHn/install/moveit_config/share/moveit_config/local_setup.zsh
-- Installing: /tmp/agrobot-next-build-ybgPHn/install/moveit_config/share/moveit_config/local_setup.dsv
-- Installing: /tmp/agrobot-next-build-ybgPHn/install/moveit_config/share/moveit_config/package.dsv
-- Installing: /tmp/agrobot-next-build-ybgPHn/install/moveit_config/share/ament_index/resource_index/packages/moveit_config
-- Installing: /tmp/agrobot-next-build-ybgPHn/install/moveit_config/share/moveit_config/cmake/moveit_configConfig.cmake
-- Installing: /tmp/agrobot-next-build-ybgPHn/install/moveit_config/share/moveit_config/cmake/moveit_configConfig-version.cmake
-- Installing: /tmp/agrobot-next-build-ybgPHn/install/moveit_config/share/moveit_config/package.xml
-- Installing: /tmp/agrobot-next-build-ybgPHn/install/moveit_config/share/moveit_config/launch
-- Installing: /tmp/agrobot-next-build-ybgPHn/install/moveit_config/share/moveit_config/launch/spawn_controllers.launch.py
-- Installing: /tmp/agrobot-next-build-ybgPHn/install/moveit_config/share/moveit_config/launch/moveit_rviz.launch.py
-- Installing: /tmp/agrobot-next-build-ybgPHn/install/moveit_config/share/moveit_config/launch/rsp.launch.py
-- Installing: /tmp/agrobot-next-build-ybgPHn/install/moveit_config/share/moveit_config/launch/warehouse_db.launch.py
-- Installing: /tmp/agrobot-next-build-ybgPHn/install/moveit_config/share/moveit_config/launch/static_virtual_joint_tfs.launch.py
-- Installing: /tmp/agrobot-next-build-ybgPHn/install/moveit_config/share/moveit_config/launch/demo.launch.py
-- Installing: /tmp/agrobot-next-build-ybgPHn/install/moveit_config/share/moveit_config/launch/move_group.launch.py
-- Installing: /tmp/agrobot-next-build-ybgPHn/install/moveit_config/share/moveit_config/launch/setup_assistant.launch.py
-- Installing: /tmp/agrobot-next-build-ybgPHn/install/moveit_config/share/moveit_config/config
-- Installing: /tmp/agrobot-next-build-ybgPHn/install/moveit_config/share/moveit_config/config/robot.urdf.xacro
-- Installing: /tmp/agrobot-next-build-ybgPHn/install/moveit_config/share/moveit_config/config/joint_limits.yaml.bak_joint0_limits_20260509_221213
-- Installing: /tmp/agrobot-next-build-ybgPHn/install/moveit_config/share/moveit_config/config/robot.srdf
-- Installing: /tmp/agrobot-next-build-ybgPHn/install/moveit_config/share/moveit_config/config/moveit_controllers.yaml.bak.1778687197
-- Installing: /tmp/agrobot-next-build-ybgPHn/install/moveit_config/share/moveit_config/config/moveit.rviz
-- Installing: /tmp/agrobot-next-build-ybgPHn/install/moveit_config/share/moveit_config/config/initial_positions.yaml
-- Installing: /tmp/agrobot-next-build-ybgPHn/install/moveit_config/share/moveit_config/config/moveit_controllers.yaml
-- Installing: /tmp/agrobot-next-build-ybgPHn/install/moveit_config/share/moveit_config/config/ros2_controllers.yaml
-- Installing: /tmp/agrobot-next-build-ybgPHn/install/moveit_config/share/moveit_config/config/robot.ros2_control.xacro
-- Installing: /tmp/agrobot-next-build-ybgPHn/install/moveit_config/share/moveit_config/config/kinematics.yaml
-- Installing: /tmp/agrobot-next-build-ybgPHn/install/moveit_config/share/moveit_config/config/pilz_cartesian_limits.yaml
-- Installing: /tmp/agrobot-next-build-ybgPHn/install/moveit_config/share/moveit_config/config/joint_limits.yaml
-- Installing: /tmp/agrobot-next-build-ybgPHn/install/moveit_config/share/moveit_config/.setup_assistant
Finished <<< moveit_config [3.98s]
Starting >>> epos2_bridge
checking for suffix of executables... 
checking whether we are cross compiling... no
checking for suffix of object files... o
[ 82%] Linking CXX shared library librobot_interfaces__rosidl_typesupport_fastrtps_cpp.so
checking whether the compiler supports GNU C... yes
checking whether gcc accepts -g... yes
checking for gcc option to enable C11 features... none needed
checking whether gcc understands -c and -o together... yes
checking dependency style of gcc... gcc3
checking for stdio.h... yes
checking for stdlib.h... yes
checking for string.h... yes
checking for inttypes.h... yes
checking for stdint.h... yes
checking for strings.h... yes
checking for sys/stat.h... yes
checking for sys/types.h... yes
checking for unistd.h... yes
[ 82%] Built target robot_interfaces__rosidl_typesupport_fastrtps_cpp
[ 82%] Built target robot_interfaces
[ 84%] Generating Python code for ROS interfaces
checking for wchar.h... yes
checking for minix/config.h... no
checking whether it is safe to define __EXTENSIONS__... yes
checking whether _XOPEN_SOURCE should be defined... no
checking for g++... g++
checking whether the compiler supports GNU C++... yes
checking whether g++ accepts -g... yes
checking for g++ option to enable C++11 features... none needed
running egg_info
creating ../../../../../../../tmp/agrobot-next-build-ybgPHn/build/canopen_utils/canopen_utils.egg-info
checking dependency style of g++... gcc3
writing ../../../../../../../tmp/agrobot-next-build-ybgPHn/build/canopen_utils/canopen_utils.egg-info/PKG-INFO
writing dependency_links to ../../../../../../../tmp/agrobot-next-build-ybgPHn/build/canopen_utils/canopen_utils.egg-info/dependency_links.txt
writing entry points to ../../../../../../../tmp/agrobot-next-build-ybgPHn/build/canopen_utils/canopen_utils.egg-info/entry_points.txt
writing requirements to ../../../../../../../tmp/agrobot-next-build-ybgPHn/build/canopen_utils/canopen_utils.egg-info/requires.txt
writing top-level names to ../../../../../../../tmp/agrobot-next-build-ybgPHn/build/canopen_utils/canopen_utils.egg-info/top_level.txt
writing manifest file '../../../../../../../tmp/agrobot-next-build-ybgPHn/build/canopen_utils/canopen_utils.egg-info/SOURCES.txt'
checking whether g++ supports C++11 features with -std=gnu++11... yes
reading manifest file '../../../../../../../tmp/agrobot-next-build-ybgPHn/build/canopen_utils/canopen_utils.egg-info/SOURCES.txt'
adding license file 'LICENSE'
writing manifest file '../../../../../../../tmp/agrobot-next-build-ybgPHn/build/canopen_utils/canopen_utils.egg-info/SOURCES.txt'
running build
running build_py
creating /tmp/agrobot-next-build-ybgPHn/build/canopen_utils/build
creating /tmp/agrobot-next-build-ybgPHn/build/canopen_utils/build/lib
creating /tmp/agrobot-next-build-ybgPHn/build/canopen_utils/build/lib/canopen_utils
copying canopen_utils/launch_test_node.py -> /tmp/agrobot-next-build-ybgPHn/build/canopen_utils/build/lib/canopen_utils
copying canopen_utils/test_node.py -> /tmp/agrobot-next-build-ybgPHn/build/canopen_utils/build/lib/canopen_utils
copying canopen_utils/simple_rpdo_tpdo_tester.py -> /tmp/agrobot-next-build-ybgPHn/build/canopen_utils/build/lib/canopen_utils
copying canopen_utils/__init__.py -> /tmp/agrobot-next-build-ybgPHn/build/canopen_utils/build/lib/canopen_utils
copying canopen_utils/cyclic_tester.py -> /tmp/agrobot-next-build-ybgPHn/build/canopen_utils/build/lib/canopen_utils
running install
running install_lib
creating /tmp/agrobot-next-build-ybgPHn/install/canopen_utils/lib/python3.12/site-packages/canopen_utils
copying /tmp/agrobot-next-build-ybgPHn/build/canopen_utils/build/lib/canopen_utils/launch_test_node.py -> /tmp/agrobot-next-build-ybgPHn/install/canopen_utils/lib/python3.12/site-packages/canopen_utils
copying /tmp/agrobot-next-build-ybgPHn/build/canopen_utils/build/lib/canopen_utils/test_node.py -> /tmp/agrobot-next-build-ybgPHn/install/canopen_utils/lib/python3.12/site-packages/canopen_utils
copying /tmp/agrobot-next-build-ybgPHn/build/canopen_utils/build/lib/canopen_utils/simple_rpdo_tpdo_tester.py -> /tmp/agrobot-next-build-ybgPHn/install/canopen_utils/lib/python3.12/site-packages/canopen_utils
copying /tmp/agrobot-next-build-ybgPHn/build/canopen_utils/build/lib/canopen_utils/__init__.py -> /tmp/agrobot-next-build-ybgPHn/install/canopen_utils/lib/python3.12/site-packages/canopen_utils
copying /tmp/agrobot-next-build-ybgPHn/build/canopen_utils/build/lib/canopen_utils/cyclic_tester.py -> /tmp/agrobot-next-build-ybgPHn/install/canopen_utils/lib/python3.12/site-packages/canopen_utils
byte-compiling /tmp/agrobot-next-build-ybgPHn/install/canopen_utils/lib/python3.12/site-packages/canopen_utils/launch_test_node.py to launch_test_node.cpython-312.pyc
byte-compiling /tmp/agrobot-next-build-ybgPHn/install/canopen_utils/lib/python3.12/site-packages/canopen_utils/test_node.py to test_node.cpython-312.pyc
byte-compiling /tmp/agrobot-next-build-ybgPHn/install/canopen_utils/lib/python3.12/site-packages/canopen_utils/simple_rpdo_tpdo_tester.py to simple_rpdo_tpdo_tester.cpython-312.pyc
byte-compiling /tmp/agrobot-next-build-ybgPHn/install/canopen_utils/lib/python3.12/site-packages/canopen_utils/__init__.py to __init__.cpython-312.pyc
byte-compiling /tmp/agrobot-next-build-ybgPHn/install/canopen_utils/lib/python3.12/site-packages/canopen_utils/cyclic_tester.py to cyclic_tester.cpython-312.pyc
running install_data
creating /tmp/agrobot-next-build-ybgPHn/install/canopen_utils/share/ament_index
creating /tmp/agrobot-next-build-ybgPHn/install/canopen_utils/share/ament_index/resource_index
creating /tmp/agrobot-next-build-ybgPHn/install/canopen_utils/share/ament_index/resource_index/packages
copying resource/canopen_utils -> /tmp/agrobot-next-build-ybgPHn/install/canopen_utils/share/ament_index/resource_index/packages
copying package.xml -> /tmp/agrobot-next-build-ybgPHn/install/canopen_utils/share/canopen_utils
running install_egg_info
Copying ../../../../../../../tmp/agrobot-next-build-ybgPHn/build/canopen_utils/canopen_utils.egg-info to /tmp/agrobot-next-build-ybgPHn/install/canopen_utils/lib/python3.12/site-packages/canopen_utils-0.3.1-py3.12.egg-info
running install_scripts
checking how to print strings... printf
checking for a sed that does not truncate output... (cached) /usr/bin/sed
checking for grep that handles long lines and -e... /usr/bin/grep
checking for egrep... /usr/bin/grep -E
checking for fgrep... /usr/bin/grep -F
checking for ld used by gcc... /usr/bin/ld
checking if the linker (/usr/bin/ld) is GNU ld... yes
checking for BSD- or MS-compatible name lister (nm)... /usr/bin/nm -B
checking the name lister (/usr/bin/nm -B) interface... BSD nm
checking whether ln -s works... yes
checking the maximum length of command line arguments... 1572864
checking how to convert x86_64-pc-linux-gnu file names to x86_64-pc-linux-gnu format... func_convert_file_noop
checking how to convert x86_64-pc-linux-gnu file names to toolchain format... func_convert_file_noop
checking for /usr/bin/ld option to reload object files... -r
checking for file... file
checking for objdump... objdump
checking how to recognize dependent libraries... pass_all
Installing cyclic_tester script to /tmp/agrobot-next-build-ybgPHn/install/canopen_utils/lib/canopen_utils
Installing simple_tester script to /tmp/agrobot-next-build-ybgPHn/install/canopen_utils/lib/canopen_utils
writing list of installed files to '/tmp/agrobot-next-build-ybgPHn/build/canopen_utils/install.log'
checking for dlltool... no
checking how to associate runtime and link libraries... printf %s\n
checking for ar... ar
Finished <<< canopen_utils [1.24s]
Starting >>> robot_bringup
checking for archiver @FILE support... @
checking for strip... strip
checking for ranlib... ranlib
[ 84%] Built target robot_interfaces__py
[ 89%] Building C object CMakeFiles/robot_interfaces__rosidl_generator_py.dir/rosidl_generator_py/robot_interfaces/msg/_pose_command_s.c.o
[ 89%] Building C object CMakeFiles/robot_interfaces__rosidl_generator_py.dir/rosidl_generator_py/robot_interfaces/msg/_position_command_s.c.o
[ 90%] Building C object CMakeFiles/robot_interfaces__rosidl_generator_py.dir/rosidl_generator_py/robot_interfaces/srv/_set_indicator_s.c.o
[ 89%] Building C object CMakeFiles/robot_interfaces__rosidl_generator_py.dir/rosidl_generator_py/robot_interfaces/action/_pick_sequence_s.c.o
[ 89%] Building C object CMakeFiles/robot_interfaces__rosidl_generator_py.dir/rosidl_generator_py/robot_interfaces/msg/_joint_command_s.c.o
checking command to parse /usr/bin/nm -B output from gcc object... ok
checking for sysroot... no
checking for a working dd... /usr/bin/dd
checking how to truncate binary pipes... /usr/bin/dd bs=4096 count=1
checking for mt... no
checking if : is a manifest tool... no
-- The C compiler identification is GNU 13.3.0
[ 92%] Linking C shared library librobot_interfaces__rosidl_generator_py.so
checking for dlfcn.h... yes
checking for objdir... .libs
[ 92%] Built target robot_interfaces__rosidl_generator_py
[ 96%] Building C object CMakeFiles/robot_interfaces_s__rosidl_typesupport_fastrtps_c.dir/rosidl_generator_py/robot_interfaces/_robot_interfaces_s.ep.rosidl_typesupport_fastrtps_c.c.o
[ 96%] Building C object CMakeFiles/robot_interfaces_s__rosidl_typesupport_introspection_c.dir/rosidl_generator_py/robot_interfaces/_robot_interfaces_s.ep.rosidl_typesupport_introspection_c.c.o
[ 96%] Building C object CMakeFiles/robot_interfaces_s__rosidl_typesupport_c.dir/rosidl_generator_py/robot_interfaces/_robot_interfaces_s.ep.rosidl_typesupport_c.c.o
checking if gcc supports -fno-rtti -fno-exceptions... no
checking for gcc option to produce PIC... -fPIC -DPIC
checking if gcc PIC flag -fPIC -DPIC works... yes
[ 98%] Linking C shared module rosidl_generator_py/robot_interfaces/robot_interfaces_s__rosidl_typesupport_c.so
[ 98%] Linking C shared module rosidl_generator_py/robot_interfaces/robot_interfaces_s__rosidl_typesupport_introspection_c.so
[100%] Linking C shared module rosidl_generator_py/robot_interfaces/robot_interfaces_s__rosidl_typesupport_fastrtps_c.so
running egg_info
creating ../../../../../../tmp/agrobot-next-build-ybgPHn/build/epos2_bridge/epos2_bridge.egg-info
writing ../../../../../../tmp/agrobot-next-build-ybgPHn/build/epos2_bridge/epos2_bridge.egg-info/PKG-INFO
writing dependency_links to ../../../../../../tmp/agrobot-next-build-ybgPHn/build/epos2_bridge/epos2_bridge.egg-info/dependency_links.txt
writing entry points to ../../../../../../tmp/agrobot-next-build-ybgPHn/build/epos2_bridge/epos2_bridge.egg-info/entry_points.txt
writing requirements to ../../../../../../tmp/agrobot-next-build-ybgPHn/build/epos2_bridge/epos2_bridge.egg-info/requires.txt
writing top-level names to ../../../../../../tmp/agrobot-next-build-ybgPHn/build/epos2_bridge/epos2_bridge.egg-info/top_level.txt
writing manifest file '../../../../../../tmp/agrobot-next-build-ybgPHn/build/epos2_bridge/epos2_bridge.egg-info/SOURCES.txt'
reading manifest file '../../../../../../tmp/agrobot-next-build-ybgPHn/build/epos2_bridge/epos2_bridge.egg-info/SOURCES.txt'
adding license file 'LICENSE'
writing manifest file '../../../../../../tmp/agrobot-next-build-ybgPHn/build/epos2_bridge/epos2_bridge.egg-info/SOURCES.txt'
running build
running build_py
creating /tmp/agrobot-next-build-ybgPHn/build/epos2_bridge/build
creating /tmp/agrobot-next-build-ybgPHn/build/epos2_bridge/build/lib
creating /tmp/agrobot-next-build-ybgPHn/build/epos2_bridge/build/lib/epos2_bridge
copying epos2_bridge/epos2_j3_bridge_WORKING.py -> /tmp/agrobot-next-build-ybgPHn/build/epos2_bridge/build/lib/epos2_bridge
copying epos2_bridge/epos2_joint_bridge_prototype_safe.py -> /tmp/agrobot-next-build-ybgPHn/build/epos2_bridge/build/lib/epos2_bridge
copying epos2_bridge/epos2_arm_controller.py -> /tmp/agrobot-next-build-ybgPHn/build/epos2_bridge/build/lib/epos2_bridge
copying epos2_bridge/epos2_j3_bridge.py -> /tmp/agrobot-next-build-ybgPHn/build/epos2_bridge/build/lib/epos2_bridge
copying epos2_bridge/epos2_fjt_fanout.py -> /tmp/agrobot-next-build-ybgPHn/build/epos2_bridge/build/lib/epos2_bridge
copying epos2_bridge/epos2_joint_bridge.py -> /tmp/agrobot-next-build-ybgPHn/build/epos2_bridge/build/lib/epos2_bridge
copying epos2_bridge/__init__.py -> /tmp/agrobot-next-build-ybgPHn/build/epos2_bridge/build/lib/epos2_bridge
copying epos2_bridge/pvt_reduce.py -> /tmp/agrobot-next-build-ybgPHn/build/epos2_bridge/build/lib/epos2_bridge
copying epos2_bridge/epos2_j3_bridge_clean.py -> /tmp/agrobot-next-build-ybgPHn/build/epos2_bridge/build/lib/epos2_bridge
running install
running install_lib
[100%] Built target robot_interfaces_s__rosidl_typesupport_c
[100%] Built target robot_interfaces_s__rosidl_typesupport_introspection_c
creating /tmp/agrobot-next-build-ybgPHn/install/epos2_bridge/lib/python3.12/site-packages/epos2_bridge
copying /tmp/agrobot-next-build-ybgPHn/build/epos2_bridge/build/lib/epos2_bridge/epos2_j3_bridge_WORKING.py -> /tmp/agrobot-next-build-ybgPHn/install/epos2_bridge/lib/python3.12/site-packages/epos2_bridge
copying /tmp/agrobot-next-build-ybgPHn/build/epos2_bridge/build/lib/epos2_bridge/epos2_joint_bridge_prototype_safe.py -> /tmp/agrobot-next-build-ybgPHn/install/epos2_bridge/lib/python3.12/site-packages/epos2_bridge
copying /tmp/agrobot-next-build-ybgPHn/build/epos2_bridge/build/lib/epos2_bridge/epos2_arm_controller.py -> /tmp/agrobot-next-build-ybgPHn/install/epos2_bridge/lib/python3.12/site-packages/epos2_bridge
copying /tmp/agrobot-next-build-ybgPHn/build/epos2_bridge/build/lib/epos2_bridge/epos2_j3_bridge.py -> /tmp/agrobot-next-build-ybgPHn/install/epos2_bridge/lib/python3.12/site-packages/epos2_bridge
copying /tmp/agrobot-next-build-ybgPHn/build/epos2_bridge/build/lib/epos2_bridge/epos2_fjt_fanout.py -> /tmp/agrobot-next-build-ybgPHn/install/epos2_bridge/lib/python3.12/site-packages/epos2_bridge
copying /tmp/agrobot-next-build-ybgPHn/build/epos2_bridge/build/lib/epos2_bridge/epos2_joint_bridge.py -> /tmp/agrobot-next-build-ybgPHn/install/epos2_bridge/lib/python3.12/site-packages/epos2_bridge
copying /tmp/agrobot-next-build-ybgPHn/build/epos2_bridge/build/lib/epos2_bridge/__init__.py -> /tmp/agrobot-next-build-ybgPHn/install/epos2_bridge/lib/python3.12/site-packages/epos2_bridge
copying /tmp/agrobot-next-build-ybgPHn/build/epos2_bridge/build/lib/epos2_bridge/pvt_reduce.py -> /tmp/agrobot-next-build-ybgPHn/install/epos2_bridge/lib/python3.12/site-packages/epos2_bridge
copying /tmp/agrobot-next-build-ybgPHn/build/epos2_bridge/build/lib/epos2_bridge/epos2_j3_bridge_clean.py -> /tmp/agrobot-next-build-ybgPHn/install/epos2_bridge/lib/python3.12/site-packages/epos2_bridge
byte-compiling /tmp/agrobot-next-build-ybgPHn/install/epos2_bridge/lib/python3.12/site-packages/epos2_bridge/epos2_j3_bridge_WORKING.py to epos2_j3_bridge_WORKING.cpython-312.pyc
checking if gcc static flag -static works... yes
byte-compiling /tmp/agrobot-next-build-ybgPHn/install/epos2_bridge/lib/python3.12/site-packages/epos2_bridge/epos2_joint_bridge_prototype_safe.py to epos2_joint_bridge_prototype_safe.cpython-312.pyc
byte-compiling /tmp/agrobot-next-build-ybgPHn/install/epos2_bridge/lib/python3.12/site-packages/epos2_bridge/epos2_arm_controller.py to epos2_arm_controller.cpython-312.pyc
[100%] Built target robot_interfaces_s__rosidl_typesupport_fastrtps_c
byte-compiling /tmp/agrobot-next-build-ybgPHn/install/epos2_bridge/lib/python3.12/site-packages/epos2_bridge/epos2_j3_bridge.py to epos2_j3_bridge.cpython-312.pyc
checking if gcc supports -c -o file.o... yes
checking if gcc supports -c -o file.o... (cached) yes
checking whether the gcc linker (/usr/bin/ld -m elf_x86_64) supports shared libraries... yes
byte-compiling /tmp/agrobot-next-build-ybgPHn/install/epos2_bridge/lib/python3.12/site-packages/epos2_bridge/epos2_fjt_fanout.py to epos2_fjt_fanout.cpython-312.pyc
byte-compiling /tmp/agrobot-next-build-ybgPHn/install/epos2_bridge/lib/python3.12/site-packages/epos2_bridge/epos2_joint_bridge.py to epos2_joint_bridge.cpython-312.pyc
-- Install configuration: ""
-- Installing: /tmp/agrobot-next-build-ybgPHn/install/robot_interfaces/share/ament_index/resource_index/rosidl_interfaces/robot_interfaces
-- Installing: /tmp/agrobot-next-build-ybgPHn/install/robot_interfaces/share/robot_interfaces/msg/JointCommand.json
-- Installing: /tmp/agrobot-next-build-ybgPHn/install/robot_interfaces/share/robot_interfaces/msg/PoseCommand.json
-- Installing: /tmp/agrobot-next-build-ybgPHn/install/robot_interfaces/share/robot_interfaces/msg/PositionCommand.json
-- Installing: /tmp/agrobot-next-build-ybgPHn/install/robot_interfaces/share/robot_interfaces/action/PickSequence.json
-- Installing: /tmp/agrobot-next-build-ybgPHn/install/robot_interfaces/share/robot_interfaces/srv/SetIndicator.json
-- Installing: /tmp/agrobot-next-build-ybgPHn/install/robot_interfaces/include/robot_interfaces/robot_interfaces
-- Installing: /tmp/agrobot-next-build-ybgPHn/install/robot_interfaces/include/robot_interfaces/robot_interfaces/srv
-- Installing: /tmp/agrobot-next-build-ybgPHn/install/robot_interfaces/include/robot_interfaces/robot_interfaces/srv/detail
-- Installing: /tmp/agrobot-next-build-ybgPHn/install/robot_interfaces/include/robot_interfaces/robot_interfaces/srv/detail/set_indicator__struct.h
-- Installing: /tmp/agrobot-next-build-ybgPHn/install/robot_interfaces/include/robot_interfaces/robot_interfaces/srv/detail/set_indicator__type_support.c
-- Installing: /tmp/agrobot-next-build-ybgPHn/install/robot_interfaces/include/robot_interfaces/robot_interfaces/srv/detail/set_indicator__description.c
-- Installing: /tmp/agrobot-next-build-ybgPHn/install/robot_interfaces/include/robot_interfaces/robot_interfaces/srv/detail/set_indicator__functions.h
-- Installing: /tmp/agrobot-next-build-ybgPHn/install/robot_interfaces/include/robot_interfaces/robot_interfaces/srv/detail/set_indicator__type_support.h
-- Installing: /tmp/agrobot-next-build-ybgPHn/install/robot_interfaces/include/robot_interfaces/robot_interfaces/srv/detail/set_indicator__functions.c
-- Installing: /tmp/agrobot-next-build-ybgPHn/install/robot_interfaces/include/robot_interfaces/robot_interfaces/srv/set_indicator.h
-- Installing: /tmp/agrobot-next-build-ybgPHn/install/robot_interfaces/include/robot_interfaces/robot_interfaces/action
-- Installing: /tmp/agrobot-next-build-ybgPHn/install/robot_interfaces/include/robot_interfaces/robot_interfaces/action/detail
-- Installing: /tmp/agrobot-next-build-ybgPHn/install/robot_interfaces/include/robot_interfaces/robot_interfaces/action/detail/pick_sequence__functions.c
-- Installing: /tmp/agrobot-next-build-ybgPHn/install/robot_interfaces/include/robot_interfaces/robot_interfaces/action/detail/pick_sequence__functions.h
-- Installing: /tmp/agrobot-next-build-ybgPHn/install/robot_interfaces/include/robot_interfaces/robot_interfaces/action/detail/pick_sequence__struct.h
-- Installing: /tmp/agrobot-next-build-ybgPHn/install/robot_interfaces/include/robot_interfaces/robot_interfaces/action/detail/pick_sequence__type_support.h
-- Installing: /tmp/agrobot-next-build-ybgPHn/install/robot_interfaces/include/robot_interfaces/robot_interfaces/action/detail/pick_sequence__description.c
-- Installing: /tmp/agrobot-next-build-ybgPHn/install/robot_interfaces/include/robot_interfaces/robot_interfaces/action/detail/pick_sequence__type_support.c
-- Installing: /tmp/agrobot-next-build-ybgPHn/install/robot_interfaces/include/robot_interfaces/robot_interfaces/action/pick_sequence.h
-- Installing: /tmp/agrobot-next-build-ybgPHn/install/robot_interfaces/include/robot_interfaces/robot_interfaces/msg
-- Installing: /tmp/agrobot-next-build-ybgPHn/install/robot_interfaces/include/robot_interfaces/robot_interfaces/msg/joint_command.h
-- Installing: /tmp/agrobot-next-build-ybgPHn/install/robot_interfaces/include/robot_interfaces/robot_interfaces/msg/rosidl_generator_c__visibility_control.h
-- Installing: /tmp/agrobot-next-build-ybgPHn/install/robot_interfaces/include/robot_interfaces/robot_interfaces/msg/detail
-- Installing: /tmp/agrobot-next-build-ybgPHn/install/robot_interfaces/include/robot_interfaces/robot_interfaces/msg/detail/pose_command__type_support.c
-- Installing: /tmp/agrobot-next-build-ybgPHn/install/robot_interfaces/include/robot_interfaces/robot_interfaces/msg/detail/joint_command__type_support.c
-- Installing: /tmp/agrobot-next-build-ybgPHn/install/robot_interfaces/include/robot_interfaces/robot_interfaces/msg/detail/joint_command__struct.h
-- Installing: /tmp/agrobot-next-build-ybgPHn/install/robot_interfaces/include/robot_interfaces/robot_interfaces/msg/detail/pose_command__functions.c
-- Installing: /tmp/agrobot-next-build-ybgPHn/install/robot_interfaces/include/robot_interfaces/robot_interfaces/msg/detail/joint_command__functions.h
-- Installing: /tmp/agrobot-next-build-ybgPHn/install/robot_interfaces/include/robot_interfaces/robot_interfaces/msg/detail/joint_command__type_support.h
-- Installing: /tmp/agrobot-next-build-ybgPHn/install/robot_interfaces/include/robot_interfaces/robot_interfaces/msg/detail/pose_command__type_support.h
-- Installing: /tmp/agrobot-next-build-ybgPHn/install/robot_interfaces/include/robot_interfaces/robot_interfaces/msg/detail/position_command__functions.h
-- Installing: /tmp/agrobot-next-build-ybgPHn/install/robot_interfaces/include/robot_interfaces/robot_interfaces/msg/detail/pose_command__description.c
-- Installing: /tmp/agrobot-next-build-ybgPHn/install/robot_interfaces/include/robot_interfaces/robot_interfaces/msg/detail/position_command__type_support.h
-- Installing: /tmp/agrobot-next-build-ybgPHn/install/robot_interfaces/include/robot_interfaces/robot_interfaces/msg/detail/pose_command__functions.h
-- Installing: /tmp/agrobot-next-build-ybgPHn/install/robot_interfaces/include/robot_interfaces/robot_interfaces/msg/detail/joint_command__description.c
-- Installing: /tmp/agrobot-next-build-ybgPHn/install/robot_interfaces/include/robot_interfaces/robot_interfaces/msg/detail/pose_command__struct.h
-- Installing: /tmp/agrobot-next-build-ybgPHn/install/robot_interfaces/include/robot_interfaces/robot_interfaces/msg/detail/position_command__description.c
-- Installing: /tmp/agrobot-next-build-ybgPHn/install/robot_interfaces/include/robot_interfaces/robot_interfaces/msg/detail/position_command__struct.h
-- Installing: /tmp/agrobot-next-build-ybgPHn/install/robot_interfaces/include/robot_interfaces/robot_interfaces/msg/detail/joint_command__functions.c
-- Installing: /tmp/agrobot-next-build-ybgPHn/install/robot_interfaces/include/robot_interfaces/robot_interfaces/msg/detail/position_command__functions.c
-- Installing: /tmp/agrobot-next-build-ybgPHn/install/robot_interfaces/include/robot_interfaces/robot_interfaces/msg/detail/position_command__type_support.c
-- Installing: /tmp/agrobot-next-build-ybgPHn/install/robot_interfaces/include/robot_interfaces/robot_interfaces/msg/pose_command.h
-- Installing: /tmp/agrobot-next-build-ybgPHn/install/robot_interfaces/include/robot_interfaces/robot_interfaces/msg/position_command.h
-- Installing: /tmp/agrobot-next-build-ybgPHn/install/robot_interfaces/share/robot_interfaces/environment/library_path.sh
-- Installing: /tmp/agrobot-next-build-ybgPHn/install/robot_interfaces/share/robot_interfaces/environment/library_path.dsv
-- Installing: /tmp/agrobot-next-build-ybgPHn/install/robot_interfaces/lib/librobot_interfaces__rosidl_generator_c.so
-- Set non-toolchain portion of runtime path of "/tmp/agrobot-next-build-ybgPHn/install/robot_interfaces/lib/librobot_interfaces__rosidl_generator_c.so" to ""
-- Up-to-date: /tmp/agrobot-next-build-ybgPHn/install/robot_interfaces/include/robot_interfaces/robot_interfaces
-- Up-to-date: /tmp/agrobot-next-build-ybgPHn/install/robot_interfaces/include/robot_interfaces/robot_interfaces/srv
-- Up-to-date: /tmp/agrobot-next-build-ybgPHn/install/robot_interfaces/include/robot_interfaces/robot_interfaces/srv/detail
-- Installing: /tmp/agrobot-next-build-ybgPHn/install/robot_interfaces/include/robot_interfaces/robot_interfaces/srv/detail/set_indicator__rosidl_typesupport_fastrtps_c.h
-- Up-to-date: /tmp/agrobot-next-build-ybgPHn/install/robot_interfaces/include/robot_interfaces/robot_interfaces/action
-- Up-to-date: /tmp/agrobot-next-build-ybgPHn/install/robot_interfaces/include/robot_interfaces/robot_interfaces/action/detail
-- Installing: /tmp/agrobot-next-build-ybgPHn/install/robot_interfaces/include/robot_interfaces/robot_interfaces/action/detail/pick_sequence__rosidl_typesupport_fastrtps_c.h
-- Up-to-date: /tmp/agrobot-next-build-ybgPHn/install/robot_interfaces/include/robot_interfaces/robot_interfaces/msg
-- Up-to-date: /tmp/agrobot-next-build-ybgPHn/install/robot_interfaces/include/robot_interfaces/robot_interfaces/msg/detail
-- Installing: /tmp/agrobot-next-build-ybgPHn/install/robot_interfaces/include/robot_interfaces/robot_interfaces/msg/detail/pose_command__rosidl_typesupport_fastrtps_c.h
-- Installing: /tmp/agrobot-next-build-ybgPHn/install/robot_interfaces/include/robot_interfaces/robot_interfaces/msg/detail/position_command__rosidl_typesupport_fastrtps_c.h
-- Installing: /tmp/agrobot-next-build-ybgPHn/install/robot_interfaces/include/robot_interfaces/robot_interfaces/msg/detail/joint_command__rosidl_typesupport_fastrtps_c.h
-- Installing: /tmp/agrobot-next-build-ybgPHn/install/robot_interfaces/include/robot_interfaces/robot_interfaces/msg/rosidl_typesupport_fastrtps_c__visibility_control.h
-- Installing: /tmp/agrobot-next-build-ybgPHn/install/robot_interfaces/lib/librobot_interfaces__rosidl_typesupport_fastrtps_c.so
-- Set non-toolchain portion of runtime path of "/tmp/agrobot-next-build-ybgPHn/install/robot_interfaces/lib/librobot_interfaces__rosidl_typesupport_fastrtps_c.so" to ""
-- Up-to-date: /tmp/agrobot-next-build-ybgPHn/install/robot_interfaces/include/robot_interfaces/robot_interfaces
-- Up-to-date: /tmp/agrobot-next-build-ybgPHn/install/robot_interfaces/include/robot_interfaces/robot_interfaces/srv
-- Installing: /tmp/agrobot-next-build-ybgPHn/install/robot_interfaces/include/robot_interfaces/robot_interfaces/srv/set_indicator.hpp
-- Up-to-date: /tmp/agrobot-next-build-ybgPHn/install/robot_interfaces/include/robot_interfaces/robot_interfaces/srv/detail
-- Installing: /tmp/agrobot-next-build-ybgPHn/install/robot_interfaces/include/robot_interfaces/robot_interfaces/srv/detail/set_indicator__struct.hpp
-- Installing: /tmp/agrobot-next-build-ybgPHn/install/robot_interfaces/include/robot_interfaces/robot_interfaces/srv/detail/set_indicator__traits.hpp
-- Installing: /tmp/agrobot-next-build-ybgPHn/install/robot_interfaces/include/robot_interfaces/robot_interfaces/srv/detail/set_indicator__type_support.hpp
-- Installing: /tmp/agrobot-next-build-ybgPHn/install/robot_interfaces/include/robot_interfaces/robot_interfaces/srv/detail/set_indicator__builder.hpp
-- Up-to-date: /tmp/agrobot-next-build-ybgPHn/install/robot_interfaces/include/robot_interfaces/robot_interfaces/action
-- Installing: /tmp/agrobot-next-build-ybgPHn/install/robot_interfaces/include/robot_interfaces/robot_interfaces/action/pick_sequence.hpp
-- Up-to-date: /tmp/agrobot-next-build-ybgPHn/install/robot_interfaces/include/robot_interfaces/robot_interfaces/action/detail
-- Installing: /tmp/agrobot-next-build-ybgPHn/install/robot_interfaces/include/robot_interfaces/robot_interfaces/action/detail/pick_sequence__type_support.hpp
-- Installing: /tmp/agrobot-next-build-ybgPHn/install/robot_interfaces/include/robot_interfaces/robot_interfaces/action/detail/pick_sequence__struct.hpp
-- Installing: /tmp/agrobot-next-build-ybgPHn/install/robot_interfaces/include/robot_interfaces/robot_interfaces/action/detail/pick_sequence__traits.hpp
-- Installing: /tmp/agrobot-next-build-ybgPHn/install/robot_interfaces/include/robot_interfaces/robot_interfaces/action/detail/pick_sequence__builder.hpp
-- Up-to-date: /tmp/agrobot-next-build-ybgPHn/install/robot_interfaces/include/robot_interfaces/robot_interfaces/msg
-- Up-to-date: /tmp/agrobot-next-build-ybgPHn/install/robot_interfaces/include/robot_interfaces/robot_interfaces/msg/detail
-- Installing: /tmp/agrobot-next-build-ybgPHn/install/robot_interfaces/include/robot_interfaces/robot_interfaces/msg/detail/joint_command__type_support.hpp
-- Installing: /tmp/agrobot-next-build-ybgPHn/install/robot_interfaces/include/robot_interfaces/robot_interfaces/msg/detail/position_command__builder.hpp
-- Installing: /tmp/agrobot-next-build-ybgPHn/install/robot_interfaces/include/robot_interfaces/robot_interfaces/msg/detail/pose_command__traits.hpp
-- Installing: /tmp/agrobot-next-build-ybgPHn/install/robot_interfaces/include/robot_interfaces/robot_interfaces/msg/detail/pose_command__builder.hpp
-- Installing: /tmp/agrobot-next-build-ybgPHn/install/robot_interfaces/include/robot_interfaces/robot_interfaces/msg/detail/position_command__traits.hpp
-- Installing: /tmp/agrobot-next-build-ybgPHn/install/robot_interfaces/include/robot_interfaces/robot_interfaces/msg/detail/position_command__struct.hpp
-- Installing: /tmp/agrobot-next-build-ybgPHn/install/robot_interfaces/include/robot_interfaces/robot_interfaces/msg/detail/joint_command__builder.hpp
-- Installing: /tmp/agrobot-next-build-ybgPHn/install/robot_interfaces/include/robot_interfaces/robot_interfaces/msg/detail/position_command__type_support.hpp
-- Installing: /tmp/agrobot-next-build-ybgPHn/install/robot_interfaces/include/robot_interfaces/robot_interfaces/msg/detail/pose_command__type_support.hpp
-- Installing: /tmp/agrobot-next-build-ybgPHn/install/robot_interfaces/include/robot_interfaces/robot_interfaces/msg/detail/joint_command__traits.hpp
-- Installing: /tmp/agrobot-next-build-ybgPHn/install/robot_interfaces/include/robot_interfaces/robot_interfaces/msg/detail/joint_command__struct.hpp
-- Installing: /tmp/agrobot-next-build-ybgPHn/install/robot_interfaces/include/robot_interfaces/robot_interfaces/msg/detail/pose_command__struct.hpp
-- Installing: /tmp/agrobot-next-build-ybgPHn/install/robot_interfaces/include/robot_interfaces/robot_interfaces/msg/rosidl_generator_cpp__visibility_control.hpp
-- Installing: /tmp/agrobot-next-build-ybgPHn/install/robot_interfaces/include/robot_interfaces/robot_interfaces/msg/position_command.hpp
-- Installing: /tmp/agrobot-next-build-ybgPHn/install/robot_interfaces/include/robot_interfaces/robot_interfaces/msg/joint_command.hpp
-- Installing: /tmp/agrobot-next-build-ybgPHn/install/robot_interfaces/include/robot_interfaces/robot_interfaces/msg/pose_command.hpp
-- Up-to-date: /tmp/agrobot-next-build-ybgPHn/install/robot_interfaces/include/robot_interfaces/robot_interfaces
-- Up-to-date: /tmp/agrobot-next-build-ybgPHn/install/robot_interfaces/include/robot_interfaces/robot_interfaces/srv
-- Up-to-date: /tmp/agrobot-next-build-ybgPHn/install/robot_interfaces/include/robot_interfaces/robot_interfaces/srv/detail
-- Installing: /tmp/agrobot-next-build-ybgPHn/install/robot_interfaces/include/robot_interfaces/robot_interfaces/srv/detail/dds_fastrtps
-- Installing: /tmp/agrobot-next-build-ybgPHn/install/robot_interfaces/include/robot_interfaces/robot_interfaces/srv/detail/set_indicator__rosidl_typesupport_fastrtps_cpp.hpp
-- Up-to-date: /tmp/agrobot-next-build-ybgPHn/install/robot_interfaces/include/robot_interfaces/robot_interfaces/action
-- Up-to-date: /tmp/agrobot-next-build-ybgPHn/install/robot_interfaces/include/robot_interfaces/robot_interfaces/action/detail
-- Installing: /tmp/agrobot-next-build-ybgPHn/install/robot_interfaces/include/robot_interfaces/robot_interfaces/action/detail/dds_fastrtps
-- Installing: /tmp/agrobot-next-build-ybgPHn/install/robot_interfaces/include/robot_interfaces/robot_interfaces/action/detail/pick_sequence__rosidl_typesupport_fastrtps_cpp.hpp
-- Up-to-date: /tmp/agrobot-next-build-ybgPHn/install/robot_interfaces/include/robot_interfaces/robot_interfaces/msg
-- Up-to-date: /tmp/agrobot-next-build-ybgPHn/install/robot_interfaces/include/robot_interfaces/robot_interfaces/msg/detail
-- Installing: /tmp/agrobot-next-build-ybgPHn/install/robot_interfaces/include/robot_interfaces/robot_interfaces/msg/detail/dds_fastrtps
-- Installing: /tmp/agrobot-next-build-ybgPHn/install/robot_interfaces/include/robot_interfaces/robot_interfaces/msg/detail/joint_command__rosidl_typesupport_fastrtps_cpp.hpp
-- Installing: /tmp/agrobot-next-build-ybgPHn/install/robot_interfaces/include/robot_interfaces/robot_interfaces/msg/detail/pose_command__rosidl_typesupport_fastrtps_cpp.hpp
-- Installing: /tmp/agrobot-next-build-ybgPHn/install/robot_interfaces/include/robot_interfaces/robot_interfaces/msg/detail/position_command__rosidl_typesupport_fastrtps_cpp.hpp
-- Installing: /tmp/agrobot-next-build-ybgPHn/install/robot_interfaces/include/robot_interfaces/robot_interfaces/msg/rosidl_typesupport_fastrtps_cpp__visibility_control.h
-- Installing: /tmp/agrobot-next-build-ybgPHn/install/robot_interfaces/lib/librobot_interfaces__rosidl_typesupport_fastrtps_cpp.so
-- Set non-toolchain portion of runtime path of "/tmp/agrobot-next-build-ybgPHn/install/robot_interfaces/lib/librobot_interfaces__rosidl_typesupport_fastrtps_cpp.so" to ""
-- Up-to-date: /tmp/agrobot-next-build-ybgPHn/install/robot_interfaces/include/robot_interfaces/robot_interfaces
-- Up-to-date: /tmp/agrobot-next-build-ybgPHn/install/robot_interfaces/include/robot_interfaces/robot_interfaces/srv
-- Up-to-date: /tmp/agrobot-next-build-ybgPHn/install/robot_interfaces/include/robot_interfaces/robot_interfaces/srv/detail
-- Installing: /tmp/agrobot-next-build-ybgPHn/install/robot_interfaces/include/robot_interfaces/robot_interfaces/srv/detail/set_indicator__rosidl_typesupport_introspection_c.h
-- Installing: /tmp/agrobot-next-build-ybgPHn/install/robot_interfaces/include/robot_interfaces/robot_interfaces/srv/detail/set_indicator__type_support.c
-- Up-to-date: /tmp/agrobot-next-build-ybgPHn/install/robot_interfaces/include/robot_interfaces/robot_interfaces/action
-- Up-to-date: /tmp/agrobot-next-build-ybgPHn/install/robot_interfaces/include/robot_interfaces/robot_interfaces/action/detail
-- Installing: /tmp/agrobot-next-build-ybgPHn/install/robot_interfaces/include/robot_interfaces/robot_interfaces/action/detail/pick_sequence__rosidl_typesupport_introspection_c.h
-- Installing: /tmp/agrobot-next-build-ybgPHn/install/robot_interfaces/include/robot_interfaces/robot_interfaces/action/detail/pick_sequence__type_support.c
-- Up-to-date: /tmp/agrobot-next-build-ybgPHn/install/robot_interfaces/include/robot_interfaces/robot_interfaces/msg
-- Installing: /tmp/agrobot-next-build-ybgPHn/install/robot_interfaces/include/robot_interfaces/robot_interfaces/msg/rosidl_typesupport_introspection_c__visibility_control.h
-- Up-to-date: /tmp/agrobot-next-build-ybgPHn/install/robot_interfaces/include/robot_interfaces/robot_interfaces/msg/detail
-- Installing: /tmp/agrobot-next-build-ybgPHn/install/robot_interfaces/include/robot_interfaces/robot_interfaces/msg/detail/pose_command__type_support.c
-- Installing: /tmp/agrobot-next-build-ybgPHn/install/robot_interfaces/include/robot_interfaces/robot_interfaces/msg/detail/joint_command__type_support.c
-- Installing: /tmp/agrobot-next-build-ybgPHn/install/robot_interfaces/include/robot_interfaces/robot_interfaces/msg/detail/pose_command__rosidl_typesupport_introspection_c.h
-- Installing: /tmp/agrobot-next-build-ybgPHn/install/robot_interfaces/include/robot_interfaces/robot_interfaces/msg/detail/joint_command__rosidl_typesupport_introspection_c.h
-- Installing: /tmp/agrobot-next-build-ybgPHn/install/robot_interfaces/include/robot_interfaces/robot_interfaces/msg/detail/position_command__rosidl_typesupport_introspection_c.h
-- Installing: /tmp/agrobot-next-build-ybgPHn/install/robot_interfaces/include/robot_interfaces/robot_interfaces/msg/detail/position_command__type_support.c
-- Installing: /tmp/agrobot-next-build-ybgPHn/install/robot_interfaces/lib/librobot_interfaces__rosidl_typesupport_introspection_c.so
-- Set non-toolchain portion of runtime path of "/tmp/agrobot-next-build-ybgPHn/install/robot_interfaces/lib/librobot_interfaces__rosidl_typesupport_introspection_c.so" to ""
-- Installing: /tmp/agrobot-next-build-ybgPHn/install/robot_interfaces/lib/librobot_interfaces__rosidl_typesupport_c.so
-- Set non-toolchain portion of runtime path of "/tmp/agrobot-next-build-ybgPHn/install/robot_interfaces/lib/librobot_interfaces__rosidl_typesupport_c.so" to ""
-- Up-to-date: /tmp/agrobot-next-build-ybgPHn/install/robot_interfaces/include/robot_interfaces/robot_interfaces
-- Up-to-date: /tmp/agrobot-next-build-ybgPHn/install/robot_interfaces/include/robot_interfaces/robot_interfaces/srv
-- Up-to-date: /tmp/agrobot-next-build-ybgPHn/install/robot_interfaces/include/robot_interfaces/robot_interfaces/srv/detail
-- Installing: /tmp/agrobot-next-build-ybgPHn/install/robot_interfaces/include/robot_interfaces/robot_interfaces/srv/detail/set_indicator__rosidl_typesupport_introspection_cpp.hpp
-- Installing: /tmp/agrobot-next-build-ybgPHn/install/robot_interfaces/include/robot_interfaces/robot_interfaces/srv/detail/set_indicator__type_support.cpp
-- Up-to-date: /tmp/agrobot-next-build-ybgPHn/install/robot_interfaces/include/robot_interfaces/robot_interfaces/action
-- Up-to-date: /tmp/agrobot-next-build-ybgPHn/install/robot_interfaces/include/robot_interfaces/robot_interfaces/action/detail
-- Installing: /tmp/agrobot-next-build-ybgPHn/install/robot_interfaces/include/robot_interfaces/robot_interfaces/action/detail/pick_sequence__type_support.cpp
-- Installing: /tmp/agrobot-next-build-ybgPHn/install/robot_interfaces/include/robot_interfaces/robot_interfaces/action/detail/pick_sequence__rosidl_typesupport_introspection_cpp.hpp
-- Up-to-date: /tmp/agrobot-next-build-ybgPHn/install/robot_interfaces/include/robot_interfaces/robot_interfaces/msg
-- Up-to-date: /tmp/agrobot-next-build-ybgPHn/install/robot_interfaces/include/robot_interfaces/robot_interfaces/msg/detail
-- Installing: /tmp/agrobot-next-build-ybgPHn/install/robot_interfaces/include/robot_interfaces/robot_interfaces/msg/detail/pose_command__rosidl_typesupport_introspection_cpp.hpp
-- Installing: /tmp/agrobot-next-build-ybgPHn/install/robot_interfaces/include/robot_interfaces/robot_interfaces/msg/detail/position_command__type_support.cpp
-- Installing: /tmp/agrobot-next-build-ybgPHn/install/robot_interfaces/include/robot_interfaces/robot_interfaces/msg/detail/joint_command__rosidl_typesupport_introspection_cpp.hpp
-- Installing: /tmp/agrobot-next-build-ybgPHn/install/robot_interfaces/include/robot_interfaces/robot_interfaces/msg/detail/position_command__rosidl_typesupport_introspection_cpp.hpp
-- Installing: /tmp/agrobot-next-build-ybgPHn/install/robot_interfaces/include/robot_interfaces/robot_interfaces/msg/detail/joint_command__type_support.cpp
-- Installing: /tmp/agrobot-next-build-ybgPHn/install/robot_interfaces/include/robot_interfaces/robot_interfaces/msg/detail/pose_command__type_support.cpp
-- Installing: /tmp/agrobot-next-build-ybgPHn/install/robot_interfaces/lib/librobot_interfaces__rosidl_typesupport_introspection_cpp.so
-- Set non-toolchain portion of runtime path of "/tmp/agrobot-next-build-ybgPHn/install/robot_interfaces/lib/librobot_interfaces__rosidl_typesupport_introspection_cpp.so" to ""
-- Installing: /tmp/agrobot-next-build-ybgPHn/install/robot_interfaces/lib/librobot_interfaces__rosidl_typesupport_cpp.so
-- Set non-toolchain portion of runtime path of "/tmp/agrobot-next-build-ybgPHn/install/robot_interfaces/lib/librobot_interfaces__rosidl_typesupport_cpp.so" to ""
-- Installing: /tmp/agrobot-next-build-ybgPHn/install/robot_interfaces/share/robot_interfaces/environment/pythonpath.sh
-- Installing: /tmp/agrobot-next-build-ybgPHn/install/robot_interfaces/share/robot_interfaces/environment/pythonpath.dsv
-- Installing: /tmp/agrobot-next-build-ybgPHn/install/robot_interfaces/lib/python3.12/site-packages/robot_interfaces-0.0.0-py3.12.egg-info
-- Installing: /tmp/agrobot-next-build-ybgPHn/install/robot_interfaces/lib/python3.12/site-packages/robot_interfaces-0.0.0-py3.12.egg-info/PKG-INFO
-- Installing: /tmp/agrobot-next-build-ybgPHn/install/robot_interfaces/lib/python3.12/site-packages/robot_interfaces-0.0.0-py3.12.egg-info/dependency_links.txt
-- Installing: /tmp/agrobot-next-build-ybgPHn/install/robot_interfaces/lib/python3.12/site-packages/robot_interfaces-0.0.0-py3.12.egg-info/top_level.txt
-- Installing: /tmp/agrobot-next-build-ybgPHn/install/robot_interfaces/lib/python3.12/site-packages/robot_interfaces-0.0.0-py3.12.egg-info/SOURCES.txt
-- Installing: /tmp/agrobot-next-build-ybgPHn/install/robot_interfaces/lib/python3.12/site-packages/robot_interfaces
-- Installing: /tmp/agrobot-next-build-ybgPHn/install/robot_interfaces/lib/python3.12/site-packages/robot_interfaces/_robot_interfaces_s.ep.rosidl_typesupport_fastrtps_c.c
-- Installing: /tmp/agrobot-next-build-ybgPHn/install/robot_interfaces/lib/python3.12/site-packages/robot_interfaces/robot_interfaces_s__rosidl_typesupport_c.so
-- Installing: /tmp/agrobot-next-build-ybgPHn/install/robot_interfaces/lib/python3.12/site-packages/robot_interfaces/robot_interfaces_s__rosidl_typesupport_fastrtps_c.so
-- Installing: /tmp/agrobot-next-build-ybgPHn/install/robot_interfaces/lib/python3.12/site-packages/robot_interfaces/_robot_interfaces_s.ep.rosidl_typesupport_c.c
-- Installing: /tmp/agrobot-next-build-ybgPHn/install/robot_interfaces/lib/python3.12/site-packages/robot_interfaces/srv
-- Installing: /tmp/agrobot-next-build-ybgPHn/install/robot_interfaces/lib/python3.12/site-packages/robot_interfaces/srv/_set_indicator_s.c
-- Installing: /tmp/agrobot-next-build-ybgPHn/install/robot_interfaces/lib/python3.12/site-packages/robot_interfaces/srv/__init__.py
-- Installing: /tmp/agrobot-next-build-ybgPHn/install/robot_interfaces/lib/python3.12/site-packages/robot_interfaces/srv/_set_indicator.py
-- Installing: /tmp/agrobot-next-build-ybgPHn/install/robot_interfaces/lib/python3.12/site-packages/robot_interfaces/action
-- Installing: /tmp/agrobot-next-build-ybgPHn/install/robot_interfaces/lib/python3.12/site-packages/robot_interfaces/action/__init__.py
-- Installing: /tmp/agrobot-next-build-ybgPHn/install/robot_interfaces/lib/python3.12/site-packages/robot_interfaces/action/_pick_sequence_s.c
-- Installing: /tmp/agrobot-next-build-ybgPHn/install/robot_interfaces/lib/python3.12/site-packages/robot_interfaces/action/_pick_sequence.py
-- Installing: /tmp/agrobot-next-build-ybgPHn/install/robot_interfaces/lib/python3.12/site-packages/robot_interfaces/__init__.py
-- Installing: /tmp/agrobot-next-build-ybgPHn/install/robot_interfaces/lib/python3.12/site-packages/robot_interfaces/_robot_interfaces_s.ep.rosidl_typesupport_introspection_c.c
-- Installing: /tmp/agrobot-next-build-ybgPHn/install/robot_interfaces/lib/python3.12/site-packages/robot_interfaces/robot_interfaces_s__rosidl_typesupport_introspection_c.so
-- Installing: /tmp/agrobot-next-build-ybgPHn/install/robot_interfaces/lib/python3.12/site-packages/robot_interfaces/msg
-- Installing: /tmp/agrobot-next-build-ybgPHn/install/robot_interfaces/lib/python3.12/site-packages/robot_interfaces/msg/_position_command.py
-- Installing: /tmp/agrobot-next-build-ybgPHn/install/robot_interfaces/lib/python3.12/site-packages/robot_interfaces/msg/_joint_command_s.c
-- Installing: /tmp/agrobot-next-build-ybgPHn/install/robot_interfaces/lib/python3.12/site-packages/robot_interfaces/msg/__init__.py
-- Installing: /tmp/agrobot-next-build-ybgPHn/install/robot_interfaces/lib/python3.12/site-packages/robot_interfaces/msg/_pose_command.py
-- Installing: /tmp/agrobot-next-build-ybgPHn/install/robot_interfaces/lib/python3.12/site-packages/robot_interfaces/msg/_position_command_s.c
-- Installing: /tmp/agrobot-next-build-ybgPHn/install/robot_interfaces/lib/python3.12/site-packages/robot_interfaces/msg/_pose_command_s.c
-- Installing: /tmp/agrobot-next-build-ybgPHn/install/robot_interfaces/lib/python3.12/site-packages/robot_interfaces/msg/_joint_command.py
byte-compiling /tmp/agrobot-next-build-ybgPHn/install/epos2_bridge/lib/python3.12/site-packages/epos2_bridge/__init__.py to __init__.cpython-312.pyc
byte-compiling /tmp/agrobot-next-build-ybgPHn/install/epos2_bridge/lib/python3.12/site-packages/epos2_bridge/pvt_reduce.py to pvt_reduce.cpython-312.pyc
byte-compiling /tmp/agrobot-next-build-ybgPHn/install/epos2_bridge/lib/python3.12/site-packages/epos2_bridge/epos2_j3_bridge_clean.py to epos2_j3_bridge_clean.cpython-312.pyc
running install_data
creating /tmp/agrobot-next-build-ybgPHn/install/epos2_bridge/share/epos2_bridge/config
copying config/epos2_fjt_fanout.yaml -> /tmp/agrobot-next-build-ybgPHn/install/epos2_bridge/share/epos2_bridge/config
copying config/epos2_arm_controller.yaml -> /tmp/agrobot-next-build-ybgPHn/install/epos2_bridge/share/epos2_bridge/config
creating /tmp/agrobot-next-build-ybgPHn/install/epos2_bridge/share/epos2_bridge/config/joints
copying config/joints/j6.yaml -> /tmp/agrobot-next-build-ybgPHn/install/epos2_bridge/share/epos2_bridge/config/joints
copying config/joints/j3.yaml -> /tmp/agrobot-next-build-ybgPHn/install/epos2_bridge/share/epos2_bridge/config/joints
copying config/joints/j4.yaml -> /tmp/agrobot-next-build-ybgPHn/install/epos2_bridge/share/epos2_bridge/config/joints
copying config/joints/j5.yaml -> /tmp/agrobot-next-build-ybgPHn/install/epos2_bridge/share/epos2_bridge/config/joints
copying config/joints/j2.yaml -> /tmp/agrobot-next-build-ybgPHn/install/epos2_bridge/share/epos2_bridge/config/joints
creating /tmp/agrobot-next-build-ybgPHn/install/epos2_bridge/share/ament_index
creating /tmp/agrobot-next-build-ybgPHn/install/epos2_bridge/share/ament_index/resource_index
creating /tmp/agrobot-next-build-ybgPHn/install/epos2_bridge/share/ament_index/resource_index/packages
copying resource/epos2_bridge -> /tmp/agrobot-next-build-ybgPHn/install/epos2_bridge/share/ament_index/resource_index/packages
copying package.xml -> /tmp/agrobot-next-build-ybgPHn/install/epos2_bridge/share/epos2_bridge
creating /tmp/agrobot-next-build-ybgPHn/install/epos2_bridge/share/epos2_bridge/launch
copying launch/epos2_fjt_fanout.launch.py -> /tmp/agrobot-next-build-ybgPHn/install/epos2_bridge/share/epos2_bridge/launch
copying launch/epos2_j4_bridge.launch.py -> /tmp/agrobot-next-build-ybgPHn/install/epos2_bridge/share/epos2_bridge/launch
copying launch/epos2_j1_bridge.launch.py -> /tmp/agrobot-next-build-ybgPHn/install/epos2_bridge/share/epos2_bridge/launch
copying launch/epos2_system.launch.py -> /tmp/agrobot-next-build-ybgPHn/install/epos2_bridge/share/epos2_bridge/launch
copying launch/epos2_j6_bridge.launch.py -> /tmp/agrobot-next-build-ybgPHn/install/epos2_bridge/share/epos2_bridge/launch
copying launch/epos2_j6_generic.launch.py -> /tmp/agrobot-next-build-ybgPHn/install/epos2_bridge/share/epos2_bridge/launch
copying launch/epos2_j5_bridge.launch.py -> /tmp/agrobot-next-build-ybgPHn/install/epos2_bridge/share/epos2_bridge/launch
copying launch/epos2_j5_generic.launch.py -> /tmp/agrobot-next-build-ybgPHn/install/epos2_bridge/share/epos2_bridge/launch
copying launch/epos2_j3_generic.launch.py -> /tmp/agrobot-next-build-ybgPHn/install/epos2_bridge/share/epos2_bridge/launch
copying launch/epos2_arm_epos2_generic.launch.py -> /tmp/agrobot-next-build-ybgPHn/install/epos2_bridge/share/epos2_bridge/launch
copying launch/epos2_j2_generic.launch.py -> /tmp/agrobot-next-build-ybgPHn/install/epos2_bridge/share/epos2_bridge/launch
copying launch/epos2_j4_generic.launch.py -> /tmp/agrobot-next-build-ybgPHn/install/epos2_bridge/share/epos2_bridge/launch
copying launch/epos2_j2_bridge.launch.py -> /tmp/agrobot-next-build-ybgPHn/install/epos2_bridge/share/epos2_bridge/launch
copying launch/epos2_arm_controller.launch.py -> /tmp/agrobot-next-build-ybgPHn/install/epos2_bridge/share/epos2_bridge/launch
copying launch/epos2_arm.launch.py -> /tmp/agrobot-next-build-ybgPHn/install/epos2_bridge/share/epos2_bridge/launch
copying launch/epos2_j3_bridge.launch.py -> /tmp/agrobot-next-build-ybgPHn/install/epos2_bridge/share/epos2_bridge/launch
running install_egg_info
Copying ../../../../../../tmp/agrobot-next-build-ybgPHn/build/epos2_bridge/epos2_bridge.egg-info to /tmp/agrobot-next-build-ybgPHn/install/epos2_bridge/lib/python3.12/site-packages/epos2_bridge-0.0.1-py3.12.egg-info
running install_scripts
Listing '/tmp/agrobot-next-build-ybgPHn/install/robot_interfaces/lib/python3.12/site-packages/robot_interfaces'...
Compiling '/tmp/agrobot-next-build-ybgPHn/install/robot_interfaces/lib/python3.12/site-packages/robot_interfaces/__init__.py'...
Listing '/tmp/agrobot-next-build-ybgPHn/install/robot_interfaces/lib/python3.12/site-packages/robot_interfaces/action'...
Compiling '/tmp/agrobot-next-build-ybgPHn/install/robot_interfaces/lib/python3.12/site-packages/robot_interfaces/action/__init__.py'...
Compiling '/tmp/agrobot-next-build-ybgPHn/install/robot_interfaces/lib/python3.12/site-packages/robot_interfaces/action/_pick_sequence.py'...
Listing '/tmp/agrobot-next-build-ybgPHn/install/robot_interfaces/lib/python3.12/site-packages/robot_interfaces/msg'...
Compiling '/tmp/agrobot-next-build-ybgPHn/install/robot_interfaces/lib/python3.12/site-packages/robot_interfaces/msg/__init__.py'...
Compiling '/tmp/agrobot-next-build-ybgPHn/install/robot_interfaces/lib/python3.12/site-packages/robot_interfaces/msg/_joint_command.py'...
Compiling '/tmp/agrobot-next-build-ybgPHn/install/robot_interfaces/lib/python3.12/site-packages/robot_interfaces/msg/_pose_command.py'...
Compiling '/tmp/agrobot-next-build-ybgPHn/install/robot_interfaces/lib/python3.12/site-packages/robot_interfaces/msg/_position_command.py'...
Listing '/tmp/agrobot-next-build-ybgPHn/install/robot_interfaces/lib/python3.12/site-packages/robot_interfaces/srv'...
Compiling '/tmp/agrobot-next-build-ybgPHn/install/robot_interfaces/lib/python3.12/site-packages/robot_interfaces/srv/__init__.py'...
Compiling '/tmp/agrobot-next-build-ybgPHn/install/robot_interfaces/lib/python3.12/site-packages/robot_interfaces/srv/_set_indicator.py'...
-- Installing: /tmp/agrobot-next-build-ybgPHn/install/robot_interfaces/lib/python3.12/site-packages/robot_interfaces/robot_interfaces_s__rosidl_typesupport_fastrtps_c.so
-- Set non-toolchain portion of runtime path of "/tmp/agrobot-next-build-ybgPHn/install/robot_interfaces/lib/python3.12/site-packages/robot_interfaces/robot_interfaces_s__rosidl_typesupport_fastrtps_c.so" to ""
-- Installing: /tmp/agrobot-next-build-ybgPHn/install/robot_interfaces/lib/python3.12/site-packages/robot_interfaces/robot_interfaces_s__rosidl_typesupport_introspection_c.so
-- Set non-toolchain portion of runtime path of "/tmp/agrobot-next-build-ybgPHn/install/robot_interfaces/lib/python3.12/site-packages/robot_interfaces/robot_interfaces_s__rosidl_typesupport_introspection_c.so" to ""
-- Installing: /tmp/agrobot-next-build-ybgPHn/install/robot_interfaces/lib/python3.12/site-packages/robot_interfaces/robot_interfaces_s__rosidl_typesupport_c.so
-- Set non-toolchain portion of runtime path of "/tmp/agrobot-next-build-ybgPHn/install/robot_interfaces/lib/python3.12/site-packages/robot_interfaces/robot_interfaces_s__rosidl_typesupport_c.so" to ""
-- Installing: /tmp/agrobot-next-build-ybgPHn/install/robot_interfaces/lib/librobot_interfaces__rosidl_generator_py.so
-- Set non-toolchain portion of runtime path of "/tmp/agrobot-next-build-ybgPHn/install/robot_interfaces/lib/librobot_interfaces__rosidl_generator_py.so" to ""
-- Installing: /tmp/agrobot-next-build-ybgPHn/install/robot_interfaces/share/robot_interfaces/rust
-- Installing: /tmp/agrobot-next-build-ybgPHn/install/robot_interfaces/share/robot_interfaces/rust/build.rs
-- Installing: /tmp/agrobot-next-build-ybgPHn/install/robot_interfaces/share/robot_interfaces/rust/Cargo.toml
-- Installing: /tmp/agrobot-next-build-ybgPHn/install/robot_interfaces/share/robot_interfaces/rust/src
-- Installing: /tmp/agrobot-next-build-ybgPHn/install/robot_interfaces/share/robot_interfaces/rust/src/msg.rs
-- Installing: /tmp/agrobot-next-build-ybgPHn/install/robot_interfaces/share/robot_interfaces/rust/src/srv.rs
-- Installing: /tmp/agrobot-next-build-ybgPHn/install/robot_interfaces/share/robot_interfaces/rust/src/srv
-- Installing: /tmp/agrobot-next-build-ybgPHn/install/robot_interfaces/share/robot_interfaces/rust/src/srv/rmw.rs
-- Installing: /tmp/agrobot-next-build-ybgPHn/install/robot_interfaces/share/robot_interfaces/rust/src/action
-- Installing: /tmp/agrobot-next-build-ybgPHn/install/robot_interfaces/share/robot_interfaces/rust/src/action/rmw.rs
-- Installing: /tmp/agrobot-next-build-ybgPHn/install/robot_interfaces/share/robot_interfaces/rust/src/action.rs
-- Installing: /tmp/agrobot-next-build-ybgPHn/install/robot_interfaces/share/robot_interfaces/rust/src/msg
-- Installing: /tmp/agrobot-next-build-ybgPHn/install/robot_interfaces/share/robot_interfaces/rust/src/msg/rmw.rs
-- Installing: /tmp/agrobot-next-build-ybgPHn/install/robot_interfaces/share/robot_interfaces/rust/src/lib.rs
-- Installing: /tmp/agrobot-next-build-ybgPHn/install/robot_interfaces/share/robot_interfaces/msg/JointCommand.idl
-- Installing: /tmp/agrobot-next-build-ybgPHn/install/robot_interfaces/share/robot_interfaces/msg/PoseCommand.idl
-- Installing: /tmp/agrobot-next-build-ybgPHn/install/robot_interfaces/share/robot_interfaces/msg/PositionCommand.idl
-- Installing: /tmp/agrobot-next-build-ybgPHn/install/robot_interfaces/share/robot_interfaces/action/PickSequence.idl
-- Installing: /tmp/agrobot-next-build-ybgPHn/install/robot_interfaces/share/robot_interfaces/srv/SetIndicator.idl
-- Installing: /tmp/agrobot-next-build-ybgPHn/install/robot_interfaces/share/robot_interfaces/msg/JointCommand.msg
-- Installing: /tmp/agrobot-next-build-ybgPHn/install/robot_interfaces/share/robot_interfaces/msg/PoseCommand.msg
-- Installing: /tmp/agrobot-next-build-ybgPHn/install/robot_interfaces/share/robot_interfaces/msg/PositionCommand.msg
-- Installing: /tmp/agrobot-next-build-ybgPHn/install/robot_interfaces/share/robot_interfaces/action/PickSequence.action
-- Installing: /tmp/agrobot-next-build-ybgPHn/install/robot_interfaces/share/robot_interfaces/srv/SetIndicator.srv
-- Installing: /tmp/agrobot-next-build-ybgPHn/install/robot_interfaces/share/ament_index/resource_index/package_run_dependencies/robot_interfaces
-- Installing: /tmp/agrobot-next-build-ybgPHn/install/robot_interfaces/share/ament_index/resource_index/parent_prefix_path/robot_interfaces
-- Installing: /tmp/agrobot-next-build-ybgPHn/install/robot_interfaces/share/robot_interfaces/environment/ament_prefix_path.sh
-- Installing: /tmp/agrobot-next-build-ybgPHn/install/robot_interfaces/share/robot_interfaces/environment/ament_prefix_path.dsv
-- Installing: /tmp/agrobot-next-build-ybgPHn/install/robot_interfaces/share/robot_interfaces/environment/path.sh
-- Installing: /tmp/agrobot-next-build-ybgPHn/install/robot_interfaces/share/robot_interfaces/environment/path.dsv
-- Installing: /tmp/agrobot-next-build-ybgPHn/install/robot_interfaces/share/robot_interfaces/local_setup.bash
-- Installing: /tmp/agrobot-next-build-ybgPHn/install/robot_interfaces/share/robot_interfaces/local_setup.sh
-- Installing: /tmp/agrobot-next-build-ybgPHn/install/robot_interfaces/share/robot_interfaces/local_setup.zsh
-- Installing: /tmp/agrobot-next-build-ybgPHn/install/robot_interfaces/share/robot_interfaces/local_setup.dsv
-- Installing: /tmp/agrobot-next-build-ybgPHn/install/robot_interfaces/share/robot_interfaces/package.dsv
-- Installing: /tmp/agrobot-next-build-ybgPHn/install/robot_interfaces/share/ament_index/resource_index/packages/robot_interfaces
-- Installing: /tmp/agrobot-next-build-ybgPHn/install/robot_interfaces/share/robot_interfaces/cmake/export_robot_interfaces__rosidl_generator_cExport.cmake
-- Installing: /tmp/agrobot-next-build-ybgPHn/install/robot_interfaces/share/robot_interfaces/cmake/export_robot_interfaces__rosidl_generator_cExport-noconfig.cmake
-- Installing: /tmp/agrobot-next-build-ybgPHn/install/robot_interfaces/share/robot_interfaces/cmake/export_robot_interfaces__rosidl_typesupport_fastrtps_cExport.cmake
-- Installing: /tmp/agrobot-next-build-ybgPHn/install/robot_interfaces/share/robot_interfaces/cmake/export_robot_interfaces__rosidl_typesupport_fastrtps_cExport-noconfig.cmake
-- Installing: /tmp/agrobot-next-build-ybgPHn/install/robot_interfaces/share/robot_interfaces/cmake/export_robot_interfaces__rosidl_generator_cppExport.cmake
-- Installing: /tmp/agrobot-next-build-ybgPHn/install/robot_interfaces/share/robot_interfaces/cmake/export_robot_interfaces__rosidl_typesupport_fastrtps_cppExport.cmake
-- Installing: /tmp/agrobot-next-build-ybgPHn/install/robot_interfaces/share/robot_interfaces/cmake/export_robot_interfaces__rosidl_typesupport_fastrtps_cppExport-noconfig.cmake
-- Installing: /tmp/agrobot-next-build-ybgPHn/install/robot_interfaces/share/robot_interfaces/cmake/robot_interfaces__rosidl_typesupport_introspection_cExport.cmake
-- Installing: /tmp/agrobot-next-build-ybgPHn/install/robot_interfaces/share/robot_interfaces/cmake/robot_interfaces__rosidl_typesupport_introspection_cExport-noconfig.cmake
-- Installing: /tmp/agrobot-next-build-ybgPHn/install/robot_interfaces/share/robot_interfaces/cmake/robot_interfaces__rosidl_typesupport_cExport.cmake
-- Installing: /tmp/agrobot-next-build-ybgPHn/install/robot_interfaces/share/robot_interfaces/cmake/robot_interfaces__rosidl_typesupport_cExport-noconfig.cmake
-- Installing: /tmp/agrobot-next-build-ybgPHn/install/robot_interfaces/share/robot_interfaces/cmake/robot_interfaces__rosidl_typesupport_introspection_cppExport.cmake
-- Installing: /tmp/agrobot-next-build-ybgPHn/install/robot_interfaces/share/robot_interfaces/cmake/robot_interfaces__rosidl_typesupport_introspection_cppExport-noconfig.cmake
-- Installing: /tmp/agrobot-next-build-ybgPHn/install/robot_interfaces/share/robot_interfaces/cmake/robot_interfaces__rosidl_typesupport_cppExport.cmake
-- Installing: /tmp/agrobot-next-build-ybgPHn/install/robot_interfaces/share/robot_interfaces/cmake/robot_interfaces__rosidl_typesupport_cppExport-noconfig.cmake
-- Installing: /tmp/agrobot-next-build-ybgPHn/install/robot_interfaces/share/robot_interfaces/cmake/export_robot_interfaces__rosidl_generator_pyExport.cmake
-- Installing: /tmp/agrobot-next-build-ybgPHn/install/robot_interfaces/share/robot_interfaces/cmake/export_robot_interfaces__rosidl_generator_pyExport-noconfig.cmake
-- Installing: /tmp/agrobot-next-build-ybgPHn/install/robot_interfaces/share/robot_interfaces/cmake/rosidl_cmake-extras.cmake
-- Installing: /tmp/agrobot-next-build-ybgPHn/install/robot_interfaces/share/robot_interfaces/cmake/ament_cmake_export_dependencies-extras.cmake
-- Installing: /tmp/agrobot-next-build-ybgPHn/install/robot_interfaces/share/robot_interfaces/cmake/ament_cmake_export_include_directories-extras.cmake
-- Installing: /tmp/agrobot-next-build-ybgPHn/install/robot_interfaces/share/robot_interfaces/cmake/ament_cmake_export_libraries-extras.cmake
-- Installing: /tmp/agrobot-next-build-ybgPHn/install/robot_interfaces/share/robot_interfaces/cmake/ament_cmake_export_targets-extras.cmake
-- Installing: /tmp/agrobot-next-build-ybgPHn/install/robot_interfaces/share/robot_interfaces/cmake/rosidl_cmake_export_typesupport_targets-extras.cmake
-- Installing: /tmp/agrobot-next-build-ybgPHn/install/robot_interfaces/share/robot_interfaces/cmake/rosidl_cmake_export_typesupport_libraries-extras.cmake
-- Installing: /tmp/agrobot-next-build-ybgPHn/install/robot_interfaces/share/robot_interfaces/cmake/rosidl_cmake_aggregate_target-extras.cmake
-- Installing: /tmp/agrobot-next-build-ybgPHn/install/robot_interfaces/share/robot_interfaces/cmake/robot_interfacesConfig.cmake
-- Installing: /tmp/agrobot-next-build-ybgPHn/install/robot_interfaces/share/robot_interfaces/cmake/robot_interfacesConfig-version.cmake
-- Installing: /tmp/agrobot-next-build-ybgPHn/install/robot_interfaces/share/robot_interfaces/package.xml
Finished <<< robot_interfaces [13.3s]
Starting >>> robot_commander
checking whether -lc should be explicitly linked in... no
Installing epos2_arm_controller script to /tmp/agrobot-next-build-ybgPHn/install/epos2_bridge/lib/epos2_bridge
Installing epos2_fjt_fanout script to /tmp/agrobot-next-build-ybgPHn/install/epos2_bridge/lib/epos2_bridge
Installing epos2_j3_bridge script to /tmp/agrobot-next-build-ybgPHn/install/epos2_bridge/lib/epos2_bridge
Installing epos2_joint_bridge script to /tmp/agrobot-next-build-ybgPHn/install/epos2_bridge/lib/epos2_bridge
writing list of installed files to '/tmp/agrobot-next-build-ybgPHn/build/epos2_bridge/install.log'
Finished <<< epos2_bridge [1.51s]
checking dynamic linker characteristics... GNU/Linux ld.so
checking how to hardcode library paths into programs... immediate
checking whether stripping libraries is possible... yes
checking if libtool supports shared libraries... yes
checking whether to build shared libraries... yes
checking whether to build static libraries... no
checking how to run the C++ preprocessor... g++ -std=gnu++11 -E
-- The CXX compiler identification is GNU 13.3.0
-- The C compiler identification is GNU 13.3.0
checking for ld used by g++ -std=gnu++11... /usr/bin/ld -m elf_x86_64
checking if the linker (/usr/bin/ld -m elf_x86_64) is GNU ld... yes
checking whether the g++ -std=gnu++11 linker (/usr/bin/ld -m elf_x86_64) supports shared libraries... yes
checking for g++ -std=gnu++11 option to produce PIC... -fPIC -DPIC
checking if g++ -std=gnu++11 PIC flag -fPIC -DPIC works... yes
checking if g++ -std=gnu++11 static flag -static works... yes
checking if g++ -std=gnu++11 supports -c -o file.o... yes
checking if g++ -std=gnu++11 supports -c -o file.o... (cached) yes
checking whether the g++ -std=gnu++11 linker (/usr/bin/ld -m elf_x86_64) supports shared libraries... yes
checking dynamic linker characteristics... (cached) GNU/Linux ld.so
checking how to hardcode library paths into programs... immediate
checking for windres... no
-- Detecting C compiler ABI info
-- The CXX compiler identification is GNU 13.3.0
checking for timer_create in -lrt... yes
checking how to run the C preprocessor... gcc -E
checking whether gcc is Clang... no
-- Detecting C compiler ABI info - done
-- Check for working C compiler: /usr/bin/cc - skipped
-- Detecting C compile features
-- Detecting C compile features - done
checking whether pthreads work with "-pthread" and "-lpthread"... yes
-- Detecting CXX compiler ABI info
checking for joinable pthread attribute... PTHREAD_CREATE_JOINABLE
checking whether more special flags are required for pthreads... no
checking for PTHREAD_PRIO_INHERIT... yes
checking for pkg-config... /usr/bin/pkg-config
checking pkg-config is at least version 0.9.0... yes
checking for cpputest >= 4... no
checking for valgrind/valgrind.h... no
checking for linux/can.h... yes
-- Detecting CXX compiler ABI info - done
-- Check for working CXX compiler: /usr/bin/c++ - skipped
-- Detecting CXX compile features
-- Detecting CXX compile features - done
-- Found ament_cmake: 2.5.6 (/opt/ros/jazzy/share/ament_cmake/cmake)
checking for linux/can/error.h... yes
checking for bluetooth/bluetooth.h... no
checking for bluetooth/rfcomm.h... no
-- Detecting C compiler ABI info
-- Found Python3: /usr/bin/python3 (found version "3.12.3") found components: Interpreter 
-- Configuring done (2.1s)
-- Generating done (0.0s)
-- Build files have been written to: /tmp/agrobot-next-build-ybgPHn/build/robot_bringup
checking for library containing str2ba... no
-- Detecting C compiler ABI info - done
-- Check for working C compiler: /usr/bin/cc - skipped
-- Detecting C compile features
-- Detecting C compile features - done
-- Install configuration: ""
-- Installing: /tmp/agrobot-next-build-ybgPHn/install/robot_bringup/share/robot_bringup//config
-- Installing: /tmp/agrobot-next-build-ybgPHn/install/robot_bringup/share/robot_bringup//config/display.rviz
-- Installing: /tmp/agrobot-next-build-ybgPHn/install/robot_bringup/share/robot_bringup//config/ros2_controllers.yaml
-- Installing: /tmp/agrobot-next-build-ybgPHn/install/robot_bringup/share/robot_bringup//config/robot_moveit.rviz
-- Installing: /tmp/agrobot-next-build-ybgPHn/install/robot_bringup/share/robot_bringup//launch
-- Installing: /tmp/agrobot-next-build-ybgPHn/install/robot_bringup/share/robot_bringup//launch/robot.launch.xml
-- Installing: /tmp/agrobot-next-build-ybgPHn/install/robot_bringup/share/robot_bringup//launch/display.launch.xml
-- Installing: /tmp/agrobot-next-build-ybgPHn/install/robot_bringup/share/ament_index/resource_index/package_run_dependencies/robot_bringup
-- Installing: /tmp/agrobot-next-build-ybgPHn/install/robot_bringup/share/ament_index/resource_index/parent_prefix_path/robot_bringup
-- Installing: /tmp/agrobot-next-build-ybgPHn/install/robot_bringup/share/robot_bringup/environment/ament_prefix_path.sh
-- Installing: /tmp/agrobot-next-build-ybgPHn/install/robot_bringup/share/robot_bringup/environment/ament_prefix_path.dsv
-- Installing: /tmp/agrobot-next-build-ybgPHn/install/robot_bringup/share/robot_bringup/environment/path.sh
-- Installing: /tmp/agrobot-next-build-ybgPHn/install/robot_bringup/share/robot_bringup/environment/path.dsv
-- Installing: /tmp/agrobot-next-build-ybgPHn/install/robot_bringup/share/robot_bringup/local_setup.bash
-- Installing: /tmp/agrobot-next-build-ybgPHn/install/robot_bringup/share/robot_bringup/local_setup.sh
-- Installing: /tmp/agrobot-next-build-ybgPHn/install/robot_bringup/share/robot_bringup/local_setup.zsh
-- Installing: /tmp/agrobot-next-build-ybgPHn/install/robot_bringup/share/robot_bringup/local_setup.dsv
-- Installing: /tmp/agrobot-next-build-ybgPHn/install/robot_bringup/share/robot_bringup/package.dsv
-- Installing: /tmp/agrobot-next-build-ybgPHn/install/robot_bringup/share/ament_index/resource_index/packages/robot_bringup
-- Installing: /tmp/agrobot-next-build-ybgPHn/install/robot_bringup/share/robot_bringup/cmake/robot_bringupConfig.cmake
-- Installing: /tmp/agrobot-next-build-ybgPHn/install/robot_bringup/share/robot_bringup/cmake/robot_bringupConfig-version.cmake
-- Installing: /tmp/agrobot-next-build-ybgPHn/install/robot_bringup/share/robot_bringup/package.xml
Finished <<< robot_bringup [2.26s]
checking for ifaddrs.h... yes
checking for linux/can/netlink.h... yes
checking for linux/can/raw.h... yes
-- Detecting CXX compiler ABI info
checking for linux/rtnetlink.h... yes
checking for sys/epoll.h... yes
checking for sys/ioctl.h... yes
checking for a Python interpreter with version >= 3.3... python3
checking for python3... /usr/bin/python3
checking for python3 version... 3.12
checking for python3 platform... linux
checking for GNU default python3 prefix... ${prefix}
checking for GNU default python3 exec_prefix... ${exec_prefix}
checking for python3 script directory (pythondir)... ${PYTHON_PREFIX}/lib/python3.12/site-packages
checking for python3 extension module directory (pyexecdir)... ${PYTHON_EXEC_PREFIX}/lib/python3.12/site-packages
checking for gawk... (cached) gawk
checking that generated files are newer than configure... done
configure: creating ./config.status
-- Detecting CXX compiler ABI info - done
-- Check for working CXX compiler: /usr/bin/c++ - skipped
-- Detecting CXX compile features
-- Detecting CXX compile features - done
-- Found ament_cmake: 2.5.6 (/opt/ros/jazzy/share/ament_cmake/cmake)
-- Found Python3: /usr/bin/python3 (found version "3.12.3") found components: Interpreter 
-- Found geometry_msgs: 5.3.8 (/opt/ros/jazzy/share/geometry_msgs/cmake)
-- Found rosidl_generator_c: 4.6.9 (/opt/ros/jazzy/share/rosidl_generator_c/cmake)
-- Found rosidl_generator_cpp: 4.6.9 (/opt/ros/jazzy/share/rosidl_generator_cpp/cmake)
-- Using all available rosidl_typesupport_c: rosidl_typesupport_fastrtps_c;rosidl_typesupport_introspection_c
-- Using all available rosidl_typesupport_cpp: rosidl_typesupport_fastrtps_cpp;rosidl_typesupport_introspection_cpp
-- Found rosidl_default_generators: 1.6.1 (/opt/ros/jazzy/share/rosidl_default_generators/cmake)
-- Found rosidl_adapter: 4.6.9 (/opt/ros/jazzy/share/rosidl_adapter/cmake)
-- Found rclcpp: 28.1.22 (/opt/ros/jazzy/share/rclcpp/cmake)
-- Found rmw_implementation_cmake: 7.3.3 (/opt/ros/jazzy/share/rmw_implementation_cmake/cmake)
-- Found rmw_fastrtps_cpp: 8.4.4 (/opt/ros/jazzy/share/rmw_fastrtps_cpp/cmake)
config.status: creating doc/Doxyfile
config.status: creating doc/Makefile
-- Found OpenSSL: /usr/lib/x86_64-linux-gnu/libcrypto.so (found version "3.0.13")  
config.status: creating include/Makefile
config.status: creating pkgconfig/liblely-can.pc
config.status: creating pkgconfig/liblely-co.pc
config.status: creating pkgconfig/liblely-coapp.pc
config.status: creating pkgconfig/liblely-ev.pc
config.status: creating pkgconfig/liblely-io.pc
config.status: creating pkgconfig/liblely-io2.pc
config.status: creating pkgconfig/liblely-libc.pc
config.status: creating pkgconfig/liblely-libc_rt.pc
config.status: creating pkgconfig/liblely-tap.pc
config.status: creating pkgconfig/liblely-util.pc
config.status: creating pkgconfig/Makefile
config.status: creating python/can/Makefile
config.status: creating python/dcf-tools/Makefile
config.status: creating python/io/Makefile
config.status: creating python/Makefile
config.status: creating src/can/Makefile
config.status: creating src/co/Makefile
-- Found FastRTPS: /opt/ros/jazzy/include (Required is at least version "2.13") 
config.status: creating src/co/version.rc
config.status: creating src/coapp/Makefile
config.status: creating src/coapp/version.rc
config.status: creating src/ev/Makefile
config.status: creating src/ev/version.rc
config.status: creating src/io/Makefile
config.status: creating src/io2/Makefile
config.status: creating src/io2/version.rc
config.status: creating src/libc/Makefile
config.status: creating src/libc/version.rc
-- Using RMW implementation 'rmw_fastrtps_cpp' as default
config.status: creating src/tap/Makefile
config.status: creating src/tap/version.rc
config.status: creating src/util/Makefile
config.status: creating src/util/version.rc
config.status: creating src/Makefile
config.status: creating tools/Makefile
config.status: creating tools/version.dcf2c.rc
config.status: creating test/co-nmt-master.dcf
config.status: creating test/Makefile
config.status: creating unit-tests/Makefile
config.status: creating exec-wrapper.sh
config.status: creating lcov-wrapper.sh
config.status: creating Makefile
config.status: creating config.h
config.status: executing depfiles commands
-- Found moveit_ros_planning_interface: 2.12.4 (/opt/ros/jazzy/share/moveit_ros_planning_interface/cmake)
-- Found Boost: /usr/lib/x86_64-linux-gnu/cmake/Boost-1.83.0/BoostConfig.cmake (found version "1.83.0") found components: date_time filesystem program_options system thread 
-- Found Boost: /usr/lib/x86_64-linux-gnu/cmake/Boost-1.83.0/BoostConfig.cmake (found version "1.83.0") found components: chrono date_time filesystem iostreams program_options regex serialization system thread 
config.status: executing libtool commands
[ 75%] Performing build step for 'upstr_lely_core_libraries'
Making all in doc
Making all in include
Making all in src
Making all in libc
  CC       liblely_libc_la-clock.lo
  CC       liblely_libc_la-getopt.lo
  CC       liblely_libc_la-stdatomic.lo
  CC       liblely_libc_la-stdio.lo
  CC       liblely_libc_la-stdlib.lo
  CC       liblely_libc_la-string.lo
  CC       liblely_libc_la-strings.lo
  CC       liblely_libc_la-threads-pthread.lo
  CC       liblely_libc_la-sleep.lo
  CC       liblely_libc_la-time.lo
  CCLD     liblely-libc.la
Making all in tap
  CC       liblely_tap_la-tap.lo
  CCLD     liblely-tap.la
Making all in util
  CC       liblely_util_la-bimap.lo
  CC       liblely_util_la-mkjmp.lo
  CC       liblely_util_la-sllist.lo
  CC       liblely_util_la-spscring.lo
  CC       liblely_util_la-bits.lo
  CC       liblely_util_la-bitset.lo
  CC       liblely_util_la-cmp.lo
  CC       liblely_util_la-config.lo
  CC       liblely_util_la-config_ini.lo
  CC       liblely_util_la-daemon.lo
  CC       liblely_util_la-diag.lo
  CC       liblely_util_la-dllist.lo
  CC       liblely_util_la-endian.lo
  CC       liblely_util_la-errnum.lo
  CXX      liblely_util_la-exception.lo
  CC       liblely_util_la-fiber.lo
  CC       liblely_util_la-frbuf.lo
  CC       liblely_util_la-fwbuf.lo
  CC       liblely_util_la-lex.lo
  CC       liblely_util_la-membuf.lo
  CC       liblely_util_la-pheap.lo
  CC       liblely_util_la-print.lo
  CC       liblely_util_la-rbtree.lo
  CC       liblely_util_la-stop.lo
  CC       liblely_util_la-time.lo
  CC       liblely_util_la-ustring.lo
  CXXLD    liblely-util.la
Making all in can
  CC       liblely_can_la-buf.lo
  CC       liblely_can_la-msg.lo
  CC       liblely_can_la-net.lo
  CC       liblely_can_la-socket.lo
  CCLD     liblely-can.la
Making all in co
  CC       liblely_co_la-crc.lo
  CC       liblely_co_la-csdo.lo
  CC       liblely_co_la-dcf.lo
  CC       liblely_co_la-dev.lo
  CC       liblely_co_la-emcy.lo
  CC       liblely_co_la-gw_txt.lo
  CC       liblely_co_la-gw.lo
  CC       liblely_co_la-nmt.lo
  CC       liblely_co_la-lss.lo
  CC       liblely_co_la-nmt_boot.lo
  CC       liblely_co_la-nmt_cfg.lo
  CC       liblely_co_la-nmt_hb.lo
  CC       liblely_co_la-nmt_srv.lo
  CC       liblely_co_la-obj.lo
  CC       liblely_co_la-pdo.lo
  CC       liblely_co_la-rpdo.lo
  CC       liblely_co_la-sdev.lo
-- Found tcb_span: 1.3.2 (/opt/ros/jazzy/share/tcb_span/cmake)
-- Found rclcpp_lifecycle: 28.1.22 (/opt/ros/jazzy/share/rclcpp_lifecycle/cmake)
-- Found parameter_traits: 0.7.6 (/opt/ros/jazzy/share/parameter_traits/cmake)
  CC       liblely_co_la-sdo.lo
  CC       liblely_co_la-ssdo.lo
  CC       liblely_co_la-sync.lo
  CC       liblely_co_la-time.lo
  CC       liblely_co_la-tpdo.lo
  CC       liblely_co_la-type.lo
-- Found Eigen3: TRUE (found version "3.4.0") 
-- Ensuring Eigen3 include directory is part of orocos-kdl CMake target
  CC       liblely_co_la-val.lo
  CC       liblely_co_la-wtm.lo
-- Found Boost: /usr/lib/x86_64-linux-gnu/cmake/Boost-1.83.0/BoostConfig.cmake (found version "1.83.0") found components: system filesystem date_time program_options thread chrono 
-- Found Boost: /usr/lib/x86_64-linux-gnu/cmake/Boost-1.83.0/BoostConfig.cmake (found version "1.83.0") found components: thread system filesystem regex date_time program_options 
-- Found Boost: /usr/lib/x86_64-linux-gnu/cmake/Boost-1.83.0/BoostConfig.cmake (found version "1.83.0") found components: system filesystem date_time program_options thread 
-- Found example_interfaces: 0.12.1 (/opt/ros/jazzy/share/example_interfaces/cmake)
-- Found robot_interfaces: 0.0.0 (/tmp/agrobot-next-build-ybgPHn/install/robot_interfaces/share/robot_interfaces/cmake)
-- Configuring done (5.9s)
  CCLD     liblely-co.la
-- Generating done (0.5s)
-- Build files have been written to: /tmp/agrobot-next-build-ybgPHn/build/robot_commander
[ 20%] Building CXX object CMakeFiles/cartesian_path.dir/src/tests/cartesian_path.cpp.o
[ 20%] Building CXX object CMakeFiles/position_goal.dir/src/tests/position_goal.cpp.o
[ 30%] Building CXX object CMakeFiles/commander.dir/src/commander.cpp.o
[ 50%] Building CXX object CMakeFiles/named_goal.dir/src/tests/named_goal.cpp.o
[ 40%] Building CXX object CMakeFiles/joint_goal.dir/src/tests/joint_goal.cpp.o
Making all in io
  CC       liblely_io_la-addr.lo
  CC       liblely_io_la-attr.lo
  CC       liblely_io_la-can.lo
  CC       liblely_io_la-file.lo
  CC       liblely_io_la-handle.lo
  CC       liblely_io_la-if.lo
  CC       liblely_io_la-io.lo
  CC       liblely_io_la-pipe.lo
  CC       liblely_io_la-poll.lo
  CC       liblely_io_la-rtnl.lo
  CC       liblely_io_la-serial.lo
  CC       liblely_io_la-sock.lo
  CCLD     liblely-io.la
Making all in ev
  CC       liblely_ev_la-exec.lo
  CC       liblely_ev_la-fiber_exec.lo
  CC       liblely_ev_la-loop.lo
  CC       liblely_ev_la-future.lo
  CC       liblely_ev_la-poll.lo
  CC       liblely_ev_la-std_exec.lo
  CC       liblely_ev_la-strand.lo
  CC       liblely_ev_la-task.lo
  CC       liblely_ev_la-thrd_loop.lo
  CCLD     liblely-ev.la
Making all in io2
  CC       liblely_io2_la-can.lo
  CC       liblely_io2_la-can_net.lo
  CC       liblely_io2_la-can_rt.lo
  CC       liblely_io2_la-clock.lo
  CC       liblely_io2_la-ctx.lo
  CC       liblely_io2_la-dev.lo
  CC       liblely_io2_la-timer.lo
  CC       liblely_io2_la-sigset.lo
  CC       liblely_io2_la-vcan.lo
  CC       liblely_io2_la-tqueue.lo
  CC       linux/liblely_io2_la-can_chan.lo
  CC       linux/liblely_io2_la-can_ctrl.lo
  CC       can/liblely_io2_la-msg.lo
  CC       linux/liblely_io2_la-timer.lo
  CC       posix/liblely_io2_la-fd.lo
  CC       linux/liblely_io2_la-poll.lo
  CC       posix/liblely_io2_la-io.lo
  CC       posix/liblely_io2_la-sigset.lo
  CC       sys/liblely_io2_la-io.lo
  CC       sys/liblely_io2_la-clock.lo
  CC       user/liblely_io2_la-can.lo
  CC       user/liblely_io2_la-timer.lo
  CCLD     liblely-io2.la
Making all in coapp
  CXX      liblely_coapp_la-device.lo
  CXX      liblely_coapp_la-driver.lo
  CXX      liblely_coapp_la-fiber_driver.lo
  CXX      liblely_coapp_la-logical_driver.lo
  CXX      liblely_coapp_la-loop_driver.lo
  CXX      liblely_coapp_la-master.lo
  CXX      liblely_coapp_la-node.lo
  CXX      liblely_coapp_la-sdo.lo
  CXX      liblely_coapp_la-lss_master.lo
  CXX      liblely_coapp_la-slave.lo
  CXX      liblely_coapp_la-sdo_error.lo
  CXX      liblely_coapp_la-type_traits.lo
  CXXLD    liblely-coapp.la
[ 60%] Linking CXX executable joint_goal
[ 70%] Linking CXX executable position_goal
Making all in python
Making all in dcf-tools
Making all in pkgconfig
[ 87%] No install step for 'upstr_lely_core_libraries'
[100%] Completed 'upstr_lely_core_libraries'
[100%] Built target upstr_lely_core_libraries
-- Install configuration: ""
Making install in doc
gmake[1]: Entering directory '/tmp/agrobot-next-build-ybgPHn/build/lely_core_libraries/build/doc'
gmake[2]: Entering directory '/tmp/agrobot-next-build-ybgPHn/build/lely_core_libraries/build/doc'
gmake[2]: Nothing to be done for 'install-exec-am'.
gmake[2]: Nothing to be done for 'install-data-am'.
gmake[2]: Leaving directory '/tmp/agrobot-next-build-ybgPHn/build/lely_core_libraries/build/doc'
gmake[1]: Leaving directory '/tmp/agrobot-next-build-ybgPHn/build/lely_core_libraries/build/doc'
Making install in include
gmake[1]: Entering directory '/tmp/agrobot-next-build-ybgPHn/build/lely_core_libraries/build/include'
gmake[2]: Entering directory '/tmp/agrobot-next-build-ybgPHn/build/lely_core_libraries/build/include'
gmake[2]: Nothing to be done for 'install-exec-am'.
 /usr/bin/mkdir -p '/tmp/agrobot-next-build-ybgPHn/install/lely_core_libraries/include'
 /usr/bin/mkdir -p '/tmp/agrobot-next-build-ybgPHn/install/lely_core_libraries/include/lely/co'
 /usr/bin/install -c -m 644  /tmp/agrobot-next-build-ybgPHn/build/lely_core_libraries/upstream/include/lely/co/co.h /tmp/agrobot-next-build-ybgPHn/build/lely_core_libraries/upstream/include/lely/co/crc.h /tmp/agrobot-next-build-ybgPHn/build/lely_core_libraries/upstream/include/lely/co/csdo.h /tmp/agrobot-next-build-ybgPHn/build/lely_core_libraries/upstream/include/lely/co/csdo.hpp /tmp/agrobot-next-build-ybgPHn/build/lely_core_libraries/upstream/include/lely/co/dcf.h /tmp/agrobot-next-build-ybgPHn/build/lely_core_libraries/upstream/include/lely/co/dcf.hpp /tmp/agrobot-next-build-ybgPHn/build/lely_core_libraries/upstream/include/lely/co/dev.h /tmp/agrobot-next-build-ybgPHn/build/lely_core_libraries/upstream/include/lely/co/dev.hpp /tmp/agrobot-next-build-ybgPHn/build/lely_core_libraries/upstream/include/lely/co/emcy.h /tmp/agrobot-next-build-ybgPHn/build/lely_core_libraries/upstream/include/lely/co/emcy.hpp /tmp/agrobot-next-build-ybgPHn/build/lely_core_libraries/upstream/include/lely/co/gw.h /tmp/agrobot-next-build-ybgPHn/build/lely_core_libraries/upstream/include/lely/co/gw.hpp /tmp/agrobot-next-build-ybgPHn/build/lely_core_libraries/upstream/include/lely/co/gw_txt.h /tmp/agrobot-next-build-ybgPHn/build/lely_core_libraries/upstream/include/lely/co/gw_txt.hpp /tmp/agrobot-next-build-ybgPHn/build/lely_core_libraries/upstream/include/lely/co/lss.h /tmp/agrobot-next-build-ybgPHn/build/lely_core_libraries/upstream/include/lely/co/lss.hpp /tmp/agrobot-next-build-ybgPHn/build/lely_core_libraries/upstream/include/lely/co/nmt.h /tmp/agrobot-next-build-ybgPHn/build/lely_core_libraries/upstream/include/lely/co/nmt.hpp /tmp/agrobot-next-build-ybgPHn/build/lely_core_libraries/upstream/include/lely/co/obj.h /tmp/agrobot-next-build-ybgPHn/build/lely_core_libraries/upstream/include/lely/co/obj.hpp /tmp/agrobot-next-build-ybgPHn/build/lely_core_libraries/upstream/include/lely/co/pdo.h /tmp/agrobot-next-build-ybgPHn/build/lely_core_libraries/upstream/include/lely/co/rpdo.h /tmp/agrobot-next-build-ybgPHn/build/lely_core_libraries/upstream/include/lely/co/rpdo.hpp /tmp/agrobot-next-build-ybgPHn/build/lely_core_libraries/upstream/include/lely/co/sdev.h /tmp/agrobot-next-build-ybgPHn/build/lely_core_libraries/upstream/include/lely/co/sdev.hpp /tmp/agrobot-next-build-ybgPHn/build/lely_core_libraries/upstream/include/lely/co/sdo.h /tmp/agrobot-next-build-ybgPHn/build/lely_core_libraries/upstream/include/lely/co/ssdo.h /tmp/agrobot-next-build-ybgPHn/build/lely_core_libraries/upstream/include/lely/co/ssdo.hpp /tmp/agrobot-next-build-ybgPHn/build/lely_core_libraries/upstream/include/lely/co/sync.h /tmp/agrobot-next-build-ybgPHn/build/lely_core_libraries/upstream/include/lely/co/sync.hpp /tmp/agrobot-next-build-ybgPHn/build/lely_core_libraries/upstream/include/lely/co/time.h /tmp/agrobot-next-build-ybgPHn/build/lely_core_libraries/upstream/include/lely/co/time.hpp /tmp/agrobot-next-build-ybgPHn/build/lely_core_libraries/upstream/include/lely/co/tpdo.h /tmp/agrobot-next-build-ybgPHn/build/lely_core_libraries/upstream/include/lely/co/tpdo.hpp /tmp/agrobot-next-build-ybgPHn/build/lely_core_libraries/upstream/include/lely/co/type.h /tmp/agrobot-next-build-ybgPHn/build/lely_core_libraries/upstream/include/lely/co/type.hpp /tmp/agrobot-next-build-ybgPHn/build/lely_core_libraries/upstream/include/lely/co/val.h /tmp/agrobot-next-build-ybgPHn/build/lely_core_libraries/upstream/include/lely/co/val.hpp /tmp/agrobot-next-build-ybgPHn/build/lely_core_libraries/upstream/include/lely/co/wtm.h /tmp/agrobot-next-build-ybgPHn/build/lely_core_libraries/upstream/include/lely/co/wtm.hpp '/tmp/agrobot-next-build-ybgPHn/install/lely_core_libraries/include/lely/co'
 /usr/bin/mkdir -p '/tmp/agrobot-next-build-ybgPHn/install/lely_core_libraries/include/lely/libc'
 /usr/bin/install -c -m 644  /tmp/agrobot-next-build-ybgPHn/build/lely_core_libraries/upstream/include/lely/libc/chrono.hpp /tmp/agrobot-next-build-ybgPHn/build/lely_core_libraries/upstream/include/lely/libc/functional.hpp /tmp/agrobot-next-build-ybgPHn/build/lely_core_libraries/upstream/include/lely/libc/stdatomic.h /tmp/agrobot-next-build-ybgPHn/build/lely_core_libraries/upstream/include/lely/libc/stddef.h /tmp/agrobot-next-build-ybgPHn/build/lely_core_libraries/upstream/include/lely/libc/stdint.h /tmp/agrobot-next-build-ybgPHn/build/lely_core_libraries/upstream/include/lely/libc/stdio.h /tmp/agrobot-next-build-ybgPHn/build/lely_core_libraries/upstream/include/lely/libc/stdlib.h /tmp/agrobot-next-build-ybgPHn/build/lely_core_libraries/upstream/include/lely/libc/string.h /tmp/agrobot-next-build-ybgPHn/build/lely_core_libraries/upstream/include/lely/libc/strings.h /tmp/agrobot-next-build-ybgPHn/build/lely_core_libraries/upstream/include/lely/libc/threads.h /tmp/agrobot-next-build-ybgPHn/build/lely_core_libraries/upstream/include/lely/libc/time.h /tmp/agrobot-next-build-ybgPHn/build/lely_core_libraries/upstream/include/lely/libc/type_traits.hpp /tmp/agrobot-next-build-ybgPHn/build/lely_core_libraries/upstream/include/lely/libc/uchar.h /tmp/agrobot-next-build-ybgPHn/build/lely_core_libraries/upstream/include/lely/libc/unistd.h /tmp/agrobot-next-build-ybgPHn/build/lely_core_libraries/upstream/include/lely/libc/utility.hpp '/tmp/agrobot-next-build-ybgPHn/install/lely_core_libraries/include/lely/libc'
 /usr/bin/mkdir -p '/tmp/agrobot-next-build-ybgPHn/install/lely_core_libraries/include/lely/ev'
 /usr/bin/install -c -m 644  /tmp/agrobot-next-build-ybgPHn/build/lely_core_libraries/upstream/include/lely/ev/co_task.hpp /tmp/agrobot-next-build-ybgPHn/build/lely_core_libraries/upstream/include/lely/ev/ev.h /tmp/agrobot-next-build-ybgPHn/build/lely_core_libraries/upstream/include/lely/ev/exec.h /tmp/agrobot-next-build-ybgPHn/build/lely_core_libraries/upstream/include/lely/ev/exec.hpp /tmp/agrobot-next-build-ybgPHn/build/lely_core_libraries/upstream/include/lely/ev/fiber_exec.h /tmp/agrobot-next-build-ybgPHn/build/lely_core_libraries/upstream/include/lely/ev/fiber_exec.hpp /tmp/agrobot-next-build-ybgPHn/build/lely_core_libraries/upstream/include/lely/ev/future.h /tmp/agrobot-next-build-ybgPHn/build/lely_core_libraries/upstream/include/lely/ev/future.hpp /tmp/agrobot-next-build-ybgPHn/build/lely_core_libraries/upstream/include/lely/ev/loop.h /tmp/agrobot-next-build-ybgPHn/build/lely_core_libraries/upstream/include/lely/ev/loop.hpp /tmp/agrobot-next-build-ybgPHn/build/lely_core_libraries/upstream/include/lely/ev/poll.h /tmp/agrobot-next-build-ybgPHn/build/lely_core_libraries/upstream/include/lely/ev/poll.hpp /tmp/agrobot-next-build-ybgPHn/build/lely_core_libraries/upstream/include/lely/ev/std_exec.h /tmp/agrobot-next-build-ybgPHn/build/lely_core_libraries/upstream/include/lely/ev/strand.h /tmp/agrobot-next-build-ybgPHn/build/lely_core_libraries/upstream/include/lely/ev/strand.hpp /tmp/agrobot-next-build-ybgPHn/build/lely_core_libraries/upstream/include/lely/ev/task.h /tmp/agrobot-next-build-ybgPHn/build/lely_core_libraries/upstream/include/lely/ev/task.hpp /tmp/agrobot-next-build-ybgPHn/build/lely_core_libraries/upstream/include/lely/ev/thrd_loop.h /tmp/agrobot-next-build-ybgPHn/build/lely_core_libraries/upstream/include/lely/ev/thrd_loop.hpp '/tmp/agrobot-next-build-ybgPHn/install/lely_core_libraries/include/lely/ev'
 /usr/bin/mkdir -p '/tmp/agrobot-next-build-ybgPHn/install/lely_core_libraries/include/lely/coapp'
 /usr/bin/install -c -m 644  /tmp/agrobot-next-build-ybgPHn/build/lely_core_libraries/upstream/include/lely/coapp/type_traits.hpp /tmp/agrobot-next-build-ybgPHn/build/lely_core_libraries/upstream/include/lely/coapp/device.hpp /tmp/agrobot-next-build-ybgPHn/build/lely_core_libraries/upstream/include/lely/coapp/driver.hpp /tmp/agrobot-next-build-ybgPHn/build/lely_core_libraries/upstream/include/lely/coapp/fiber_driver.hpp /tmp/agrobot-next-build-ybgPHn/build/lely_core_libraries/upstream/include/lely/coapp/logical_driver.hpp /tmp/agrobot-next-build-ybgPHn/build/lely_core_libraries/upstream/include/lely/coapp/loop_driver.hpp /tmp/agrobot-next-build-ybgPHn/build/lely_core_libraries/upstream/include/lely/coapp/lss_master.hpp /tmp/agrobot-next-build-ybgPHn/build/lely_core_libraries/upstream/include/lely/coapp/master.hpp /tmp/agrobot-next-build-ybgPHn/build/lely_core_libraries/upstream/include/lely/coapp/node.hpp /tmp/agrobot-next-build-ybgPHn/build/lely_core_libraries/upstream/include/lely/coapp/sdo.hpp /tmp/agrobot-next-build-ybgPHn/build/lely_core_libraries/upstream/include/lely/coapp/sdo_error.hpp /tmp/agrobot-next-build-ybgPHn/build/lely_core_libraries/upstream/include/lely/coapp/slave.hpp '/tmp/agrobot-next-build-ybgPHn/install/lely_core_libraries/include/lely/coapp'
 /usr/bin/mkdir -p '/tmp/agrobot-next-build-ybgPHn/install/lely_core_libraries/include/lely/can'
 /usr/bin/install -c -m 644  /tmp/agrobot-next-build-ybgPHn/build/lely_core_libraries/upstream/include/lely/can/buf.h /tmp/agrobot-next-build-ybgPHn/build/lely_core_libraries/upstream/include/lely/can/buf.hpp /tmp/agrobot-next-build-ybgPHn/build/lely_core_libraries/upstream/include/lely/can/err.h /tmp/agrobot-next-build-ybgPHn/build/lely_core_libraries/upstream/include/lely/can/msg.h /tmp/agrobot-next-build-ybgPHn/build/lely_core_libraries/upstream/include/lely/can/net.h /tmp/agrobot-next-build-ybgPHn/build/lely_core_libraries/upstream/include/lely/can/net.hpp /tmp/agrobot-next-build-ybgPHn/build/lely_core_libraries/upstream/include/lely/can/socket.h '/tmp/agrobot-next-build-ybgPHn/install/lely_core_libraries/include/lely/can'
 /usr/bin/mkdir -p '/tmp/agrobot-next-build-ybgPHn/install/lely_core_libraries/include/lely/io2/linux'
 /usr/bin/install -c -m 644  /tmp/agrobot-next-build-ybgPHn/build/lely_core_libraries/upstream/include/lely/io2/linux/can.h /tmp/agrobot-next-build-ybgPHn/build/lely_core_libraries/upstream/include/lely/io2/linux/can.hpp '/tmp/agrobot-next-build-ybgPHn/install/lely_core_libraries/include/lely/io2/linux'
 /usr/bin/mkdir -p '/tmp/agrobot-next-build-ybgPHn/install/lely_core_libraries/include/lely/io2/sys'
 /usr/bin/install -c -m 644  /tmp/agrobot-next-build-ybgPHn/build/lely_core_libraries/upstream/include/lely/io2/sys/clock.h /tmp/agrobot-next-build-ybgPHn/build/lely_core_libraries/upstream/include/lely/io2/sys/clock.hpp /tmp/agrobot-next-build-ybgPHn/build/lely_core_libraries/upstream/include/lely/io2/sys/io.h /tmp/agrobot-next-build-ybgPHn/build/lely_core_libraries/upstream/include/lely/io2/sys/io.hpp /tmp/agrobot-next-build-ybgPHn/build/lely_core_libraries/upstream/include/lely/io2/sys/sigset.h /tmp/agrobot-next-build-ybgPHn/build/lely_core_libraries/upstream/include/lely/io2/sys/sigset.hpp /tmp/agrobot-next-build-ybgPHn/build/lely_core_libraries/upstream/include/lely/io2/sys/timer.h /tmp/agrobot-next-build-ybgPHn/build/lely_core_libraries/upstream/include/lely/io2/sys/timer.hpp '/tmp/agrobot-next-build-ybgPHn/install/lely_core_libraries/include/lely/io2/sys'
 /usr/bin/mkdir -p '/tmp/agrobot-next-build-ybgPHn/install/lely_core_libraries/include/lely/util'
 /usr/bin/install -c -m 644  /tmp/agrobot-next-build-ybgPHn/build/lely_core_libraries/upstream/include/lely/util/bimap.h /tmp/agrobot-next-build-ybgPHn/build/lely_core_libraries/upstream/include/lely/util/coroutine.h /tmp/agrobot-next-build-ybgPHn/build/lely_core_libraries/upstream/include/lely/util/coroutine.hpp /tmp/agrobot-next-build-ybgPHn/build/lely_core_libraries/upstream/include/lely/util/mkjmp.h /tmp/agrobot-next-build-ybgPHn/build/lely_core_libraries/upstream/include/lely/util/sllist.h /tmp/agrobot-next-build-ybgPHn/build/lely_core_libraries/upstream/include/lely/util/spscring.h /tmp/agrobot-next-build-ybgPHn/build/lely_core_libraries/upstream/include/lely/util/bits.h /tmp/agrobot-next-build-ybgPHn/build/lely_core_libraries/upstream/include/lely/util/bitset.h /tmp/agrobot-next-build-ybgPHn/build/lely_core_libraries/upstream/include/lely/util/c_call.hpp /tmp/agrobot-next-build-ybgPHn/build/lely_core_libraries/upstream/include/lely/util/c_type.hpp /tmp/agrobot-next-build-ybgPHn/build/lely_core_libraries/upstream/include/lely/util/chrono.hpp /tmp/agrobot-next-build-ybgPHn/build/lely_core_libraries/upstream/include/lely/util/cmp.h /tmp/agrobot-next-build-ybgPHn/build/lely_core_libraries/upstream/include/lely/util/config.h /tmp/agrobot-next-build-ybgPHn/build/lely_core_libraries/upstream/include/lely/util/daemon.h /tmp/agrobot-next-build-ybgPHn/build/lely_core_libraries/upstream/include/lely/util/diag.h /tmp/agrobot-next-build-ybgPHn/build/lely_core_libraries/upstream/include/lely/util/dllist.h /tmp/agrobot-next-build-ybgPHn/build/lely_core_libraries/upstream/include/lely/util/endian.h /tmp/agrobot-next-build-ybgPHn/build/lely_core_libraries/upstream/include/lely/util/errnum.h /tmp/agrobot-next-build-ybgPHn/build/lely_core_libraries/upstream/include/lely/util/error.hpp /tmp/agrobot-next-build-ybgPHn/build/lely_core_libraries/upstream/include/lely/util/exception.hpp /tmp/agrobot-next-build-ybgPHn/build/lely_core_libraries/upstream/include/lely/util/fiber.h /tmp/agrobot-next-build-ybgPHn/build/lely_core_libraries/upstream/include/lely/util/fiber.hpp /tmp/agrobot-next-build-ybgPHn/build/lely_core_libraries/upstream/include/lely/util/float.h /tmp/agrobot-next-build-ybgPHn/build/lely_core_libraries/upstream/include/lely/util/frbuf.h /tmp/agrobot-next-build-ybgPHn/build/lely_core_libraries/upstream/include/lely/util/fwbuf.h /tmp/agrobot-next-build-ybgPHn/build/lely_core_libraries/upstream/include/lely/util/invoker.hpp /tmp/agrobot-next-build-ybgPHn/build/lely_core_libraries/upstream/include/lely/util/lex.h /tmp/agrobot-next-build-ybgPHn/build/lely_core_libraries/upstream/include/lely/util/membuf.h /tmp/agrobot-next-build-ybgPHn/build/lely_core_libraries/upstream/include/lely/util/mutex.hpp /tmp/agrobot-next-build-ybgPHn/build/lely_core_libraries/upstream/include/lely/util/pheap.h /tmp/agrobot-next-build-ybgPHn/build/lely_core_libraries/upstream/include/lely/util/print.h /tmp/agrobot-next-build-ybgPHn/build/lely_core_libraries/upstream/include/lely/util/rbtree.h /tmp/agrobot-next-build-ybgPHn/build/lely_core_libraries/upstream/include/lely/util/result.hpp /tmp/agrobot-next-build-ybgPHn/build/lely_core_libraries/upstream/include/lely/util/stop.h /tmp/agrobot-next-build-ybgPHn/build/lely_core_libraries/upstream/include/lely/util/stop.hpp /tmp/agrobot-next-build-ybgPHn/build/lely_core_libraries/upstream/include/lely/util/time.h /tmp/agrobot-next-build-ybgPHn/build/lely_core_libraries/upstream/include/lely/util/ustring.h /tmp/agrobot-next-build-ybgPHn/build/lely_core_libraries/upstream/include/lely/util/util.h '/tmp/agrobot-next-build-ybgPHn/install/lely_core_libraries/include/lely/util'
 /usr/bin/mkdir -p '/tmp/agrobot-next-build-ybgPHn/install/lely_core_libraries/include/lely/co/detail'
 /usr/bin/install -c -m 644  /tmp/agrobot-next-build-ybgPHn/build/lely_core_libraries/upstream/include/lely/co/detail/dev.h /tmp/agrobot-next-build-ybgPHn/build/lely_core_libraries/upstream/include/lely/co/detail/obj.h '/tmp/agrobot-next-build-ybgPHn/install/lely_core_libraries/include/lely/co/detail'
 /usr/bin/mkdir -p '/tmp/agrobot-next-build-ybgPHn/install/lely_core_libraries/include/lely/io2/posix'
 /usr/bin/install -c -m 644  /tmp/agrobot-next-build-ybgPHn/build/lely_core_libraries/upstream/include/lely/io2/posix/poll.h /tmp/agrobot-next-build-ybgPHn/build/lely_core_libraries/upstream/include/lely/io2/posix/poll.hpp '/tmp/agrobot-next-build-ybgPHn/install/lely_core_libraries/include/lely/io2/posix'
 /usr/bin/mkdir -p '/tmp/agrobot-next-build-ybgPHn/install/lely_core_libraries/include/lely/util/def'
 /usr/bin/install -c -m 644  /tmp/agrobot-next-build-ybgPHn/build/lely_core_libraries/upstream/include/lely/util/def/type.def '/tmp/agrobot-next-build-ybgPHn/install/lely_core_libraries/include/lely/util/def'
 /usr/bin/mkdir -p '/tmp/agrobot-next-build-ybgPHn/install/lely_core_libraries/include/lely/io2/user'
 /usr/bin/install -c -m 644  /tmp/agrobot-next-build-ybgPHn/build/lely_core_libraries/upstream/include/lely/io2/user/can.h /tmp/agrobot-next-build-ybgPHn/build/lely_core_libraries/upstream/include/lely/io2/user/can.hpp /tmp/agrobot-next-build-ybgPHn/build/lely_core_libraries/upstream/include/lely/io2/user/timer.h /tmp/agrobot-next-build-ybgPHn/build/lely_core_libraries/upstream/include/lely/io2/user/timer.hpp '/tmp/agrobot-next-build-ybgPHn/install/lely_core_libraries/include/lely/io2/user'
 /usr/bin/mkdir -p '/tmp/agrobot-next-build-ybgPHn/install/lely_core_libraries/include/lely/io2/can'
 /usr/bin/install -c -m 644  /tmp/agrobot-next-build-ybgPHn/build/lely_core_libraries/upstream/include/lely/io2/can/err.h /tmp/agrobot-next-build-ybgPHn/build/lely_core_libraries/upstream/include/lely/io2/can/err.hpp /tmp/agrobot-next-build-ybgPHn/build/lely_core_libraries/upstream/include/lely/io2/can/msg.h /tmp/agrobot-next-build-ybgPHn/build/lely_core_libraries/upstream/include/lely/io2/can/msg.hpp '/tmp/agrobot-next-build-ybgPHn/install/lely_core_libraries/include/lely/io2/can'
 /usr/bin/mkdir -p '/tmp/agrobot-next-build-ybgPHn/install/lely_core_libraries/include/lely/co/def'
 /usr/bin/install -c -m 644  /tmp/agrobot-next-build-ybgPHn/build/lely_core_libraries/upstream/include/lely/co/def/array.def /tmp/agrobot-next-build-ybgPHn/build/lely_core_libraries/upstream/include/lely/co/def/basic.def /tmp/agrobot-next-build-ybgPHn/build/lely_core_libraries/upstream/include/lely/co/def/cxx.def /tmp/agrobot-next-build-ybgPHn/build/lely_core_libraries/upstream/include/lely/co/def/time.def /tmp/agrobot-next-build-ybgPHn/build/lely_core_libraries/upstream/include/lely/co/def/type.def '/tmp/agrobot-next-build-ybgPHn/install/lely_core_libraries/include/lely/co/def'
 /usr/bin/mkdir -p '/tmp/agrobot-next-build-ybgPHn/install/lely_core_libraries/include/lely/io'
 /usr/bin/install -c -m 644  /tmp/agrobot-next-build-ybgPHn/build/lely_core_libraries/upstream/include/lely/io/addr.h /tmp/agrobot-next-build-ybgPHn/build/lely_core_libraries/upstream/include/lely/io/attr.h /tmp/agrobot-next-build-ybgPHn/build/lely_core_libraries/upstream/include/lely/io/can.h /tmp/agrobot-next-build-ybgPHn/build/lely_core_libraries/upstream/include/lely/io/can.hpp /tmp/agrobot-next-build-ybgPHn/build/lely_core_libraries/upstream/include/lely/io/file.h /tmp/agrobot-next-build-ybgPHn/build/lely_core_libraries/upstream/include/lely/io/file.hpp /tmp/agrobot-next-build-ybgPHn/build/lely_core_libraries/upstream/include/lely/io/if.h /tmp/agrobot-next-build-ybgPHn/build/lely_core_libraries/upstream/include/lely/io/io.h /tmp/agrobot-next-build-ybgPHn/build/lely_core_libraries/upstream/include/lely/io/io.hpp /tmp/agrobot-next-build-ybgPHn/build/lely_core_libraries/upstream/include/lely/io/pipe.h /tmp/agrobot-next-build-ybgPHn/build/lely_core_libraries/upstream/include/lely/io/pipe.hpp /tmp/agrobot-next-build-ybgPHn/build/lely_core_libraries/upstream/include/lely/io/poll.h /tmp/agrobot-next-build-ybgPHn/build/lely_core_libraries/upstream/include/lely/io/poll.hpp /tmp/agrobot-next-build-ybgPHn/build/lely_core_libraries/upstream/include/lely/io/serial.h /tmp/agrobot-next-build-ybgPHn/build/lely_core_libraries/upstream/include/lely/io/serial.hpp /tmp/agrobot-next-build-ybgPHn/build/lely_core_libraries/upstream/include/lely/io/sock.h /tmp/agrobot-next-build-ybgPHn/build/lely_core_libraries/upstream/include/lely/io/sock.hpp '/tmp/agrobot-next-build-ybgPHn/install/lely_core_libraries/include/lely/io'
 /usr/bin/mkdir -p '/tmp/agrobot-next-build-ybgPHn/install/lely_core_libraries/include/lely/tap'
 /usr/bin/install -c -m 644  /tmp/agrobot-next-build-ybgPHn/build/lely_core_libraries/upstream/include/lely/tap/tap.h '/tmp/agrobot-next-build-ybgPHn/install/lely_core_libraries/include/lely/tap'
 /usr/bin/mkdir -p '/tmp/agrobot-next-build-ybgPHn/install/lely_core_libraries/include/lely/libc/sys'
 /usr/bin/install -c -m 644  /tmp/agrobot-next-build-ybgPHn/build/lely_core_libraries/upstream/include/lely/libc/sys/types.h '/tmp/agrobot-next-build-ybgPHn/install/lely_core_libraries/include/lely/libc/sys'
 /usr/bin/mkdir -p '/tmp/agrobot-next-build-ybgPHn/install/lely_core_libraries/include/lely/io2'
 /usr/bin/install -c -m 644  /tmp/agrobot-next-build-ybgPHn/build/lely_core_libraries/upstream/include/lely/io2/can.h /tmp/agrobot-next-build-ybgPHn/build/lely_core_libraries/upstream/include/lely/io2/can.hpp /tmp/agrobot-next-build-ybgPHn/build/lely_core_libraries/upstream/include/lely/io2/can_net.h /tmp/agrobot-next-build-ybgPHn/build/lely_core_libraries/upstream/include/lely/io2/can_net.hpp /tmp/agrobot-next-build-ybgPHn/build/lely_core_libraries/upstream/include/lely/io2/can_rt.h /tmp/agrobot-next-build-ybgPHn/build/lely_core_libraries/upstream/include/lely/io2/can_rt.hpp /tmp/agrobot-next-build-ybgPHn/build/lely_core_libraries/upstream/include/lely/io2/clock.h /tmp/agrobot-next-build-ybgPHn/build/lely_core_libraries/upstream/include/lely/io2/clock.hpp /tmp/agrobot-next-build-ybgPHn/build/lely_core_libraries/upstream/include/lely/io2/co_can.hpp /tmp/agrobot-next-build-ybgPHn/build/lely_core_libraries/upstream/include/lely/io2/co_can_rt.hpp /tmp/agrobot-next-build-ybgPHn/build/lely_core_libraries/upstream/include/lely/io2/co_sigset.hpp /tmp/agrobot-next-build-ybgPHn/build/lely_core_libraries/upstream/include/lely/io2/co_timer.hpp /tmp/agrobot-next-build-ybgPHn/build/lely_core_libraries/upstream/include/lely/io2/co_tqueue.hpp /tmp/agrobot-next-build-ybgPHn/build/lely_core_libraries/upstream/include/lely/io2/ctx.h /tmp/agrobot-next-build-ybgPHn/build/lely_core_libraries/upstream/include/lely/io2/ctx.hpp /tmp/agrobot-next-build-ybgPHn/build/lely_core_libraries/upstream/include/lely/io2/dev.h /tmp/agrobot-next-build-ybgPHn/build/lely_core_libraries/upstream/include/lely/io2/dev.hpp /tmp/agrobot-next-build-ybgPHn/build/lely_core_libraries/upstream/include/lely/io2/event.h /tmp/agrobot-next-build-ybgPHn/build/lely_core_libraries/upstream/include/lely/io2/event.hpp /tmp/agrobot-next-build-ybgPHn/build/lely_core_libraries/upstream/include/lely/io2/io2.h /tmp/agrobot-next-build-ybgPHn/build/lely_core_libraries/upstream/include/lely/io2/sigset.h /tmp/agrobot-next-build-ybgPHn/build/lely_core_libraries/upstream/include/lely/io2/sigset.hpp /tmp/agrobot-next-build-ybgPHn/build/lely_core_libraries/upstream/include/lely/io2/timer.h /tmp/agrobot-next-build-ybgPHn/build/lely_core_libraries/upstream/include/lely/io2/timer.hpp /tmp/agrobot-next-build-ybgPHn/build/lely_core_libraries/upstream/include/lely/io2/tqueue.h /tmp/agrobot-next-build-ybgPHn/build/lely_core_libraries/upstream/include/lely/io2/tqueue.hpp /tmp/agrobot-next-build-ybgPHn/build/lely_core_libraries/upstream/include/lely/io2/vcan.h /tmp/agrobot-next-build-ybgPHn/build/lely_core_libraries/upstream/include/lely/io2/vcan.hpp '/tmp/agrobot-next-build-ybgPHn/install/lely_core_libraries/include/lely/io2'
 /usr/bin/mkdir -p '/tmp/agrobot-next-build-ybgPHn/install/lely_core_libraries/include/lely'
 /usr/bin/install -c -m 644  /tmp/agrobot-next-build-ybgPHn/build/lely_core_libraries/upstream/include/lely/features.h '/tmp/agrobot-next-build-ybgPHn/install/lely_core_libraries/include/lely'
gmake[2]: Leaving directory '/tmp/agrobot-next-build-ybgPHn/build/lely_core_libraries/build/include'
gmake[1]: Leaving directory '/tmp/agrobot-next-build-ybgPHn/build/lely_core_libraries/build/include'
Making install in src
gmake[1]: Entering directory '/tmp/agrobot-next-build-ybgPHn/build/lely_core_libraries/build/src'
Making install in libc
gmake[2]: Entering directory '/tmp/agrobot-next-build-ybgPHn/build/lely_core_libraries/build/src/libc'
gmake[3]: Entering directory '/tmp/agrobot-next-build-ybgPHn/build/lely_core_libraries/build/src/libc'
 /usr/bin/mkdir -p '/tmp/agrobot-next-build-ybgPHn/install/lely_core_libraries/lib'
 /bin/bash ../../libtool   --mode=install /usr/bin/install -c   liblely-libc.la '/tmp/agrobot-next-build-ybgPHn/install/lely_core_libraries/lib'
libtool: install: /usr/bin/install -c .libs/liblely-libc.so.2.4.0 /tmp/agrobot-next-build-ybgPHn/install/lely_core_libraries/lib/liblely-libc.so.2.4.0
[ 70%] Built target joint_goal
libtool: install: (cd /tmp/agrobot-next-build-ybgPHn/install/lely_core_libraries/lib && { ln -s -f liblely-libc.so.2.4.0 liblely-libc.so.2 || { rm -f liblely-libc.so.2 && ln -s liblely-libc.so.2.4.0 liblely-libc.so.2; }; })
libtool: install: (cd /tmp/agrobot-next-build-ybgPHn/install/lely_core_libraries/lib && { ln -s -f liblely-libc.so.2.4.0 liblely-libc.so || { rm -f liblely-libc.so && ln -s liblely-libc.so.2.4.0 liblely-libc.so; }; })
libtool: install: /usr/bin/install -c .libs/liblely-libc.lai /tmp/agrobot-next-build-ybgPHn/install/lely_core_libraries/lib/liblely-libc.la
[ 70%] Built target position_goal
libtool: finish: PATH="/home/gsylvia/.local/bin:/home/gsylvia/.local/bin:/home/gsylvia/.local/bin:/home/gsylvia/.vscode-server/bin/7debcd0e2acdea1c52de81bf9ee1620444407dda/bin/remote-cli:/home/gsylvia/.local/bin:/home/gsylvia/.local/bin:/opt/ros/jazzy/opt/gz_msgs_vendor/bin:/opt/ros/jazzy/opt/gz_tools_vendor/bin:/opt/ros/jazzy/opt/gz_ogre_next_vendor/bin:/opt/ros/jazzy/bin:/usr/local/sbin:/usr/local/bin:/usr/sbin:/usr/bin:/sbin:/bin:/usr/games:/usr/local/games:/usr/lib/wsl/lib:/mnt/c/Windows/system32:/mnt/c/Windows:/mnt/c/Windows/System32/Wbem:/mnt/c/Windows/System32/WindowsPowerShell/v1.0/:/mnt/c/Windows/System32/OpenSSH/:/mnt/c/Program Files/NVIDIA Corporation/NVIDIA app/NvDLISR:/mnt/c/Program Files/dotnet/:/mnt/c/Program Files/MATLAB/R2025a/bin:/mnt/c/Program Files (x86)/Windows Kits/8.1/Windows Performance Toolkit/:/mnt/c/Program Files/Mullvad VPN/resources:/mnt/c/Users/grsga/AppData/Local/Programs/OpenAI/Codex/bin:/mnt/c/Users/grsga/AppData/Local/Programs/Python/Python312/Scripts/:/mnt/c/Users/grsga/AppData/Local/Programs/Python/Python312/:/mnt/c/Users/grsga/AppData/Local/Programs/Python/Launcher/:/mnt/c/Users/grsga/.cargo/bin:/mnt/c/Users/grsga/.local/bin:/mnt/c/Users/grsga/scoop/apps/mpv/current:/mnt/c/Users/grsga/scoop/shims:/mnt/c/Users/grsga/AppData/Local/Microsoft/WindowsApps:/mnt/c/Users/grsga/AppData/Local/Programs/Ollama:/mnt/c/Users/grsga/AppData/Local/Programs/Microsoft VS Code/bin:/mnt/c/Users/grsga/AppData/Local/Microsoft/WinGet/Packages/DenoLand.Deno_Microsoft.Winget.Source_8wekyb3d8bbwe:/mnt/c/Users/grsga/AppData/Local/Microsoft/WinGet/Packages/yt-dlp.FFmpeg_Microsoft.Winget.Source_8wekyb3d8bbwe/ffmpeg-N-124716-g054dffd133-win64-gpl/bin:/mnt/c/Users/grsga/AppData/Local/Microsoft/WinGet/Packages/yt-dlp.yt-dlp_Microsoft.Winget.Source_8wekyb3d8bbwe:/mnt/c/Program Files/qemu:/mnt/c/Users/grsga/AppData/Local/Microsoft/WinGet/Packages/BurntSushi.ripgrep.MSVC_Microsoft.Winget.Source_8wekyb3d8bbwe/ripgrep-15.2.0-x86_64-pc-windows-msvc:/mnt/c/Users/grsga/AppData/Local/Programs/Cua/cua-driver/bin:/snap/bin:/home/gsylvia/.lmstudio/bin:/home/gsylvia/.lmstudio/bin:/home/gsylvia/.lmstudio/bin:/home/gsylvia/.lmstudio/bin:/home/gsylvia/.lmstudio/bin:/sbin" ldconfig -n /tmp/agrobot-next-build-ybgPHn/install/lely_core_libraries/lib
----------------------------------------------------------------------
Libraries have been installed in:
   /tmp/agrobot-next-build-ybgPHn/install/lely_core_libraries/lib

If you ever happen to want to link against installed libraries
in a given directory, LIBDIR, you must either use libtool, and
specify the full pathname of the library, or use the '-LLIBDIR'
flag during linking and do at least one of the following:
   - add LIBDIR to the 'LD_LIBRARY_PATH' environment variable
     during execution
   - add LIBDIR to the 'LD_RUN_PATH' environment variable
     during linking
   - use the '-Wl,-rpath -Wl,LIBDIR' linker flag
   - have your system administrator add LIBDIR to '/etc/ld.so.conf'

See any operating system documentation about shared libraries for
more information, such as the ld(1) and ld.so(8) manual pages.
----------------------------------------------------------------------
gmake[3]: Leaving directory '/tmp/agrobot-next-build-ybgPHn/build/lely_core_libraries/build/src/libc'
gmake[2]: Leaving directory '/tmp/agrobot-next-build-ybgPHn/build/lely_core_libraries/build/src/libc'
Making install in tap
gmake[2]: Entering directory '/tmp/agrobot-next-build-ybgPHn/build/lely_core_libraries/build/src/tap'
gmake[3]: Entering directory '/tmp/agrobot-next-build-ybgPHn/build/lely_core_libraries/build/src/tap'
 /usr/bin/mkdir -p '/tmp/agrobot-next-build-ybgPHn/install/lely_core_libraries/lib'
 /bin/bash ../../libtool   --mode=install /usr/bin/install -c   liblely-tap.la '/tmp/agrobot-next-build-ybgPHn/install/lely_core_libraries/lib'
libtool: warning: relinking 'liblely-tap.la'
[ 80%] Linking CXX executable named_goal
libtool: install: (cd /tmp/agrobot-next-build-ybgPHn/build/lely_core_libraries/build/src/tap; /bin/bash "/tmp/agrobot-next-build-ybgPHn/build/lely_core_libraries/build/libtool"  --silent --tag CC --mode=relink gcc -Wall -Wextra -pedantic -Werror -Wno-static-in-inline -pthread -g -O2 -no-undefined -version-number 2:4:0 -Wl,--as-needed -o liblely-tap.la -rpath /tmp/agrobot-next-build-ybgPHn/install/lely_core_libraries/lib liblely_tap_la-tap.lo ../../src/libc/liblely-libc.la -lpthread )
libtool: install: /usr/bin/install -c .libs/liblely-tap.so.2.4.0T /tmp/agrobot-next-build-ybgPHn/install/lely_core_libraries/lib/liblely-tap.so.2.4.0
libtool: install: (cd /tmp/agrobot-next-build-ybgPHn/install/lely_core_libraries/lib && { ln -s -f liblely-tap.so.2.4.0 liblely-tap.so.2 || { rm -f liblely-tap.so.2 && ln -s liblely-tap.so.2.4.0 liblely-tap.so.2; }; })
libtool: install: (cd /tmp/agrobot-next-build-ybgPHn/install/lely_core_libraries/lib && { ln -s -f liblely-tap.so.2.4.0 liblely-tap.so || { rm -f liblely-tap.so && ln -s liblely-tap.so.2.4.0 liblely-tap.so; }; })
libtool: install: /usr/bin/install -c .libs/liblely-tap.lai /tmp/agrobot-next-build-ybgPHn/install/lely_core_libraries/lib/liblely-tap.la
libtool: finish: PATH="/home/gsylvia/.local/bin:/home/gsylvia/.local/bin:/home/gsylvia/.local/bin:/home/gsylvia/.vscode-server/bin/7debcd0e2acdea1c52de81bf9ee1620444407dda/bin/remote-cli:/home/gsylvia/.local/bin:/home/gsylvia/.local/bin:/opt/ros/jazzy/opt/gz_msgs_vendor/bin:/opt/ros/jazzy/opt/gz_tools_vendor/bin:/opt/ros/jazzy/opt/gz_ogre_next_vendor/bin:/opt/ros/jazzy/bin:/usr/local/sbin:/usr/local/bin:/usr/sbin:/usr/bin:/sbin:/bin:/usr/games:/usr/local/games:/usr/lib/wsl/lib:/mnt/c/Windows/system32:/mnt/c/Windows:/mnt/c/Windows/System32/Wbem:/mnt/c/Windows/System32/WindowsPowerShell/v1.0/:/mnt/c/Windows/System32/OpenSSH/:/mnt/c/Program Files/NVIDIA Corporation/NVIDIA app/NvDLISR:/mnt/c/Program Files/dotnet/:/mnt/c/Program Files/MATLAB/R2025a/bin:/mnt/c/Program Files (x86)/Windows Kits/8.1/Windows Performance Toolkit/:/mnt/c/Program Files/Mullvad VPN/resources:/mnt/c/Users/grsga/AppData/Local/Programs/OpenAI/Codex/bin:/mnt/c/Users/grsga/AppData/Local/Programs/Python/Python312/Scripts/:/mnt/c/Users/grsga/AppData/Local/Programs/Python/Python312/:/mnt/c/Users/grsga/AppData/Local/Programs/Python/Launcher/:/mnt/c/Users/grsga/.cargo/bin:/mnt/c/Users/grsga/.local/bin:/mnt/c/Users/grsga/scoop/apps/mpv/current:/mnt/c/Users/grsga/scoop/shims:/mnt/c/Users/grsga/AppData/Local/Microsoft/WindowsApps:/mnt/c/Users/grsga/AppData/Local/Programs/Ollama:/mnt/c/Users/grsga/AppData/Local/Programs/Microsoft VS Code/bin:/mnt/c/Users/grsga/AppData/Local/Microsoft/WinGet/Packages/DenoLand.Deno_Microsoft.Winget.Source_8wekyb3d8bbwe:/mnt/c/Users/grsga/AppData/Local/Microsoft/WinGet/Packages/yt-dlp.FFmpeg_Microsoft.Winget.Source_8wekyb3d8bbwe/ffmpeg-N-124716-g054dffd133-win64-gpl/bin:/mnt/c/Users/grsga/AppData/Local/Microsoft/WinGet/Packages/yt-dlp.yt-dlp_Microsoft.Winget.Source_8wekyb3d8bbwe:/mnt/c/Program Files/qemu:/mnt/c/Users/grsga/AppData/Local/Microsoft/WinGet/Packages/BurntSushi.ripgrep.MSVC_Microsoft.Winget.Source_8wekyb3d8bbwe/ripgrep-15.2.0-x86_64-pc-windows-msvc:/mnt/c/Users/grsga/AppData/Local/Programs/Cua/cua-driver/bin:/snap/bin:/home/gsylvia/.lmstudio/bin:/home/gsylvia/.lmstudio/bin:/home/gsylvia/.lmstudio/bin:/home/gsylvia/.lmstudio/bin:/home/gsylvia/.lmstudio/bin:/sbin" ldconfig -n /tmp/agrobot-next-build-ybgPHn/install/lely_core_libraries/lib
----------------------------------------------------------------------
Libraries have been installed in:
   /tmp/agrobot-next-build-ybgPHn/install/lely_core_libraries/lib

If you ever happen to want to link against installed libraries
in a given directory, LIBDIR, you must either use libtool, and
specify the full pathname of the library, or use the '-LLIBDIR'
flag during linking and do at least one of the following:
   - add LIBDIR to the 'LD_LIBRARY_PATH' environment variable
     during execution
   - add LIBDIR to the 'LD_RUN_PATH' environment variable
     during linking
   - use the '-Wl,-rpath -Wl,LIBDIR' linker flag
   - have your system administrator add LIBDIR to '/etc/ld.so.conf'

See any operating system documentation about shared libraries for
more information, such as the ld(1) and ld.so(8) manual pages.
----------------------------------------------------------------------
gmake[3]: Leaving directory '/tmp/agrobot-next-build-ybgPHn/build/lely_core_libraries/build/src/tap'
gmake[2]: Leaving directory '/tmp/agrobot-next-build-ybgPHn/build/lely_core_libraries/build/src/tap'
Making install in util
[ 90%] Linking CXX executable cartesian_path
gmake[2]: Entering directory '/tmp/agrobot-next-build-ybgPHn/build/lely_core_libraries/build/src/util'
gmake[3]: Entering directory '/tmp/agrobot-next-build-ybgPHn/build/lely_core_libraries/build/src/util'
 /usr/bin/mkdir -p '/tmp/agrobot-next-build-ybgPHn/install/lely_core_libraries/lib'
 /bin/bash ../../libtool   --mode=install /usr/bin/install -c   liblely-util.la '/tmp/agrobot-next-build-ybgPHn/install/lely_core_libraries/lib'
libtool: warning: relinking 'liblely-util.la'
libtool: install: (cd /tmp/agrobot-next-build-ybgPHn/build/lely_core_libraries/build/src/util; /bin/bash "/tmp/agrobot-next-build-ybgPHn/build/lely_core_libraries/build/libtool"  --silent --tag CXX --mode=relink g++ -std=gnu++11 -Wall -Wextra -pedantic -Werror -g -O2 -no-undefined -version-number 2:4:0 -Wl,--as-needed -o liblely-util.la -rpath /tmp/agrobot-next-build-ybgPHn/install/lely_core_libraries/lib liblely_util_la-bimap.lo liblely_util_la-mkjmp.lo liblely_util_la-sllist.lo liblely_util_la-spscring.lo liblely_util_la-bits.lo liblely_util_la-bitset.lo liblely_util_la-cmp.lo liblely_util_la-config.lo liblely_util_la-config_ini.lo liblely_util_la-daemon.lo liblely_util_la-diag.lo liblely_util_la-dllist.lo liblely_util_la-endian.lo liblely_util_la-errnum.lo liblely_util_la-exception.lo liblely_util_la-fiber.lo liblely_util_la-frbuf.lo liblely_util_la-fwbuf.lo liblely_util_la-lex.lo liblely_util_la-membuf.lo liblely_util_la-pheap.lo liblely_util_la-print.lo liblely_util_la-rbtree.lo liblely_util_la-stop.lo liblely_util_la-time.lo liblely_util_la-ustring.lo ../../src/libc/liblely-libc.la -lm -lpthread )
[ 90%] Built target named_goal
libtool: install: /usr/bin/install -c .libs/liblely-util.so.2.4.0T /tmp/agrobot-next-build-ybgPHn/install/lely_core_libraries/lib/liblely-util.so.2.4.0
libtool: install: (cd /tmp/agrobot-next-build-ybgPHn/install/lely_core_libraries/lib && { ln -s -f liblely-util.so.2.4.0 liblely-util.so.2 || { rm -f liblely-util.so.2 && ln -s liblely-util.so.2.4.0 liblely-util.so.2; }; })
libtool: install: (cd /tmp/agrobot-next-build-ybgPHn/install/lely_core_libraries/lib && { ln -s -f liblely-util.so.2.4.0 liblely-util.so || { rm -f liblely-util.so && ln -s liblely-util.so.2.4.0 liblely-util.so; }; })
libtool: install: /usr/bin/install -c .libs/liblely-util.lai /tmp/agrobot-next-build-ybgPHn/install/lely_core_libraries/lib/liblely-util.la
libtool: finish: PATH="/home/gsylvia/.local/bin:/home/gsylvia/.local/bin:/home/gsylvia/.local/bin:/home/gsylvia/.vscode-server/bin/7debcd0e2acdea1c52de81bf9ee1620444407dda/bin/remote-cli:/home/gsylvia/.local/bin:/home/gsylvia/.local/bin:/opt/ros/jazzy/opt/gz_msgs_vendor/bin:/opt/ros/jazzy/opt/gz_tools_vendor/bin:/opt/ros/jazzy/opt/gz_ogre_next_vendor/bin:/opt/ros/jazzy/bin:/usr/local/sbin:/usr/local/bin:/usr/sbin:/usr/bin:/sbin:/bin:/usr/games:/usr/local/games:/usr/lib/wsl/lib:/mnt/c/Windows/system32:/mnt/c/Windows:/mnt/c/Windows/System32/Wbem:/mnt/c/Windows/System32/WindowsPowerShell/v1.0/:/mnt/c/Windows/System32/OpenSSH/:/mnt/c/Program Files/NVIDIA Corporation/NVIDIA app/NvDLISR:/mnt/c/Program Files/dotnet/:/mnt/c/Program Files/MATLAB/R2025a/bin:/mnt/c/Program Files (x86)/Windows Kits/8.1/Windows Performance Toolkit/:/mnt/c/Program Files/Mullvad VPN/resources:/mnt/c/Users/grsga/AppData/Local/Programs/OpenAI/Codex/bin:/mnt/c/Users/grsga/AppData/Local/Programs/Python/Python312/Scripts/:/mnt/c/Users/grsga/AppData/Local/Programs/Python/Python312/:/mnt/c/Users/grsga/AppData/Local/Programs/Python/Launcher/:/mnt/c/Users/grsga/.cargo/bin:/mnt/c/Users/grsga/.local/bin:/mnt/c/Users/grsga/scoop/apps/mpv/current:/mnt/c/Users/grsga/scoop/shims:/mnt/c/Users/grsga/AppData/Local/Microsoft/WindowsApps:/mnt/c/Users/grsga/AppData/Local/Programs/Ollama:/mnt/c/Users/grsga/AppData/Local/Programs/Microsoft VS Code/bin:/mnt/c/Users/grsga/AppData/Local/Microsoft/WinGet/Packages/DenoLand.Deno_Microsoft.Winget.Source_8wekyb3d8bbwe:/mnt/c/Users/grsga/AppData/Local/Microsoft/WinGet/Packages/yt-dlp.FFmpeg_Microsoft.Winget.Source_8wekyb3d8bbwe/ffmpeg-N-124716-g054dffd133-win64-gpl/bin:/mnt/c/Users/grsga/AppData/Local/Microsoft/WinGet/Packages/yt-dlp.yt-dlp_Microsoft.Winget.Source_8wekyb3d8bbwe:/mnt/c/Program Files/qemu:/mnt/c/Users/grsga/AppData/Local/Microsoft/WinGet/Packages/BurntSushi.ripgrep.MSVC_Microsoft.Winget.Source_8wekyb3d8bbwe/ripgrep-15.2.0-x86_64-pc-windows-msvc:/mnt/c/Users/grsga/AppData/Local/Programs/Cua/cua-driver/bin:/snap/bin:/home/gsylvia/.lmstudio/bin:/home/gsylvia/.lmstudio/bin:/home/gsylvia/.lmstudio/bin:/home/gsylvia/.lmstudio/bin:/home/gsylvia/.lmstudio/bin:/sbin" ldconfig -n /tmp/agrobot-next-build-ybgPHn/install/lely_core_libraries/lib
----------------------------------------------------------------------
Libraries have been installed in:
   /tmp/agrobot-next-build-ybgPHn/install/lely_core_libraries/lib

If you ever happen to want to link against installed libraries
in a given directory, LIBDIR, you must either use libtool, and
specify the full pathname of the library, or use the '-LLIBDIR'
flag during linking and do at least one of the following:
   - add LIBDIR to the 'LD_LIBRARY_PATH' environment variable
     during execution
   - add LIBDIR to the 'LD_RUN_PATH' environment variable
     during linking
   - use the '-Wl,-rpath -Wl,LIBDIR' linker flag
   - have your system administrator add LIBDIR to '/etc/ld.so.conf'

See any operating system documentation about shared libraries for
more information, such as the ld(1) and ld.so(8) manual pages.
----------------------------------------------------------------------
gmake[3]: Leaving directory '/tmp/agrobot-next-build-ybgPHn/build/lely_core_libraries/build/src/util'
gmake[2]: Leaving directory '/tmp/agrobot-next-build-ybgPHn/build/lely_core_libraries/build/src/util'
Making install in can
[ 90%] Built target cartesian_path
gmake[2]: Entering directory '/tmp/agrobot-next-build-ybgPHn/build/lely_core_libraries/build/src/can'
gmake[3]: Entering directory '/tmp/agrobot-next-build-ybgPHn/build/lely_core_libraries/build/src/can'
 /usr/bin/mkdir -p '/tmp/agrobot-next-build-ybgPHn/install/lely_core_libraries/lib'
 /bin/bash ../../libtool   --mode=install /usr/bin/install -c   liblely-can.la '/tmp/agrobot-next-build-ybgPHn/install/lely_core_libraries/lib'
libtool: warning: relinking 'liblely-can.la'
libtool: install: (cd /tmp/agrobot-next-build-ybgPHn/build/lely_core_libraries/build/src/can; /bin/bash "/tmp/agrobot-next-build-ybgPHn/build/lely_core_libraries/build/libtool"  --silent --tag CC --mode=relink gcc -Wall -Wextra -pedantic -Werror -Wno-static-in-inline -pthread -g -O2 -no-undefined -version-number 1:9:2 -Wl,--as-needed -o liblely-can.la -rpath /tmp/agrobot-next-build-ybgPHn/install/lely_core_libraries/lib liblely_can_la-buf.lo liblely_can_la-msg.lo liblely_can_la-net.lo liblely_can_la-socket.lo ../../src/libc/liblely-libc.la ../../src/util/liblely-util.la -lpthread )
libtool: install: /usr/bin/install -c .libs/liblely-can.so.1.9.2T /tmp/agrobot-next-build-ybgPHn/install/lely_core_libraries/lib/liblely-can.so.1.9.2
libtool: install: (cd /tmp/agrobot-next-build-ybgPHn/install/lely_core_libraries/lib && { ln -s -f liblely-can.so.1.9.2 liblely-can.so.1 || { rm -f liblely-can.so.1 && ln -s liblely-can.so.1.9.2 liblely-can.so.1; }; })
libtool: install: (cd /tmp/agrobot-next-build-ybgPHn/install/lely_core_libraries/lib && { ln -s -f liblely-can.so.1.9.2 liblely-can.so || { rm -f liblely-can.so && ln -s liblely-can.so.1.9.2 liblely-can.so; }; })
libtool: install: /usr/bin/install -c .libs/liblely-can.lai /tmp/agrobot-next-build-ybgPHn/install/lely_core_libraries/lib/liblely-can.la
libtool: finish: PATH="/home/gsylvia/.local/bin:/home/gsylvia/.local/bin:/home/gsylvia/.local/bin:/home/gsylvia/.vscode-server/bin/7debcd0e2acdea1c52de81bf9ee1620444407dda/bin/remote-cli:/home/gsylvia/.local/bin:/home/gsylvia/.local/bin:/opt/ros/jazzy/opt/gz_msgs_vendor/bin:/opt/ros/jazzy/opt/gz_tools_vendor/bin:/opt/ros/jazzy/opt/gz_ogre_next_vendor/bin:/opt/ros/jazzy/bin:/usr/local/sbin:/usr/local/bin:/usr/sbin:/usr/bin:/sbin:/bin:/usr/games:/usr/local/games:/usr/lib/wsl/lib:/mnt/c/Windows/system32:/mnt/c/Windows:/mnt/c/Windows/System32/Wbem:/mnt/c/Windows/System32/WindowsPowerShell/v1.0/:/mnt/c/Windows/System32/OpenSSH/:/mnt/c/Program Files/NVIDIA Corporation/NVIDIA app/NvDLISR:/mnt/c/Program Files/dotnet/:/mnt/c/Program Files/MATLAB/R2025a/bin:/mnt/c/Program Files (x86)/Windows Kits/8.1/Windows Performance Toolkit/:/mnt/c/Program Files/Mullvad VPN/resources:/mnt/c/Users/grsga/AppData/Local/Programs/OpenAI/Codex/bin:/mnt/c/Users/grsga/AppData/Local/Programs/Python/Python312/Scripts/:/mnt/c/Users/grsga/AppData/Local/Programs/Python/Python312/:/mnt/c/Users/grsga/AppData/Local/Programs/Python/Launcher/:/mnt/c/Users/grsga/.cargo/bin:/mnt/c/Users/grsga/.local/bin:/mnt/c/Users/grsga/scoop/apps/mpv/current:/mnt/c/Users/grsga/scoop/shims:/mnt/c/Users/grsga/AppData/Local/Microsoft/WindowsApps:/mnt/c/Users/grsga/AppData/Local/Programs/Ollama:/mnt/c/Users/grsga/AppData/Local/Programs/Microsoft VS Code/bin:/mnt/c/Users/grsga/AppData/Local/Microsoft/WinGet/Packages/DenoLand.Deno_Microsoft.Winget.Source_8wekyb3d8bbwe:/mnt/c/Users/grsga/AppData/Local/Microsoft/WinGet/Packages/yt-dlp.FFmpeg_Microsoft.Winget.Source_8wekyb3d8bbwe/ffmpeg-N-124716-g054dffd133-win64-gpl/bin:/mnt/c/Users/grsga/AppData/Local/Microsoft/WinGet/Packages/yt-dlp.yt-dlp_Microsoft.Winget.Source_8wekyb3d8bbwe:/mnt/c/Program Files/qemu:/mnt/c/Users/grsga/AppData/Local/Microsoft/WinGet/Packages/BurntSushi.ripgrep.MSVC_Microsoft.Winget.Source_8wekyb3d8bbwe/ripgrep-15.2.0-x86_64-pc-windows-msvc:/mnt/c/Users/grsga/AppData/Local/Programs/Cua/cua-driver/bin:/snap/bin:/home/gsylvia/.lmstudio/bin:/home/gsylvia/.lmstudio/bin:/home/gsylvia/.lmstudio/bin:/home/gsylvia/.lmstudio/bin:/home/gsylvia/.lmstudio/bin:/sbin" ldconfig -n /tmp/agrobot-next-build-ybgPHn/install/lely_core_libraries/lib
----------------------------------------------------------------------
Libraries have been installed in:
   /tmp/agrobot-next-build-ybgPHn/install/lely_core_libraries/lib

If you ever happen to want to link against installed libraries
in a given directory, LIBDIR, you must either use libtool, and
specify the full pathname of the library, or use the '-LLIBDIR'
flag during linking and do at least one of the following:
   - add LIBDIR to the 'LD_LIBRARY_PATH' environment variable
     during execution
   - add LIBDIR to the 'LD_RUN_PATH' environment variable
     during linking
   - use the '-Wl,-rpath -Wl,LIBDIR' linker flag
   - have your system administrator add LIBDIR to '/etc/ld.so.conf'

See any operating system documentation about shared libraries for
more information, such as the ld(1) and ld.so(8) manual pages.
----------------------------------------------------------------------
gmake[3]: Leaving directory '/tmp/agrobot-next-build-ybgPHn/build/lely_core_libraries/build/src/can'
gmake[2]: Leaving directory '/tmp/agrobot-next-build-ybgPHn/build/lely_core_libraries/build/src/can'
Making install in co
gmake[2]: Entering directory '/tmp/agrobot-next-build-ybgPHn/build/lely_core_libraries/build/src/co'
gmake[3]: Entering directory '/tmp/agrobot-next-build-ybgPHn/build/lely_core_libraries/build/src/co'
 /usr/bin/mkdir -p '/tmp/agrobot-next-build-ybgPHn/install/lely_core_libraries/lib'
 /bin/bash ../../libtool   --mode=install /usr/bin/install -c   liblely-co.la '/tmp/agrobot-next-build-ybgPHn/install/lely_core_libraries/lib'
libtool: warning: relinking 'liblely-co.la'
libtool: install: (cd /tmp/agrobot-next-build-ybgPHn/build/lely_core_libraries/build/src/co; /bin/bash "/tmp/agrobot-next-build-ybgPHn/build/lely_core_libraries/build/libtool"  --silent --tag CC --mode=relink gcc -Wall -Wextra -pedantic -Werror -Wno-static-in-inline -pthread -g -O2 -no-undefined -version-number 2:4:0 -Wl,--as-needed -o liblely-co.la -rpath /tmp/agrobot-next-build-ybgPHn/install/lely_core_libraries/lib liblely_co_la-crc.lo liblely_co_la-csdo.lo liblely_co_la-dcf.lo liblely_co_la-dev.lo liblely_co_la-emcy.lo liblely_co_la-gw.lo liblely_co_la-gw_txt.lo liblely_co_la-lss.lo liblely_co_la-nmt.lo liblely_co_la-nmt_boot.lo liblely_co_la-nmt_cfg.lo liblely_co_la-nmt_hb.lo liblely_co_la-nmt_srv.lo liblely_co_la-obj.lo liblely_co_la-pdo.lo liblely_co_la-rpdo.lo liblely_co_la-sdev.lo liblely_co_la-sdo.lo liblely_co_la-ssdo.lo liblely_co_la-sync.lo liblely_co_la-time.lo liblely_co_la-tpdo.lo liblely_co_la-type.lo liblely_co_la-val.lo liblely_co_la-wtm.lo ../../src/libc/liblely-libc.la ../../src/util/liblely-util.la ../../src/can/liblely-can.la -lpthread )
libtool: install: /usr/bin/install -c .libs/liblely-co.so.2.4.0T /tmp/agrobot-next-build-ybgPHn/install/lely_core_libraries/lib/liblely-co.so.2.4.0
libtool: install: (cd /tmp/agrobot-next-build-ybgPHn/install/lely_core_libraries/lib && { ln -s -f liblely-co.so.2.4.0 liblely-co.so.2 || { rm -f liblely-co.so.2 && ln -s liblely-co.so.2.4.0 liblely-co.so.2; }; })
libtool: install: (cd /tmp/agrobot-next-build-ybgPHn/install/lely_core_libraries/lib && { ln -s -f liblely-co.so.2.4.0 liblely-co.so || { rm -f liblely-co.so && ln -s liblely-co.so.2.4.0 liblely-co.so; }; })
libtool: install: /usr/bin/install -c .libs/liblely-co.lai /tmp/agrobot-next-build-ybgPHn/install/lely_core_libraries/lib/liblely-co.la
libtool: finish: PATH="/home/gsylvia/.local/bin:/home/gsylvia/.local/bin:/home/gsylvia/.local/bin:/home/gsylvia/.vscode-server/bin/7debcd0e2acdea1c52de81bf9ee1620444407dda/bin/remote-cli:/home/gsylvia/.local/bin:/home/gsylvia/.local/bin:/opt/ros/jazzy/opt/gz_msgs_vendor/bin:/opt/ros/jazzy/opt/gz_tools_vendor/bin:/opt/ros/jazzy/opt/gz_ogre_next_vendor/bin:/opt/ros/jazzy/bin:/usr/local/sbin:/usr/local/bin:/usr/sbin:/usr/bin:/sbin:/bin:/usr/games:/usr/local/games:/usr/lib/wsl/lib:/mnt/c/Windows/system32:/mnt/c/Windows:/mnt/c/Windows/System32/Wbem:/mnt/c/Windows/System32/WindowsPowerShell/v1.0/:/mnt/c/Windows/System32/OpenSSH/:/mnt/c/Program Files/NVIDIA Corporation/NVIDIA app/NvDLISR:/mnt/c/Program Files/dotnet/:/mnt/c/Program Files/MATLAB/R2025a/bin:/mnt/c/Program Files (x86)/Windows Kits/8.1/Windows Performance Toolkit/:/mnt/c/Program Files/Mullvad VPN/resources:/mnt/c/Users/grsga/AppData/Local/Programs/OpenAI/Codex/bin:/mnt/c/Users/grsga/AppData/Local/Programs/Python/Python312/Scripts/:/mnt/c/Users/grsga/AppData/Local/Programs/Python/Python312/:/mnt/c/Users/grsga/AppData/Local/Programs/Python/Launcher/:/mnt/c/Users/grsga/.cargo/bin:/mnt/c/Users/grsga/.local/bin:/mnt/c/Users/grsga/scoop/apps/mpv/current:/mnt/c/Users/grsga/scoop/shims:/mnt/c/Users/grsga/AppData/Local/Microsoft/WindowsApps:/mnt/c/Users/grsga/AppData/Local/Programs/Ollama:/mnt/c/Users/grsga/AppData/Local/Programs/Microsoft VS Code/bin:/mnt/c/Users/grsga/AppData/Local/Microsoft/WinGet/Packages/DenoLand.Deno_Microsoft.Winget.Source_8wekyb3d8bbwe:/mnt/c/Users/grsga/AppData/Local/Microsoft/WinGet/Packages/yt-dlp.FFmpeg_Microsoft.Winget.Source_8wekyb3d8bbwe/ffmpeg-N-124716-g054dffd133-win64-gpl/bin:/mnt/c/Users/grsga/AppData/Local/Microsoft/WinGet/Packages/yt-dlp.yt-dlp_Microsoft.Winget.Source_8wekyb3d8bbwe:/mnt/c/Program Files/qemu:/mnt/c/Users/grsga/AppData/Local/Microsoft/WinGet/Packages/BurntSushi.ripgrep.MSVC_Microsoft.Winget.Source_8wekyb3d8bbwe/ripgrep-15.2.0-x86_64-pc-windows-msvc:/mnt/c/Users/grsga/AppData/Local/Programs/Cua/cua-driver/bin:/snap/bin:/home/gsylvia/.lmstudio/bin:/home/gsylvia/.lmstudio/bin:/home/gsylvia/.lmstudio/bin:/home/gsylvia/.lmstudio/bin:/home/gsylvia/.lmstudio/bin:/sbin" ldconfig -n /tmp/agrobot-next-build-ybgPHn/install/lely_core_libraries/lib
----------------------------------------------------------------------
Libraries have been installed in:
   /tmp/agrobot-next-build-ybgPHn/install/lely_core_libraries/lib

If you ever happen to want to link against installed libraries
in a given directory, LIBDIR, you must either use libtool, and
specify the full pathname of the library, or use the '-LLIBDIR'
flag during linking and do at least one of the following:
   - add LIBDIR to the 'LD_LIBRARY_PATH' environment variable
     during execution
   - add LIBDIR to the 'LD_RUN_PATH' environment variable
     during linking
   - use the '-Wl,-rpath -Wl,LIBDIR' linker flag
   - have your system administrator add LIBDIR to '/etc/ld.so.conf'

See any operating system documentation about shared libraries for
more information, such as the ld(1) and ld.so(8) manual pages.
----------------------------------------------------------------------
gmake[3]: Leaving directory '/tmp/agrobot-next-build-ybgPHn/build/lely_core_libraries/build/src/co'
gmake[2]: Leaving directory '/tmp/agrobot-next-build-ybgPHn/build/lely_core_libraries/build/src/co'
Making install in io
gmake[2]: Entering directory '/tmp/agrobot-next-build-ybgPHn/build/lely_core_libraries/build/src/io'
gmake[3]: Entering directory '/tmp/agrobot-next-build-ybgPHn/build/lely_core_libraries/build/src/io'
 /usr/bin/mkdir -p '/tmp/agrobot-next-build-ybgPHn/install/lely_core_libraries/lib'
 /bin/bash ../../libtool   --mode=install /usr/bin/install -c   liblely-io.la '/tmp/agrobot-next-build-ybgPHn/install/lely_core_libraries/lib'
libtool: warning: relinking 'liblely-io.la'
libtool: install: (cd /tmp/agrobot-next-build-ybgPHn/build/lely_core_libraries/build/src/io; /bin/bash "/tmp/agrobot-next-build-ybgPHn/build/lely_core_libraries/build/libtool"  --silent --tag CC --mode=relink gcc -Wall -Wextra -pedantic -Werror -Wno-static-in-inline -pthread -g -O2 -no-undefined -version-number 1:9:2 -Wl,--as-needed -o liblely-io.la -rpath /tmp/agrobot-next-build-ybgPHn/install/lely_core_libraries/lib liblely_io_la-addr.lo liblely_io_la-attr.lo liblely_io_la-can.lo liblely_io_la-file.lo liblely_io_la-handle.lo liblely_io_la-if.lo liblely_io_la-io.lo liblely_io_la-pipe.lo liblely_io_la-poll.lo liblely_io_la-rtnl.lo liblely_io_la-serial.lo liblely_io_la-sock.lo ../../src/libc/liblely-libc.la ../../src/util/liblely-util.la ../../src/can/liblely-can.la -lpthread )
libtool: install: /usr/bin/install -c .libs/liblely-io.so.1.9.2T /tmp/agrobot-next-build-ybgPHn/install/lely_core_libraries/lib/liblely-io.so.1.9.2
libtool: install: (cd /tmp/agrobot-next-build-ybgPHn/install/lely_core_libraries/lib && { ln -s -f liblely-io.so.1.9.2 liblely-io.so.1 || { rm -f liblely-io.so.1 && ln -s liblely-io.so.1.9.2 liblely-io.so.1; }; })
libtool: install: (cd /tmp/agrobot-next-build-ybgPHn/install/lely_core_libraries/lib && { ln -s -f liblely-io.so.1.9.2 liblely-io.so || { rm -f liblely-io.so && ln -s liblely-io.so.1.9.2 liblely-io.so; }; })
libtool: install: /usr/bin/install -c .libs/liblely-io.lai /tmp/agrobot-next-build-ybgPHn/install/lely_core_libraries/lib/liblely-io.la
libtool: finish: PATH="/home/gsylvia/.local/bin:/home/gsylvia/.local/bin:/home/gsylvia/.local/bin:/home/gsylvia/.vscode-server/bin/7debcd0e2acdea1c52de81bf9ee1620444407dda/bin/remote-cli:/home/gsylvia/.local/bin:/home/gsylvia/.local/bin:/opt/ros/jazzy/opt/gz_msgs_vendor/bin:/opt/ros/jazzy/opt/gz_tools_vendor/bin:/opt/ros/jazzy/opt/gz_ogre_next_vendor/bin:/opt/ros/jazzy/bin:/usr/local/sbin:/usr/local/bin:/usr/sbin:/usr/bin:/sbin:/bin:/usr/games:/usr/local/games:/usr/lib/wsl/lib:/mnt/c/Windows/system32:/mnt/c/Windows:/mnt/c/Windows/System32/Wbem:/mnt/c/Windows/System32/WindowsPowerShell/v1.0/:/mnt/c/Windows/System32/OpenSSH/:/mnt/c/Program Files/NVIDIA Corporation/NVIDIA app/NvDLISR:/mnt/c/Program Files/dotnet/:/mnt/c/Program Files/MATLAB/R2025a/bin:/mnt/c/Program Files (x86)/Windows Kits/8.1/Windows Performance Toolkit/:/mnt/c/Program Files/Mullvad VPN/resources:/mnt/c/Users/grsga/AppData/Local/Programs/OpenAI/Codex/bin:/mnt/c/Users/grsga/AppData/Local/Programs/Python/Python312/Scripts/:/mnt/c/Users/grsga/AppData/Local/Programs/Python/Python312/:/mnt/c/Users/grsga/AppData/Local/Programs/Python/Launcher/:/mnt/c/Users/grsga/.cargo/bin:/mnt/c/Users/grsga/.local/bin:/mnt/c/Users/grsga/scoop/apps/mpv/current:/mnt/c/Users/grsga/scoop/shims:/mnt/c/Users/grsga/AppData/Local/Microsoft/WindowsApps:/mnt/c/Users/grsga/AppData/Local/Programs/Ollama:/mnt/c/Users/grsga/AppData/Local/Programs/Microsoft VS Code/bin:/mnt/c/Users/grsga/AppData/Local/Microsoft/WinGet/Packages/DenoLand.Deno_Microsoft.Winget.Source_8wekyb3d8bbwe:/mnt/c/Users/grsga/AppData/Local/Microsoft/WinGet/Packages/yt-dlp.FFmpeg_Microsoft.Winget.Source_8wekyb3d8bbwe/ffmpeg-N-124716-g054dffd133-win64-gpl/bin:/mnt/c/Users/grsga/AppData/Local/Microsoft/WinGet/Packages/yt-dlp.yt-dlp_Microsoft.Winget.Source_8wekyb3d8bbwe:/mnt/c/Program Files/qemu:/mnt/c/Users/grsga/AppData/Local/Microsoft/WinGet/Packages/BurntSushi.ripgrep.MSVC_Microsoft.Winget.Source_8wekyb3d8bbwe/ripgrep-15.2.0-x86_64-pc-windows-msvc:/mnt/c/Users/grsga/AppData/Local/Programs/Cua/cua-driver/bin:/snap/bin:/home/gsylvia/.lmstudio/bin:/home/gsylvia/.lmstudio/bin:/home/gsylvia/.lmstudio/bin:/home/gsylvia/.lmstudio/bin:/home/gsylvia/.lmstudio/bin:/sbin" ldconfig -n /tmp/agrobot-next-build-ybgPHn/install/lely_core_libraries/lib
----------------------------------------------------------------------
Libraries have been installed in:
   /tmp/agrobot-next-build-ybgPHn/install/lely_core_libraries/lib

If you ever happen to want to link against installed libraries
in a given directory, LIBDIR, you must either use libtool, and
specify the full pathname of the library, or use the '-LLIBDIR'
flag during linking and do at least one of the following:
   - add LIBDIR to the 'LD_LIBRARY_PATH' environment variable
     during execution
   - add LIBDIR to the 'LD_RUN_PATH' environment variable
     during linking
   - use the '-Wl,-rpath -Wl,LIBDIR' linker flag
   - have your system administrator add LIBDIR to '/etc/ld.so.conf'

See any operating system documentation about shared libraries for
more information, such as the ld(1) and ld.so(8) manual pages.
----------------------------------------------------------------------
gmake[3]: Leaving directory '/tmp/agrobot-next-build-ybgPHn/build/lely_core_libraries/build/src/io'
gmake[2]: Leaving directory '/tmp/agrobot-next-build-ybgPHn/build/lely_core_libraries/build/src/io'
Making install in ev
gmake[2]: Entering directory '/tmp/agrobot-next-build-ybgPHn/build/lely_core_libraries/build/src/ev'
gmake[3]: Entering directory '/tmp/agrobot-next-build-ybgPHn/build/lely_core_libraries/build/src/ev'
 /usr/bin/mkdir -p '/tmp/agrobot-next-build-ybgPHn/install/lely_core_libraries/lib'
 /bin/bash ../../libtool   --mode=install /usr/bin/install -c   liblely-ev.la '/tmp/agrobot-next-build-ybgPHn/install/lely_core_libraries/lib'
libtool: warning: relinking 'liblely-ev.la'
libtool: install: (cd /tmp/agrobot-next-build-ybgPHn/build/lely_core_libraries/build/src/ev; /bin/bash "/tmp/agrobot-next-build-ybgPHn/build/lely_core_libraries/build/libtool"  --silent --tag CC --mode=relink gcc -Wall -Wextra -pedantic -Werror -Wno-static-in-inline -pthread -g -O2 -no-undefined -version-number 2:4:0 -Wl,--as-needed -o liblely-ev.la -rpath /tmp/agrobot-next-build-ybgPHn/install/lely_core_libraries/lib liblely_ev_la-exec.lo liblely_ev_la-fiber_exec.lo liblely_ev_la-future.lo liblely_ev_la-loop.lo liblely_ev_la-poll.lo liblely_ev_la-std_exec.lo liblely_ev_la-strand.lo liblely_ev_la-task.lo liblely_ev_la-thrd_loop.lo ../../src/libc/liblely-libc.la ../../src/util/liblely-util.la -lpthread )
libtool: install: /usr/bin/install -c .libs/liblely-ev.so.2.4.0T /tmp/agrobot-next-build-ybgPHn/install/lely_core_libraries/lib/liblely-ev.so.2.4.0
libtool: install: (cd /tmp/agrobot-next-build-ybgPHn/install/lely_core_libraries/lib && { ln -s -f liblely-ev.so.2.4.0 liblely-ev.so.2 || { rm -f liblely-ev.so.2 && ln -s liblely-ev.so.2.4.0 liblely-ev.so.2; }; })
libtool: install: (cd /tmp/agrobot-next-build-ybgPHn/install/lely_core_libraries/lib && { ln -s -f liblely-ev.so.2.4.0 liblely-ev.so || { rm -f liblely-ev.so && ln -s liblely-ev.so.2.4.0 liblely-ev.so; }; })
libtool: install: /usr/bin/install -c .libs/liblely-ev.lai /tmp/agrobot-next-build-ybgPHn/install/lely_core_libraries/lib/liblely-ev.la
libtool: finish: PATH="/home/gsylvia/.local/bin:/home/gsylvia/.local/bin:/home/gsylvia/.local/bin:/home/gsylvia/.vscode-server/bin/7debcd0e2acdea1c52de81bf9ee1620444407dda/bin/remote-cli:/home/gsylvia/.local/bin:/home/gsylvia/.local/bin:/opt/ros/jazzy/opt/gz_msgs_vendor/bin:/opt/ros/jazzy/opt/gz_tools_vendor/bin:/opt/ros/jazzy/opt/gz_ogre_next_vendor/bin:/opt/ros/jazzy/bin:/usr/local/sbin:/usr/local/bin:/usr/sbin:/usr/bin:/sbin:/bin:/usr/games:/usr/local/games:/usr/lib/wsl/lib:/mnt/c/Windows/system32:/mnt/c/Windows:/mnt/c/Windows/System32/Wbem:/mnt/c/Windows/System32/WindowsPowerShell/v1.0/:/mnt/c/Windows/System32/OpenSSH/:/mnt/c/Program Files/NVIDIA Corporation/NVIDIA app/NvDLISR:/mnt/c/Program Files/dotnet/:/mnt/c/Program Files/MATLAB/R2025a/bin:/mnt/c/Program Files (x86)/Windows Kits/8.1/Windows Performance Toolkit/:/mnt/c/Program Files/Mullvad VPN/resources:/mnt/c/Users/grsga/AppData/Local/Programs/OpenAI/Codex/bin:/mnt/c/Users/grsga/AppData/Local/Programs/Python/Python312/Scripts/:/mnt/c/Users/grsga/AppData/Local/Programs/Python/Python312/:/mnt/c/Users/grsga/AppData/Local/Programs/Python/Launcher/:/mnt/c/Users/grsga/.cargo/bin:/mnt/c/Users/grsga/.local/bin:/mnt/c/Users/grsga/scoop/apps/mpv/current:/mnt/c/Users/grsga/scoop/shims:/mnt/c/Users/grsga/AppData/Local/Microsoft/WindowsApps:/mnt/c/Users/grsga/AppData/Local/Programs/Ollama:/mnt/c/Users/grsga/AppData/Local/Programs/Microsoft VS Code/bin:/mnt/c/Users/grsga/AppData/Local/Microsoft/WinGet/Packages/DenoLand.Deno_Microsoft.Winget.Source_8wekyb3d8bbwe:/mnt/c/Users/grsga/AppData/Local/Microsoft/WinGet/Packages/yt-dlp.FFmpeg_Microsoft.Winget.Source_8wekyb3d8bbwe/ffmpeg-N-124716-g054dffd133-win64-gpl/bin:/mnt/c/Users/grsga/AppData/Local/Microsoft/WinGet/Packages/yt-dlp.yt-dlp_Microsoft.Winget.Source_8wekyb3d8bbwe:/mnt/c/Program Files/qemu:/mnt/c/Users/grsga/AppData/Local/Microsoft/WinGet/Packages/BurntSushi.ripgrep.MSVC_Microsoft.Winget.Source_8wekyb3d8bbwe/ripgrep-15.2.0-x86_64-pc-windows-msvc:/mnt/c/Users/grsga/AppData/Local/Programs/Cua/cua-driver/bin:/snap/bin:/home/gsylvia/.lmstudio/bin:/home/gsylvia/.lmstudio/bin:/home/gsylvia/.lmstudio/bin:/home/gsylvia/.lmstudio/bin:/home/gsylvia/.lmstudio/bin:/sbin" ldconfig -n /tmp/agrobot-next-build-ybgPHn/install/lely_core_libraries/lib
----------------------------------------------------------------------
Libraries have been installed in:
   /tmp/agrobot-next-build-ybgPHn/install/lely_core_libraries/lib

If you ever happen to want to link against installed libraries
in a given directory, LIBDIR, you must either use libtool, and
specify the full pathname of the library, or use the '-LLIBDIR'
flag during linking and do at least one of the following:
   - add LIBDIR to the 'LD_LIBRARY_PATH' environment variable
     during execution
   - add LIBDIR to the 'LD_RUN_PATH' environment variable
     during linking
   - use the '-Wl,-rpath -Wl,LIBDIR' linker flag
   - have your system administrator add LIBDIR to '/etc/ld.so.conf'

See any operating system documentation about shared libraries for
more information, such as the ld(1) and ld.so(8) manual pages.
----------------------------------------------------------------------
gmake[3]: Leaving directory '/tmp/agrobot-next-build-ybgPHn/build/lely_core_libraries/build/src/ev'
gmake[2]: Leaving directory '/tmp/agrobot-next-build-ybgPHn/build/lely_core_libraries/build/src/ev'
Making install in io2
gmake[2]: Entering directory '/tmp/agrobot-next-build-ybgPHn/build/lely_core_libraries/build/src/io2'
gmake[3]: Entering directory '/tmp/agrobot-next-build-ybgPHn/build/lely_core_libraries/build/src/io2'
 /usr/bin/mkdir -p '/tmp/agrobot-next-build-ybgPHn/install/lely_core_libraries/lib'
 /bin/bash ../../libtool   --mode=install /usr/bin/install -c   liblely-io2.la '/tmp/agrobot-next-build-ybgPHn/install/lely_core_libraries/lib'
libtool: warning: relinking 'liblely-io2.la'
libtool: install: (cd /tmp/agrobot-next-build-ybgPHn/build/lely_core_libraries/build/src/io2; /bin/bash "/tmp/agrobot-next-build-ybgPHn/build/lely_core_libraries/build/libtool"  --silent --tag CC --mode=relink gcc -Wall -Wextra -pedantic -Werror -Wno-static-in-inline -pthread -g -O2 -no-undefined -version-number 2:4:0 -Wl,--as-needed -o liblely-io2.la -rpath /tmp/agrobot-next-build-ybgPHn/install/lely_core_libraries/lib can/liblely_io2_la-msg.lo linux/liblely_io2_la-can_chan.lo linux/liblely_io2_la-can_ctrl.lo linux/liblely_io2_la-poll.lo linux/liblely_io2_la-timer.lo posix/liblely_io2_la-fd.lo posix/liblely_io2_la-io.lo posix/liblely_io2_la-sigset.lo sys/liblely_io2_la-clock.lo sys/liblely_io2_la-io.lo user/liblely_io2_la-can.lo user/liblely_io2_la-timer.lo liblely_io2_la-can.lo liblely_io2_la-can_net.lo liblely_io2_la-can_rt.lo liblely_io2_la-clock.lo liblely_io2_la-ctx.lo liblely_io2_la-dev.lo liblely_io2_la-sigset.lo liblely_io2_la-timer.lo liblely_io2_la-tqueue.lo liblely_io2_la-vcan.lo ../../src/libc/liblely-libc.la ../../src/util/liblely-util.la ../../src/can/liblely-can.la ../../src/ev/liblely-ev.la -lrt -lpthread )
libtool: install: /usr/bin/install -c .libs/liblely-io2.so.2.4.0T /tmp/agrobot-next-build-ybgPHn/install/lely_core_libraries/lib/liblely-io2.so.2.4.0
libtool: install: (cd /tmp/agrobot-next-build-ybgPHn/install/lely_core_libraries/lib && { ln -s -f liblely-io2.so.2.4.0 liblely-io2.so.2 || { rm -f liblely-io2.so.2 && ln -s liblely-io2.so.2.4.0 liblely-io2.so.2; }; })
libtool: install: (cd /tmp/agrobot-next-build-ybgPHn/install/lely_core_libraries/lib && { ln -s -f liblely-io2.so.2.4.0 liblely-io2.so || { rm -f liblely-io2.so && ln -s liblely-io2.so.2.4.0 liblely-io2.so; }; })
libtool: install: /usr/bin/install -c .libs/liblely-io2.lai /tmp/agrobot-next-build-ybgPHn/install/lely_core_libraries/lib/liblely-io2.la
libtool: finish: PATH="/home/gsylvia/.local/bin:/home/gsylvia/.local/bin:/home/gsylvia/.local/bin:/home/gsylvia/.vscode-server/bin/7debcd0e2acdea1c52de81bf9ee1620444407dda/bin/remote-cli:/home/gsylvia/.local/bin:/home/gsylvia/.local/bin:/opt/ros/jazzy/opt/gz_msgs_vendor/bin:/opt/ros/jazzy/opt/gz_tools_vendor/bin:/opt/ros/jazzy/opt/gz_ogre_next_vendor/bin:/opt/ros/jazzy/bin:/usr/local/sbin:/usr/local/bin:/usr/sbin:/usr/bin:/sbin:/bin:/usr/games:/usr/local/games:/usr/lib/wsl/lib:/mnt/c/Windows/system32:/mnt/c/Windows:/mnt/c/Windows/System32/Wbem:/mnt/c/Windows/System32/WindowsPowerShell/v1.0/:/mnt/c/Windows/System32/OpenSSH/:/mnt/c/Program Files/NVIDIA Corporation/NVIDIA app/NvDLISR:/mnt/c/Program Files/dotnet/:/mnt/c/Program Files/MATLAB/R2025a/bin:/mnt/c/Program Files (x86)/Windows Kits/8.1/Windows Performance Toolkit/:/mnt/c/Program Files/Mullvad VPN/resources:/mnt/c/Users/grsga/AppData/Local/Programs/OpenAI/Codex/bin:/mnt/c/Users/grsga/AppData/Local/Programs/Python/Python312/Scripts/:/mnt/c/Users/grsga/AppData/Local/Programs/Python/Python312/:/mnt/c/Users/grsga/AppData/Local/Programs/Python/Launcher/:/mnt/c/Users/grsga/.cargo/bin:/mnt/c/Users/grsga/.local/bin:/mnt/c/Users/grsga/scoop/apps/mpv/current:/mnt/c/Users/grsga/scoop/shims:/mnt/c/Users/grsga/AppData/Local/Microsoft/WindowsApps:/mnt/c/Users/grsga/AppData/Local/Programs/Ollama:/mnt/c/Users/grsga/AppData/Local/Programs/Microsoft VS Code/bin:/mnt/c/Users/grsga/AppData/Local/Microsoft/WinGet/Packages/DenoLand.Deno_Microsoft.Winget.Source_8wekyb3d8bbwe:/mnt/c/Users/grsga/AppData/Local/Microsoft/WinGet/Packages/yt-dlp.FFmpeg_Microsoft.Winget.Source_8wekyb3d8bbwe/ffmpeg-N-124716-g054dffd133-win64-gpl/bin:/mnt/c/Users/grsga/AppData/Local/Microsoft/WinGet/Packages/yt-dlp.yt-dlp_Microsoft.Winget.Source_8wekyb3d8bbwe:/mnt/c/Program Files/qemu:/mnt/c/Users/grsga/AppData/Local/Microsoft/WinGet/Packages/BurntSushi.ripgrep.MSVC_Microsoft.Winget.Source_8wekyb3d8bbwe/ripgrep-15.2.0-x86_64-pc-windows-msvc:/mnt/c/Users/grsga/AppData/Local/Programs/Cua/cua-driver/bin:/snap/bin:/home/gsylvia/.lmstudio/bin:/home/gsylvia/.lmstudio/bin:/home/gsylvia/.lmstudio/bin:/home/gsylvia/.lmstudio/bin:/home/gsylvia/.lmstudio/bin:/sbin" ldconfig -n /tmp/agrobot-next-build-ybgPHn/install/lely_core_libraries/lib
----------------------------------------------------------------------
Libraries have been installed in:
   /tmp/agrobot-next-build-ybgPHn/install/lely_core_libraries/lib

If you ever happen to want to link against installed libraries
in a given directory, LIBDIR, you must either use libtool, and
specify the full pathname of the library, or use the '-LLIBDIR'
flag during linking and do at least one of the following:
   - add LIBDIR to the 'LD_LIBRARY_PATH' environment variable
     during execution
   - add LIBDIR to the 'LD_RUN_PATH' environment variable
     during linking
   - use the '-Wl,-rpath -Wl,LIBDIR' linker flag
   - have your system administrator add LIBDIR to '/etc/ld.so.conf'

See any operating system documentation about shared libraries for
more information, such as the ld(1) and ld.so(8) manual pages.
----------------------------------------------------------------------
gmake[3]: Leaving directory '/tmp/agrobot-next-build-ybgPHn/build/lely_core_libraries/build/src/io2'
gmake[2]: Leaving directory '/tmp/agrobot-next-build-ybgPHn/build/lely_core_libraries/build/src/io2'
Making install in coapp
gmake[2]: Entering directory '/tmp/agrobot-next-build-ybgPHn/build/lely_core_libraries/build/src/coapp'
gmake[3]: Entering directory '/tmp/agrobot-next-build-ybgPHn/build/lely_core_libraries/build/src/coapp'
 /usr/bin/mkdir -p '/tmp/agrobot-next-build-ybgPHn/install/lely_core_libraries/lib'
 /bin/bash ../../libtool   --mode=install /usr/bin/install -c   liblely-coapp.la '/tmp/agrobot-next-build-ybgPHn/install/lely_core_libraries/lib'
libtool: warning: relinking 'liblely-coapp.la'
libtool: install: (cd /tmp/agrobot-next-build-ybgPHn/build/lely_core_libraries/build/src/coapp; /bin/bash "/tmp/agrobot-next-build-ybgPHn/build/lely_core_libraries/build/libtool"  --silent --tag CXX --mode=relink g++ -std=gnu++11 -Wall -Wextra -pedantic -Werror -g -O2 -no-undefined -version-number 2:4:0 -Wl,--as-needed -o liblely-coapp.la -rpath /tmp/agrobot-next-build-ybgPHn/install/lely_core_libraries/lib liblely_coapp_la-device.lo liblely_coapp_la-driver.lo liblely_coapp_la-fiber_driver.lo liblely_coapp_la-logical_driver.lo liblely_coapp_la-loop_driver.lo liblely_coapp_la-lss_master.lo liblely_coapp_la-master.lo liblely_coapp_la-node.lo liblely_coapp_la-sdo.lo liblely_coapp_la-sdo_error.lo liblely_coapp_la-slave.lo liblely_coapp_la-type_traits.lo ../../src/libc/liblely-libc.la ../../src/util/liblely-util.la ../../src/can/liblely-can.la ../../src/ev/liblely-ev.la ../../src/io2/liblely-io2.la ../../src/co/liblely-co.la -lpthread )
libtool: install: /usr/bin/install -c .libs/liblely-coapp.so.2.4.0T /tmp/agrobot-next-build-ybgPHn/install/lely_core_libraries/lib/liblely-coapp.so.2.4.0
libtool: install: (cd /tmp/agrobot-next-build-ybgPHn/install/lely_core_libraries/lib && { ln -s -f liblely-coapp.so.2.4.0 liblely-coapp.so.2 || { rm -f liblely-coapp.so.2 && ln -s liblely-coapp.so.2.4.0 liblely-coapp.so.2; }; })
libtool: install: (cd /tmp/agrobot-next-build-ybgPHn/install/lely_core_libraries/lib && { ln -s -f liblely-coapp.so.2.4.0 liblely-coapp.so || { rm -f liblely-coapp.so && ln -s liblely-coapp.so.2.4.0 liblely-coapp.so; }; })
libtool: install: /usr/bin/install -c .libs/liblely-coapp.lai /tmp/agrobot-next-build-ybgPHn/install/lely_core_libraries/lib/liblely-coapp.la
libtool: finish: PATH="/home/gsylvia/.local/bin:/home/gsylvia/.local/bin:/home/gsylvia/.local/bin:/home/gsylvia/.vscode-server/bin/7debcd0e2acdea1c52de81bf9ee1620444407dda/bin/remote-cli:/home/gsylvia/.local/bin:/home/gsylvia/.local/bin:/opt/ros/jazzy/opt/gz_msgs_vendor/bin:/opt/ros/jazzy/opt/gz_tools_vendor/bin:/opt/ros/jazzy/opt/gz_ogre_next_vendor/bin:/opt/ros/jazzy/bin:/usr/local/sbin:/usr/local/bin:/usr/sbin:/usr/bin:/sbin:/bin:/usr/games:/usr/local/games:/usr/lib/wsl/lib:/mnt/c/Windows/system32:/mnt/c/Windows:/mnt/c/Windows/System32/Wbem:/mnt/c/Windows/System32/WindowsPowerShell/v1.0/:/mnt/c/Windows/System32/OpenSSH/:/mnt/c/Program Files/NVIDIA Corporation/NVIDIA app/NvDLISR:/mnt/c/Program Files/dotnet/:/mnt/c/Program Files/MATLAB/R2025a/bin:/mnt/c/Program Files (x86)/Windows Kits/8.1/Windows Performance Toolkit/:/mnt/c/Program Files/Mullvad VPN/resources:/mnt/c/Users/grsga/AppData/Local/Programs/OpenAI/Codex/bin:/mnt/c/Users/grsga/AppData/Local/Programs/Python/Python312/Scripts/:/mnt/c/Users/grsga/AppData/Local/Programs/Python/Python312/:/mnt/c/Users/grsga/AppData/Local/Programs/Python/Launcher/:/mnt/c/Users/grsga/.cargo/bin:/mnt/c/Users/grsga/.local/bin:/mnt/c/Users/grsga/scoop/apps/mpv/current:/mnt/c/Users/grsga/scoop/shims:/mnt/c/Users/grsga/AppData/Local/Microsoft/WindowsApps:/mnt/c/Users/grsga/AppData/Local/Programs/Ollama:/mnt/c/Users/grsga/AppData/Local/Programs/Microsoft VS Code/bin:/mnt/c/Users/grsga/AppData/Local/Microsoft/WinGet/Packages/DenoLand.Deno_Microsoft.Winget.Source_8wekyb3d8bbwe:/mnt/c/Users/grsga/AppData/Local/Microsoft/WinGet/Packages/yt-dlp.FFmpeg_Microsoft.Winget.Source_8wekyb3d8bbwe/ffmpeg-N-124716-g054dffd133-win64-gpl/bin:/mnt/c/Users/grsga/AppData/Local/Microsoft/WinGet/Packages/yt-dlp.yt-dlp_Microsoft.Winget.Source_8wekyb3d8bbwe:/mnt/c/Program Files/qemu:/mnt/c/Users/grsga/AppData/Local/Microsoft/WinGet/Packages/BurntSushi.ripgrep.MSVC_Microsoft.Winget.Source_8wekyb3d8bbwe/ripgrep-15.2.0-x86_64-pc-windows-msvc:/mnt/c/Users/grsga/AppData/Local/Programs/Cua/cua-driver/bin:/snap/bin:/home/gsylvia/.lmstudio/bin:/home/gsylvia/.lmstudio/bin:/home/gsylvia/.lmstudio/bin:/home/gsylvia/.lmstudio/bin:/home/gsylvia/.lmstudio/bin:/sbin" ldconfig -n /tmp/agrobot-next-build-ybgPHn/install/lely_core_libraries/lib
----------------------------------------------------------------------
Libraries have been installed in:
   /tmp/agrobot-next-build-ybgPHn/install/lely_core_libraries/lib

If you ever happen to want to link against installed libraries
in a given directory, LIBDIR, you must either use libtool, and
specify the full pathname of the library, or use the '-LLIBDIR'
flag during linking and do at least one of the following:
   - add LIBDIR to the 'LD_LIBRARY_PATH' environment variable
     during execution
   - add LIBDIR to the 'LD_RUN_PATH' environment variable
     during linking
   - use the '-Wl,-rpath -Wl,LIBDIR' linker flag
   - have your system administrator add LIBDIR to '/etc/ld.so.conf'

See any operating system documentation about shared libraries for
more information, such as the ld(1) and ld.so(8) manual pages.
----------------------------------------------------------------------
gmake[3]: Leaving directory '/tmp/agrobot-next-build-ybgPHn/build/lely_core_libraries/build/src/coapp'
gmake[2]: Leaving directory '/tmp/agrobot-next-build-ybgPHn/build/lely_core_libraries/build/src/coapp'
gmake[2]: Entering directory '/tmp/agrobot-next-build-ybgPHn/build/lely_core_libraries/build/src'
gmake[3]: Entering directory '/tmp/agrobot-next-build-ybgPHn/build/lely_core_libraries/build/src'
gmake[3]: Nothing to be done for 'install-exec-am'.
gmake[3]: Nothing to be done for 'install-data-am'.
gmake[3]: Leaving directory '/tmp/agrobot-next-build-ybgPHn/build/lely_core_libraries/build/src'
gmake[2]: Leaving directory '/tmp/agrobot-next-build-ybgPHn/build/lely_core_libraries/build/src'
gmake[1]: Leaving directory '/tmp/agrobot-next-build-ybgPHn/build/lely_core_libraries/build/src'
Making install in python
gmake[1]: Entering directory '/tmp/agrobot-next-build-ybgPHn/build/lely_core_libraries/build/python'
Making install in dcf-tools
gmake[2]: Entering directory '/tmp/agrobot-next-build-ybgPHn/build/lely_core_libraries/build/python/dcf-tools'
gmake[3]: Entering directory '/tmp/agrobot-next-build-ybgPHn/build/lely_core_libraries/build/python/dcf-tools'
running egg_info
creating dcf_tools.egg-info
writing dcf_tools.egg-info/PKG-INFO
writing dependency_links to dcf_tools.egg-info/dependency_links.txt
writing entry points to dcf_tools.egg-info/entry_points.txt
writing requirements to dcf_tools.egg-info/requires.txt
writing top-level names to dcf_tools.egg-info/top_level.txt
writing manifest file 'dcf_tools.egg-info/SOURCES.txt'
reading manifest file 'dcf_tools.egg-info/SOURCES.txt'
writing manifest file 'dcf_tools.egg-info/SOURCES.txt'
running build
running build_py
creating build
creating build/lib
creating build/lib/dcfgen
copying dcfgen/cli.py -> build/lib/dcfgen
copying dcfgen/__init__.py -> build/lib/dcfgen
creating build/lib/dcf2dev
copying dcf2dev/cdevice.py -> build/lib/dcf2dev
copying dcf2dev/cli.py -> build/lib/dcf2dev
copying dcf2dev/__init__.py -> build/lib/dcf2dev
creating build/lib/dcf
copying dcf/lint.py -> build/lib/dcf
copying dcf/print.py -> build/lib/dcf
copying dcf/cli.py -> build/lib/dcf
copying dcf/device.py -> build/lib/dcf
copying dcf/__init__.py -> build/lib/dcf
copying dcf/parse.py -> build/lib/dcf
creating build/lib/dcfgen/data
copying dcfgen/data/master.dcf.em -> build/lib/dcfgen/data
creating build/lib/dcf2dev/data
copying dcf2dev/data/dev.c.em -> build/lib/dcf2dev/data
copying dcf2dev/data/dev.h.em -> build/lib/dcf2dev/data
running install
/usr/lib/python3/dist-packages/setuptools/_distutils/cmd.py:66: SetuptoolsDeprecationWarning: setup.py install is deprecated.
!!

        ********************************************************************************
        Please avoid running ``setup.py`` directly.
        Instead, use pypa/build, pypa/installer or other
        standards-based tools.

        See https://blog.ganssle.io/articles/2021/10/setup-py-deprecated.html for details.
        ********************************************************************************

!!
  self.initialize_options()
running install_lib
creating /tmp/agrobot-next-build-ybgPHn/install/lely_core_libraries/lib/python3.12
creating /tmp/agrobot-next-build-ybgPHn/install/lely_core_libraries/lib/python3.12/site-packages
creating /tmp/agrobot-next-build-ybgPHn/install/lely_core_libraries/lib/python3.12/site-packages/dcfgen
creating /tmp/agrobot-next-build-ybgPHn/install/lely_core_libraries/lib/python3.12/site-packages/dcfgen/data
copying build/lib/dcfgen/data/master.dcf.em -> /tmp/agrobot-next-build-ybgPHn/install/lely_core_libraries/lib/python3.12/site-packages/dcfgen/data
copying build/lib/dcfgen/cli.py -> /tmp/agrobot-next-build-ybgPHn/install/lely_core_libraries/lib/python3.12/site-packages/dcfgen
copying build/lib/dcfgen/__init__.py -> /tmp/agrobot-next-build-ybgPHn/install/lely_core_libraries/lib/python3.12/site-packages/dcfgen
creating /tmp/agrobot-next-build-ybgPHn/install/lely_core_libraries/lib/python3.12/site-packages/dcf2dev
copying build/lib/dcf2dev/cdevice.py -> /tmp/agrobot-next-build-ybgPHn/install/lely_core_libraries/lib/python3.12/site-packages/dcf2dev
creating /tmp/agrobot-next-build-ybgPHn/install/lely_core_libraries/lib/python3.12/site-packages/dcf2dev/data
copying build/lib/dcf2dev/data/dev.c.em -> /tmp/agrobot-next-build-ybgPHn/install/lely_core_libraries/lib/python3.12/site-packages/dcf2dev/data
copying build/lib/dcf2dev/data/dev.h.em -> /tmp/agrobot-next-build-ybgPHn/install/lely_core_libraries/lib/python3.12/site-packages/dcf2dev/data
copying build/lib/dcf2dev/cli.py -> /tmp/agrobot-next-build-ybgPHn/install/lely_core_libraries/lib/python3.12/site-packages/dcf2dev
copying build/lib/dcf2dev/__init__.py -> /tmp/agrobot-next-build-ybgPHn/install/lely_core_libraries/lib/python3.12/site-packages/dcf2dev
creating /tmp/agrobot-next-build-ybgPHn/install/lely_core_libraries/lib/python3.12/site-packages/dcf
copying build/lib/dcf/lint.py -> /tmp/agrobot-next-build-ybgPHn/install/lely_core_libraries/lib/python3.12/site-packages/dcf
copying build/lib/dcf/print.py -> /tmp/agrobot-next-build-ybgPHn/install/lely_core_libraries/lib/python3.12/site-packages/dcf
copying build/lib/dcf/cli.py -> /tmp/agrobot-next-build-ybgPHn/install/lely_core_libraries/lib/python3.12/site-packages/dcf
copying build/lib/dcf/device.py -> /tmp/agrobot-next-build-ybgPHn/install/lely_core_libraries/lib/python3.12/site-packages/dcf
copying build/lib/dcf/__init__.py -> /tmp/agrobot-next-build-ybgPHn/install/lely_core_libraries/lib/python3.12/site-packages/dcf
copying build/lib/dcf/parse.py -> /tmp/agrobot-next-build-ybgPHn/install/lely_core_libraries/lib/python3.12/site-packages/dcf
byte-compiling /tmp/agrobot-next-build-ybgPHn/install/lely_core_libraries/lib/python3.12/site-packages/dcfgen/cli.py to cli.cpython-312.pyc
byte-compiling /tmp/agrobot-next-build-ybgPHn/install/lely_core_libraries/lib/python3.12/site-packages/dcfgen/__init__.py to __init__.cpython-312.pyc
byte-compiling /tmp/agrobot-next-build-ybgPHn/install/lely_core_libraries/lib/python3.12/site-packages/dcf2dev/cdevice.py to cdevice.cpython-312.pyc
byte-compiling /tmp/agrobot-next-build-ybgPHn/install/lely_core_libraries/lib/python3.12/site-packages/dcf2dev/cli.py to cli.cpython-312.pyc
byte-compiling /tmp/agrobot-next-build-ybgPHn/install/lely_core_libraries/lib/python3.12/site-packages/dcf2dev/__init__.py to __init__.cpython-312.pyc
byte-compiling /tmp/agrobot-next-build-ybgPHn/install/lely_core_libraries/lib/python3.12/site-packages/dcf/lint.py to lint.cpython-312.pyc
byte-compiling /tmp/agrobot-next-build-ybgPHn/install/lely_core_libraries/lib/python3.12/site-packages/dcf/print.py to print.cpython-312.pyc
byte-compiling /tmp/agrobot-next-build-ybgPHn/install/lely_core_libraries/lib/python3.12/site-packages/dcf/cli.py to cli.cpython-312.pyc
byte-compiling /tmp/agrobot-next-build-ybgPHn/install/lely_core_libraries/lib/python3.12/site-packages/dcf/device.py to device.cpython-312.pyc
byte-compiling /tmp/agrobot-next-build-ybgPHn/install/lely_core_libraries/lib/python3.12/site-packages/dcf/__init__.py to __init__.cpython-312.pyc
byte-compiling /tmp/agrobot-next-build-ybgPHn/install/lely_core_libraries/lib/python3.12/site-packages/dcf/parse.py to parse.cpython-312.pyc
running install_egg_info
Copying dcf_tools.egg-info to /tmp/agrobot-next-build-ybgPHn/install/lely_core_libraries/lib/python3.12/site-packages/dcf_tools-2.4.0.egg-info
running install_scripts
Installing dcf2dev script to /tmp/agrobot-next-build-ybgPHn/install/lely_core_libraries/bin/
Installing dcfchk script to /tmp/agrobot-next-build-ybgPHn/install/lely_core_libraries/bin/
Installing dcfgen script to /tmp/agrobot-next-build-ybgPHn/install/lely_core_libraries/bin/
writing list of installed files to 'install.log'
gmake[3]: Nothing to be done for 'install-data-am'.
gmake[3]: Leaving directory '/tmp/agrobot-next-build-ybgPHn/build/lely_core_libraries/build/python/dcf-tools'
gmake[2]: Leaving directory '/tmp/agrobot-next-build-ybgPHn/build/lely_core_libraries/build/python/dcf-tools'
gmake[2]: Entering directory '/tmp/agrobot-next-build-ybgPHn/build/lely_core_libraries/build/python'
gmake[3]: Entering directory '/tmp/agrobot-next-build-ybgPHn/build/lely_core_libraries/build/python'
gmake[3]: Nothing to be done for 'install-exec-am'.
gmake[3]: Nothing to be done for 'install-data-am'.
gmake[3]: Leaving directory '/tmp/agrobot-next-build-ybgPHn/build/lely_core_libraries/build/python'
gmake[2]: Leaving directory '/tmp/agrobot-next-build-ybgPHn/build/lely_core_libraries/build/python'
gmake[1]: Leaving directory '/tmp/agrobot-next-build-ybgPHn/build/lely_core_libraries/build/python'
Making install in pkgconfig
gmake[1]: Entering directory '/tmp/agrobot-next-build-ybgPHn/build/lely_core_libraries/build/pkgconfig'
gmake[2]: Entering directory '/tmp/agrobot-next-build-ybgPHn/build/lely_core_libraries/build/pkgconfig'
gmake[2]: Nothing to be done for 'install-exec-am'.
 /usr/bin/mkdir -p '/tmp/agrobot-next-build-ybgPHn/install/lely_core_libraries/lib/pkgconfig'
 /usr/bin/install -c -m 644 liblely-can.pc liblely-co.pc liblely-coapp.pc liblely-ev.pc liblely-io.pc liblely-io2.pc liblely-libc.pc liblely-libc_rt.pc liblely-tap.pc liblely-util.pc '/tmp/agrobot-next-build-ybgPHn/install/lely_core_libraries/lib/pkgconfig'
gmake[2]: Leaving directory '/tmp/agrobot-next-build-ybgPHn/build/lely_core_libraries/build/pkgconfig'
gmake[1]: Leaving directory '/tmp/agrobot-next-build-ybgPHn/build/lely_core_libraries/build/pkgconfig'
gmake[1]: Entering directory '/tmp/agrobot-next-build-ybgPHn/build/lely_core_libraries/build'
gmake[2]: Entering directory '/tmp/agrobot-next-build-ybgPHn/build/lely_core_libraries/build'
gmake[2]: Nothing to be done for 'install-exec-am'.
gmake[2]: Nothing to be done for 'install-data-am'.
gmake[2]: Leaving directory '/tmp/agrobot-next-build-ybgPHn/build/lely_core_libraries/build'
gmake[1]: Leaving directory '/tmp/agrobot-next-build-ybgPHn/build/lely_core_libraries/build'
-- Installing: /tmp/agrobot-next-build-ybgPHn/install/lely_core_libraries/share/lely_core_libraries/cmake
-- Installing: /tmp/agrobot-next-build-ybgPHn/install/lely_core_libraries/share/lely_core_libraries/cmake/lely_core_libraries-extras.cmake
-- Installing: /tmp/agrobot-next-build-ybgPHn/install/lely_core_libraries/share/lely_core_libraries/environment/pythonpath.sh
-- Installing: /tmp/agrobot-next-build-ybgPHn/install/lely_core_libraries/share/lely_core_libraries/environment/pythonpath.dsv
-- Installing: /tmp/agrobot-next-build-ybgPHn/install/lely_core_libraries/lib/python3.12/site-packages/cogen-0.3.1-py3.12.egg-info
-- Installing: /tmp/agrobot-next-build-ybgPHn/install/lely_core_libraries/lib/python3.12/site-packages/cogen-0.3.1-py3.12.egg-info/PKG-INFO
-- Installing: /tmp/agrobot-next-build-ybgPHn/install/lely_core_libraries/lib/python3.12/site-packages/cogen-0.3.1-py3.12.egg-info/dependency_links.txt
-- Installing: /tmp/agrobot-next-build-ybgPHn/install/lely_core_libraries/lib/python3.12/site-packages/cogen-0.3.1-py3.12.egg-info/entry_points.txt
-- Installing: /tmp/agrobot-next-build-ybgPHn/install/lely_core_libraries/lib/python3.12/site-packages/cogen-0.3.1-py3.12.egg-info/top_level.txt
-- Installing: /tmp/agrobot-next-build-ybgPHn/install/lely_core_libraries/lib/python3.12/site-packages/cogen-0.3.1-py3.12.egg-info/SOURCES.txt
-- Installing: /tmp/agrobot-next-build-ybgPHn/install/lely_core_libraries/lib/cogen/
-- Installing: /tmp/agrobot-next-build-ybgPHn/install/lely_core_libraries/lib/cogen//cogen
-- Installing: /tmp/agrobot-next-build-ybgPHn/install/lely_core_libraries/lib/python3.12/site-packages/cogen
-- Installing: /tmp/agrobot-next-build-ybgPHn/install/lely_core_libraries/lib/python3.12/site-packages/cogen/cogen.py
-- Installing: /tmp/agrobot-next-build-ybgPHn/install/lely_core_libraries/lib/python3.12/site-packages/cogen/__init__.py
Listing '/tmp/agrobot-next-build-ybgPHn/install/lely_core_libraries/lib/python3.12/site-packages/cogen'...
Compiling '/tmp/agrobot-next-build-ybgPHn/install/lely_core_libraries/lib/python3.12/site-packages/cogen/__init__.py'...
Compiling '/tmp/agrobot-next-build-ybgPHn/install/lely_core_libraries/lib/python3.12/site-packages/cogen/cogen.py'...
-- Up-to-date: /tmp/agrobot-next-build-ybgPHn/install/lely_core_libraries/bin/
-- Installing: /tmp/agrobot-next-build-ybgPHn/install/lely_core_libraries/bin//cogen
-- Installing: /tmp/agrobot-next-build-ybgPHn/install/lely_core_libraries/share/lely_core_libraries/environment/library_path.sh
-- Installing: /tmp/agrobot-next-build-ybgPHn/install/lely_core_libraries/share/lely_core_libraries/environment/library_path.dsv
-- Installing: /tmp/agrobot-next-build-ybgPHn/install/lely_core_libraries/share/ament_index/resource_index/package_run_dependencies/lely_core_libraries
-- Installing: /tmp/agrobot-next-build-ybgPHn/install/lely_core_libraries/share/ament_index/resource_index/parent_prefix_path/lely_core_libraries
-- Installing: /tmp/agrobot-next-build-ybgPHn/install/lely_core_libraries/share/lely_core_libraries/environment/ament_prefix_path.sh
-- Installing: /tmp/agrobot-next-build-ybgPHn/install/lely_core_libraries/share/lely_core_libraries/environment/ament_prefix_path.dsv
-- Installing: /tmp/agrobot-next-build-ybgPHn/install/lely_core_libraries/share/lely_core_libraries/environment/path.sh
-- Installing: /tmp/agrobot-next-build-ybgPHn/install/lely_core_libraries/share/lely_core_libraries/environment/path.dsv
-- Installing: /tmp/agrobot-next-build-ybgPHn/install/lely_core_libraries/share/lely_core_libraries/local_setup.bash
-- Installing: /tmp/agrobot-next-build-ybgPHn/install/lely_core_libraries/share/lely_core_libraries/local_setup.sh
-- Installing: /tmp/agrobot-next-build-ybgPHn/install/lely_core_libraries/share/lely_core_libraries/local_setup.zsh
-- Installing: /tmp/agrobot-next-build-ybgPHn/install/lely_core_libraries/share/lely_core_libraries/local_setup.dsv
-- Installing: /tmp/agrobot-next-build-ybgPHn/install/lely_core_libraries/share/lely_core_libraries/package.dsv
-- Installing: /tmp/agrobot-next-build-ybgPHn/install/lely_core_libraries/share/ament_index/resource_index/packages/lely_core_libraries
-- Up-to-date: /tmp/agrobot-next-build-ybgPHn/install/lely_core_libraries/share/lely_core_libraries/cmake/lely_core_libraries-extras.cmake
-- Installing: /tmp/agrobot-next-build-ybgPHn/install/lely_core_libraries/share/lely_core_libraries/cmake/ament_cmake_export_include_directories-extras.cmake
-- Installing: /tmp/agrobot-next-build-ybgPHn/install/lely_core_libraries/share/lely_core_libraries/cmake/ament_cmake_export_libraries-extras.cmake
-- Installing: /tmp/agrobot-next-build-ybgPHn/install/lely_core_libraries/share/lely_core_libraries/cmake/lely_core_librariesConfig.cmake
-- Installing: /tmp/agrobot-next-build-ybgPHn/install/lely_core_libraries/share/lely_core_libraries/cmake/lely_core_librariesConfig-version.cmake
-- Installing: /tmp/agrobot-next-build-ybgPHn/install/lely_core_libraries/share/lely_core_libraries/package.xml
--- stderr: lely_core_libraries
Cloning into 'upstream'...
/usr/lib/python3/dist-packages/setuptools/_distutils/cmd.py:66: SetuptoolsDeprecationWarning: setup.py install is deprecated.
!!

        ********************************************************************************
        Please avoid running ``setup.py`` directly.
        Instead, use pypa/build, pypa/installer or other
        standards-based tools.

        See https://blog.ganssle.io/articles/2021/10/setup-py-deprecated.html for details.
        ********************************************************************************

!!
  self.initialize_options()
HEAD is now at fb735b79 nmt: remove EMCY messages when life-guarding/heartbeat errors are resolved
Checking patch configure.ac...
Hunk #1 succeeded at 577 (offset 8 lines).
Checking patch python/dcf-tools/Makefile.am...
Applied patch configure.ac cleanly.
Applied patch python/dcf-tools/Makefile.am cleanly.
configure.ac:17: warning: The macro `AC_PROG_CC_STDC' is obsolete.
configure.ac:17: You should run autoupdate.
./lib/autoconf/c.m4:1666: AC_PROG_CC_STDC is expanded from...
configure.ac:17: the top level
configure.ac:442: warning: AC_CHECK_HEADERS($ixxat_header): you should use literals
./lib/autoconf/headers.m4:217: AC_CHECK_HEADERS is expanded from...
lib/m4sugar/m4sh.m4:699: AS_IF is expanded from...
lib/m4sugar/m4sh.m4:699: AS_IF is expanded from...
configure.ac:442: the top level
configure.ac:17: installing './compile'
configure.ac:6: installing './config.guess'
configure.ac:6: installing './config.sub'
configure.ac:7: installing './install-sh'
configure.ac:7: installing './missing'
configure.ac:610: installing './tap-driver.sh'
src/can/Makefile.am: installing './depcomp'
parallel-tests: installing './test-driver'
libtool: warning: relinking 'liblely-tap.la'
libtool: warning: relinking 'liblely-util.la'
libtool: warning: relinking 'liblely-can.la'
libtool: warning: relinking 'liblely-co.la'
libtool: warning: relinking 'liblely-io.la'
libtool: warning: relinking 'liblely-ev.la'
libtool: warning: relinking 'liblely-io2.la'
libtool: warning: relinking 'liblely-coapp.la'
/usr/lib/python3/dist-packages/setuptools/_distutils/cmd.py:66: SetuptoolsDeprecationWarning: setup.py install is deprecated.
!!

        ********************************************************************************
        Please avoid running ``setup.py`` directly.
        Instead, use pypa/build, pypa/installer or other
        standards-based tools.

        See https://blog.ganssle.io/articles/2021/10/setup-py-deprecated.html for details.
        ********************************************************************************

!!
  self.initialize_options()
---
Finished <<< lely_core_libraries [35.7s]
Starting >>> canopen_core
Starting >>> canopen_fake_slaves
-- The C compiler identification is GNU 13.3.0
-- The C compiler identification is GNU 13.3.0
-- The CXX compiler identification is GNU 13.3.0
-- The CXX compiler identification is GNU 13.3.0
-- Detecting C compiler ABI info
-- Detecting C compiler ABI info
-- Detecting C compiler ABI info - done
-- Check for working C compiler: /usr/bin/cc - skipped
-- Detecting C compile features
-- Detecting C compile features - done
-- Detecting CXX compiler ABI info
-- Detecting C compiler ABI info - done
-- Check for working C compiler: /usr/bin/cc - skipped
-- Detecting C compile features
-- Detecting C compile features - done
-- Detecting CXX compiler ABI info
-- Detecting CXX compiler ABI info - done
-- Check for working CXX compiler: /usr/bin/c++ - skipped
-- Detecting CXX compile features
-- Detecting CXX compile features - done
-- Found ament_cmake: 2.5.6 (/opt/ros/jazzy/share/ament_cmake/cmake)
-- Found Python3: /usr/bin/python3 (found version "3.12.3") found components: Interpreter 
-- Detecting CXX compiler ABI info - done
-- Check for working CXX compiler: /usr/bin/c++ - skipped
-- Detecting CXX compile features
-- Detecting CXX compile features - done
-- Found ament_cmake: 2.5.6 (/opt/ros/jazzy/share/ament_cmake/cmake)
-- Found lely_core_libraries: 0.3.1 (/tmp/agrobot-next-build-ybgPHn/install/lely_core_libraries/share/lely_core_libraries/cmake)
-- Found lifecycle_msgs: 2.0.4 (/opt/ros/jazzy/share/lifecycle_msgs/cmake)
-- Found Python3: /usr/bin/python3 (found version "3.12.3") found components: Interpreter 
-- Found canopen_interfaces: 0.3.1 (/tmp/agrobot-next-build-ybgPHn/install/canopen_interfaces/share/canopen_interfaces/cmake)
-- Found rosidl_generator_c: 4.6.9 (/opt/ros/jazzy/share/rosidl_generator_c/cmake)
-- Found rosidl_generator_cpp: 4.6.9 (/opt/ros/jazzy/share/rosidl_generator_cpp/cmake)
-- Using all available rosidl_typesupport_c: rosidl_typesupport_fastrtps_c;rosidl_typesupport_introspection_c
-- Using all available rosidl_typesupport_cpp: rosidl_typesupport_fastrtps_cpp;rosidl_typesupport_introspection_cpp
-- Found rclcpp: 28.1.22 (/opt/ros/jazzy/share/rclcpp/cmake)
-- Found rmw_implementation_cmake: 7.3.3 (/opt/ros/jazzy/share/rmw_implementation_cmake/cmake)
-- Found rmw_fastrtps_cpp: 8.4.4 (/opt/ros/jazzy/share/rmw_fastrtps_cpp/cmake)
-- Found rosidl_generator_c: 4.6.9 (/opt/ros/jazzy/share/rosidl_generator_c/cmake)
-- Found rosidl_generator_cpp: 4.6.9 (/opt/ros/jazzy/share/rosidl_generator_cpp/cmake)
-- Found OpenSSL: /usr/lib/x86_64-linux-gnu/libcrypto.so (found version "3.0.13")  
-- Using all available rosidl_typesupport_c: rosidl_typesupport_fastrtps_c;rosidl_typesupport_introspection_c
-- Using all available rosidl_typesupport_cpp: rosidl_typesupport_fastrtps_cpp;rosidl_typesupport_introspection_cpp
-- Found lely_core_libraries: 0.3.1 (/tmp/agrobot-next-build-ybgPHn/install/lely_core_libraries/share/lely_core_libraries/cmake)
-- Found lifecycle_msgs: 2.0.4 (/opt/ros/jazzy/share/lifecycle_msgs/cmake)
-- Found rclcpp: 28.1.22 (/opt/ros/jazzy/share/rclcpp/cmake)
-- Found rmw_implementation_cmake: 7.3.3 (/opt/ros/jazzy/share/rmw_implementation_cmake/cmake)
-- Found rmw_fastrtps_cpp: 8.4.4 (/opt/ros/jazzy/share/rmw_fastrtps_cpp/cmake)
-- Found OpenSSL: /usr/lib/x86_64-linux-gnu/libcrypto.so (found version "3.0.13")  
-- Found FastRTPS: /opt/ros/jazzy/include (Required is at least version "2.13") 
-- Using RMW implementation 'rmw_fastrtps_cpp' as default
-- Found FastRTPS: /opt/ros/jazzy/include (Required is at least version "2.13") 
-- Using RMW implementation 'rmw_fastrtps_cpp' as default
-- Found rclcpp_lifecycle: 28.1.22 (/opt/ros/jazzy/share/rclcpp_lifecycle/cmake)
-- Found ament_lint_auto: 0.17.5 (/opt/ros/jazzy/share/ament_lint_auto/cmake)
-- Configuring done (2.4s)
-- Generating done (0.0s)
-- Build files have been written to: /tmp/agrobot-next-build-ybgPHn/build/canopen_fake_slaves
[ 33%] Building CXX object CMakeFiles/motion_generator.dir/src/motion_generator.cpp.o
[ 33%] Building CXX object CMakeFiles/basic_slave_node.dir/src/basic_slave.cpp.o
-- Found rclcpp_components: 28.1.22 (/opt/ros/jazzy/share/rclcpp_components/cmake)
-- Found rclcpp_lifecycle: 28.1.22 (/opt/ros/jazzy/share/rclcpp_lifecycle/cmake)
-- Found yaml_cpp_vendor: 9.0.1 (/opt/ros/jazzy/share/yaml_cpp_vendor/cmake)
-- Setting yaml-cpp_DIR to: '/opt/ros/jazzy/share/yaml_cpp_vendor/cmake/../../../opt/yaml_cpp_vendor/share/cmake/yaml-cpp'
-- Found Boost: /usr/lib/x86_64-linux-gnu/cmake/Boost-1.83.0/BoostConfig.cmake (found version "1.83.0") found components: system thread 
-- Found ament_cmake_gtest: 2.5.6 (/opt/ros/jazzy/share/ament_cmake_gtest/cmake)
-- Found ament_cmake_gmock: 2.5.6 (/opt/ros/jazzy/share/ament_cmake_gmock/cmake)
[ 50%] Linking CXX shared library libmotion_generator.so
-- Found gmock sources under '/opt/ros/jazzy/src/gmock_vendor': C++ tests using 'Google Mock' will be built
-- Found gtest sources under '/opt/ros/jazzy/src/gtest_vendor': C++ tests using 'Google Test' will be built
-- Configuring done (2.7s)
-- Generating done (0.1s)
[ 50%] Built target motion_generator
-- Build files have been written to: /tmp/agrobot-next-build-ybgPHn/build/canopen_core
[ 66%] Building CXX object CMakeFiles/cia402_slave_node.dir/src/cia402_slave.cpp.o
[ 13%] Building CXX object gmock/CMakeFiles/gmock.dir/opt/ros/jazzy/src/gtest_vendor/src/gtest-all.cc.o
[ 13%] Building CXX object CMakeFiles/node_canopen_driver.dir/src/node_interfaces/node_canopen_driver.cpp.o
[ 13%] Building CXX object CMakeFiles/node_canopen_driver.dir/src/driver_node.cpp.o
[ 13%] Building CXX object gmock/CMakeFiles/gmock.dir/src/gmock-all.cc.o
[ 13%] Building CXX object CMakeFiles/node_canopen_driver.dir/src/driver_error.cpp.o
[ 16%] Building CXX object CMakeFiles/node_canopen_master.dir/src/master_node.cpp.o
[ 22%] Building CXX object CMakeFiles/node_canopen_master.dir/src/master_error.cpp.o
[ 22%] Building CXX object gmock/CMakeFiles/gmock_main.dir/src/gmock_main.cc.o
[ 25%] Building CXX object CMakeFiles/node_canopen_master.dir/src/node_interfaces/node_canopen_master.cpp.o
In file included from /home/gsylvia/agrobot-reverse-engineering/Agrobot/src/ros2_canopen/canopen_fake_slaves/src/basic_slave.cpp:15:
/home/gsylvia/agrobot-reverse-engineering/Agrobot/src/ros2_canopen/canopen_fake_slaves/include/canopen_fake_slaves/basic_slave.hpp: In member function ‘uint32_t ros2_canopen::SimpleSlave::GetValue(uint16_t, uint8_t) const’:
/home/gsylvia/agrobot-reverse-engineering/Agrobot/src/ros2_canopen/canopen_fake_slaves/include/canopen_fake_slaves/basic_slave.hpp:123:12: warning: possibly dangling reference to a temporary [-Wdangling-reference]
  123 |     auto & type = (*this)[idx][subidx].Type();
      |            ^~~~
/home/gsylvia/agrobot-reverse-engineering/Agrobot/src/ros2_canopen/canopen_fake_slaves/include/canopen_fake_slaves/basic_slave.hpp:123:44: note: the temporary was destroyed at the end of the full expression ‘((const ros2_canopen::SimpleSlave*)this)->ros2_canopen::SimpleSlave::<anonymous>.lely::canopen::BasicSlave::operator[](((std::ptrdiff_t)((uint16_t)idx))).lely::canopen::BasicSlave::ConstObject::operator[](((int)((uint8_t)subidx))).lely::canopen::BasicSlave::ConstSubObject::Type()’
  123 |     auto & type = (*this)[idx][subidx].Type();
      |                   ~~~~~~~~~~~~~~~~~~~~~~~~~^~
[ 27%] Linking CXX static library libgmock_main.a
[ 27%] Built target gmock_main
[ 83%] Linking CXX executable basic_slave_node
[ 83%] Built target basic_slave_node
[100%] Linking CXX executable cia402_slave_node
[ 33%] Linking CXX static library libgmock.a
[ 33%] Linking CXX shared library libnode_canopen_master.so
[ 33%] Built target gmock
[100%] Built target cia402_slave_node
-- Install configuration: ""
-- Installing: /tmp/agrobot-next-build-ybgPHn/install/canopen_fake_slaves/lib/canopen_fake_slaves/libmotion_generator.so
-- Installing: /tmp/agrobot-next-build-ybgPHn/install/canopen_fake_slaves/lib/canopen_fake_slaves/basic_slave_node
-- Set non-toolchain portion of runtime path of "/tmp/agrobot-next-build-ybgPHn/install/canopen_fake_slaves/lib/canopen_fake_slaves/basic_slave_node" to ""
-- Installing: /tmp/agrobot-next-build-ybgPHn/install/canopen_fake_slaves/lib/canopen_fake_slaves/cia402_slave_node
-- Set non-toolchain portion of runtime path of "/tmp/agrobot-next-build-ybgPHn/install/canopen_fake_slaves/lib/canopen_fake_slaves/cia402_slave_node" to ""
-- Installing: /tmp/agrobot-next-build-ybgPHn/install/canopen_fake_slaves/share/canopen_fake_slaves/launch/
-- Installing: /tmp/agrobot-next-build-ybgPHn/install/canopen_fake_slaves/share/canopen_fake_slaves/launch//basic_slave.launch.py
-- Installing: /tmp/agrobot-next-build-ybgPHn/install/canopen_fake_slaves/share/canopen_fake_slaves/launch//cia402_slave.launch.py
-- Installing: /tmp/agrobot-next-build-ybgPHn/install/canopen_fake_slaves/share/canopen_fake_slaves/config/
-- Installing: /tmp/agrobot-next-build-ybgPHn/install/canopen_fake_slaves/share/canopen_fake_slaves/config//simple_slave.eds
-- Installing: /tmp/agrobot-next-build-ybgPHn/install/canopen_fake_slaves/share/canopen_fake_slaves/config//cia402_slave.eds
-- Installing: /tmp/agrobot-next-build-ybgPHn/install/canopen_fake_slaves/include
-- Installing: /tmp/agrobot-next-build-ybgPHn/install/canopen_fake_slaves/include/canopen_fake_slaves
-- Installing: /tmp/agrobot-next-build-ybgPHn/install/canopen_fake_slaves/include/canopen_fake_slaves/motion_generator.hpp
-- Installing: /tmp/agrobot-next-build-ybgPHn/install/canopen_fake_slaves/include/canopen_fake_slaves/base_slave.hpp
-- Installing: /tmp/agrobot-next-build-ybgPHn/install/canopen_fake_slaves/include/canopen_fake_slaves/basic_slave.hpp
-- Installing: /tmp/agrobot-next-build-ybgPHn/install/canopen_fake_slaves/include/canopen_fake_slaves/cia402_slave.hpp
-- Installing: /tmp/agrobot-next-build-ybgPHn/install/canopen_fake_slaves/share/ament_index/resource_index/package_run_dependencies/canopen_fake_slaves
-- Installing: /tmp/agrobot-next-build-ybgPHn/install/canopen_fake_slaves/share/ament_index/resource_index/parent_prefix_path/canopen_fake_slaves
-- Installing: /tmp/agrobot-next-build-ybgPHn/install/canopen_fake_slaves/share/canopen_fake_slaves/environment/ament_prefix_path.sh
-- Installing: /tmp/agrobot-next-build-ybgPHn/install/canopen_fake_slaves/share/canopen_fake_slaves/environment/ament_prefix_path.dsv
-- Installing: /tmp/agrobot-next-build-ybgPHn/install/canopen_fake_slaves/share/canopen_fake_slaves/environment/path.sh
-- Installing: /tmp/agrobot-next-build-ybgPHn/install/canopen_fake_slaves/share/canopen_fake_slaves/environment/path.dsv
-- Installing: /tmp/agrobot-next-build-ybgPHn/install/canopen_fake_slaves/share/canopen_fake_slaves/local_setup.bash
-- Installing: /tmp/agrobot-next-build-ybgPHn/install/canopen_fake_slaves/share/canopen_fake_slaves/local_setup.sh
-- Installing: /tmp/agrobot-next-build-ybgPHn/install/canopen_fake_slaves/share/canopen_fake_slaves/local_setup.zsh
-- Installing: /tmp/agrobot-next-build-ybgPHn/install/canopen_fake_slaves/share/canopen_fake_slaves/local_setup.dsv
-- Installing: /tmp/agrobot-next-build-ybgPHn/install/canopen_fake_slaves/share/canopen_fake_slaves/package.dsv
-- Installing: /tmp/agrobot-next-build-ybgPHn/install/canopen_fake_slaves/share/ament_index/resource_index/packages/canopen_fake_slaves
-- Installing: /tmp/agrobot-next-build-ybgPHn/install/canopen_fake_slaves/share/canopen_fake_slaves/cmake/ament_cmake_export_include_directories-extras.cmake
-- Installing: /tmp/agrobot-next-build-ybgPHn/install/canopen_fake_slaves/share/canopen_fake_slaves/cmake/ament_cmake_export_dependencies-extras.cmake
-- Installing: /tmp/agrobot-next-build-ybgPHn/install/canopen_fake_slaves/share/canopen_fake_slaves/cmake/canopen_fake_slavesConfig.cmake
-- Installing: /tmp/agrobot-next-build-ybgPHn/install/canopen_fake_slaves/share/canopen_fake_slaves/cmake/canopen_fake_slavesConfig-version.cmake
-- Installing: /tmp/agrobot-next-build-ybgPHn/install/canopen_fake_slaves/share/canopen_fake_slaves/package.xml
--- stderr: canopen_fake_slaves
In file included from /home/gsylvia/agrobot-reverse-engineering/Agrobot/src/ros2_canopen/canopen_fake_slaves/src/basic_slave.cpp:15:
/home/gsylvia/agrobot-reverse-engineering/Agrobot/src/ros2_canopen/canopen_fake_slaves/include/canopen_fake_slaves/basic_slave.hpp: In member function ‘uint32_t ros2_canopen::SimpleSlave::GetValue(uint16_t, uint8_t) const’:
/home/gsylvia/agrobot-reverse-engineering/Agrobot/src/ros2_canopen/canopen_fake_slaves/include/canopen_fake_slaves/basic_slave.hpp:123:12: warning: possibly dangling reference to a temporary [-Wdangling-reference]
  123 |     auto & type = (*this)[idx][subidx].Type();
      |            ^~~~
/home/gsylvia/agrobot-reverse-engineering/Agrobot/src/ros2_canopen/canopen_fake_slaves/include/canopen_fake_slaves/basic_slave.hpp:123:44: note: the temporary was destroyed at the end of the full expression ‘((const ros2_canopen::SimpleSlave*)this)->ros2_canopen::SimpleSlave::<anonymous>.lely::canopen::BasicSlave::operator[](((std::ptrdiff_t)((uint16_t)idx))).lely::canopen::BasicSlave::ConstObject::operator[](((int)((uint8_t)subidx))).lely::canopen::BasicSlave::ConstSubObject::Type()’
  123 |     auto & type = (*this)[idx][subidx].Type();
      |                   ~~~~~~~~~~~~~~~~~~~~~~~~~^~
---
Finished <<< canopen_fake_slaves [9.26s]
[ 33%] Built target node_canopen_master
[ 36%] Building CXX object test/CMakeFiles/test_lifecycle_canopen_master.dir/test_lifecycle_canopen_master.cpp.o
[ 38%] Building CXX object test/CMakeFiles/test_canopen_master.dir/test_canopen_master.cpp.o
[ 41%] Building CXX object test/CMakeFiles/test_node_canopen_master.dir/test_node_canopen_master.cpp.o
[ 44%] Linking CXX shared library libnode_canopen_driver.so
[ 44%] Built target node_canopen_driver
[ 52%] Building CXX object CMakeFiles/device_container.dir/src/lifecycle_manager.cpp.o
[ 52%] Building CXX object test/CMakeFiles/test_canopen_driver.dir/test_canopen_driver.cpp.o
[ 52%] Building CXX object CMakeFiles/device_container.dir/src/device_container_error.cpp.o
[ 55%] Building CXX object CMakeFiles/device_container.dir/src/configuration_manager.cpp.o
[ 58%] Building CXX object CMakeFiles/device_container.dir/src/device_container.cpp.o
[ 61%] Building CXX object test/CMakeFiles/test_node_canopen_driver.dir/test_node_canopen_driver.cpp.o
[ 63%] Building CXX object test/CMakeFiles/test_lifecycle_canopen_driver.dir/test_lifecycle_canopen_driver.cpp.o
[100%] Linking CXX executable commander
[100%] Built target commander
-- Install configuration: ""
-- Installing: /tmp/agrobot-next-build-ybgPHn/install/robot_commander/lib/robot_commander/named_goal
-- Set non-toolchain portion of runtime path of "/tmp/agrobot-next-build-ybgPHn/install/robot_commander/lib/robot_commander/named_goal" to ""
-- Installing: /tmp/agrobot-next-build-ybgPHn/install/robot_commander/lib/robot_commander/joint_goal
-- Set non-toolchain portion of runtime path of "/tmp/agrobot-next-build-ybgPHn/install/robot_commander/lib/robot_commander/joint_goal" to ""
-- Installing: /tmp/agrobot-next-build-ybgPHn/install/robot_commander/lib/robot_commander/position_goal
-- Set non-toolchain portion of runtime path of "/tmp/agrobot-next-build-ybgPHn/install/robot_commander/lib/robot_commander/position_goal" to ""
-- Installing: /tmp/agrobot-next-build-ybgPHn/install/robot_commander/lib/robot_commander/cartesian_path
-- Set non-toolchain portion of runtime path of "/tmp/agrobot-next-build-ybgPHn/install/robot_commander/lib/robot_commander/cartesian_path" to ""
-- Installing: /tmp/agrobot-next-build-ybgPHn/install/robot_commander/lib/robot_commander/commander
-- Set non-toolchain portion of runtime path of "/tmp/agrobot-next-build-ybgPHn/install/robot_commander/lib/robot_commander/commander" to ""
-- Installing: /tmp/agrobot-next-build-ybgPHn/install/robot_commander/lib/robot_commander/tomato_picker.py
-- Installing: /tmp/agrobot-next-build-ybgPHn/install/robot_commander/lib/robot_commander/sequencer.py
-- Installing: /tmp/agrobot-next-build-ybgPHn/install/robot_commander/lib/robot_commander/test_multi_tomato.py
-- Installing: /tmp/agrobot-next-build-ybgPHn/install/robot_commander/lib/robot_commander/test_button_server.py
-- Installing: /tmp/agrobot-next-build-ybgPHn/install/robot_commander/share/robot_commander//launch
-- Installing: /tmp/agrobot-next-build-ybgPHn/install/robot_commander/share/robot_commander//launch/commander.launch.py
-- Installing: /tmp/agrobot-next-build-ybgPHn/install/robot_commander/share/ament_index/resource_index/package_run_dependencies/robot_commander
-- Installing: /tmp/agrobot-next-build-ybgPHn/install/robot_commander/share/ament_index/resource_index/parent_prefix_path/robot_commander
-- Installing: /tmp/agrobot-next-build-ybgPHn/install/robot_commander/share/robot_commander/environment/ament_prefix_path.sh
-- Installing: /tmp/agrobot-next-build-ybgPHn/install/robot_commander/share/robot_commander/environment/ament_prefix_path.dsv
-- Installing: /tmp/agrobot-next-build-ybgPHn/install/robot_commander/share/robot_commander/environment/path.sh
-- Installing: /tmp/agrobot-next-build-ybgPHn/install/robot_commander/share/robot_commander/environment/path.dsv
-- Installing: /tmp/agrobot-next-build-ybgPHn/install/robot_commander/share/robot_commander/local_setup.bash
-- Installing: /tmp/agrobot-next-build-ybgPHn/install/robot_commander/share/robot_commander/local_setup.sh
-- Installing: /tmp/agrobot-next-build-ybgPHn/install/robot_commander/share/robot_commander/local_setup.zsh
-- Installing: /tmp/agrobot-next-build-ybgPHn/install/robot_commander/share/robot_commander/local_setup.dsv
-- Installing: /tmp/agrobot-next-build-ybgPHn/install/robot_commander/share/robot_commander/package.dsv
-- Installing: /tmp/agrobot-next-build-ybgPHn/install/robot_commander/share/ament_index/resource_index/packages/robot_commander
-- Installing: /tmp/agrobot-next-build-ybgPHn/install/robot_commander/share/robot_commander/cmake/robot_commanderConfig.cmake
-- Installing: /tmp/agrobot-next-build-ybgPHn/install/robot_commander/share/robot_commander/cmake/robot_commanderConfig-version.cmake
-- Installing: /tmp/agrobot-next-build-ybgPHn/install/robot_commander/share/robot_commander/package.xml
Finished <<< robot_commander [33.2s]
[ 66%] Linking CXX executable test_canopen_master
[ 66%] Built target test_canopen_master
[ 69%] Linking CXX executable test_node_canopen_driver
[ 72%] Linking CXX executable test_canopen_driver
[ 75%] Linking CXX executable test_lifecycle_canopen_master
[ 75%] Built target test_node_canopen_driver
[ 75%] Built target test_canopen_driver
[ 77%] Linking CXX executable test_node_canopen_master
[ 77%] Built target test_lifecycle_canopen_master
[ 80%] Linking CXX executable test_lifecycle_canopen_driver
[ 80%] Built target test_node_canopen_master
[ 80%] Built target test_lifecycle_canopen_driver
[ 83%] Linking CXX shared library libdevice_container.so
[ 83%] Built target device_container
[ 88%] Building CXX object test/CMakeFiles/test_lifecycle_manager.dir/test_lifecycle_manager.cpp.o
[ 88%] Building CXX object CMakeFiles/device_container_node.dir/src/device_container_node.cpp.o
[ 91%] Building CXX object test/CMakeFiles/test_errors.dir/test_errors.cpp.o
[ 94%] Linking CXX executable test_errors
[ 94%] Built target test_errors
[ 97%] Linking CXX executable device_container_node
[ 97%] Built target device_container_node
[100%] Linking CXX executable test_lifecycle_manager
[100%] Built target test_lifecycle_manager
-- Install configuration: ""
-- Installing: /tmp/agrobot-next-build-ybgPHn/install/canopen_core/include
-- Installing: /tmp/agrobot-next-build-ybgPHn/install/canopen_core/include/canopen_core
-- Installing: /tmp/agrobot-next-build-ybgPHn/install/canopen_core/include/canopen_core/device_container_error.hpp
-- Installing: /tmp/agrobot-next-build-ybgPHn/install/canopen_core/include/canopen_core/node_interfaces
-- Installing: /tmp/agrobot-next-build-ybgPHn/install/canopen_core/include/canopen_core/node_interfaces/node_canopen_driver.hpp
-- Installing: /tmp/agrobot-next-build-ybgPHn/install/canopen_core/include/canopen_core/node_interfaces/node_canopen_driver_interface.hpp
-- Installing: /tmp/agrobot-next-build-ybgPHn/install/canopen_core/include/canopen_core/node_interfaces/node_canopen_master.hpp
-- Installing: /tmp/agrobot-next-build-ybgPHn/install/canopen_core/include/canopen_core/node_interfaces/node_canopen_master_interface.hpp
-- Installing: /tmp/agrobot-next-build-ybgPHn/install/canopen_core/include/canopen_core/master_node.hpp
-- Installing: /tmp/agrobot-next-build-ybgPHn/install/canopen_core/include/canopen_core/device_container.hpp
-- Installing: /tmp/agrobot-next-build-ybgPHn/install/canopen_core/include/canopen_core/exchange.hpp
-- Installing: /tmp/agrobot-next-build-ybgPHn/install/canopen_core/include/canopen_core/visibility_control.h
-- Installing: /tmp/agrobot-next-build-ybgPHn/install/canopen_core/include/canopen_core/driver_node.hpp
-- Installing: /tmp/agrobot-next-build-ybgPHn/install/canopen_core/include/canopen_core/configuration_manager.hpp
-- Installing: /tmp/agrobot-next-build-ybgPHn/install/canopen_core/include/canopen_core/driver_error.hpp
-- Installing: /tmp/agrobot-next-build-ybgPHn/install/canopen_core/include/canopen_core/master_error.hpp
-- Installing: /tmp/agrobot-next-build-ybgPHn/install/canopen_core/include/canopen_core/lifecycle_manager.hpp
-- Installing: /tmp/agrobot-next-build-ybgPHn/install/canopen_core/share/canopen_core/launch/
-- Installing: /tmp/agrobot-next-build-ybgPHn/install/canopen_core/share/canopen_core/launch//canopen.launch.py
-- Installing: /tmp/agrobot-next-build-ybgPHn/install/canopen_core/lib/libnode_canopen_driver.so
-- Set non-toolchain portion of runtime path of "/tmp/agrobot-next-build-ybgPHn/install/canopen_core/lib/libnode_canopen_driver.so" to ""
-- Installing: /tmp/agrobot-next-build-ybgPHn/install/canopen_core/lib/libnode_canopen_master.so
-- Set non-toolchain portion of runtime path of "/tmp/agrobot-next-build-ybgPHn/install/canopen_core/lib/libnode_canopen_master.so" to ""
-- Installing: /tmp/agrobot-next-build-ybgPHn/install/canopen_core/lib/libdevice_container.so
-- Set non-toolchain portion of runtime path of "/tmp/agrobot-next-build-ybgPHn/install/canopen_core/lib/libdevice_container.so" to ""
-- Installing: /tmp/agrobot-next-build-ybgPHn/install/canopen_core/lib/canopen_core/device_container_node
-- Set non-toolchain portion of runtime path of "/tmp/agrobot-next-build-ybgPHn/install/canopen_core/lib/canopen_core/device_container_node" to ""
-- Installing: /tmp/agrobot-next-build-ybgPHn/install/canopen_core/share/canopen_core/environment/library_path.sh
-- Installing: /tmp/agrobot-next-build-ybgPHn/install/canopen_core/share/canopen_core/environment/library_path.dsv
-- Installing: /tmp/agrobot-next-build-ybgPHn/install/canopen_core/share/ament_index/resource_index/package_run_dependencies/canopen_core
-- Installing: /tmp/agrobot-next-build-ybgPHn/install/canopen_core/share/ament_index/resource_index/parent_prefix_path/canopen_core
-- Installing: /tmp/agrobot-next-build-ybgPHn/install/canopen_core/share/canopen_core/environment/ament_prefix_path.sh
-- Installing: /tmp/agrobot-next-build-ybgPHn/install/canopen_core/share/canopen_core/environment/ament_prefix_path.dsv
-- Installing: /tmp/agrobot-next-build-ybgPHn/install/canopen_core/share/canopen_core/environment/path.sh
-- Installing: /tmp/agrobot-next-build-ybgPHn/install/canopen_core/share/canopen_core/environment/path.dsv
-- Installing: /tmp/agrobot-next-build-ybgPHn/install/canopen_core/share/canopen_core/local_setup.bash
-- Installing: /tmp/agrobot-next-build-ybgPHn/install/canopen_core/share/canopen_core/local_setup.sh
-- Installing: /tmp/agrobot-next-build-ybgPHn/install/canopen_core/share/canopen_core/local_setup.zsh
-- Installing: /tmp/agrobot-next-build-ybgPHn/install/canopen_core/share/canopen_core/local_setup.dsv
-- Installing: /tmp/agrobot-next-build-ybgPHn/install/canopen_core/share/canopen_core/package.dsv
-- Installing: /tmp/agrobot-next-build-ybgPHn/install/canopen_core/share/ament_index/resource_index/packages/canopen_core
-- Installing: /tmp/agrobot-next-build-ybgPHn/install/canopen_core/share/canopen_core/cmake/export_canopen_coreExport.cmake
-- Installing: /tmp/agrobot-next-build-ybgPHn/install/canopen_core/share/canopen_core/cmake/export_canopen_coreExport-noconfig.cmake
-- Installing: /tmp/agrobot-next-build-ybgPHn/install/canopen_core/share/canopen_core/cmake/ConfigExtras.cmake
-- Installing: /tmp/agrobot-next-build-ybgPHn/install/canopen_core/share/canopen_core/cmake/ament_cmake_export_include_directories-extras.cmake
-- Installing: /tmp/agrobot-next-build-ybgPHn/install/canopen_core/share/canopen_core/cmake/ament_cmake_export_libraries-extras.cmake
-- Installing: /tmp/agrobot-next-build-ybgPHn/install/canopen_core/share/canopen_core/cmake/ament_cmake_export_targets-extras.cmake
-- Installing: /tmp/agrobot-next-build-ybgPHn/install/canopen_core/share/canopen_core/cmake/ament_cmake_export_dependencies-extras.cmake
-- Installing: /tmp/agrobot-next-build-ybgPHn/install/canopen_core/share/canopen_core/cmake/canopen_coreConfig.cmake
-- Installing: /tmp/agrobot-next-build-ybgPHn/install/canopen_core/share/canopen_core/cmake/canopen_coreConfig-version.cmake
-- Installing: /tmp/agrobot-next-build-ybgPHn/install/canopen_core/share/canopen_core/package.xml
Finished <<< canopen_core [23.6s]
Starting >>> canopen_base_driver
Starting >>> canopen_master_driver
-- The C compiler identification is GNU 13.3.0
-- The C compiler identification is GNU 13.3.0
-- The CXX compiler identification is GNU 13.3.0
-- The CXX compiler identification is GNU 13.3.0
-- Detecting C compiler ABI info
-- Detecting C compiler ABI info
-- Detecting C compiler ABI info - done
-- Detecting C compiler ABI info - done
-- Check for working C compiler: /usr/bin/cc - skipped
-- Detecting C compile features
-- Check for working C compiler: /usr/bin/cc - skipped
-- Detecting C compile features
-- Detecting C compile features - done
-- Detecting C compile features - done
-- Detecting CXX compiler ABI info
-- Detecting CXX compiler ABI info
-- Detecting CXX compiler ABI info - done
-- Detecting CXX compiler ABI info - done
-- Check for working CXX compiler: /usr/bin/c++ - skipped
-- Check for working CXX compiler: /usr/bin/c++ - skipped
-- Detecting CXX compile features
-- Detecting CXX compile features
-- Detecting CXX compile features - done
-- Detecting CXX compile features - done
-- Found ament_cmake: 2.5.6 (/opt/ros/jazzy/share/ament_cmake/cmake)
-- Found ament_cmake: 2.5.6 (/opt/ros/jazzy/share/ament_cmake/cmake)
-- Found Python3: /usr/bin/python3 (found version "3.12.3") found components: Interpreter 
-- Found Python3: /usr/bin/python3 (found version "3.12.3") found components: Interpreter 
-- Found ament_cmake_ros: 0.12.1 (/opt/ros/jazzy/share/ament_cmake_ros/cmake)
-- Found canopen_core: 0.3.1 (/tmp/agrobot-next-build-ybgPHn/install/canopen_core/share/canopen_core/cmake)
-- Found ament_cmake_ros: 0.12.1 (/opt/ros/jazzy/share/ament_cmake_ros/cmake)
-- Found canopen_core: 0.3.1 (/tmp/agrobot-next-build-ybgPHn/install/canopen_core/share/canopen_core/cmake)
-- Found Boost: /usr/lib/x86_64-linux-gnu/cmake/Boost-1.83.0/BoostConfig.cmake (found version "1.83.0") found components: system thread 
-- Found Boost: /usr/lib/x86_64-linux-gnu/cmake/Boost-1.83.0/BoostConfig.cmake (found version "1.83.0") found components: system thread 
-- Found rosidl_generator_c: 4.6.9 (/opt/ros/jazzy/share/rosidl_generator_c/cmake)
-- Found rosidl_generator_c: 4.6.9 (/opt/ros/jazzy/share/rosidl_generator_c/cmake)
-- Found rosidl_generator_cpp: 4.6.9 (/opt/ros/jazzy/share/rosidl_generator_cpp/cmake)
-- Found rosidl_generator_cpp: 4.6.9 (/opt/ros/jazzy/share/rosidl_generator_cpp/cmake)
-- Using all available rosidl_typesupport_c: rosidl_typesupport_fastrtps_c;rosidl_typesupport_introspection_c
-- Using all available rosidl_typesupport_c: rosidl_typesupport_fastrtps_c;rosidl_typesupport_introspection_c
-- Using all available rosidl_typesupport_cpp: rosidl_typesupport_fastrtps_cpp;rosidl_typesupport_introspection_cpp
-- Using all available rosidl_typesupport_cpp: rosidl_typesupport_fastrtps_cpp;rosidl_typesupport_introspection_cpp
-- Found rmw_implementation_cmake: 7.3.3 (/opt/ros/jazzy/share/rmw_implementation_cmake/cmake)
-- Found rmw_implementation_cmake: 7.3.3 (/opt/ros/jazzy/share/rmw_implementation_cmake/cmake)
-- Found rmw_fastrtps_cpp: 8.4.4 (/opt/ros/jazzy/share/rmw_fastrtps_cpp/cmake)
-- Found rmw_fastrtps_cpp: 8.4.4 (/opt/ros/jazzy/share/rmw_fastrtps_cpp/cmake)
-- Found OpenSSL: /usr/lib/x86_64-linux-gnu/libcrypto.so (found version "3.0.13")  
-- Found OpenSSL: /usr/lib/x86_64-linux-gnu/libcrypto.so (found version "3.0.13")  
-- Found FastRTPS: /opt/ros/jazzy/include (Required is at least version "2.13") 
-- Found FastRTPS: /opt/ros/jazzy/include (Required is at least version "2.13") 
-- Using RMW implementation 'rmw_fastrtps_cpp' as default
-- Using RMW implementation 'rmw_fastrtps_cpp' as default
-- Setting yaml-cpp_DIR to: '/opt/ros/jazzy/share/yaml_cpp_vendor/cmake/../../../opt/yaml_cpp_vendor/share/cmake/yaml-cpp'
-- Setting yaml-cpp_DIR to: '/opt/ros/jazzy/share/yaml_cpp_vendor/cmake/../../../opt/yaml_cpp_vendor/share/cmake/yaml-cpp'
-- Found std_msgs: 5.3.8 (/opt/ros/jazzy/share/std_msgs/cmake)
-- Found gtest sources under '/opt/ros/jazzy/src/gtest_vendor': C++ tests using 'Google Test' will be built
-- Found std_srvs: 5.3.8 (/opt/ros/jazzy/share/std_srvs/cmake)
-- Found Threads: TRUE  
-- Found diagnostic_updater: 4.2.7 (/opt/ros/jazzy/share/diagnostic_updater/cmake)
-- node_canopen_base_driver: /tmp/agrobot-next-build-ybgPHn/install/lely_core_libraries/lib/liblely-can.so;/tmp/agrobot-next-build-ybgPHn/install/lely_core_libraries/lib/liblely-co.so;/tmp/agrobot-next-build-ybgPHn/install/lely_core_libraries/lib/liblely-coapp.so;/tmp/agrobot-next-build-ybgPHn/install/lely_core_libraries/lib/liblely-ev.so;/tmp/agrobot-next-build-ybgPHn/install/lely_core_libraries/lib/liblely-io2.so;/tmp/agrobot-next-build-ybgPHn/install/lely_core_libraries/lib/liblely-libc.so;/tmp/agrobot-next-build-ybgPHn/install/lely_core_libraries/lib/liblely-tap.so;/tmp/agrobot-next-build-ybgPHn/install/lely_core_libraries/lib/liblely-util.so
-- Found gtest sources under '/opt/ros/jazzy/src/gtest_vendor': C++ tests using 'Google Test' will be built
-- Found Threads: TRUE  
-- Configuring done (2.9s)
-- Generating done (0.0s)
-- Configuring done (2.9s)
-- Build files have been written to: /tmp/agrobot-next-build-ybgPHn/build/canopen_master_driver
-- Generating done (0.0s)
-- Build files have been written to: /tmp/agrobot-next-build-ybgPHn/build/canopen_base_driver
[  5%] Building CXX object gtest/CMakeFiles/gtest_main.dir/src/gtest_main.cc.o
[ 11%] Building CXX object CMakeFiles/lely_master_bridge.dir/src/lely_master_bridge.cpp.o
[ 16%] Building CXX object gtest/CMakeFiles/gtest.dir/src/gtest-all.cc.o
[ 12%] Building CXX object CMakeFiles/lely_driver_bridge.dir/src/lely_driver_bridge.cpp.o
[ 12%] Building CXX object gtest/CMakeFiles/gtest_main.dir/src/gtest_main.cc.o
[ 18%] Building CXX object gtest/CMakeFiles/gtest.dir/src/gtest-all.cc.o
[ 22%] Linking CXX static library libgtest_main.a
[ 25%] Linking CXX static library libgtest_main.a
[ 22%] Built target gtest_main
[ 25%] Built target gtest_main
[ 27%] Linking CXX shared library liblely_master_bridge.so
[ 27%] Built target lely_master_bridge
[ 33%] Building CXX object CMakeFiles/node_canopen_basic_master.dir/src/node_interfaces/node_canopen_basic_master.cpp.o
[ 38%] Linking CXX static library libgtest.a
[ 38%] Built target gtest
[ 31%] Linking CXX static library libgtest.a
[ 31%] Built target gtest
[ 37%] Building CXX object test/CMakeFiles/test_base_driver_component.dir/test_base_driver_component.cpp.o
[ 43%] Linking CXX shared library liblely_driver_bridge.so
[ 43%] Built target lely_driver_bridge
[ 50%] Building CXX object CMakeFiles/node_canopen_base_driver.dir/src/node_interfaces/node_canopen_base_driver.cpp.o
[ 56%] Linking CXX executable test_base_driver_component
[ 56%] Built target test_base_driver_component
[ 44%] Linking CXX shared library libnode_canopen_basic_master.so
[ 44%] Built target node_canopen_basic_master
[ 55%] Building CXX object CMakeFiles/lifecycle_master_driver.dir/src/lifecycle_master_driver.cpp.o
[ 55%] Building CXX object CMakeFiles/master_driver.dir/src/master_driver.cpp.o
[ 62%] Linking CXX shared library libnode_canopen_base_driver.so
[ 62%] Built target node_canopen_base_driver
[ 68%] Building CXX object test/CMakeFiles/test_node_canopen_base_driver_ros.dir/test_node_canopen_base_driver_ros.cpp.o
[ 75%] Building CXX object CMakeFiles/lifecycle_base_driver.dir/src/lifecycle_base_driver.cpp.o
[ 81%] Building CXX object CMakeFiles/base_driver.dir/src/base_driver.cpp.o
[ 61%] Linking CXX shared library liblifecycle_master_driver.so
[ 66%] Linking CXX shared library libmaster_driver.so
[ 66%] Built target lifecycle_master_driver
[ 66%] Built target master_driver
[ 77%] Building CXX object test/CMakeFiles/test_node_canopen_basic_driver.dir/test_node_canopen_basic_master.cpp.o
[ 77%] Building CXX object test/CMakeFiles/test_node_canopen_basic_driver_ros.dir/test_node_canopen_basic_master_ros.cpp.o
[ 83%] Building CXX object test/CMakeFiles/test_master_driver_component.dir/test_master_driver_component.cpp.o
[ 87%] Linking CXX executable test_node_canopen_base_driver_ros
[ 93%] Linking CXX shared library libbase_driver.so
[100%] Linking CXX shared library liblifecycle_base_driver.so
[100%] Built target test_node_canopen_base_driver_ros
[100%] Built target base_driver
[100%] Built target lifecycle_base_driver
-- Install configuration: ""
-- Installing: /tmp/agrobot-next-build-ybgPHn/install/canopen_base_driver/include
-- Installing: /tmp/agrobot-next-build-ybgPHn/install/canopen_base_driver/include/canopen_base_driver
-- Installing: /tmp/agrobot-next-build-ybgPHn/install/canopen_base_driver/include/canopen_base_driver/node_interfaces
-- Installing: /tmp/agrobot-next-build-ybgPHn/install/canopen_base_driver/include/canopen_base_driver/node_interfaces/node_canopen_base_driver.hpp
-- Installing: /tmp/agrobot-next-build-ybgPHn/install/canopen_base_driver/include/canopen_base_driver/node_interfaces/node_canopen_base_driver_impl.hpp
-- Installing: /tmp/agrobot-next-build-ybgPHn/install/canopen_base_driver/include/canopen_base_driver/lely_driver_bridge.hpp
-- Installing: /tmp/agrobot-next-build-ybgPHn/install/canopen_base_driver/include/canopen_base_driver/visibility_control.h
-- Installing: /tmp/agrobot-next-build-ybgPHn/install/canopen_base_driver/include/canopen_base_driver/lifecycle_base_driver.hpp
-- Installing: /tmp/agrobot-next-build-ybgPHn/install/canopen_base_driver/include/canopen_base_driver/diagnostic_collector.hpp
-- Installing: /tmp/agrobot-next-build-ybgPHn/install/canopen_base_driver/include/canopen_base_driver/base_driver.hpp
-- Installing: /tmp/agrobot-next-build-ybgPHn/install/canopen_base_driver/lib/liblifecycle_base_driver.so
-- Set non-toolchain portion of runtime path of "/tmp/agrobot-next-build-ybgPHn/install/canopen_base_driver/lib/liblifecycle_base_driver.so" to ""
-- Installing: /tmp/agrobot-next-build-ybgPHn/install/canopen_base_driver/lib/libbase_driver.so
-- Set non-toolchain portion of runtime path of "/tmp/agrobot-next-build-ybgPHn/install/canopen_base_driver/lib/libbase_driver.so" to ""
-- Installing: /tmp/agrobot-next-build-ybgPHn/install/canopen_base_driver/lib/libnode_canopen_base_driver.so
-- Set non-toolchain portion of runtime path of "/tmp/agrobot-next-build-ybgPHn/install/canopen_base_driver/lib/libnode_canopen_base_driver.so" to ""
-- Installing: /tmp/agrobot-next-build-ybgPHn/install/canopen_base_driver/lib/liblely_driver_bridge.so
-- Set non-toolchain portion of runtime path of "/tmp/agrobot-next-build-ybgPHn/install/canopen_base_driver/lib/liblely_driver_bridge.so" to ""
-- Installing: /tmp/agrobot-next-build-ybgPHn/install/canopen_base_driver/share/canopen_base_driver/environment/library_path.sh
-- Installing: /tmp/agrobot-next-build-ybgPHn/install/canopen_base_driver/share/canopen_base_driver/environment/library_path.dsv
-- Installing: /tmp/agrobot-next-build-ybgPHn/install/canopen_base_driver/share/ament_index/resource_index/package_run_dependencies/canopen_base_driver
-- Installing: /tmp/agrobot-next-build-ybgPHn/install/canopen_base_driver/share/ament_index/resource_index/parent_prefix_path/canopen_base_driver
-- Installing: /tmp/agrobot-next-build-ybgPHn/install/canopen_base_driver/share/canopen_base_driver/environment/ament_prefix_path.sh
-- Installing: /tmp/agrobot-next-build-ybgPHn/install/canopen_base_driver/share/canopen_base_driver/environment/ament_prefix_path.dsv
-- Installing: /tmp/agrobot-next-build-ybgPHn/install/canopen_base_driver/share/canopen_base_driver/environment/path.sh
-- Installing: /tmp/agrobot-next-build-ybgPHn/install/canopen_base_driver/share/canopen_base_driver/environment/path.dsv
-- Installing: /tmp/agrobot-next-build-ybgPHn/install/canopen_base_driver/share/canopen_base_driver/local_setup.bash
-- Installing: /tmp/agrobot-next-build-ybgPHn/install/canopen_base_driver/share/canopen_base_driver/local_setup.sh
-- Installing: /tmp/agrobot-next-build-ybgPHn/install/canopen_base_driver/share/canopen_base_driver/local_setup.zsh
-- Installing: /tmp/agrobot-next-build-ybgPHn/install/canopen_base_driver/share/canopen_base_driver/local_setup.dsv
-- Installing: /tmp/agrobot-next-build-ybgPHn/install/canopen_base_driver/share/canopen_base_driver/package.dsv
-- Installing: /tmp/agrobot-next-build-ybgPHn/install/canopen_base_driver/share/ament_index/resource_index/packages/canopen_base_driver
-- Installing: /tmp/agrobot-next-build-ybgPHn/install/canopen_base_driver/share/ament_index/resource_index/rclcpp_components/canopen_base_driver
-- Installing: /tmp/agrobot-next-build-ybgPHn/install/canopen_base_driver/share/canopen_base_driver/cmake/export_canopen_base_driverExport.cmake
-- Installing: /tmp/agrobot-next-build-ybgPHn/install/canopen_base_driver/share/canopen_base_driver/cmake/export_canopen_base_driverExport-noconfig.cmake
-- Installing: /tmp/agrobot-next-build-ybgPHn/install/canopen_base_driver/share/canopen_base_driver/cmake/ament_cmake_export_include_directories-extras.cmake
-- Installing: /tmp/agrobot-next-build-ybgPHn/install/canopen_base_driver/share/canopen_base_driver/cmake/ament_cmake_export_libraries-extras.cmake
-- Installing: /tmp/agrobot-next-build-ybgPHn/install/canopen_base_driver/share/canopen_base_driver/cmake/ament_cmake_export_targets-extras.cmake
-- Installing: /tmp/agrobot-next-build-ybgPHn/install/canopen_base_driver/share/canopen_base_driver/cmake/ament_cmake_export_dependencies-extras.cmake
-- Installing: /tmp/agrobot-next-build-ybgPHn/install/canopen_base_driver/share/canopen_base_driver/cmake/canopen_base_driverConfig.cmake
-- Installing: /tmp/agrobot-next-build-ybgPHn/install/canopen_base_driver/share/canopen_base_driver/cmake/canopen_base_driverConfig-version.cmake
-- Installing: /tmp/agrobot-next-build-ybgPHn/install/canopen_base_driver/share/canopen_base_driver/package.xml
Finished <<< canopen_base_driver [19.3s]
Starting >>> canopen_proxy_driver
-- The C compiler identification is GNU 13.3.0
-- The CXX compiler identification is GNU 13.3.0
-- Detecting C compiler ABI info
-- Detecting C compiler ABI info - done
-- Check for working C compiler: /usr/bin/cc - skipped
-- Detecting C compile features
-- Detecting C compile features - done
-- Detecting CXX compiler ABI info
[ 88%] Linking CXX executable test_master_driver_component
-- Detecting CXX compiler ABI info - done
-- Check for working CXX compiler: /usr/bin/c++ - skipped
-- Detecting CXX compile features
-- Detecting CXX compile features - done
-- Found ament_cmake: 2.5.6 (/opt/ros/jazzy/share/ament_cmake/cmake)
[ 94%] Linking CXX executable test_node_canopen_basic_driver
[ 94%] Built target test_master_driver_component
-- Found Python3: /usr/bin/python3 (found version "3.12.3") found components: Interpreter 
[100%] Linking CXX executable test_node_canopen_basic_driver_ros
-- Found ament_cmake_ros: 0.12.1 (/opt/ros/jazzy/share/ament_cmake_ros/cmake)
-- Found canopen_base_driver: 0.3.1 (/tmp/agrobot-next-build-ybgPHn/install/canopen_base_driver/share/canopen_base_driver/cmake)
[100%] Built target test_node_canopen_basic_driver
-- Found Boost: /usr/lib/x86_64-linux-gnu/cmake/Boost-1.83.0/BoostConfig.cmake (found version "1.83.0") found components: system thread 
[100%] Built target test_node_canopen_basic_driver_ros
-- Install configuration: ""
-- Installing: /tmp/agrobot-next-build-ybgPHn/install/canopen_master_driver/include
-- Installing: /tmp/agrobot-next-build-ybgPHn/install/canopen_master_driver/include/canopen_master_driver
-- Installing: /tmp/agrobot-next-build-ybgPHn/install/canopen_master_driver/include/canopen_master_driver/node_interfaces
-- Installing: /tmp/agrobot-next-build-ybgPHn/install/canopen_master_driver/include/canopen_master_driver/node_interfaces/node_canopen_basic_master.hpp
-- Installing: /tmp/agrobot-next-build-ybgPHn/install/canopen_master_driver/include/canopen_master_driver/node_interfaces/node_canopen_basic_master_impl.hpp
-- Installing: /tmp/agrobot-next-build-ybgPHn/install/canopen_master_driver/include/canopen_master_driver/lifecycle_master_driver.hpp
-- Installing: /tmp/agrobot-next-build-ybgPHn/install/canopen_master_driver/include/canopen_master_driver/visibility_control.h
-- Installing: /tmp/agrobot-next-build-ybgPHn/install/canopen_master_driver/include/canopen_master_driver/master_driver.hpp
-- Installing: /tmp/agrobot-next-build-ybgPHn/install/canopen_master_driver/include/canopen_master_driver/lely_master_bridge.hpp
-- Installing: /tmp/agrobot-next-build-ybgPHn/install/canopen_master_driver/lib/liblifecycle_master_driver.so
-- Set non-toolchain portion of runtime path of "/tmp/agrobot-next-build-ybgPHn/install/canopen_master_driver/lib/liblifecycle_master_driver.so" to ""
-- Installing: /tmp/agrobot-next-build-ybgPHn/install/canopen_master_driver/lib/libmaster_driver.so
-- Set non-toolchain portion of runtime path of "/tmp/agrobot-next-build-ybgPHn/install/canopen_master_driver/lib/libmaster_driver.so" to ""
-- Installing: /tmp/agrobot-next-build-ybgPHn/install/canopen_master_driver/lib/libnode_canopen_basic_master.so
-- Set non-toolchain portion of runtime path of "/tmp/agrobot-next-build-ybgPHn/install/canopen_master_driver/lib/libnode_canopen_basic_master.so" to ""
-- Installing: /tmp/agrobot-next-build-ybgPHn/install/canopen_master_driver/lib/liblely_master_bridge.so
-- Set non-toolchain portion of runtime path of "/tmp/agrobot-next-build-ybgPHn/install/canopen_master_driver/lib/liblely_master_bridge.so" to ""
-- Installing: /tmp/agrobot-next-build-ybgPHn/install/canopen_master_driver/share/canopen_master_driver/environment/library_path.sh
-- Installing: /tmp/agrobot-next-build-ybgPHn/install/canopen_master_driver/share/canopen_master_driver/environment/library_path.dsv
-- Installing: /tmp/agrobot-next-build-ybgPHn/install/canopen_master_driver/share/ament_index/resource_index/package_run_dependencies/canopen_master_driver
-- Installing: /tmp/agrobot-next-build-ybgPHn/install/canopen_master_driver/share/ament_index/resource_index/parent_prefix_path/canopen_master_driver
-- Installing: /tmp/agrobot-next-build-ybgPHn/install/canopen_master_driver/share/canopen_master_driver/environment/ament_prefix_path.sh
-- Installing: /tmp/agrobot-next-build-ybgPHn/install/canopen_master_driver/share/canopen_master_driver/environment/ament_prefix_path.dsv
-- Installing: /tmp/agrobot-next-build-ybgPHn/install/canopen_master_driver/share/canopen_master_driver/environment/path.sh
-- Installing: /tmp/agrobot-next-build-ybgPHn/install/canopen_master_driver/share/canopen_master_driver/environment/path.dsv
-- Installing: /tmp/agrobot-next-build-ybgPHn/install/canopen_master_driver/share/canopen_master_driver/local_setup.bash
-- Installing: /tmp/agrobot-next-build-ybgPHn/install/canopen_master_driver/share/canopen_master_driver/local_setup.sh
-- Installing: /tmp/agrobot-next-build-ybgPHn/install/canopen_master_driver/share/canopen_master_driver/local_setup.zsh
-- Installing: /tmp/agrobot-next-build-ybgPHn/install/canopen_master_driver/share/canopen_master_driver/local_setup.dsv
-- Installing: /tmp/agrobot-next-build-ybgPHn/install/canopen_master_driver/share/canopen_master_driver/package.dsv
-- Installing: /tmp/agrobot-next-build-ybgPHn/install/canopen_master_driver/share/ament_index/resource_index/packages/canopen_master_driver
-- Installing: /tmp/agrobot-next-build-ybgPHn/install/canopen_master_driver/share/ament_index/resource_index/rclcpp_components/canopen_master_driver
-- Installing: /tmp/agrobot-next-build-ybgPHn/install/canopen_master_driver/share/canopen_master_driver/cmake/export_canopen_master_driverExport.cmake
-- Installing: /tmp/agrobot-next-build-ybgPHn/install/canopen_master_driver/share/canopen_master_driver/cmake/export_canopen_master_driverExport-noconfig.cmake
-- Installing: /tmp/agrobot-next-build-ybgPHn/install/canopen_master_driver/share/canopen_master_driver/cmake/ament_cmake_export_include_directories-extras.cmake
-- Installing: /tmp/agrobot-next-build-ybgPHn/install/canopen_master_driver/share/canopen_master_driver/cmake/ament_cmake_export_libraries-extras.cmake
-- Installing: /tmp/agrobot-next-build-ybgPHn/install/canopen_master_driver/share/canopen_master_driver/cmake/ament_cmake_export_targets-extras.cmake
-- Installing: /tmp/agrobot-next-build-ybgPHn/install/canopen_master_driver/share/canopen_master_driver/cmake/ament_cmake_export_dependencies-extras.cmake
-- Installing: /tmp/agrobot-next-build-ybgPHn/install/canopen_master_driver/share/canopen_master_driver/cmake/canopen_master_driverConfig.cmake
-- Installing: /tmp/agrobot-next-build-ybgPHn/install/canopen_master_driver/share/canopen_master_driver/cmake/canopen_master_driverConfig-version.cmake
-- Installing: /tmp/agrobot-next-build-ybgPHn/install/canopen_master_driver/share/canopen_master_driver/package.xml
Finished <<< canopen_master_driver [22.4s]
-- Found rosidl_generator_c: 4.6.9 (/opt/ros/jazzy/share/rosidl_generator_c/cmake)
-- Found rosidl_generator_cpp: 4.6.9 (/opt/ros/jazzy/share/rosidl_generator_cpp/cmake)
-- Using all available rosidl_typesupport_c: rosidl_typesupport_fastrtps_c;rosidl_typesupport_introspection_c
-- Using all available rosidl_typesupport_cpp: rosidl_typesupport_fastrtps_cpp;rosidl_typesupport_introspection_cpp
-- Found rmw_implementation_cmake: 7.3.3 (/opt/ros/jazzy/share/rmw_implementation_cmake/cmake)
-- Found rmw_fastrtps_cpp: 8.4.4 (/opt/ros/jazzy/share/rmw_fastrtps_cpp/cmake)
-- Found OpenSSL: /usr/lib/x86_64-linux-gnu/libcrypto.so (found version "3.0.13")  
-- Found FastRTPS: /opt/ros/jazzy/include (Required is at least version "2.13") 
-- Using RMW implementation 'rmw_fastrtps_cpp' as default
-- Setting yaml-cpp_DIR to: '/opt/ros/jazzy/share/yaml_cpp_vendor/cmake/../../../opt/yaml_cpp_vendor/share/cmake/yaml-cpp'
-- Found gtest sources under '/opt/ros/jazzy/src/gtest_vendor': C++ tests using 'Google Test' will be built
-- Found Threads: TRUE  
-- Configuring done (3.6s)
-- Generating done (0.0s)
-- Build files have been written to: /tmp/agrobot-next-build-ybgPHn/build/canopen_proxy_driver
[ 21%] Building CXX object gtest/CMakeFiles/gtest.dir/src/gtest-all.cc.o
[ 21%] Building CXX object gtest/CMakeFiles/gtest_main.dir/src/gtest_main.cc.o
[ 21%] Building CXX object CMakeFiles/node_canopen_proxy_driver.dir/src/node_interfaces/node_canopen_proxy_driver.cpp.o
[ 28%] Linking CXX static library libgtest_main.a
[ 28%] Built target gtest_main
[ 35%] Linking CXX static library libgtest.a
[ 35%] Built target gtest
[ 42%] Building CXX object test/CMakeFiles/test_driver_component.dir/test_driver_component.cpp.o
[ 50%] Linking CXX executable test_driver_component
[ 50%] Built target test_driver_component
[ 57%] Linking CXX shared library libnode_canopen_proxy_driver.so
[ 57%] Built target node_canopen_proxy_driver
[ 78%] Building CXX object CMakeFiles/proxy_driver.dir/src/proxy_driver.cpp.o
[ 78%] Building CXX object CMakeFiles/lifecycle_proxy_driver.dir/src/lifecycle_proxy_driver.cpp.o
[ 78%] Building CXX object test/CMakeFiles/test_node_interface.dir/test_node_interface.cpp.o
[ 85%] Linking CXX executable test_node_interface
[ 92%] Linking CXX shared library libproxy_driver.so
[100%] Linking CXX shared library liblifecycle_proxy_driver.so
[100%] Built target proxy_driver
[100%] Built target lifecycle_proxy_driver
[100%] Built target test_node_interface
-- Install configuration: ""
-- Installing: /tmp/agrobot-next-build-ybgPHn/install/canopen_proxy_driver/include
-- Installing: /tmp/agrobot-next-build-ybgPHn/install/canopen_proxy_driver/include/canopen_proxy_driver
-- Installing: /tmp/agrobot-next-build-ybgPHn/install/canopen_proxy_driver/include/canopen_proxy_driver/node_interfaces
-- Installing: /tmp/agrobot-next-build-ybgPHn/install/canopen_proxy_driver/include/canopen_proxy_driver/node_interfaces/node_canopen_proxy_driver_impl.hpp
-- Installing: /tmp/agrobot-next-build-ybgPHn/install/canopen_proxy_driver/include/canopen_proxy_driver/node_interfaces/node_canopen_proxy_driver.hpp
-- Installing: /tmp/agrobot-next-build-ybgPHn/install/canopen_proxy_driver/include/canopen_proxy_driver/proxy_driver.hpp
-- Installing: /tmp/agrobot-next-build-ybgPHn/install/canopen_proxy_driver/include/canopen_proxy_driver/visibility_control.h
-- Installing: /tmp/agrobot-next-build-ybgPHn/install/canopen_proxy_driver/include/canopen_proxy_driver/lifecycle_proxy_driver.hpp
-- Installing: /tmp/agrobot-next-build-ybgPHn/install/canopen_proxy_driver/lib/liblifecycle_proxy_driver.so
-- Set non-toolchain portion of runtime path of "/tmp/agrobot-next-build-ybgPHn/install/canopen_proxy_driver/lib/liblifecycle_proxy_driver.so" to ""
-- Installing: /tmp/agrobot-next-build-ybgPHn/install/canopen_proxy_driver/lib/libproxy_driver.so
-- Set non-toolchain portion of runtime path of "/tmp/agrobot-next-build-ybgPHn/install/canopen_proxy_driver/lib/libproxy_driver.so" to ""
-- Installing: /tmp/agrobot-next-build-ybgPHn/install/canopen_proxy_driver/lib/libnode_canopen_proxy_driver.so
-- Set non-toolchain portion of runtime path of "/tmp/agrobot-next-build-ybgPHn/install/canopen_proxy_driver/lib/libnode_canopen_proxy_driver.so" to ""
-- Installing: /tmp/agrobot-next-build-ybgPHn/install/canopen_proxy_driver/share/canopen_proxy_driver/environment/library_path.sh
-- Installing: /tmp/agrobot-next-build-ybgPHn/install/canopen_proxy_driver/share/canopen_proxy_driver/environment/library_path.dsv
-- Installing: /tmp/agrobot-next-build-ybgPHn/install/canopen_proxy_driver/share/ament_index/resource_index/package_run_dependencies/canopen_proxy_driver
-- Installing: /tmp/agrobot-next-build-ybgPHn/install/canopen_proxy_driver/share/ament_index/resource_index/parent_prefix_path/canopen_proxy_driver
-- Installing: /tmp/agrobot-next-build-ybgPHn/install/canopen_proxy_driver/share/canopen_proxy_driver/environment/ament_prefix_path.sh
-- Installing: /tmp/agrobot-next-build-ybgPHn/install/canopen_proxy_driver/share/canopen_proxy_driver/environment/ament_prefix_path.dsv
-- Installing: /tmp/agrobot-next-build-ybgPHn/install/canopen_proxy_driver/share/canopen_proxy_driver/environment/path.sh
-- Installing: /tmp/agrobot-next-build-ybgPHn/install/canopen_proxy_driver/share/canopen_proxy_driver/environment/path.dsv
-- Installing: /tmp/agrobot-next-build-ybgPHn/install/canopen_proxy_driver/share/canopen_proxy_driver/local_setup.bash
-- Installing: /tmp/agrobot-next-build-ybgPHn/install/canopen_proxy_driver/share/canopen_proxy_driver/local_setup.sh
-- Installing: /tmp/agrobot-next-build-ybgPHn/install/canopen_proxy_driver/share/canopen_proxy_driver/local_setup.zsh
-- Installing: /tmp/agrobot-next-build-ybgPHn/install/canopen_proxy_driver/share/canopen_proxy_driver/local_setup.dsv
-- Installing: /tmp/agrobot-next-build-ybgPHn/install/canopen_proxy_driver/share/canopen_proxy_driver/package.dsv
-- Installing: /tmp/agrobot-next-build-ybgPHn/install/canopen_proxy_driver/share/ament_index/resource_index/packages/canopen_proxy_driver
-- Installing: /tmp/agrobot-next-build-ybgPHn/install/canopen_proxy_driver/share/ament_index/resource_index/rclcpp_components/canopen_proxy_driver
-- Installing: /tmp/agrobot-next-build-ybgPHn/install/canopen_proxy_driver/share/canopen_proxy_driver/cmake/export_canopen_proxy_driverExport.cmake
-- Installing: /tmp/agrobot-next-build-ybgPHn/install/canopen_proxy_driver/share/canopen_proxy_driver/cmake/export_canopen_proxy_driverExport-noconfig.cmake
-- Installing: /tmp/agrobot-next-build-ybgPHn/install/canopen_proxy_driver/share/canopen_proxy_driver/cmake/ament_cmake_export_include_directories-extras.cmake
-- Installing: /tmp/agrobot-next-build-ybgPHn/install/canopen_proxy_driver/share/canopen_proxy_driver/cmake/ament_cmake_export_libraries-extras.cmake
-- Installing: /tmp/agrobot-next-build-ybgPHn/install/canopen_proxy_driver/share/canopen_proxy_driver/cmake/ament_cmake_export_targets-extras.cmake
-- Installing: /tmp/agrobot-next-build-ybgPHn/install/canopen_proxy_driver/share/canopen_proxy_driver/cmake/ament_cmake_export_dependencies-extras.cmake
-- Installing: /tmp/agrobot-next-build-ybgPHn/install/canopen_proxy_driver/share/canopen_proxy_driver/cmake/canopen_proxy_driverConfig.cmake
-- Installing: /tmp/agrobot-next-build-ybgPHn/install/canopen_proxy_driver/share/canopen_proxy_driver/cmake/canopen_proxy_driverConfig-version.cmake
-- Installing: /tmp/agrobot-next-build-ybgPHn/install/canopen_proxy_driver/share/canopen_proxy_driver/package.xml
Finished <<< canopen_proxy_driver [19.9s]
Starting >>> canopen_402_driver
-- The C compiler identification is GNU 13.3.0
-- The CXX compiler identification is GNU 13.3.0
-- Detecting C compiler ABI info
-- Detecting C compiler ABI info - done
-- Check for working C compiler: /usr/bin/cc - skipped
-- Detecting C compile features
-- Detecting C compile features - done
-- Detecting CXX compiler ABI info
-- Detecting CXX compiler ABI info - done
-- Check for working CXX compiler: /usr/bin/c++ - skipped
-- Detecting CXX compile features
-- Detecting CXX compile features - done
-- Found ament_cmake: 2.5.6 (/opt/ros/jazzy/share/ament_cmake/cmake)
-- Found Python3: /usr/bin/python3 (found version "3.12.3") found components: Interpreter 
-- Found ament_cmake_ros: 0.12.1 (/opt/ros/jazzy/share/ament_cmake_ros/cmake)
-- Found canopen_base_driver: 0.3.1 (/tmp/agrobot-next-build-ybgPHn/install/canopen_base_driver/share/canopen_base_driver/cmake)
-- Found Boost: /usr/lib/x86_64-linux-gnu/cmake/Boost-1.83.0/BoostConfig.cmake (found version "1.83.0") found components: system thread 
-- Found rosidl_generator_c: 4.6.9 (/opt/ros/jazzy/share/rosidl_generator_c/cmake)
-- Found rosidl_generator_cpp: 4.6.9 (/opt/ros/jazzy/share/rosidl_generator_cpp/cmake)
-- Using all available rosidl_typesupport_c: rosidl_typesupport_fastrtps_c;rosidl_typesupport_introspection_c
-- Using all available rosidl_typesupport_cpp: rosidl_typesupport_fastrtps_cpp;rosidl_typesupport_introspection_cpp
-- Found rmw_implementation_cmake: 7.3.3 (/opt/ros/jazzy/share/rmw_implementation_cmake/cmake)
-- Found rmw_fastrtps_cpp: 8.4.4 (/opt/ros/jazzy/share/rmw_fastrtps_cpp/cmake)
-- Found OpenSSL: /usr/lib/x86_64-linux-gnu/libcrypto.so (found version "3.0.13")  
-- Found FastRTPS: /opt/ros/jazzy/include (Required is at least version "2.13") 
-- Using RMW implementation 'rmw_fastrtps_cpp' as default
-- Setting yaml-cpp_DIR to: '/opt/ros/jazzy/share/yaml_cpp_vendor/cmake/../../../opt/yaml_cpp_vendor/share/cmake/yaml-cpp'
-- Found canopen_proxy_driver: 0.3.1 (/tmp/agrobot-next-build-ybgPHn/install/canopen_proxy_driver/share/canopen_proxy_driver/cmake)
-- Found sensor_msgs: 5.3.8 (/opt/ros/jazzy/share/sensor_msgs/cmake)
-- Found gtest sources under '/opt/ros/jazzy/src/gtest_vendor': C++ tests using 'Google Test' will be built
-- Found Threads: TRUE  
-- Configuring done (2.9s)
-- Generating done (0.0s)
-- Build files have been written to: /tmp/agrobot-next-build-ybgPHn/build/canopen_402_driver
[ 29%] Building CXX object CMakeFiles/lely_motion_controller_bridge.dir/src/command.cpp.o
[ 29%] Building CXX object gtest/CMakeFiles/gtest_main.dir/src/gtest_main.cc.o
[ 29%] Building CXX object CMakeFiles/lely_motion_controller_bridge.dir/src/state.cpp.o
[ 29%] Building CXX object gtest/CMakeFiles/gtest.dir/src/gtest-all.cc.o
[ 29%] Building CXX object CMakeFiles/lely_motion_controller_bridge.dir/src/motor.cpp.o
[ 35%] Building CXX object CMakeFiles/lely_motion_controller_bridge.dir/src/default_homing_mode.cpp.o
[ 41%] Linking CXX static library libgtest_main.a
[ 41%] Built target gtest_main
[ 47%] Linking CXX static library libgtest.a
[ 47%] Built target gtest
[ 52%] Building CXX object test/CMakeFiles/test_driver_component.dir/test_driver_component.cpp.o
[ 58%] Linking CXX shared library liblely_motion_controller_bridge.so
[ 58%] Built target lely_motion_controller_bridge
[ 64%] Building CXX object CMakeFiles/node_canopen_cia402_driver.dir/src/node_interfaces/node_canopen_402_driver.cpp.o
[ 70%] Linking CXX executable test_driver_component
[ 70%] Built target test_driver_component
[ 76%] Linking CXX shared library libnode_canopen_cia402_driver.so
[ 76%] Built target node_canopen_cia402_driver
[ 88%] Building CXX object CMakeFiles/cia402_driver.dir/src/cia402_driver.cpp.o
[ 88%] Building CXX object CMakeFiles/lifecycle_cia402_driver.dir/src/lifecycle_cia402_driver.cpp.o
[ 94%] Linking CXX shared library liblifecycle_cia402_driver.so
[100%] Linking CXX shared library libcia402_driver.so
[100%] Built target lifecycle_cia402_driver
[100%] Built target cia402_driver
-- Install configuration: ""
-- Installing: /tmp/agrobot-next-build-ybgPHn/install/canopen_402_driver/include
-- Installing: /tmp/agrobot-next-build-ybgPHn/install/canopen_402_driver/include/canopen_402_driver
-- Installing: /tmp/agrobot-next-build-ybgPHn/install/canopen_402_driver/include/canopen_402_driver/node_interfaces
-- Installing: /tmp/agrobot-next-build-ybgPHn/install/canopen_402_driver/include/canopen_402_driver/node_interfaces/node_canopen_402_driver.hpp
-- Installing: /tmp/agrobot-next-build-ybgPHn/install/canopen_402_driver/include/canopen_402_driver/node_interfaces/node_canopen_402_driver_impl.hpp
-- Installing: /tmp/agrobot-next-build-ybgPHn/install/canopen_402_driver/include/canopen_402_driver/state.hpp
-- Installing: /tmp/agrobot-next-build-ybgPHn/install/canopen_402_driver/include/canopen_402_driver/base.hpp
-- Installing: /tmp/agrobot-next-build-ybgPHn/install/canopen_402_driver/include/canopen_402_driver/command.hpp
-- Installing: /tmp/agrobot-next-build-ybgPHn/install/canopen_402_driver/include/canopen_402_driver/profiled_position_mode.hpp
-- Installing: /tmp/agrobot-next-build-ybgPHn/install/canopen_402_driver/include/canopen_402_driver/cia402_driver.hpp
-- Installing: /tmp/agrobot-next-build-ybgPHn/install/canopen_402_driver/include/canopen_402_driver/lifecycle_cia402_driver.hpp
-- Installing: /tmp/agrobot-next-build-ybgPHn/install/canopen_402_driver/include/canopen_402_driver/default_homing_mode.hpp
-- Installing: /tmp/agrobot-next-build-ybgPHn/install/canopen_402_driver/include/canopen_402_driver/visibility_control.h
-- Installing: /tmp/agrobot-next-build-ybgPHn/install/canopen_402_driver/include/canopen_402_driver/mode_forward_helper.hpp
-- Installing: /tmp/agrobot-next-build-ybgPHn/install/canopen_402_driver/include/canopen_402_driver/motor.hpp
-- Installing: /tmp/agrobot-next-build-ybgPHn/install/canopen_402_driver/include/canopen_402_driver/homing_mode.hpp
-- Installing: /tmp/agrobot-next-build-ybgPHn/install/canopen_402_driver/include/canopen_402_driver/word_accessor.hpp
-- Installing: /tmp/agrobot-next-build-ybgPHn/install/canopen_402_driver/include/canopen_402_driver/mode.hpp
-- Installing: /tmp/agrobot-next-build-ybgPHn/install/canopen_402_driver/include/canopen_402_driver/mode_target_helper.hpp
-- Installing: /tmp/agrobot-next-build-ybgPHn/install/canopen_402_driver/lib/liblifecycle_cia402_driver.so
-- Set non-toolchain portion of runtime path of "/tmp/agrobot-next-build-ybgPHn/install/canopen_402_driver/lib/liblifecycle_cia402_driver.so" to ""
-- Installing: /tmp/agrobot-next-build-ybgPHn/install/canopen_402_driver/lib/libcia402_driver.so
-- Set non-toolchain portion of runtime path of "/tmp/agrobot-next-build-ybgPHn/install/canopen_402_driver/lib/libcia402_driver.so" to ""
-- Installing: /tmp/agrobot-next-build-ybgPHn/install/canopen_402_driver/lib/libnode_canopen_cia402_driver.so
-- Set non-toolchain portion of runtime path of "/tmp/agrobot-next-build-ybgPHn/install/canopen_402_driver/lib/libnode_canopen_cia402_driver.so" to ""
-- Installing: /tmp/agrobot-next-build-ybgPHn/install/canopen_402_driver/lib/liblely_motion_controller_bridge.so
-- Set non-toolchain portion of runtime path of "/tmp/agrobot-next-build-ybgPHn/install/canopen_402_driver/lib/liblely_motion_controller_bridge.so" to ""
-- Installing: /tmp/agrobot-next-build-ybgPHn/install/canopen_402_driver/share/canopen_402_driver/environment/library_path.sh
-- Installing: /tmp/agrobot-next-build-ybgPHn/install/canopen_402_driver/share/canopen_402_driver/environment/library_path.dsv
-- Installing: /tmp/agrobot-next-build-ybgPHn/install/canopen_402_driver/share/ament_index/resource_index/package_run_dependencies/canopen_402_driver
-- Installing: /tmp/agrobot-next-build-ybgPHn/install/canopen_402_driver/share/ament_index/resource_index/parent_prefix_path/canopen_402_driver
-- Installing: /tmp/agrobot-next-build-ybgPHn/install/canopen_402_driver/share/canopen_402_driver/environment/ament_prefix_path.sh
-- Installing: /tmp/agrobot-next-build-ybgPHn/install/canopen_402_driver/share/canopen_402_driver/environment/ament_prefix_path.dsv
-- Installing: /tmp/agrobot-next-build-ybgPHn/install/canopen_402_driver/share/canopen_402_driver/environment/path.sh
-- Installing: /tmp/agrobot-next-build-ybgPHn/install/canopen_402_driver/share/canopen_402_driver/environment/path.dsv
-- Installing: /tmp/agrobot-next-build-ybgPHn/install/canopen_402_driver/share/canopen_402_driver/local_setup.bash
-- Installing: /tmp/agrobot-next-build-ybgPHn/install/canopen_402_driver/share/canopen_402_driver/local_setup.sh
-- Installing: /tmp/agrobot-next-build-ybgPHn/install/canopen_402_driver/share/canopen_402_driver/local_setup.zsh
-- Installing: /tmp/agrobot-next-build-ybgPHn/install/canopen_402_driver/share/canopen_402_driver/local_setup.dsv
-- Installing: /tmp/agrobot-next-build-ybgPHn/install/canopen_402_driver/share/canopen_402_driver/package.dsv
-- Installing: /tmp/agrobot-next-build-ybgPHn/install/canopen_402_driver/share/ament_index/resource_index/packages/canopen_402_driver
-- Installing: /tmp/agrobot-next-build-ybgPHn/install/canopen_402_driver/share/ament_index/resource_index/rclcpp_components/canopen_402_driver
-- Installing: /tmp/agrobot-next-build-ybgPHn/install/canopen_402_driver/share/canopen_402_driver/cmake/export_canopen_402_driverExport.cmake
-- Installing: /tmp/agrobot-next-build-ybgPHn/install/canopen_402_driver/share/canopen_402_driver/cmake/export_canopen_402_driverExport-noconfig.cmake
-- Installing: /tmp/agrobot-next-build-ybgPHn/install/canopen_402_driver/share/canopen_402_driver/cmake/ament_cmake_export_include_directories-extras.cmake
-- Installing: /tmp/agrobot-next-build-ybgPHn/install/canopen_402_driver/share/canopen_402_driver/cmake/ament_cmake_export_libraries-extras.cmake
-- Installing: /tmp/agrobot-next-build-ybgPHn/install/canopen_402_driver/share/canopen_402_driver/cmake/ament_cmake_export_targets-extras.cmake
-- Installing: /tmp/agrobot-next-build-ybgPHn/install/canopen_402_driver/share/canopen_402_driver/cmake/ament_cmake_export_dependencies-extras.cmake
-- Installing: /tmp/agrobot-next-build-ybgPHn/install/canopen_402_driver/share/canopen_402_driver/cmake/canopen_402_driverConfig.cmake
-- Installing: /tmp/agrobot-next-build-ybgPHn/install/canopen_402_driver/share/canopen_402_driver/cmake/canopen_402_driverConfig-version.cmake
-- Installing: /tmp/agrobot-next-build-ybgPHn/install/canopen_402_driver/share/canopen_402_driver/package.xml
Finished <<< canopen_402_driver [21.6s]
Starting >>> canopen_ros2_controllers
Starting >>> canopen
Starting >>> canopen_ros2_control
-- Found ament_cmake: 2.5.6 (/opt/ros/jazzy/share/ament_cmake/cmake)
-- The C compiler identification is GNU 13.3.0
-- Found Python3: /usr/bin/python3 (found version "3.12.3") found components: Interpreter 
-- The C compiler identification is GNU 13.3.0
-- Configuring done (0.3s)
-- Generating done (0.0s)
-- Build files have been written to: /tmp/agrobot-next-build-ybgPHn/build/canopen
-- Install configuration: ""
-- Installing: /tmp/agrobot-next-build-ybgPHn/install/canopen/share/ament_index/resource_index/package_run_dependencies/canopen
-- Installing: /tmp/agrobot-next-build-ybgPHn/install/canopen/share/ament_index/resource_index/parent_prefix_path/canopen
-- Installing: /tmp/agrobot-next-build-ybgPHn/install/canopen/share/canopen/environment/ament_prefix_path.sh
-- Installing: /tmp/agrobot-next-build-ybgPHn/install/canopen/share/canopen/environment/ament_prefix_path.dsv
-- Installing: /tmp/agrobot-next-build-ybgPHn/install/canopen/share/canopen/environment/path.sh
-- Installing: /tmp/agrobot-next-build-ybgPHn/install/canopen/share/canopen/environment/path.dsv
-- Installing: /tmp/agrobot-next-build-ybgPHn/install/canopen/share/canopen/local_setup.bash
-- Installing: /tmp/agrobot-next-build-ybgPHn/install/canopen/share/canopen/local_setup.sh
-- Installing: /tmp/agrobot-next-build-ybgPHn/install/canopen/share/canopen/local_setup.zsh
-- Installing: /tmp/agrobot-next-build-ybgPHn/install/canopen/share/canopen/local_setup.dsv
-- Installing: /tmp/agrobot-next-build-ybgPHn/install/canopen/share/canopen/package.dsv
-- Installing: /tmp/agrobot-next-build-ybgPHn/install/canopen/share/ament_index/resource_index/packages/canopen
-- Installing: /tmp/agrobot-next-build-ybgPHn/install/canopen/share/canopen/cmake/canopenConfig.cmake
-- Installing: /tmp/agrobot-next-build-ybgPHn/install/canopen/share/canopen/cmake/canopenConfig-version.cmake
-- Installing: /tmp/agrobot-next-build-ybgPHn/install/canopen/share/canopen/package.xml
Finished <<< canopen [0.88s]
-- The CXX compiler identification is GNU 13.3.0
-- The CXX compiler identification is GNU 13.3.0
-- Detecting C compiler ABI info
-- Detecting C compiler ABI info
-- Detecting C compiler ABI info - done
-- Check for working C compiler: /usr/bin/cc - skipped
-- Detecting C compile features
-- Detecting C compile features - done
-- Detecting C compiler ABI info - done
-- Check for working C compiler: /usr/bin/cc - skipped
-- Detecting C compile features
-- Detecting C compile features - done
-- Detecting CXX compiler ABI info
-- Detecting CXX compiler ABI info
-- Detecting CXX compiler ABI info - done
-- Check for working CXX compiler: /usr/bin/c++ - skipped
-- Detecting CXX compile features
-- Detecting CXX compile features - done
-- Found ament_cmake: 2.5.6 (/opt/ros/jazzy/share/ament_cmake/cmake)
-- Detecting CXX compiler ABI info - done
-- Found Python3: /usr/bin/python3 (found version "3.12.3") found components: Interpreter 
-- Check for working CXX compiler: /usr/bin/c++ - skipped
-- Detecting CXX compile features
-- Detecting CXX compile features - done
-- Found ros2_control_test_assets: 4.48.0 (/opt/ros/jazzy/share/ros2_control_test_assets/cmake)
-- Found ament_cmake_gmock: 2.5.6 (/opt/ros/jazzy/share/ament_cmake_gmock/cmake)
-- Found ament_cmake: 2.5.6 (/opt/ros/jazzy/share/ament_cmake/cmake)
-- Found canopen_402_driver: 0.3.1 (/tmp/agrobot-next-build-ybgPHn/install/canopen_402_driver/share/canopen_402_driver/cmake)
-- Found Python3: /usr/bin/python3 (found version "3.12.3") found components: Interpreter 
-- Found canopen_402_driver: 0.3.1 (/tmp/agrobot-next-build-ybgPHn/install/canopen_402_driver/share/canopen_402_driver/cmake)
-- Found Boost: /usr/lib/x86_64-linux-gnu/cmake/Boost-1.83.0/BoostConfig.cmake (found version "1.83.0") found components: system thread 
-- Found Boost: /usr/lib/x86_64-linux-gnu/cmake/Boost-1.83.0/BoostConfig.cmake (found version "1.83.0") found components: system thread 
-- Found rosidl_generator_c: 4.6.9 (/opt/ros/jazzy/share/rosidl_generator_c/cmake)
-- Found rosidl_generator_cpp: 4.6.9 (/opt/ros/jazzy/share/rosidl_generator_cpp/cmake)
-- Using all available rosidl_typesupport_c: rosidl_typesupport_fastrtps_c;rosidl_typesupport_introspection_c
-- Using all available rosidl_typesupport_cpp: rosidl_typesupport_fastrtps_cpp;rosidl_typesupport_introspection_cpp
-- Found rosidl_generator_c: 4.6.9 (/opt/ros/jazzy/share/rosidl_generator_c/cmake)
-- Found rosidl_generator_cpp: 4.6.9 (/opt/ros/jazzy/share/rosidl_generator_cpp/cmake)
-- Found rmw_implementation_cmake: 7.3.3 (/opt/ros/jazzy/share/rmw_implementation_cmake/cmake)
-- Found rmw_fastrtps_cpp: 8.4.4 (/opt/ros/jazzy/share/rmw_fastrtps_cpp/cmake)
-- Using all available rosidl_typesupport_c: rosidl_typesupport_fastrtps_c;rosidl_typesupport_introspection_c
-- Using all available rosidl_typesupport_cpp: rosidl_typesupport_fastrtps_cpp;rosidl_typesupport_introspection_cpp
-- Found OpenSSL: /usr/lib/x86_64-linux-gnu/libcrypto.so (found version "3.0.13")  
-- Found rmw_implementation_cmake: 7.3.3 (/opt/ros/jazzy/share/rmw_implementation_cmake/cmake)
-- Found rmw_fastrtps_cpp: 8.4.4 (/opt/ros/jazzy/share/rmw_fastrtps_cpp/cmake)
-- Found OpenSSL: /usr/lib/x86_64-linux-gnu/libcrypto.so (found version "3.0.13")  
-- Found FastRTPS: /opt/ros/jazzy/include (Required is at least version "2.13") 
-- Found FastRTPS: /opt/ros/jazzy/include (Required is at least version "2.13") 
-- Using RMW implementation 'rmw_fastrtps_cpp' as default
-- Using RMW implementation 'rmw_fastrtps_cpp' as default
-- Setting yaml-cpp_DIR to: '/opt/ros/jazzy/share/yaml_cpp_vendor/cmake/../../../opt/yaml_cpp_vendor/share/cmake/yaml-cpp'
-- Found controller_interface: 4.48.0 (/opt/ros/jazzy/share/controller_interface/cmake)
-- Setting yaml-cpp_DIR to: '/opt/ros/jazzy/share/yaml_cpp_vendor/cmake/../../../opt/yaml_cpp_vendor/share/cmake/yaml-cpp'
-- Found Boost: /usr/lib/x86_64-linux-gnu/cmake/Boost-1.83.0/BoostConfig.cmake (found version "1.83.0")  
-- Found hardware_interface: 4.48.0 (/opt/ros/jazzy/share/hardware_interface/cmake)
-- Found controller_manager: 4.48.0 (/opt/ros/jazzy/share/controller_manager/cmake)
CMake Deprecation Warning at /opt/ros/jazzy/share/tl_expected/cmake/tl_expectedConfig.cmake:37 (message):
  Package 'tl_expected' is deprecated (This package will be removed in ROS 2
  Lyrical Luth.

        Use tl/expected.hpp from libexpected-dev,
        or rcpputils/tl_expected/expected.hpp if the system header is not available)
Call Stack (most recent call first):
  /opt/ros/jazzy/share/parameter_traits/cmake/ament_cmake_export_dependencies-extras.cmake:21 (find_package)
  /opt/ros/jazzy/share/parameter_traits/cmake/parameter_traitsConfig.cmake:41 (include)
  /opt/ros/jazzy/share/controller_manager/cmake/ament_cmake_export_dependencies-extras.cmake:21 (find_package)
  /opt/ros/jazzy/share/controller_manager/cmake/controller_managerConfig.cmake:41 (include)
  CMakeLists.txt:22 (find_package)


-- Found Boost: /usr/lib/x86_64-linux-gnu/cmake/Boost-1.83.0/BoostConfig.cmake (found version "1.83.0")  
-- Configuring done (3.5s)
-- Generating done (0.0s)
-- Build files have been written to: /tmp/agrobot-next-build-ybgPHn/build/canopen_ros2_controllers
-- Configuring done (3.4s)
-- Generating done (0.0s)
-- Build files have been written to: /tmp/agrobot-next-build-ybgPHn/build/canopen_ros2_control
[ 66%] Building CXX object CMakeFiles/canopen_ros2_controllers.dir/src/cia402_device_controller.cpp.o
[ 66%] Building CXX object CMakeFiles/canopen_ros2_controllers.dir/src/canopen_proxy_controller.cpp.o
[ 75%] Building CXX object CMakeFiles/canopen_ros2_control.dir/src/cia402_system.cpp.o
[ 75%] Building CXX object CMakeFiles/canopen_ros2_control.dir/src/canopen_system.cpp.o
[ 75%] Building CXX object CMakeFiles/canopen_ros2_control.dir/src/robot_system.cpp.o
In file included from /home/gsylvia/agrobot-reverse-engineering/Agrobot/src/ros2_canopen/canopen_ros2_controllers/src/cia402_device_controller.cpp:15:
/home/gsylvia/agrobot-reverse-engineering/Agrobot/src/ros2_canopen/canopen_ros2_controllers/include/canopen_ros2_controllers/cia402_device_controller.hpp: In lambda function:
/home/gsylvia/agrobot-reverse-engineering/Agrobot/src/ros2_canopen/canopen_ros2_controllers/include/canopen_ros2_controllers/cia402_device_controller.hpp:100:45: warning: ignoring return value of ‘bool hardware_interface::LoanedCommandInterface::set_value(const T&, unsigned int) [with T = double]’, declared with attribute ‘nodiscard’ [-Wunused-result]
  100 |           command_interfaces_[cmd].set_value(kCommandValue);
      |           ~~~~~~~~~~~~~~~~~~~~~~~~~~~~~~~~~~^~~~~~~~~~~~~~~
In file included from /opt/ros/jazzy/include/controller_interface/controller_interface/controller_interface_base.hpp:29,
                 from /opt/ros/jazzy/include/controller_interface/controller_interface/controller_interface.hpp:21,
                 from /home/gsylvia/agrobot-reverse-engineering/Agrobot/src/ros2_canopen/canopen_ros2_controllers/include/canopen_ros2_controllers/canopen_proxy_controller.hpp:26,
                 from /home/gsylvia/agrobot-reverse-engineering/Agrobot/src/ros2_canopen/canopen_ros2_controllers/include/canopen_ros2_controllers/cia402_device_controller.hpp:19:
/opt/ros/jazzy/include/hardware_interface/hardware_interface/loaned_command_interface.hpp:117:22: note: declared here
  117 |   [[nodiscard]] bool set_value(const T & value, unsigned int max_tries = 10)
      |                      ^~~~~~~~~
/home/gsylvia/agrobot-reverse-engineering/Agrobot/src/ros2_canopen/canopen_ros2_controllers/include/canopen_ros2_controllers/cia402_device_controller.hpp:102:63: warning: ‘double hardware_interface::LoanedCommandInterface::get_value() const’ is deprecated: Use std::optional<T> get_optional() instead to retrieve the value. This method will be removed by the ROS 2 Kilted Kaiju release. [-Wdeprecated-declarations]
  102 |           while (std::isnan(command_interfaces_[fbk].get_value()) && rclcpp::ok())
      |                             ~~~~~~~~~~~~~~~~~~~~~~~~~~~~~~~~~~^~
/opt/ros/jazzy/include/hardware_interface/hardware_interface/loaned_command_interface.hpp:138:10: note: declared here
  138 |   double get_value() const
      |          ^~~~~~~~~
/home/gsylvia/agrobot-reverse-engineering/Agrobot/src/ros2_canopen/canopen_ros2_controllers/include/canopen_ros2_controllers/cia402_device_controller.hpp:108:83: warning: ‘double hardware_interface::LoanedCommandInterface::get_value() const’ is deprecated: Use std::optional<T> get_optional() instead to retrieve the value. This method will be removed by the ROS 2 Kilted Kaiju release. [-Wdeprecated-declarations]
  108 |           response->success = static_cast<bool>(command_interfaces_[fbk].get_value());
      |                                                 ~~~~~~~~~~~~~~~~~~~~~~~~~~~~~~~~~~^~
/opt/ros/jazzy/include/hardware_interface/hardware_interface/loaned_command_interface.hpp:138:10: note: declared here
  138 |   double get_value() const
      |          ^~~~~~~~~
/home/gsylvia/agrobot-reverse-engineering/Agrobot/src/ros2_canopen/canopen_ros2_controllers/include/canopen_ros2_controllers/cia402_device_controller.hpp:110:45: warning: ignoring return value of ‘bool hardware_interface::LoanedCommandInterface::set_value(const T&, unsigned int) [with T = double]’, declared with attribute ‘nodiscard’ [-Wunused-result]
  110 |           command_interfaces_[fbk].set_value(std::numeric_limits<double>::quiet_NaN());
      |           ~~~~~~~~~~~~~~~~~~~~~~~~~~~~~~~~~~^~~~~~~~~~~~~~~~~~~~~~~~~~~~~~~~~~~~~~~~~~
/opt/ros/jazzy/include/hardware_interface/hardware_interface/loaned_command_interface.hpp:117:22: note: declared here
  117 |   [[nodiscard]] bool set_value(const T & value, unsigned int max_tries = 10)
      |                      ^~~~~~~~~
/home/gsylvia/agrobot-reverse-engineering/Agrobot/src/ros2_canopen/canopen_ros2_controllers/include/canopen_ros2_controllers/cia402_device_controller.hpp:111:45: warning: ignoring return value of ‘bool hardware_interface::LoanedCommandInterface::set_value(const T&, unsigned int) [with T = double]’, declared with attribute ‘nodiscard’ [-Wunused-result]
  111 |           command_interfaces_[cmd].set_value(std::numeric_limits<double>::quiet_NaN());
      |           ~~~~~~~~~~~~~~~~~~~~~~~~~~~~~~~~~~^~~~~~~~~~~~~~~~~~~~~~~~~~~~~~~~~~~~~~~~~~
/opt/ros/jazzy/include/hardware_interface/hardware_interface/loaned_command_interface.hpp:117:22: note: declared here
  117 |   [[nodiscard]] bool set_value(const T & value, unsigned int max_tries = 10)
      |                      ^~~~~~~~~
/home/gsylvia/agrobot-reverse-engineering/Agrobot/src/ros2_canopen/canopen_ros2_controllers/src/canopen_proxy_controller.cpp: In lambda function:
/home/gsylvia/agrobot-reverse-engineering/Agrobot/src/ros2_canopen/canopen_ros2_controllers/src/canopen_proxy_controller.cpp:141:64: warning: ignoring return value of ‘bool hardware_interface::LoanedCommandInterface::set_value(const T&, unsigned int) [with T = double]’, declared with attribute ‘nodiscard’ [-Wunused-result]
  141 |     command_interfaces_[CommandInterfaces::NMT_RESET].set_value(kCommandValue);
      |     ~~~~~~~~~~~~~~~~~~~~~~~~~~~~~~~~~~~~~~~~~~~~~~~~~~~~~~~~~~~^~~~~~~~~~~~~~~
In file included from /opt/ros/jazzy/include/controller_interface/controller_interface/controller_interface_base.hpp:29,
                 from /opt/ros/jazzy/include/controller_interface/controller_interface/controller_interface.hpp:21,
                 from /home/gsylvia/agrobot-reverse-engineering/Agrobot/src/ros2_canopen/canopen_ros2_controllers/include/canopen_ros2_controllers/canopen_proxy_controller.hpp:26,
                 from /home/gsylvia/agrobot-reverse-engineering/Agrobot/src/ros2_canopen/canopen_ros2_controllers/src/canopen_proxy_controller.cpp:15:
/opt/ros/jazzy/include/hardware_interface/hardware_interface/loaned_command_interface.hpp:117:22: note: declared here
  117 |   [[nodiscard]] bool set_value(const T & value, unsigned int max_tries = 10)
      |                      ^~~~~~~~~
/home/gsylvia/agrobot-reverse-engineering/Agrobot/src/ros2_canopen/canopen_ros2_controllers/src/canopen_proxy_controller.cpp:143:83: warning: ‘double hardware_interface::LoanedCommandInterface::get_value() const’ is deprecated: Use std::optional<T> get_optional() instead to retrieve the value. This method will be removed by the ROS 2 Kilted Kaiju release. [-Wdeprecated-declarations]
  143 |     while (!std::isnan(command_interfaces_[CommandInterfaces::NMT_RESET].get_value()))
      |                        ~~~~~~~~~~~~~~~~~~~~~~~~~~~~~~~~~~~~~~~~~~~~~~~~~~~~~~~~~~~^~
/opt/ros/jazzy/include/hardware_interface/hardware_interface/loaned_command_interface.hpp:138:10: note: declared here
  138 |   double get_value() const
      |          ^~~~~~~~~
/home/gsylvia/agrobot-reverse-engineering/Agrobot/src/ros2_canopen/canopen_ros2_controllers/src/canopen_proxy_controller.cpp:150:88: warning: ‘double hardware_interface::LoanedCommandInterface::get_value() const’ is deprecated: Use std::optional<T> get_optional() instead to retrieve the value. This method will be removed by the ROS 2 Kilted Kaiju release. [-Wdeprecated-declarations]
  150 |       static_cast<bool>(command_interfaces_[CommandInterfaces::NMT_RESET_FBK].get_value());
      |                         ~~~~~~~~~~~~~~~~~~~~~~~~~~~~~~~~~~~~~~~~~~~~~~~~~~~~~~~~~~~~~~~^~
/opt/ros/jazzy/include/hardware_interface/hardware_interface/loaned_command_interface.hpp:138:10: note: declared here
  138 |   double get_value() const
      |          ^~~~~~~~~
/home/gsylvia/agrobot-reverse-engineering/Agrobot/src/ros2_canopen/canopen_ros2_controllers/src/canopen_proxy_controller.cpp:152:68: warning: ignoring return value of ‘bool hardware_interface::LoanedCommandInterface::set_value(const T&, unsigned int) [with T = double]’, declared with attribute ‘nodiscard’ [-Wunused-result]
  152 |     command_interfaces_[CommandInterfaces::NMT_RESET_FBK].set_value(
      |     ~~~~~~~~~~~~~~~~~~~~~~~~~~~~~~~~~~~~~~~~~~~~~~~~~~~~~~~~~~~~~~~^
  153 |       std::numeric_limits<double>::quiet_NaN());
      |       ~~~~~~~~~~~~~~~~~~~~~~~~~~~~~~~~~~~~~~~~~                     
/opt/ros/jazzy/include/hardware_interface/hardware_interface/loaned_command_interface.hpp:117:22: note: declared here
  117 |   [[nodiscard]] bool set_value(const T & value, unsigned int max_tries = 10)
      |                      ^~~~~~~~~
/home/gsylvia/agrobot-reverse-engineering/Agrobot/src/ros2_canopen/canopen_ros2_controllers/src/canopen_proxy_controller.cpp: In lambda function:
/home/gsylvia/agrobot-reverse-engineering/Agrobot/src/ros2_canopen/canopen_ros2_controllers/src/canopen_proxy_controller.cpp:166:64: warning: ignoring return value of ‘bool hardware_interface::LoanedCommandInterface::set_value(const T&, unsigned int) [with T = double]’, declared with attribute ‘nodiscard’ [-Wunused-result]
  166 |     command_interfaces_[CommandInterfaces::NMT_START].set_value(kCommandValue);
      |     ~~~~~~~~~~~~~~~~~~~~~~~~~~~~~~~~~~~~~~~~~~~~~~~~~~~~~~~~~~~^~~~~~~~~~~~~~~
/opt/ros/jazzy/include/hardware_interface/hardware_interface/loaned_command_interface.hpp:117:22: note: declared here
  117 |   [[nodiscard]] bool set_value(const T & value, unsigned int max_tries = 10)
      |                      ^~~~~~~~~
/home/gsylvia/agrobot-reverse-engineering/Agrobot/src/ros2_canopen/canopen_ros2_controllers/src/canopen_proxy_controller.cpp:168:83: warning: ‘double hardware_interface::LoanedCommandInterface::get_value() const’ is deprecated: Use std::optional<T> get_optional() instead to retrieve the value. This method will be removed by the ROS 2 Kilted Kaiju release. [-Wdeprecated-declarations]
  168 |     while (!std::isnan(command_interfaces_[CommandInterfaces::NMT_START].get_value()))
      |                        ~~~~~~~~~~~~~~~~~~~~~~~~~~~~~~~~~~~~~~~~~~~~~~~~~~~~~~~~~~~^~
/opt/ros/jazzy/include/hardware_interface/hardware_interface/loaned_command_interface.hpp:138:10: note: declared here
  138 |   double get_value() const
      |          ^~~~~~~~~
/home/gsylvia/agrobot-reverse-engineering/Agrobot/src/ros2_canopen/canopen_ros2_controllers/src/canopen_proxy_controller.cpp:175:88: warning: ‘double hardware_interface::LoanedCommandInterface::get_value() const’ is deprecated: Use std::optional<T> get_optional() instead to retrieve the value. This method will be removed by the ROS 2 Kilted Kaiju release. [-Wdeprecated-declarations]
  175 |       static_cast<bool>(command_interfaces_[CommandInterfaces::NMT_START_FBK].get_value());
      |                         ~~~~~~~~~~~~~~~~~~~~~~~~~~~~~~~~~~~~~~~~~~~~~~~~~~~~~~~~~~~~~~~^~
/opt/ros/jazzy/include/hardware_interface/hardware_interface/loaned_command_interface.hpp:138:10: note: declared here
  138 |   double get_value() const
      |          ^~~~~~~~~
/home/gsylvia/agrobot-reverse-engineering/Agrobot/src/ros2_canopen/canopen_ros2_controllers/src/canopen_proxy_controller.cpp:177:68: warning: ignoring return value of ‘bool hardware_interface::LoanedCommandInterface::set_value(const T&, unsigned int) [with T = double]’, declared with attribute ‘nodiscard’ [-Wunused-result]
  177 |     command_interfaces_[CommandInterfaces::NMT_START_FBK].set_value(
      |     ~~~~~~~~~~~~~~~~~~~~~~~~~~~~~~~~~~~~~~~~~~~~~~~~~~~~~~~~~~~~~~~^
  178 |       std::numeric_limits<double>::quiet_NaN());
      |       ~~~~~~~~~~~~~~~~~~~~~~~~~~~~~~~~~~~~~~~~~                     
/opt/ros/jazzy/include/hardware_interface/hardware_interface/loaned_command_interface.hpp:117:22: note: declared here
  117 |   [[nodiscard]] bool set_value(const T & value, unsigned int max_tries = 10)
      |                      ^~~~~~~~~
/home/gsylvia/agrobot-reverse-engineering/Agrobot/src/ros2_canopen/canopen_ros2_controllers/src/canopen_proxy_controller.cpp: In member function ‘virtual controller_interface::CallbackReturn canopen_ros2_controllers::CanopenProxyController::on_deactivate(const rclcpp_lifecycle::State&)’:
/home/gsylvia/agrobot-reverse-engineering/Agrobot/src/ros2_canopen/canopen_ros2_controllers/src/canopen_proxy_controller.cpp:257:37: warning: ignoring return value of ‘bool hardware_interface::LoanedCommandInterface::set_value(const T&, unsigned int) [with T = double]’, declared with attribute ‘nodiscard’ [-Wunused-result]
  257 |     command_interfaces_[i].set_value(std::numeric_limits<double>::quiet_NaN());
      |     ~~~~~~~~~~~~~~~~~~~~~~~~~~~~~~~~^~~~~~~~~~~~~~~~~~~~~~~~~~~~~~~~~~~~~~~~~~
/opt/ros/jazzy/include/hardware_interface/hardware_interface/loaned_command_interface.hpp:117:22: note: declared here
  117 |   [[nodiscard]] bool set_value(const T & value, unsigned int max_tries = 10)
      |                      ^~~~~~~~~
/home/gsylvia/agrobot-reverse-engineering/Agrobot/src/ros2_canopen/canopen_ros2_controllers/src/canopen_proxy_controller.cpp: In member function ‘virtual controller_interface::return_type canopen_ros2_controllers::CanopenProxyController::update(const rclcpp::Time&, const rclcpp::Duration&)’:
/home/gsylvia/agrobot-reverse-engineering/Agrobot/src/ros2_canopen/canopen_ros2_controllers/src/canopen_proxy_controller.cpp:269:94: warning: ‘double hardware_interface::LoanedStateInterface::get_value() const’ is deprecated: Use std::optional<T> get_optional() instead to retrieve the value. This method will be removed by the ROS 2 Kilted Kaiju release. [-Wdeprecated-declarations]
  269 |     auto nmt_state = static_cast<int>(state_interfaces_[StateInterfaces::NMT_STATE].get_value());
      |                                       ~~~~~~~~~~~~~~~~~~~~~~~~~~~~~~~~~~~~~~~~~~~~~~~~~~~~~~~^~
In file included from /opt/ros/jazzy/include/controller_interface/controller_interface/controller_interface_base.hpp:30:
/opt/ros/jazzy/include/hardware_interface/hardware_interface/loaned_state_interface.hpp:98:10: note: declared here
   98 |   double get_value() const
      |          ^~~~~~~~~
/home/gsylvia/agrobot-reverse-engineering/Agrobot/src/ros2_canopen/canopen_ros2_controllers/src/canopen_proxy_controller.cpp:313:85: warning: ‘double hardware_interface::LoanedStateInterface::get_value() const’ is deprecated: Use std::optional<T> get_optional() instead to retrieve the value. This method will be removed by the ROS 2 Kilted Kaiju release. [-Wdeprecated-declarations]
  313 |       static_cast<uint16_t>(state_interfaces_[StateInterfaces::RPDO_INDEX].get_value());
      |                             ~~~~~~~~~~~~~~~~~~~~~~~~~~~~~~~~~~~~~~~~~~~~~~~~~~~~~~~~^~
/opt/ros/jazzy/include/hardware_interface/hardware_interface/loaned_state_interface.hpp:98:10: note: declared here
   98 |   double get_value() const
      |          ^~~~~~~~~
/home/gsylvia/agrobot-reverse-engineering/Agrobot/src/ros2_canopen/canopen_ros2_controllers/src/canopen_proxy_controller.cpp:315:87: warning: ‘double hardware_interface::LoanedStateInterface::get_value() const’ is deprecated: Use std::optional<T> get_optional() instead to retrieve the value. This method will be removed by the ROS 2 Kilted Kaiju release. [-Wdeprecated-declarations]
  315 |       static_cast<uint8_t>(state_interfaces_[StateInterfaces::RPDO_SUBINDEX].get_value());
      |                            ~~~~~~~~~~~~~~~~~~~~~~~~~~~~~~~~~~~~~~~~~~~~~~~~~~~~~~~~~~~^~
/opt/ros/jazzy/include/hardware_interface/hardware_interface/loaned_state_interface.hpp:98:10: note: declared here
   98 |   double get_value() const
      |          ^~~~~~~~~
/home/gsylvia/agrobot-reverse-engineering/Agrobot/src/ros2_canopen/canopen_ros2_controllers/src/canopen_proxy_controller.cpp:317:84: warning: ‘double hardware_interface::LoanedStateInterface::get_value() const’ is deprecated: Use std::optional<T> get_optional() instead to retrieve the value. This method will be removed by the ROS 2 Kilted Kaiju release. [-Wdeprecated-declarations]
  317 |       static_cast<uint32_t>(state_interfaces_[StateInterfaces::RPDO_DATA].get_value());
      |                             ~~~~~~~~~~~~~~~~~~~~~~~~~~~~~~~~~~~~~~~~~~~~~~~~~~~~~~~^~
/opt/ros/jazzy/include/hardware_interface/hardware_interface/loaned_state_interface.hpp:98:10: note: declared here
   98 |   double get_value() const
      |          ^~~~~~~~~
/home/gsylvia/agrobot-reverse-engineering/Agrobot/src/ros2_canopen/canopen_ros2_controllers/src/canopen_proxy_controller.cpp:330:65: warning: ignoring return value of ‘bool hardware_interface::LoanedCommandInterface::set_value(const T&, unsigned int) [with T = double]’, declared with attribute ‘nodiscard’ [-Wunused-result]
  330 |     command_interfaces_[CommandInterfaces::TPDO_INDEX].set_value(
      |     ~~~~~~~~~~~~~~~~~~~~~~~~~~~~~~~~~~~~~~~~~~~~~~~~~~~~~~~~~~~~^
  331 |       static_cast<double>((*current_cmd)->index));
      |       ~~~~~~~~~~~~~~~~~~~~~~~~~~~~~~~~~~~~~~~~~~~                
/opt/ros/jazzy/include/hardware_interface/hardware_interface/loaned_command_interface.hpp:117:22: note: declared here
  117 |   [[nodiscard]] bool set_value(const T & value, unsigned int max_tries = 10)
      |                      ^~~~~~~~~
/home/gsylvia/agrobot-reverse-engineering/Agrobot/src/ros2_canopen/canopen_ros2_controllers/src/canopen_proxy_controller.cpp:332:68: warning: ignoring return value of ‘bool hardware_interface::LoanedCommandInterface::set_value(const T&, unsigned int) [with T = double]’, declared with attribute ‘nodiscard’ [-Wunused-result]
  332 |     command_interfaces_[CommandInterfaces::TPDO_SUBINDEX].set_value(
      |     ~~~~~~~~~~~~~~~~~~~~~~~~~~~~~~~~~~~~~~~~~~~~~~~~~~~~~~~~~~~~~~~^
  333 |       static_cast<double>((*current_cmd)->subindex));
      |       ~~~~~~~~~~~~~~~~~~~~~~~~~~~~~~~~~~~~~~~~~~~~~~                
/opt/ros/jazzy/include/hardware_interface/hardware_interface/loaned_command_interface.hpp:117:22: note: declared here
  117 |   [[nodiscard]] bool set_value(const T & value, unsigned int max_tries = 10)
      |                      ^~~~~~~~~
/home/gsylvia/agrobot-reverse-engineering/Agrobot/src/ros2_canopen/canopen_ros2_controllers/src/canopen_proxy_controller.cpp:334:64: warning: ignoring return value of ‘bool hardware_interface::LoanedCommandInterface::set_value(const T&, unsigned int) [with T = double]’, declared with attribute ‘nodiscard’ [-Wunused-result]
  334 |     command_interfaces_[CommandInterfaces::TPDO_DATA].set_value(
      |     ~~~~~~~~~~~~~~~~~~~~~~~~~~~~~~~~~~~~~~~~~~~~~~~~~~~~~~~~~~~^
  335 |       static_cast<double>((*current_cmd)->data));
      |       ~~~~~~~~~~~~~~~~~~~~~~~~~~~~~~~~~~~~~~~~~~                
/opt/ros/jazzy/include/hardware_interface/hardware_interface/loaned_command_interface.hpp:117:22: note: declared here
  117 |   [[nodiscard]] bool set_value(const T & value, unsigned int max_tries = 10)
      |                      ^~~~~~~~~
/home/gsylvia/agrobot-reverse-engineering/Agrobot/src/ros2_canopen/canopen_ros2_controllers/src/canopen_proxy_controller.cpp:337:63: warning: ignoring return value of ‘bool hardware_interface::LoanedCommandInterface::set_value(const T&, unsigned int) [with T = double]’, declared with attribute ‘nodiscard’ [-Wunused-result]
  337 |     command_interfaces_[CommandInterfaces::TPDO_ONS].set_value(kCommandValue);
      |     ~~~~~~~~~~~~~~~~~~~~~~~~~~~~~~~~~~~~~~~~~~~~~~~~~~~~~~~~~~^~~~~~~~~~~~~~~
/opt/ros/jazzy/include/hardware_interface/hardware_interface/loaned_command_interface.hpp:117:22: note: declared here
  117 |   [[nodiscard]] bool set_value(const T & value, unsigned int max_tries = 10)
      |                      ^~~~~~~~~
In file included from /home/gsylvia/agrobot-reverse-engineering/Agrobot/src/ros2_canopen/canopen_ros2_control/src/canopen_system.cpp:24:
/home/gsylvia/agrobot-reverse-engineering/Agrobot/src/ros2_canopen/canopen_ros2_control/include/canopen_ros2_control/canopen_system.hpp: In member function ‘void canopen_ros2_control::Ros2ControlEmcyData::set_emcy(ros2_canopen::COEmcy)’:
/home/gsylvia/agrobot-reverse-engineering/Agrobot/src/ros2_canopen/canopen_ros2_control/include/canopen_ros2_control/canopen_system.hpp:264:16: warning: ‘void* memcpy(void*, const void*, size_t)’ reading 2 bytes from a region of size 1 [-Wstringop-overread]
  264 |     std::memcpy(&msef_data, &e.msef[4], sizeof(uint16_t));
      |     ~~~~~~~~~~~^~~~~~~~~~~~~~~~~~~~~~~~~~~~~~~~~~~~~~~~~~
/home/gsylvia/agrobot-reverse-engineering/Agrobot/src/ros2_canopen/canopen_ros2_control/include/canopen_ros2_control/canopen_system.hpp:243:38: note: at offset 7 into source object ‘e’ of size 8
  243 |   void set_emcy(ros2_canopen::COEmcy e)
      |                 ~~~~~~~~~~~~~~~~~~~~~^
[100%] Linking CXX shared library libcanopen_ros2_control.so
[100%] Built target canopen_ros2_control
-- Install configuration: ""
-- Installing: /tmp/agrobot-next-build-ybgPHn/install/canopen_ros2_control/share/canopen_ros2_control/canopen_ros2_control.xml
-- Installing: /tmp/agrobot-next-build-ybgPHn/install/canopen_ros2_control/lib/libcanopen_ros2_control.so
-- Set non-toolchain portion of runtime path of "/tmp/agrobot-next-build-ybgPHn/install/canopen_ros2_control/lib/libcanopen_ros2_control.so" to ""
-- Installing: /tmp/agrobot-next-build-ybgPHn/install/canopen_ros2_control/include
-- Installing: /tmp/agrobot-next-build-ybgPHn/install/canopen_ros2_control/include/canopen_ros2_control
-- Installing: /tmp/agrobot-next-build-ybgPHn/install/canopen_ros2_control/include/canopen_ros2_control/cia402_data.hpp
-- Installing: /tmp/agrobot-next-build-ybgPHn/install/canopen_ros2_control/include/canopen_ros2_control/cia402_system.hpp
-- Installing: /tmp/agrobot-next-build-ybgPHn/install/canopen_ros2_control/include/canopen_ros2_control/visibility_control.h
-- Installing: /tmp/agrobot-next-build-ybgPHn/install/canopen_ros2_control/include/canopen_ros2_control/helpers.hpp
-- Installing: /tmp/agrobot-next-build-ybgPHn/install/canopen_ros2_control/include/canopen_ros2_control/canopen_system.hpp
-- Installing: /tmp/agrobot-next-build-ybgPHn/install/canopen_ros2_control/include/canopen_ros2_control/robot_system.hpp
-- Installing: /tmp/agrobot-next-build-ybgPHn/install/canopen_ros2_control/share/canopen_ros2_control/environment/library_path.sh
-- Installing: /tmp/agrobot-next-build-ybgPHn/install/canopen_ros2_control/share/canopen_ros2_control/environment/library_path.dsv
-- Installing: /tmp/agrobot-next-build-ybgPHn/install/canopen_ros2_control/share/ament_index/resource_index/package_run_dependencies/canopen_ros2_control
-- Installing: /tmp/agrobot-next-build-ybgPHn/install/canopen_ros2_control/share/ament_index/resource_index/parent_prefix_path/canopen_ros2_control
-- Installing: /tmp/agrobot-next-build-ybgPHn/install/canopen_ros2_control/share/canopen_ros2_control/environment/ament_prefix_path.sh
-- Installing: /tmp/agrobot-next-build-ybgPHn/install/canopen_ros2_control/share/canopen_ros2_control/environment/ament_prefix_path.dsv
-- Installing: /tmp/agrobot-next-build-ybgPHn/install/canopen_ros2_control/share/canopen_ros2_control/environment/path.sh
-- Installing: /tmp/agrobot-next-build-ybgPHn/install/canopen_ros2_control/share/canopen_ros2_control/environment/path.dsv
-- Installing: /tmp/agrobot-next-build-ybgPHn/install/canopen_ros2_control/share/canopen_ros2_control/local_setup.bash
-- Installing: /tmp/agrobot-next-build-ybgPHn/install/canopen_ros2_control/share/canopen_ros2_control/local_setup.sh
-- Installing: /tmp/agrobot-next-build-ybgPHn/install/canopen_ros2_control/share/canopen_ros2_control/local_setup.zsh
-- Installing: /tmp/agrobot-next-build-ybgPHn/install/canopen_ros2_control/share/canopen_ros2_control/local_setup.dsv
-- Installing: /tmp/agrobot-next-build-ybgPHn/install/canopen_ros2_control/share/canopen_ros2_control/package.dsv
-- Installing: /tmp/agrobot-next-build-ybgPHn/install/canopen_ros2_control/share/ament_index/resource_index/packages/canopen_ros2_control
-- Installing: /tmp/agrobot-next-build-ybgPHn/install/canopen_ros2_control/share/ament_index/resource_index/hardware_interface__pluginlib__plugin/canopen_ros2_control
-- Installing: /tmp/agrobot-next-build-ybgPHn/install/canopen_ros2_control/share/canopen_ros2_control/cmake/ament_cmake_export_include_directories-extras.cmake
-- Installing: /tmp/agrobot-next-build-ybgPHn/install/canopen_ros2_control/share/canopen_ros2_control/cmake/ament_cmake_export_libraries-extras.cmake
-- Installing: /tmp/agrobot-next-build-ybgPHn/install/canopen_ros2_control/share/canopen_ros2_control/cmake/ament_cmake_export_dependencies-extras.cmake
-- Installing: /tmp/agrobot-next-build-ybgPHn/install/canopen_ros2_control/share/canopen_ros2_control/cmake/canopen_ros2_controlConfig.cmake
-- Installing: /tmp/agrobot-next-build-ybgPHn/install/canopen_ros2_control/share/canopen_ros2_control/cmake/canopen_ros2_controlConfig-version.cmake
-- Installing: /tmp/agrobot-next-build-ybgPHn/install/canopen_ros2_control/share/canopen_ros2_control/package.xml
--- stderr: canopen_ros2_control
In file included from /home/gsylvia/agrobot-reverse-engineering/Agrobot/src/ros2_canopen/canopen_ros2_control/src/canopen_system.cpp:24:
/home/gsylvia/agrobot-reverse-engineering/Agrobot/src/ros2_canopen/canopen_ros2_control/include/canopen_ros2_control/canopen_system.hpp: In member function ‘void canopen_ros2_control::Ros2ControlEmcyData::set_emcy(ros2_canopen::COEmcy)’:
/home/gsylvia/agrobot-reverse-engineering/Agrobot/src/ros2_canopen/canopen_ros2_control/include/canopen_ros2_control/canopen_system.hpp:264:16: warning: ‘void* memcpy(void*, const void*, size_t)’ reading 2 bytes from a region of size 1 [-Wstringop-overread]
  264 |     std::memcpy(&msef_data, &e.msef[4], sizeof(uint16_t));
      |     ~~~~~~~~~~~^~~~~~~~~~~~~~~~~~~~~~~~~~~~~~~~~~~~~~~~~~
/home/gsylvia/agrobot-reverse-engineering/Agrobot/src/ros2_canopen/canopen_ros2_control/include/canopen_ros2_control/canopen_system.hpp:243:38: note: at offset 7 into source object ‘e’ of size 8
  243 |   void set_emcy(ros2_canopen::COEmcy e)
      |                 ~~~~~~~~~~~~~~~~~~~~~^
---
Finished <<< canopen_ros2_control [14.0s]
[100%] Linking CXX shared library libcanopen_ros2_controllers.so
[100%] Built target canopen_ros2_controllers
-- Install configuration: ""
-- Installing: /tmp/agrobot-next-build-ybgPHn/install/canopen_ros2_controllers/share/canopen_ros2_controllers/canopen_ros2_controllers.xml
-- Installing: /tmp/agrobot-next-build-ybgPHn/install/canopen_ros2_controllers/lib/libcanopen_ros2_controllers.so
-- Set non-toolchain portion of runtime path of "/tmp/agrobot-next-build-ybgPHn/install/canopen_ros2_controllers/lib/libcanopen_ros2_controllers.so" to ""
-- Installing: /tmp/agrobot-next-build-ybgPHn/install/canopen_ros2_controllers/include
-- Installing: /tmp/agrobot-next-build-ybgPHn/install/canopen_ros2_controllers/include/canopen_ros2_controllers
-- Installing: /tmp/agrobot-next-build-ybgPHn/install/canopen_ros2_controllers/include/canopen_ros2_controllers/visibility_control.h
-- Installing: /tmp/agrobot-next-build-ybgPHn/install/canopen_ros2_controllers/include/canopen_ros2_controllers/cia402_device_controller.hpp
-- Installing: /tmp/agrobot-next-build-ybgPHn/install/canopen_ros2_controllers/include/canopen_ros2_controllers/canopen_proxy_controller.hpp
-- Installing: /tmp/agrobot-next-build-ybgPHn/install/canopen_ros2_controllers/share/canopen_ros2_controllers/environment/library_path.sh
-- Installing: /tmp/agrobot-next-build-ybgPHn/install/canopen_ros2_controllers/share/canopen_ros2_controllers/environment/library_path.dsv
-- Installing: /tmp/agrobot-next-build-ybgPHn/install/canopen_ros2_controllers/share/ament_index/resource_index/package_run_dependencies/canopen_ros2_controllers
-- Installing: /tmp/agrobot-next-build-ybgPHn/install/canopen_ros2_controllers/share/ament_index/resource_index/parent_prefix_path/canopen_ros2_controllers
-- Installing: /tmp/agrobot-next-build-ybgPHn/install/canopen_ros2_controllers/share/canopen_ros2_controllers/environment/ament_prefix_path.sh
-- Installing: /tmp/agrobot-next-build-ybgPHn/install/canopen_ros2_controllers/share/canopen_ros2_controllers/environment/ament_prefix_path.dsv
-- Installing: /tmp/agrobot-next-build-ybgPHn/install/canopen_ros2_controllers/share/canopen_ros2_controllers/environment/path.sh
-- Installing: /tmp/agrobot-next-build-ybgPHn/install/canopen_ros2_controllers/share/canopen_ros2_controllers/environment/path.dsv
-- Installing: /tmp/agrobot-next-build-ybgPHn/install/canopen_ros2_controllers/share/canopen_ros2_controllers/local_setup.bash
-- Installing: /tmp/agrobot-next-build-ybgPHn/install/canopen_ros2_controllers/share/canopen_ros2_controllers/local_setup.sh
-- Installing: /tmp/agrobot-next-build-ybgPHn/install/canopen_ros2_controllers/share/canopen_ros2_controllers/local_setup.zsh
-- Installing: /tmp/agrobot-next-build-ybgPHn/install/canopen_ros2_controllers/share/canopen_ros2_controllers/local_setup.dsv
-- Installing: /tmp/agrobot-next-build-ybgPHn/install/canopen_ros2_controllers/share/canopen_ros2_controllers/package.dsv
-- Installing: /tmp/agrobot-next-build-ybgPHn/install/canopen_ros2_controllers/share/ament_index/resource_index/packages/canopen_ros2_controllers
-- Installing: /tmp/agrobot-next-build-ybgPHn/install/canopen_ros2_controllers/share/ament_index/resource_index/controller_interface__pluginlib__plugin/canopen_ros2_controllers
-- Installing: /tmp/agrobot-next-build-ybgPHn/install/canopen_ros2_controllers/share/canopen_ros2_controllers/cmake/ament_cmake_export_include_directories-extras.cmake
-- Installing: /tmp/agrobot-next-build-ybgPHn/install/canopen_ros2_controllers/share/canopen_ros2_controllers/cmake/ament_cmake_export_libraries-extras.cmake
-- Installing: /tmp/agrobot-next-build-ybgPHn/install/canopen_ros2_controllers/share/canopen_ros2_controllers/cmake/ament_cmake_export_dependencies-extras.cmake
-- Installing: /tmp/agrobot-next-build-ybgPHn/install/canopen_ros2_controllers/share/canopen_ros2_controllers/cmake/canopen_ros2_controllersConfig.cmake
-- Installing: /tmp/agrobot-next-build-ybgPHn/install/canopen_ros2_controllers/share/canopen_ros2_controllers/cmake/canopen_ros2_controllersConfig-version.cmake
-- Installing: /tmp/agrobot-next-build-ybgPHn/install/canopen_ros2_controllers/share/canopen_ros2_controllers/package.xml
--- stderr: canopen_ros2_controllers
CMake Deprecation Warning at /opt/ros/jazzy/share/tl_expected/cmake/tl_expectedConfig.cmake:37 (message):
  Package 'tl_expected' is deprecated (This package will be removed in ROS 2
  Lyrical Luth.

        Use tl/expected.hpp from libexpected-dev,
        or rcpputils/tl_expected/expected.hpp if the system header is not available)
Call Stack (most recent call first):
  /opt/ros/jazzy/share/parameter_traits/cmake/ament_cmake_export_dependencies-extras.cmake:21 (find_package)
  /opt/ros/jazzy/share/parameter_traits/cmake/parameter_traitsConfig.cmake:41 (include)
  /opt/ros/jazzy/share/controller_manager/cmake/ament_cmake_export_dependencies-extras.cmake:21 (find_package)
  /opt/ros/jazzy/share/controller_manager/cmake/controller_managerConfig.cmake:41 (include)
  CMakeLists.txt:22 (find_package)


In file included from /home/gsylvia/agrobot-reverse-engineering/Agrobot/src/ros2_canopen/canopen_ros2_controllers/src/cia402_device_controller.cpp:15:
/home/gsylvia/agrobot-reverse-engineering/Agrobot/src/ros2_canopen/canopen_ros2_controllers/include/canopen_ros2_controllers/cia402_device_controller.hpp: In lambda function:
/home/gsylvia/agrobot-reverse-engineering/Agrobot/src/ros2_canopen/canopen_ros2_controllers/include/canopen_ros2_controllers/cia402_device_controller.hpp:100:45: warning: ignoring return value of ‘bool hardware_interface::LoanedCommandInterface::set_value(const T&, unsigned int) [with T = double]’, declared with attribute ‘nodiscard’ [-Wunused-result]
  100 |           command_interfaces_[cmd].set_value(kCommandValue);
      |           ~~~~~~~~~~~~~~~~~~~~~~~~~~~~~~~~~~^~~~~~~~~~~~~~~
In file included from /opt/ros/jazzy/include/controller_interface/controller_interface/controller_interface_base.hpp:29,
                 from /opt/ros/jazzy/include/controller_interface/controller_interface/controller_interface.hpp:21,
                 from /home/gsylvia/agrobot-reverse-engineering/Agrobot/src/ros2_canopen/canopen_ros2_controllers/include/canopen_ros2_controllers/canopen_proxy_controller.hpp:26,
                 from /home/gsylvia/agrobot-reverse-engineering/Agrobot/src/ros2_canopen/canopen_ros2_controllers/include/canopen_ros2_controllers/cia402_device_controller.hpp:19:
/opt/ros/jazzy/include/hardware_interface/hardware_interface/loaned_command_interface.hpp:117:22: note: declared here
  117 |   [[nodiscard]] bool set_value(const T & value, unsigned int max_tries = 10)
      |                      ^~~~~~~~~
/home/gsylvia/agrobot-reverse-engineering/Agrobot/src/ros2_canopen/canopen_ros2_controllers/include/canopen_ros2_controllers/cia402_device_controller.hpp:102:63: warning: ‘double hardware_interface::LoanedCommandInterface::get_value() const’ is deprecated: Use std::optional<T> get_optional() instead to retrieve the value. This method will be removed by the ROS 2 Kilted Kaiju release. [-Wdeprecated-declarations]
  102 |           while (std::isnan(command_interfaces_[fbk].get_value()) && rclcpp::ok())
      |                             ~~~~~~~~~~~~~~~~~~~~~~~~~~~~~~~~~~^~
/opt/ros/jazzy/include/hardware_interface/hardware_interface/loaned_command_interface.hpp:138:10: note: declared here
  138 |   double get_value() const
      |          ^~~~~~~~~
/home/gsylvia/agrobot-reverse-engineering/Agrobot/src/ros2_canopen/canopen_ros2_controllers/include/canopen_ros2_controllers/cia402_device_controller.hpp:108:83: warning: ‘double hardware_interface::LoanedCommandInterface::get_value() const’ is deprecated: Use std::optional<T> get_optional() instead to retrieve the value. This method will be removed by the ROS 2 Kilted Kaiju release. [-Wdeprecated-declarations]
  108 |           response->success = static_cast<bool>(command_interfaces_[fbk].get_value());
      |                                                 ~~~~~~~~~~~~~~~~~~~~~~~~~~~~~~~~~~^~
/opt/ros/jazzy/include/hardware_interface/hardware_interface/loaned_command_interface.hpp:138:10: note: declared here
  138 |   double get_value() const
      |          ^~~~~~~~~
/home/gsylvia/agrobot-reverse-engineering/Agrobot/src/ros2_canopen/canopen_ros2_controllers/include/canopen_ros2_controllers/cia402_device_controller.hpp:110:45: warning: ignoring return value of ‘bool hardware_interface::LoanedCommandInterface::set_value(const T&, unsigned int) [with T = double]’, declared with attribute ‘nodiscard’ [-Wunused-result]
  110 |           command_interfaces_[fbk].set_value(std::numeric_limits<double>::quiet_NaN());
      |           ~~~~~~~~~~~~~~~~~~~~~~~~~~~~~~~~~~^~~~~~~~~~~~~~~~~~~~~~~~~~~~~~~~~~~~~~~~~~
/opt/ros/jazzy/include/hardware_interface/hardware_interface/loaned_command_interface.hpp:117:22: note: declared here
  117 |   [[nodiscard]] bool set_value(const T & value, unsigned int max_tries = 10)
      |                      ^~~~~~~~~
/home/gsylvia/agrobot-reverse-engineering/Agrobot/src/ros2_canopen/canopen_ros2_controllers/include/canopen_ros2_controllers/cia402_device_controller.hpp:111:45: warning: ignoring return value of ‘bool hardware_interface::LoanedCommandInterface::set_value(const T&, unsigned int) [with T = double]’, declared with attribute ‘nodiscard’ [-Wunused-result]
  111 |           command_interfaces_[cmd].set_value(std::numeric_limits<double>::quiet_NaN());
      |           ~~~~~~~~~~~~~~~~~~~~~~~~~~~~~~~~~~^~~~~~~~~~~~~~~~~~~~~~~~~~~~~~~~~~~~~~~~~~
/opt/ros/jazzy/include/hardware_interface/hardware_interface/loaned_command_interface.hpp:117:22: note: declared here
  117 |   [[nodiscard]] bool set_value(const T & value, unsigned int max_tries = 10)
      |                      ^~~~~~~~~
/home/gsylvia/agrobot-reverse-engineering/Agrobot/src/ros2_canopen/canopen_ros2_controllers/src/canopen_proxy_controller.cpp: In lambda function:
/home/gsylvia/agrobot-reverse-engineering/Agrobot/src/ros2_canopen/canopen_ros2_controllers/src/canopen_proxy_controller.cpp:141:64: warning: ignoring return value of ‘bool hardware_interface::LoanedCommandInterface::set_value(const T&, unsigned int) [with T = double]’, declared with attribute ‘nodiscard’ [-Wunused-result]
  141 |     command_interfaces_[CommandInterfaces::NMT_RESET].set_value(kCommandValue);
      |     ~~~~~~~~~~~~~~~~~~~~~~~~~~~~~~~~~~~~~~~~~~~~~~~~~~~~~~~~~~~^~~~~~~~~~~~~~~
In file included from /opt/ros/jazzy/include/controller_interface/controller_interface/controller_interface_base.hpp:29,
                 from /opt/ros/jazzy/include/controller_interface/controller_interface/controller_interface.hpp:21,
                 from /home/gsylvia/agrobot-reverse-engineering/Agrobot/src/ros2_canopen/canopen_ros2_controllers/include/canopen_ros2_controllers/canopen_proxy_controller.hpp:26,
                 from /home/gsylvia/agrobot-reverse-engineering/Agrobot/src/ros2_canopen/canopen_ros2_controllers/src/canopen_proxy_controller.cpp:15:
/opt/ros/jazzy/include/hardware_interface/hardware_interface/loaned_command_interface.hpp:117:22: note: declared here
  117 |   [[nodiscard]] bool set_value(const T & value, unsigned int max_tries = 10)
      |                      ^~~~~~~~~
/home/gsylvia/agrobot-reverse-engineering/Agrobot/src/ros2_canopen/canopen_ros2_controllers/src/canopen_proxy_controller.cpp:143:83: warning: ‘double hardware_interface::LoanedCommandInterface::get_value() const’ is deprecated: Use std::optional<T> get_optional() instead to retrieve the value. This method will be removed by the ROS 2 Kilted Kaiju release. [-Wdeprecated-declarations]
  143 |     while (!std::isnan(command_interfaces_[CommandInterfaces::NMT_RESET].get_value()))
      |                        ~~~~~~~~~~~~~~~~~~~~~~~~~~~~~~~~~~~~~~~~~~~~~~~~~~~~~~~~~~~^~
/opt/ros/jazzy/include/hardware_interface/hardware_interface/loaned_command_interface.hpp:138:10: note: declared here
  138 |   double get_value() const
      |          ^~~~~~~~~
/home/gsylvia/agrobot-reverse-engineering/Agrobot/src/ros2_canopen/canopen_ros2_controllers/src/canopen_proxy_controller.cpp:150:88: warning: ‘double hardware_interface::LoanedCommandInterface::get_value() const’ is deprecated: Use std::optional<T> get_optional() instead to retrieve the value. This method will be removed by the ROS 2 Kilted Kaiju release. [-Wdeprecated-declarations]
  150 |       static_cast<bool>(command_interfaces_[CommandInterfaces::NMT_RESET_FBK].get_value());
      |                         ~~~~~~~~~~~~~~~~~~~~~~~~~~~~~~~~~~~~~~~~~~~~~~~~~~~~~~~~~~~~~~~^~
/opt/ros/jazzy/include/hardware_interface/hardware_interface/loaned_command_interface.hpp:138:10: note: declared here
  138 |   double get_value() const
      |          ^~~~~~~~~
/home/gsylvia/agrobot-reverse-engineering/Agrobot/src/ros2_canopen/canopen_ros2_controllers/src/canopen_proxy_controller.cpp:152:68: warning: ignoring return value of ‘bool hardware_interface::LoanedCommandInterface::set_value(const T&, unsigned int) [with T = double]’, declared with attribute ‘nodiscard’ [-Wunused-result]
  152 |     command_interfaces_[CommandInterfaces::NMT_RESET_FBK].set_value(
      |     ~~~~~~~~~~~~~~~~~~~~~~~~~~~~~~~~~~~~~~~~~~~~~~~~~~~~~~~~~~~~~~~^
  153 |       std::numeric_limits<double>::quiet_NaN());
      |       ~~~~~~~~~~~~~~~~~~~~~~~~~~~~~~~~~~~~~~~~~                     
/opt/ros/jazzy/include/hardware_interface/hardware_interface/loaned_command_interface.hpp:117:22: note: declared here
  117 |   [[nodiscard]] bool set_value(const T & value, unsigned int max_tries = 10)
      |                      ^~~~~~~~~
/home/gsylvia/agrobot-reverse-engineering/Agrobot/src/ros2_canopen/canopen_ros2_controllers/src/canopen_proxy_controller.cpp: In lambda function:
/home/gsylvia/agrobot-reverse-engineering/Agrobot/src/ros2_canopen/canopen_ros2_controllers/src/canopen_proxy_controller.cpp:166:64: warning: ignoring return value of ‘bool hardware_interface::LoanedCommandInterface::set_value(const T&, unsigned int) [with T = double]’, declared with attribute ‘nodiscard’ [-Wunused-result]
  166 |     command_interfaces_[CommandInterfaces::NMT_START].set_value(kCommandValue);
      |     ~~~~~~~~~~~~~~~~~~~~~~~~~~~~~~~~~~~~~~~~~~~~~~~~~~~~~~~~~~~^~~~~~~~~~~~~~~
/opt/ros/jazzy/include/hardware_interface/hardware_interface/loaned_command_interface.hpp:117:22: note: declared here
  117 |   [[nodiscard]] bool set_value(const T & value, unsigned int max_tries = 10)
      |                      ^~~~~~~~~
/home/gsylvia/agrobot-reverse-engineering/Agrobot/src/ros2_canopen/canopen_ros2_controllers/src/canopen_proxy_controller.cpp:168:83: warning: ‘double hardware_interface::LoanedCommandInterface::get_value() const’ is deprecated: Use std::optional<T> get_optional() instead to retrieve the value. This method will be removed by the ROS 2 Kilted Kaiju release. [-Wdeprecated-declarations]
  168 |     while (!std::isnan(command_interfaces_[CommandInterfaces::NMT_START].get_value()))
      |                        ~~~~~~~~~~~~~~~~~~~~~~~~~~~~~~~~~~~~~~~~~~~~~~~~~~~~~~~~~~~^~
/opt/ros/jazzy/include/hardware_interface/hardware_interface/loaned_command_interface.hpp:138:10: note: declared here
  138 |   double get_value() const
      |          ^~~~~~~~~
/home/gsylvia/agrobot-reverse-engineering/Agrobot/src/ros2_canopen/canopen_ros2_controllers/src/canopen_proxy_controller.cpp:175:88: warning: ‘double hardware_interface::LoanedCommandInterface::get_value() const’ is deprecated: Use std::optional<T> get_optional() instead to retrieve the value. This method will be removed by the ROS 2 Kilted Kaiju release. [-Wdeprecated-declarations]
  175 |       static_cast<bool>(command_interfaces_[CommandInterfaces::NMT_START_FBK].get_value());
      |                         ~~~~~~~~~~~~~~~~~~~~~~~~~~~~~~~~~~~~~~~~~~~~~~~~~~~~~~~~~~~~~~~^~
/opt/ros/jazzy/include/hardware_interface/hardware_interface/loaned_command_interface.hpp:138:10: note: declared here
  138 |   double get_value() const
      |          ^~~~~~~~~
/home/gsylvia/agrobot-reverse-engineering/Agrobot/src/ros2_canopen/canopen_ros2_controllers/src/canopen_proxy_controller.cpp:177:68: warning: ignoring return value of ‘bool hardware_interface::LoanedCommandInterface::set_value(const T&, unsigned int) [with T = double]’, declared with attribute ‘nodiscard’ [-Wunused-result]
  177 |     command_interfaces_[CommandInterfaces::NMT_START_FBK].set_value(
      |     ~~~~~~~~~~~~~~~~~~~~~~~~~~~~~~~~~~~~~~~~~~~~~~~~~~~~~~~~~~~~~~~^
  178 |       std::numeric_limits<double>::quiet_NaN());
      |       ~~~~~~~~~~~~~~~~~~~~~~~~~~~~~~~~~~~~~~~~~                     
/opt/ros/jazzy/include/hardware_interface/hardware_interface/loaned_command_interface.hpp:117:22: note: declared here
  117 |   [[nodiscard]] bool set_value(const T & value, unsigned int max_tries = 10)
      |                      ^~~~~~~~~
/home/gsylvia/agrobot-reverse-engineering/Agrobot/src/ros2_canopen/canopen_ros2_controllers/src/canopen_proxy_controller.cpp: In member function ‘virtual controller_interface::CallbackReturn canopen_ros2_controllers::CanopenProxyController::on_deactivate(const rclcpp_lifecycle::State&)’:
/home/gsylvia/agrobot-reverse-engineering/Agrobot/src/ros2_canopen/canopen_ros2_controllers/src/canopen_proxy_controller.cpp:257:37: warning: ignoring return value of ‘bool hardware_interface::LoanedCommandInterface::set_value(const T&, unsigned int) [with T = double]’, declared with attribute ‘nodiscard’ [-Wunused-result]
  257 |     command_interfaces_[i].set_value(std::numeric_limits<double>::quiet_NaN());
      |     ~~~~~~~~~~~~~~~~~~~~~~~~~~~~~~~~^~~~~~~~~~~~~~~~~~~~~~~~~~~~~~~~~~~~~~~~~~
/opt/ros/jazzy/include/hardware_interface/hardware_interface/loaned_command_interface.hpp:117:22: note: declared here
  117 |   [[nodiscard]] bool set_value(const T & value, unsigned int max_tries = 10)
      |                      ^~~~~~~~~
/home/gsylvia/agrobot-reverse-engineering/Agrobot/src/ros2_canopen/canopen_ros2_controllers/src/canopen_proxy_controller.cpp: In member function ‘virtual controller_interface::return_type canopen_ros2_controllers::CanopenProxyController::update(const rclcpp::Time&, const rclcpp::Duration&)’:
/home/gsylvia/agrobot-reverse-engineering/Agrobot/src/ros2_canopen/canopen_ros2_controllers/src/canopen_proxy_controller.cpp:269:94: warning: ‘double hardware_interface::LoanedStateInterface::get_value() const’ is deprecated: Use std::optional<T> get_optional() instead to retrieve the value. This method will be removed by the ROS 2 Kilted Kaiju release. [-Wdeprecated-declarations]
  269 |     auto nmt_state = static_cast<int>(state_interfaces_[StateInterfaces::NMT_STATE].get_value());
      |                                       ~~~~~~~~~~~~~~~~~~~~~~~~~~~~~~~~~~~~~~~~~~~~~~~~~~~~~~~^~
In file included from /opt/ros/jazzy/include/controller_interface/controller_interface/controller_interface_base.hpp:30:
/opt/ros/jazzy/include/hardware_interface/hardware_interface/loaned_state_interface.hpp:98:10: note: declared here
   98 |   double get_value() const
      |          ^~~~~~~~~
/home/gsylvia/agrobot-reverse-engineering/Agrobot/src/ros2_canopen/canopen_ros2_controllers/src/canopen_proxy_controller.cpp:313:85: warning: ‘double hardware_interface::LoanedStateInterface::get_value() const’ is deprecated: Use std::optional<T> get_optional() instead to retrieve the value. This method will be removed by the ROS 2 Kilted Kaiju release. [-Wdeprecated-declarations]
  313 |       static_cast<uint16_t>(state_interfaces_[StateInterfaces::RPDO_INDEX].get_value());
      |                             ~~~~~~~~~~~~~~~~~~~~~~~~~~~~~~~~~~~~~~~~~~~~~~~~~~~~~~~~^~
/opt/ros/jazzy/include/hardware_interface/hardware_interface/loaned_state_interface.hpp:98:10: note: declared here
   98 |   double get_value() const
      |          ^~~~~~~~~
/home/gsylvia/agrobot-reverse-engineering/Agrobot/src/ros2_canopen/canopen_ros2_controllers/src/canopen_proxy_controller.cpp:315:87: warning: ‘double hardware_interface::LoanedStateInterface::get_value() const’ is deprecated: Use std::optional<T> get_optional() instead to retrieve the value. This method will be removed by the ROS 2 Kilted Kaiju release. [-Wdeprecated-declarations]
  315 |       static_cast<uint8_t>(state_interfaces_[StateInterfaces::RPDO_SUBINDEX].get_value());
      |                            ~~~~~~~~~~~~~~~~~~~~~~~~~~~~~~~~~~~~~~~~~~~~~~~~~~~~~~~~~~~^~
/opt/ros/jazzy/include/hardware_interface/hardware_interface/loaned_state_interface.hpp:98:10: note: declared here
   98 |   double get_value() const
      |          ^~~~~~~~~
/home/gsylvia/agrobot-reverse-engineering/Agrobot/src/ros2_canopen/canopen_ros2_controllers/src/canopen_proxy_controller.cpp:317:84: warning: ‘double hardware_interface::LoanedStateInterface::get_value() const’ is deprecated: Use std::optional<T> get_optional() instead to retrieve the value. This method will be removed by the ROS 2 Kilted Kaiju release. [-Wdeprecated-declarations]
  317 |       static_cast<uint32_t>(state_interfaces_[StateInterfaces::RPDO_DATA].get_value());
      |                             ~~~~~~~~~~~~~~~~~~~~~~~~~~~~~~~~~~~~~~~~~~~~~~~~~~~~~~~^~
/opt/ros/jazzy/include/hardware_interface/hardware_interface/loaned_state_interface.hpp:98:10: note: declared here
   98 |   double get_value() const
      |          ^~~~~~~~~
/home/gsylvia/agrobot-reverse-engineering/Agrobot/src/ros2_canopen/canopen_ros2_controllers/src/canopen_proxy_controller.cpp:330:65: warning: ignoring return value of ‘bool hardware_interface::LoanedCommandInterface::set_value(const T&, unsigned int) [with T = double]’, declared with attribute ‘nodiscard’ [-Wunused-result]
  330 |     command_interfaces_[CommandInterfaces::TPDO_INDEX].set_value(
      |     ~~~~~~~~~~~~~~~~~~~~~~~~~~~~~~~~~~~~~~~~~~~~~~~~~~~~~~~~~~~~^
  331 |       static_cast<double>((*current_cmd)->index));
      |       ~~~~~~~~~~~~~~~~~~~~~~~~~~~~~~~~~~~~~~~~~~~                
/opt/ros/jazzy/include/hardware_interface/hardware_interface/loaned_command_interface.hpp:117:22: note: declared here
  117 |   [[nodiscard]] bool set_value(const T & value, unsigned int max_tries = 10)
      |                      ^~~~~~~~~
/home/gsylvia/agrobot-reverse-engineering/Agrobot/src/ros2_canopen/canopen_ros2_controllers/src/canopen_proxy_controller.cpp:332:68: warning: ignoring return value of ‘bool hardware_interface::LoanedCommandInterface::set_value(const T&, unsigned int) [with T = double]’, declared with attribute ‘nodiscard’ [-Wunused-result]
  332 |     command_interfaces_[CommandInterfaces::TPDO_SUBINDEX].set_value(
      |     ~~~~~~~~~~~~~~~~~~~~~~~~~~~~~~~~~~~~~~~~~~~~~~~~~~~~~~~~~~~~~~~^
  333 |       static_cast<double>((*current_cmd)->subindex));
      |       ~~~~~~~~~~~~~~~~~~~~~~~~~~~~~~~~~~~~~~~~~~~~~~                
/opt/ros/jazzy/include/hardware_interface/hardware_interface/loaned_command_interface.hpp:117:22: note: declared here
  117 |   [[nodiscard]] bool set_value(const T & value, unsigned int max_tries = 10)
      |                      ^~~~~~~~~
/home/gsylvia/agrobot-reverse-engineering/Agrobot/src/ros2_canopen/canopen_ros2_controllers/src/canopen_proxy_controller.cpp:334:64: warning: ignoring return value of ‘bool hardware_interface::LoanedCommandInterface::set_value(const T&, unsigned int) [with T = double]’, declared with attribute ‘nodiscard’ [-Wunused-result]
  334 |     command_interfaces_[CommandInterfaces::TPDO_DATA].set_value(
      |     ~~~~~~~~~~~~~~~~~~~~~~~~~~~~~~~~~~~~~~~~~~~~~~~~~~~~~~~~~~~^
  335 |       static_cast<double>((*current_cmd)->data));
      |       ~~~~~~~~~~~~~~~~~~~~~~~~~~~~~~~~~~~~~~~~~~                
/opt/ros/jazzy/include/hardware_interface/hardware_interface/loaned_command_interface.hpp:117:22: note: declared here
  117 |   [[nodiscard]] bool set_value(const T & value, unsigned int max_tries = 10)
      |                      ^~~~~~~~~
/home/gsylvia/agrobot-reverse-engineering/Agrobot/src/ros2_canopen/canopen_ros2_controllers/src/canopen_proxy_controller.cpp:337:63: warning: ignoring return value of ‘bool hardware_interface::LoanedCommandInterface::set_value(const T&, unsigned int) [with T = double]’, declared with attribute ‘nodiscard’ [-Wunused-result]
  337 |     command_interfaces_[CommandInterfaces::TPDO_ONS].set_value(kCommandValue);
      |     ~~~~~~~~~~~~~~~~~~~~~~~~~~~~~~~~~~~~~~~~~~~~~~~~~~~~~~~~~~^~~~~~~~~~~~~~~
/opt/ros/jazzy/include/hardware_interface/hardware_interface/loaned_command_interface.hpp:117:22: note: declared here
  117 |   [[nodiscard]] bool set_value(const T & value, unsigned int max_tries = 10)
      |                      ^~~~~~~~~
---
Finished <<< canopen_ros2_controllers [16.5s]
Starting >>> canopen_tests
-- The C compiler identification is GNU 13.3.0
-- The CXX compiler identification is GNU 13.3.0
-- Detecting C compiler ABI info
-- Detecting C compiler ABI info - done
-- Check for working C compiler: /usr/bin/cc - skipped
-- Detecting C compile features
-- Detecting C compile features - done
-- Detecting CXX compiler ABI info
-- Detecting CXX compiler ABI info - done
-- Check for working CXX compiler: /usr/bin/c++ - skipped
-- Detecting CXX compile features
-- Detecting CXX compile features - done
-- Found ament_cmake: 2.5.6 (/opt/ros/jazzy/share/ament_cmake/cmake)
-- Found Python3: /usr/bin/python3 (found version "3.12.3") found components: Interpreter 
-- Found lely_core_libraries: 0.3.1 (/tmp/agrobot-next-build-ybgPHn/install/lely_core_libraries/share/lely_core_libraries/cmake)
-- Configuring done (2.5s)
-- Generating done (0.0s)
-- Build files have been written to: /tmp/agrobot-next-build-ybgPHn/build/canopen_tests
Built target simple_diagnostics_prepare
Built target simple_prepare
Built target canopen_system_prepare
Built target cia402_prepare
Built target cia402_system_prepare
Built target cia402_diagnostics_prepare
Built target cia402_lifecycle_prepare
Built target cia402_namespaced_system_prepare
Built target simple_lifecycle_prepare
Built target robot_control_prepare
Built target canopen_system
Built target simple_lifecycle
cia402_device_1: writing 4 bytes to 0x1400/1: 02 02 00 80
cia402_device_1: writing 1 bytes to 0x1600/0: 00
cia402_device_1: writing 4 bytes to 0x1600/1: 10 00 40 60
cia402_device_1: writing 4 bytes to 0x1600/2: 08 00 60 60
cia402_device_1: writing 1 bytes to 0x1600/0: 02
cia402_device_1: writing 4 bytes to 0x1400/1: 02 02 00 00
cia402_device_1: writing 4 bytes to 0x1401/1: 02 03 00 80
cia402_device_1: writing 1 bytes to 0x1601/0: 00
cia402_device_1: writing 4 bytes to 0x1601/1: 20 00 7A 60
cia402_device_1: writing 4 bytes to 0x1601/2: 20 00 FF 60
cia402_device_1: writing 1 bytes to 0x1601/0: 02
cia402_device_1: writing 4 bytes to 0x1401/1: 02 03 00 00
cia402_device_1: writing 4 bytes to 0x1800/1: 82 01 00 80
cia402_device_1: writing 1 bytes to 0x1A00/0: 00
cia402_device_1: writing 4 bytes to 0x1A00/1: 10 00 41 60
cia402_device_1: writing 4 bytes to 0x1A00/2: 08 00 61 60
cia402_device_1: writing 1 bytes to 0x1A00/0: 02
cia402_device_1: writing 4 bytes to 0x1800/1: 82 01 00 00
cia402_device_1: writing 4 bytes to 0x1801/1: 82 02 00 80
cia402_device_1: writing 1 bytes to 0x1A01/0: 00
cia402_device_1: writing 4 bytes to 0x1A01/1: 20 00 64 60
cia402_device_1: writing 4 bytes to 0x1A01/2: 20 00 6C 60
cia402_device_1: writing 1 bytes to 0x1A01/0: 02
cia402_device_1: writing 4 bytes to 0x1801/1: 82 02 00 00
cia402_device_1: writing 4 bytes to 0x1802/1: 82 03 00 C0
cia402_device_1: writing 1 bytes to 0x60C2/1: 32
cia402_device_1: writing 1 bytes to 0x60C2/2: FD
Built target simple
Built target cia402_lifecycle
joint_1: writing 4 bytes to 0x1400/1: 02 02 00 80
joint_1: writing 1 bytes to 0x1600/0: 00
joint_1: writing 4 bytes to 0x1600/1: 10 00 40 60
joint_1: writing 4 bytes to 0x1600/2: 08 00 60 60
joint_1: writing 1 bytes to 0x1600/0: 02
joint_1: writing 4 bytes to 0x1400/1: 02 02 00 00
joint_1: writing 4 bytes to 0x1401/1: 02 03 00 80
joint_1: writing 1 bytes to 0x1601/0: 00
joint_1: writing 4 bytes to 0x1601/1: 20 00 7A 60
joint_1: writing 1 bytes to 0x1601/0: 01
joint_1: writing 4 bytes to 0x1401/1: 02 03 00 00
joint_1: writing 4 bytes to 0x1800/1: 82 01 00 80
joint_1: writing 1 bytes to 0x1800/2: 01
joint_1: writing 1 bytes to 0x1A00/0: 00
joint_1: writing 4 bytes to 0x1A00/1: 10 00 41 60
joint_1: writing 4 bytes to 0x1A00/2: 08 00 61 60
joint_1: writing 1 bytes to 0x1A00/0: 02
joint_1: writing 4 bytes to 0x1800/1: 82 01 00 00
joint_1: writing 4 bytes to 0x1801/1: 82 02 00 80
joint_1: writing 1 bytes to 0x1801/2: 01
joint_1: writing 1 bytes to 0x1A01/0: 00
joint_1: writing 4 bytes to 0x1A01/1: 20 00 64 60
joint_1: writing 4 bytes to 0x1A01/2: 20 00 6C 60
joint_1: writing 1 bytes to 0x1A01/0: 02
joint_1: writing 4 bytes to 0x1801/1: 82 02 00 00
joint_1: writing 1 bytes to 0x60C2/1: 32
joint_1: writing 1 bytes to 0x60C2/2: FD
joint_1: writing 4 bytes to 0x6081/0: E8 03 00 00
joint_1: writing 4 bytes to 0x6083/0: D0 07 00 00
joint_1: writing 1 bytes to 0x6060/0: 07
joint_2: writing 4 bytes to 0x1400/1: 03 02 00 80
joint_2: writing 1 bytes to 0x1600/0: 00
joint_2: writing 4 bytes to 0x1600/1: 10 00 40 60
joint_2: writing 4 bytes to 0x1600/2: 08 00 60 60
joint_2: writing 1 bytes to 0x1600/0: 02
joint_2: writing 4 bytes to 0x1400/1: 03 02 00 00
joint_2: writing 4 bytes to 0x1401/1: 03 03 00 80
joint_2: writing 1 bytes to 0x1601/0: 00
joint_2: writing 4 bytes to 0x1601/1: 20 00 7A 60
joint_2: writing 1 bytes to 0x1601/0: 01
joint_2: writing 4 bytes to 0x1401/1: 03 03 00 00
joint_2: writing 4 bytes to 0x1800/1: 83 01 00 80
joint_2: writing 1 bytes to 0x1800/2: 01
joint_2: writing 1 bytes to 0x1A00/0: 00
joint_2: writing 4 bytes to 0x1A00/1: 10 00 41 60
joint_2: writing 4 bytes to 0x1A00/2: 08 00 61 60
joint_2: writing 1 bytes to 0x1A00/0: 02
joint_2: writing 4 bytes to 0x1800/1: 83 01 00 00
joint_2: writing 4 bytes to 0x1801/1: 83 02 00 80
joint_2: writing 1 bytes to 0x1801/2: 01
joint_2: writing 1 bytes to 0x1A01/0: 00
joint_2: writing 4 bytes to 0x1A01/1: 20 00 64 60
joint_2: writing 4 bytes to 0x1A01/2: 20 00 6C 60
joint_2: writing 1 bytes to 0x1A01/0: 02
joint_2: writing 4 bytes to 0x1801/1: 83 02 00 00
joint_2: writing 1 bytes to 0x60C2/1: 32
joint_2: writing 1 bytes to 0x60C2/2: FD
joint_2: writing 4 bytes to 0x6081/0: E8 03 00 00
joint_2: writing 4 bytes to 0x6083/0: D0 07 00 00
joint_2: writing 1 bytes to 0x6060/0: 07
Built target robot_control
cia402_device_1: writing 1 bytes to 0x1600/0: 00
cia402_device_1: writing 4 bytes to 0x1600/1: 10 00 40 60
cia402_device_1: writing 4 bytes to 0x1600/2: 08 00 60 60
cia402_device_1: writing 1 bytes to 0x1600/0: 02
cia402_device_1: writing 4 bytes to 0x1400/1: 02 02 00 00
cia402_device_1: writing 1 bytes to 0x1601/0: 00
cia402_device_1: writing 4 bytes to 0x1601/1: 20 00 7A 60
cia402_device_1: writing 4 bytes to 0x1601/2: 20 00 FF 60
cia402_device_1: writing 1 bytes to 0x1601/0: 02
cia402_device_1: writing 4 bytes to 0x1401/1: 02 03 00 00
cia402_device_1: writing 1 bytes to 0x1A00/0: 00
cia402_device_1: writing 4 bytes to 0x1A00/1: 10 00 41 60
cia402_device_1: writing 4 bytes to 0x1A00/2: 08 00 61 60
cia402_device_1: writing 1 bytes to 0x1A00/0: 02
cia402_device_1: writing 4 bytes to 0x1800/1: 82 01 00 00
cia402_device_1: writing 1 bytes to 0x1A01/0: 00
cia402_device_1: writing 4 bytes to 0x1A01/1: 20 00 64 60
cia402_device_1: writing 4 bytes to 0x1A01/2: 20 00 6C 60
cia402_device_1: writing 1 bytes to 0x1A01/0: 02
cia402_device_1: writing 4 bytes to 0x1801/1: 82 02 00 00
cia402_device_1: writing 1 bytes to 0x60C2/1: 32
cia402_device_1: writing 1 bytes to 0x60C2/2: FD
cia402_device_1: writing 4 bytes to 0x6081/0: E8 03 00 00
cia402_device_1: writing 4 bytes to 0x6083/0: D0 07 00 00
Built target simple_diagnostics
cia402_device_1: writing 1 bytes to 0x1600/0: 00
cia402_device_1: writing 4 bytes to 0x1600/1: 10 00 40 60
cia402_device_1: writing 4 bytes to 0x1600/2: 08 00 60 60
cia402_device_1: writing 1 bytes to 0x1600/0: 02
cia402_device_1: writing 4 bytes to 0x1400/1: 02 02 00 00
cia402_device_1: writing 1 bytes to 0x1601/0: 00
cia402_device_1: writing 4 bytes to 0x1601/1: 20 00 7A 60
cia402_device_1: writing 4 bytes to 0x1601/2: 20 00 FF 60
cia402_device_1: writing 1 bytes to 0x1601/0: 02
cia402_device_1: writing 4 bytes to 0x1401/1: 02 03 00 00
cia402_device_1: writing 1 bytes to 0x1A00/0: 00
cia402_device_1: writing 4 bytes to 0x1A00/1: 10 00 41 60
cia402_device_1: writing 4 bytes to 0x1A00/2: 08 00 61 60
cia402_device_1: writing 1 bytes to 0x1A00/0: 02
cia402_device_1: writing 4 bytes to 0x1800/1: 82 01 00 00
cia402_device_1: writing 1 bytes to 0x1A01/0: 00
cia402_device_1: writing 4 bytes to 0x1A01/1: 20 00 64 60
cia402_device_1: writing 4 bytes to 0x1A01/2: 20 00 6C 60
cia402_device_1: writing 1 bytes to 0x1A01/0: 02
cia402_device_1: writing 4 bytes to 0x1801/1: 82 02 00 00
cia402_device_1: writing 1 bytes to 0x60C2/1: 32
cia402_device_1: writing 1 bytes to 0x60C2/2: FD
cia402_device_1: writing 4 bytes to 0x6081/0: E8 03 00 00
cia402_device_1: writing 4 bytes to 0x6083/0: D0 07 00 00
cia402_device_1: writing 1 bytes to 0x1600/0: 00
cia402_device_1: writing 4 bytes to 0x1600/1: 10 00 40 60
cia402_device_1: writing 4 bytes to 0x1600/2: 08 00 60 60
cia402_device_1: writing 1 bytes to 0x1600/0: 02
cia402_device_1: writing 4 bytes to 0x1400/1: 02 02 00 00
cia402_device_1: writing 1 bytes to 0x1601/0: 00
cia402_device_1: writing 4 bytes to 0x1601/1: 20 00 7A 60
cia402_device_1: writing 4 bytes to 0x1601/2: 20 00 FF 60
cia402_device_1: writing 1 bytes to 0x1601/0: 02
cia402_device_1: writing 4 bytes to 0x1401/1: 02 03 00 00
cia402_device_1: writing 1 bytes to 0x1A00/0: 00
cia402_device_1: writing 4 bytes to 0x1A00/1: 10 00 41 60
cia402_device_1: writing 4 bytes to 0x1A00/2: 08 00 61 60
cia402_device_1: writing 1 bytes to 0x1A00/0: 02
cia402_device_1: writing 4 bytes to 0x1800/1: 82 01 00 00
cia402_device_1: writing 1 bytes to 0x1A01/0: 00
cia402_device_1: writing 4 bytes to 0x1A01/1: 20 00 64 60
cia402_device_1: writing 4 bytes to 0x1A01/2: 20 00 6C 60
cia402_device_1: writing 1 bytes to 0x1A01/0: 02
cia402_device_1: writing 4 bytes to 0x1801/1: 82 02 00 00
cia402_device_1: writing 1 bytes to 0x60C2/1: 32
cia402_device_1: writing 1 bytes to 0x60C2/2: FD
cia402_device_1: writing 4 bytes to 0x6081/0: E8 03 00 00
cia402_device_1: writing 4 bytes to 0x6083/0: D0 07 00 00
Built target cia402_system
Built target cia402
Built target cia402_namespaced_system
cia402_device_1: writing 1 bytes to 0x1600/0: 00
cia402_device_1: writing 4 bytes to 0x1600/1: 10 00 40 60
cia402_device_1: writing 4 bytes to 0x1600/2: 08 00 60 60
cia402_device_1: writing 1 bytes to 0x1600/0: 02
cia402_device_1: writing 4 bytes to 0x1400/1: 02 02 00 00
cia402_device_1: writing 1 bytes to 0x1601/0: 00
cia402_device_1: writing 4 bytes to 0x1601/1: 20 00 7A 60
cia402_device_1: writing 4 bytes to 0x1601/2: 20 00 FF 60
cia402_device_1: writing 1 bytes to 0x1601/0: 02
cia402_device_1: writing 4 bytes to 0x1401/1: 02 03 00 00
cia402_device_1: writing 1 bytes to 0x1A00/0: 00
cia402_device_1: writing 4 bytes to 0x1A00/1: 10 00 41 60
cia402_device_1: writing 4 bytes to 0x1A00/2: 08 00 61 60
cia402_device_1: writing 1 bytes to 0x1A00/0: 02
cia402_device_1: writing 4 bytes to 0x1800/1: 82 01 00 00
cia402_device_1: writing 1 bytes to 0x1A01/0: 00
cia402_device_1: writing 4 bytes to 0x1A01/1: 20 00 64 60
cia402_device_1: writing 4 bytes to 0x1A01/2: 20 00 6C 60
cia402_device_1: writing 1 bytes to 0x1A01/0: 02
cia402_device_1: writing 4 bytes to 0x1801/1: 82 02 00 00
cia402_device_1: writing 1 bytes to 0x60C2/1: 32
cia402_device_1: writing 1 bytes to 0x60C2/2: FD
cia402_device_1: writing 4 bytes to 0x6081/0: E8 03 00 00
cia402_device_1: writing 4 bytes to 0x6083/0: D0 07 00 00
cia402_device_2: writing 1 bytes to 0x1600/0: 00
cia402_device_2: writing 4 bytes to 0x1600/1: 10 00 40 60
cia402_device_2: writing 4 bytes to 0x1600/2: 08 00 60 60
cia402_device_2: writing 1 bytes to 0x1600/0: 02
cia402_device_2: writing 4 bytes to 0x1400/1: 03 02 00 00
cia402_device_2: writing 1 bytes to 0x1601/0: 00
cia402_device_2: writing 4 bytes to 0x1601/1: 20 00 7A 60
cia402_device_2: writing 4 bytes to 0x1601/2: 20 00 FF 60
cia402_device_2: writing 1 bytes to 0x1601/0: 02
cia402_device_2: writing 4 bytes to 0x1401/1: 03 03 00 00
cia402_device_2: writing 1 bytes to 0x1A00/0: 00
cia402_device_2: writing 4 bytes to 0x1A00/1: 10 00 41 60
cia402_device_2: writing 4 bytes to 0x1A00/2: 08 00 61 60
cia402_device_2: writing 1 bytes to 0x1A00/0: 02
cia402_device_2: writing 4 bytes to 0x1800/1: 83 01 00 00
cia402_device_2: writing 1 bytes to 0x1A01/0: 00
cia402_device_2: writing 4 bytes to 0x1A01/1: 20 00 64 60
cia402_device_2: writing 4 bytes to 0x1A01/2: 20 00 6C 60
cia402_device_2: writing 1 bytes to 0x1A01/0: 02
cia402_device_2: writing 4 bytes to 0x1801/1: 83 02 00 00
cia402_device_2: writing 1 bytes to 0x60C2/1: 32
cia402_device_2: writing 1 bytes to 0x60C2/2: FD
cia402_device_2: writing 4 bytes to 0x6081/0: E8 03 00 00
cia402_device_2: writing 4 bytes to 0x6083/0: D0 07 00 00
cia402_device_3: writing 1 bytes to 0x1600/0: 00
cia402_device_3: writing 4 bytes to 0x1600/1: 10 00 40 60
cia402_device_3: writing 4 bytes to 0x1600/2: 08 00 60 60
cia402_device_3: writing 1 bytes to 0x1600/0: 02
cia402_device_3: writing 4 bytes to 0x1400/1: 04 02 00 00
cia402_device_3: writing 1 bytes to 0x1601/0: 00
cia402_device_3: writing 4 bytes to 0x1601/1: 20 00 7A 60
cia402_device_3: writing 4 bytes to 0x1601/2: 20 00 FF 60
cia402_device_3: writing 1 bytes to 0x1601/0: 02
cia402_device_3: writing 4 bytes to 0x1401/1: 04 03 00 00
cia402_device_3: writing 1 bytes to 0x1A00/0: 00
cia402_device_3: writing 4 bytes to 0x1A00/1: 10 00 41 60
cia402_device_3: writing 4 bytes to 0x1A00/2: 08 00 61 60
cia402_device_3: writing 1 bytes to 0x1A00/0: 02
cia402_device_3: writing 4 bytes to 0x1800/1: 84 01 00 00
cia402_device_3: writing 1 bytes to 0x1A01/0: 00
cia402_device_3: writing 4 bytes to 0x1A01/1: 20 00 64 60
cia402_device_3: writing 4 bytes to 0x1A01/2: 20 00 6C 60
cia402_device_3: writing 1 bytes to 0x1A01/0: 02
cia402_device_3: writing 4 bytes to 0x1801/1: 84 02 00 00
cia402_device_3: writing 1 bytes to 0x60C2/1: 32
cia402_device_3: writing 1 bytes to 0x60C2/2: FD
cia402_device_3: writing 4 bytes to 0x6081/0: E8 03 00 00
cia402_device_3: writing 4 bytes to 0x6083/0: D0 07 00 00
Built target cia402_diagnostics
-- Install configuration: ""
-- Installing: /tmp/agrobot-next-build-ybgPHn/install/canopen_tests/share/canopen_tests/config/simple/
-- Installing: /tmp/agrobot-next-build-ybgPHn/install/canopen_tests/share/canopen_tests/config/simple//simple.eds
-- Up-to-date: /tmp/agrobot-next-build-ybgPHn/install/canopen_tests/share/canopen_tests/config/simple/
-- Installing: /tmp/agrobot-next-build-ybgPHn/install/canopen_tests/share/canopen_tests/config/simple//bus.yml
-- Installing: /tmp/agrobot-next-build-ybgPHn/install/canopen_tests/share/canopen_tests/config/simple//master.dcf
-- Installing: /tmp/agrobot-next-build-ybgPHn/install/canopen_tests/share/canopen_tests/config/canopen_system/
-- Installing: /tmp/agrobot-next-build-ybgPHn/install/canopen_tests/share/canopen_tests/config/canopen_system//simple.eds
-- Installing: /tmp/agrobot-next-build-ybgPHn/install/canopen_tests/share/canopen_tests/config/canopen_system//ros2_controllers.yaml
-- Up-to-date: /tmp/agrobot-next-build-ybgPHn/install/canopen_tests/share/canopen_tests/config/canopen_system/
-- Installing: /tmp/agrobot-next-build-ybgPHn/install/canopen_tests/share/canopen_tests/config/canopen_system//bus.yml
-- Installing: /tmp/agrobot-next-build-ybgPHn/install/canopen_tests/share/canopen_tests/config/canopen_system//master.dcf
-- Installing: /tmp/agrobot-next-build-ybgPHn/install/canopen_tests/share/canopen_tests/config/cia402_system/
-- Installing: /tmp/agrobot-next-build-ybgPHn/install/canopen_tests/share/canopen_tests/config/cia402_system//cia402_slave.eds
-- Installing: /tmp/agrobot-next-build-ybgPHn/install/canopen_tests/share/canopen_tests/config/cia402_system//ros2_controllers.yaml
-- Up-to-date: /tmp/agrobot-next-build-ybgPHn/install/canopen_tests/share/canopen_tests/config/cia402_system/
-- Installing: /tmp/agrobot-next-build-ybgPHn/install/canopen_tests/share/canopen_tests/config/cia402_system//bus.yml
-- Installing: /tmp/agrobot-next-build-ybgPHn/install/canopen_tests/share/canopen_tests/config/cia402_system//preprocessed_bus.yml
-- Installing: /tmp/agrobot-next-build-ybgPHn/install/canopen_tests/share/canopen_tests/config/cia402_system//master.dcf
-- Installing: /tmp/agrobot-next-build-ybgPHn/install/canopen_tests/share/canopen_tests/config/cia402_system//cia402_device_1.bin
-- Installing: /tmp/agrobot-next-build-ybgPHn/install/canopen_tests/share/canopen_tests/config/cia402_namespaced_system/
-- Installing: /tmp/agrobot-next-build-ybgPHn/install/canopen_tests/share/canopen_tests/config/cia402_namespaced_system//cia402_slave.eds
-- Installing: /tmp/agrobot-next-build-ybgPHn/install/canopen_tests/share/canopen_tests/config/cia402_namespaced_system//ros2_controllers.yaml
-- Up-to-date: /tmp/agrobot-next-build-ybgPHn/install/canopen_tests/share/canopen_tests/config/cia402_namespaced_system/
-- Installing: /tmp/agrobot-next-build-ybgPHn/install/canopen_tests/share/canopen_tests/config/cia402_namespaced_system//bus.yml
-- Installing: /tmp/agrobot-next-build-ybgPHn/install/canopen_tests/share/canopen_tests/config/cia402_namespaced_system//preprocessed_bus.yml
-- Installing: /tmp/agrobot-next-build-ybgPHn/install/canopen_tests/share/canopen_tests/config/cia402_namespaced_system//master.dcf
-- Installing: /tmp/agrobot-next-build-ybgPHn/install/canopen_tests/share/canopen_tests/config/cia402_namespaced_system//cia402_device_1.bin
-- Installing: /tmp/agrobot-next-build-ybgPHn/install/canopen_tests/share/canopen_tests/config/cia402/
-- Installing: /tmp/agrobot-next-build-ybgPHn/install/canopen_tests/share/canopen_tests/config/cia402//cia402_slave.eds
-- Up-to-date: /tmp/agrobot-next-build-ybgPHn/install/canopen_tests/share/canopen_tests/config/cia402/
-- Installing: /tmp/agrobot-next-build-ybgPHn/install/canopen_tests/share/canopen_tests/config/cia402//bus.yml
-- Installing: /tmp/agrobot-next-build-ybgPHn/install/canopen_tests/share/canopen_tests/config/cia402//preprocessed_bus.yml
-- Installing: /tmp/agrobot-next-build-ybgPHn/install/canopen_tests/share/canopen_tests/config/cia402//master.dcf
-- Installing: /tmp/agrobot-next-build-ybgPHn/install/canopen_tests/share/canopen_tests/config/cia402//cia402_device_1.bin
-- Installing: /tmp/agrobot-next-build-ybgPHn/install/canopen_tests/share/canopen_tests/config/cia402_lifecycle/
-- Installing: /tmp/agrobot-next-build-ybgPHn/install/canopen_tests/share/canopen_tests/config/cia402_lifecycle//cia402_slave.eds
-- Up-to-date: /tmp/agrobot-next-build-ybgPHn/install/canopen_tests/share/canopen_tests/config/cia402_lifecycle/
-- Installing: /tmp/agrobot-next-build-ybgPHn/install/canopen_tests/share/canopen_tests/config/cia402_lifecycle//bus.yml
-- Installing: /tmp/agrobot-next-build-ybgPHn/install/canopen_tests/share/canopen_tests/config/cia402_lifecycle//master.dcf
-- Installing: /tmp/agrobot-next-build-ybgPHn/install/canopen_tests/share/canopen_tests/config/cia402_lifecycle//cia402_device_1.bin
-- Installing: /tmp/agrobot-next-build-ybgPHn/install/canopen_tests/share/canopen_tests/config/cia402_diagnostics/
-- Installing: /tmp/agrobot-next-build-ybgPHn/install/canopen_tests/share/canopen_tests/config/cia402_diagnostics//cia402_slave.eds
-- Up-to-date: /tmp/agrobot-next-build-ybgPHn/install/canopen_tests/share/canopen_tests/config/cia402_diagnostics/
-- Installing: /tmp/agrobot-next-build-ybgPHn/install/canopen_tests/share/canopen_tests/config/cia402_diagnostics//cia402_device_3.bin
-- Installing: /tmp/agrobot-next-build-ybgPHn/install/canopen_tests/share/canopen_tests/config/cia402_diagnostics//bus.yml
-- Installing: /tmp/agrobot-next-build-ybgPHn/install/canopen_tests/share/canopen_tests/config/cia402_diagnostics//preprocessed_bus.yml
-- Installing: /tmp/agrobot-next-build-ybgPHn/install/canopen_tests/share/canopen_tests/config/cia402_diagnostics//cia402_device_2.bin
-- Installing: /tmp/agrobot-next-build-ybgPHn/install/canopen_tests/share/canopen_tests/config/cia402_diagnostics//master.dcf
-- Installing: /tmp/agrobot-next-build-ybgPHn/install/canopen_tests/share/canopen_tests/config/cia402_diagnostics//cia402_device_1.bin
-- Installing: /tmp/agrobot-next-build-ybgPHn/install/canopen_tests/share/canopen_tests/config/simple_lifecycle/
-- Installing: /tmp/agrobot-next-build-ybgPHn/install/canopen_tests/share/canopen_tests/config/simple_lifecycle//simple.eds
-- Up-to-date: /tmp/agrobot-next-build-ybgPHn/install/canopen_tests/share/canopen_tests/config/simple_lifecycle/
-- Installing: /tmp/agrobot-next-build-ybgPHn/install/canopen_tests/share/canopen_tests/config/simple_lifecycle//bus.yml
-- Installing: /tmp/agrobot-next-build-ybgPHn/install/canopen_tests/share/canopen_tests/config/simple_lifecycle//master.dcf
-- Installing: /tmp/agrobot-next-build-ybgPHn/install/canopen_tests/share/canopen_tests/config/simple_diagnostics/
-- Installing: /tmp/agrobot-next-build-ybgPHn/install/canopen_tests/share/canopen_tests/config/simple_diagnostics//simple.eds
-- Up-to-date: /tmp/agrobot-next-build-ybgPHn/install/canopen_tests/share/canopen_tests/config/simple_diagnostics/
-- Installing: /tmp/agrobot-next-build-ybgPHn/install/canopen_tests/share/canopen_tests/config/simple_diagnostics//bus.yml
-- Installing: /tmp/agrobot-next-build-ybgPHn/install/canopen_tests/share/canopen_tests/config/simple_diagnostics//preprocessed_bus.yml
-- Installing: /tmp/agrobot-next-build-ybgPHn/install/canopen_tests/share/canopen_tests/config/simple_diagnostics//master.dcf
-- Installing: /tmp/agrobot-next-build-ybgPHn/install/canopen_tests/share/canopen_tests/config/robot_control/
-- Installing: /tmp/agrobot-next-build-ybgPHn/install/canopen_tests/share/canopen_tests/config/robot_control//prbt_0_1.dcf
-- Installing: /tmp/agrobot-next-build-ybgPHn/install/canopen_tests/share/canopen_tests/config/robot_control//cia402_slave.eds
-- Installing: /tmp/agrobot-next-build-ybgPHn/install/canopen_tests/share/canopen_tests/config/robot_control//ros2_controllers.yaml
-- Up-to-date: /tmp/agrobot-next-build-ybgPHn/install/canopen_tests/share/canopen_tests/config/robot_control/
-- Installing: /tmp/agrobot-next-build-ybgPHn/install/canopen_tests/share/canopen_tests/config/robot_control//bus.yml
-- Installing: /tmp/agrobot-next-build-ybgPHn/install/canopen_tests/share/canopen_tests/config/robot_control//joint_1.bin
-- Installing: /tmp/agrobot-next-build-ybgPHn/install/canopen_tests/share/canopen_tests/config/robot_control//joint_2.bin
-- Installing: /tmp/agrobot-next-build-ybgPHn/install/canopen_tests/share/canopen_tests/config/robot_control//master.dcf
-- Installing: /tmp/agrobot-next-build-ybgPHn/install/canopen_tests/share/canopen_tests/launch
-- Installing: /tmp/agrobot-next-build-ybgPHn/install/canopen_tests/share/canopen_tests/launch/cia402_namespaced_system.launch.py
-- Installing: /tmp/agrobot-next-build-ybgPHn/install/canopen_tests/share/canopen_tests/launch/cia402_diagnostics_setup.launch.py
-- Installing: /tmp/agrobot-next-build-ybgPHn/install/canopen_tests/share/canopen_tests/launch/cia402_lifecycle_setup.launch.py
-- Installing: /tmp/agrobot-next-build-ybgPHn/install/canopen_tests/share/canopen_tests/launch/cia402_system.launch.py
-- Installing: /tmp/agrobot-next-build-ybgPHn/install/canopen_tests/share/canopen_tests/launch/cia402_setup.launch.py
-- Installing: /tmp/agrobot-next-build-ybgPHn/install/canopen_tests/share/canopen_tests/launch/canopen_system.launch.py
-- Installing: /tmp/agrobot-next-build-ybgPHn/install/canopen_tests/share/canopen_tests/launch/proxy_setup.launch.py
-- Installing: /tmp/agrobot-next-build-ybgPHn/install/canopen_tests/share/canopen_tests/launch/proxy_lifecycle_setup.launch.py
-- Installing: /tmp/agrobot-next-build-ybgPHn/install/canopen_tests/share/canopen_tests/launch/proxy_diagnostics_setup.launch.py
-- Installing: /tmp/agrobot-next-build-ybgPHn/install/canopen_tests/share/canopen_tests/launch/view_urdf.launch.py
-- Installing: /tmp/agrobot-next-build-ybgPHn/install/canopen_tests/share/canopen_tests/launch/robot_control_setup.launch.py
-- Installing: /tmp/agrobot-next-build-ybgPHn/install/canopen_tests/share/canopen_tests/launch/analyzers
-- Installing: /tmp/agrobot-next-build-ybgPHn/install/canopen_tests/share/canopen_tests/launch/analyzers/cia402_diagnostic_analyzer.yaml
-- Installing: /tmp/agrobot-next-build-ybgPHn/install/canopen_tests/share/canopen_tests/launch/analyzers/proxy_diagnostic_analyzer.yaml
-- Installing: /tmp/agrobot-next-build-ybgPHn/install/canopen_tests/share/canopen_tests/launch/proxy_setup_namespaced.launch.py
-- Installing: /tmp/agrobot-next-build-ybgPHn/install/canopen_tests/share/canopen_tests/rviz
-- Installing: /tmp/agrobot-next-build-ybgPHn/install/canopen_tests/share/canopen_tests/rviz/robot_controller.rviz
-- Installing: /tmp/agrobot-next-build-ybgPHn/install/canopen_tests/share/canopen_tests/urdf
-- Installing: /tmp/agrobot-next-build-ybgPHn/install/canopen_tests/share/canopen_tests/urdf/cia402_system
-- Installing: /tmp/agrobot-next-build-ybgPHn/install/canopen_tests/share/canopen_tests/urdf/cia402_system/cia402_system.urdf.xacro
-- Installing: /tmp/agrobot-next-build-ybgPHn/install/canopen_tests/share/canopen_tests/urdf/cia402_system/cia402_system.ros2_control.xacro
-- Installing: /tmp/agrobot-next-build-ybgPHn/install/canopen_tests/share/canopen_tests/urdf/robot_controller
-- Installing: /tmp/agrobot-next-build-ybgPHn/install/canopen_tests/share/canopen_tests/urdf/robot_controller/robot_controller.urdf.xacro
-- Installing: /tmp/agrobot-next-build-ybgPHn/install/canopen_tests/share/canopen_tests/urdf/robot_controller/robot_controller.ros2_control.xacro
-- Installing: /tmp/agrobot-next-build-ybgPHn/install/canopen_tests/share/canopen_tests/urdf/robot_controller/robot_controller.macro.xacro
-- Installing: /tmp/agrobot-next-build-ybgPHn/install/canopen_tests/share/canopen_tests/urdf/canopen_system
-- Installing: /tmp/agrobot-next-build-ybgPHn/install/canopen_tests/share/canopen_tests/urdf/canopen_system/canopen_system.urdf.xacro
-- Installing: /tmp/agrobot-next-build-ybgPHn/install/canopen_tests/share/canopen_tests/urdf/canopen_system/canopen_system.ros2_control.xacro
-- Installing: /tmp/agrobot-next-build-ybgPHn/install/canopen_tests/share/canopen_tests/launch_tests
-- Installing: /tmp/agrobot-next-build-ybgPHn/install/canopen_tests/share/canopen_tests/launch_tests/test_proxy_lifecycle_driver.py
-- Installing: /tmp/agrobot-next-build-ybgPHn/install/canopen_tests/share/canopen_tests/launch_tests/test_cia402_driver.py
-- Installing: /tmp/agrobot-next-build-ybgPHn/install/canopen_tests/share/canopen_tests/launch_tests/test_robot_control.py
-- Installing: /tmp/agrobot-next-build-ybgPHn/install/canopen_tests/share/canopen_tests/launch_tests/test_proxy_driver.py
-- Installing: /tmp/agrobot-next-build-ybgPHn/install/canopen_tests/share/canopen_tests/launch_tests/test_proxy_driver_namespaced.py
-- Installing: /tmp/agrobot-next-build-ybgPHn/install/canopen_tests/share/ament_index/resource_index/package_run_dependencies/canopen_tests
-- Installing: /tmp/agrobot-next-build-ybgPHn/install/canopen_tests/share/ament_index/resource_index/parent_prefix_path/canopen_tests
-- Installing: /tmp/agrobot-next-build-ybgPHn/install/canopen_tests/share/canopen_tests/environment/ament_prefix_path.sh
-- Installing: /tmp/agrobot-next-build-ybgPHn/install/canopen_tests/share/canopen_tests/environment/ament_prefix_path.dsv
-- Installing: /tmp/agrobot-next-build-ybgPHn/install/canopen_tests/share/canopen_tests/environment/path.sh
-- Installing: /tmp/agrobot-next-build-ybgPHn/install/canopen_tests/share/canopen_tests/environment/path.dsv
-- Installing: /tmp/agrobot-next-build-ybgPHn/install/canopen_tests/share/canopen_tests/local_setup.bash
-- Installing: /tmp/agrobot-next-build-ybgPHn/install/canopen_tests/share/canopen_tests/local_setup.sh
-- Installing: /tmp/agrobot-next-build-ybgPHn/install/canopen_tests/share/canopen_tests/local_setup.zsh
-- Installing: /tmp/agrobot-next-build-ybgPHn/install/canopen_tests/share/canopen_tests/local_setup.dsv
-- Installing: /tmp/agrobot-next-build-ybgPHn/install/canopen_tests/share/canopen_tests/package.dsv
-- Installing: /tmp/agrobot-next-build-ybgPHn/install/canopen_tests/share/ament_index/resource_index/packages/canopen_tests
-- Installing: /tmp/agrobot-next-build-ybgPHn/install/canopen_tests/share/canopen_tests/cmake/canopen_testsConfig.cmake
-- Installing: /tmp/agrobot-next-build-ybgPHn/install/canopen_tests/share/canopen_tests/cmake/canopen_testsConfig-version.cmake
-- Installing: /tmp/agrobot-next-build-ybgPHn/install/canopen_tests/share/canopen_tests/package.xml
Finished <<< canopen_tests [4.11s]

Summary: 20 packages finished [2min 21s]
  5 packages had stderr output: canopen_fake_slaves canopen_interfaces canopen_ros2_control canopen_ros2_controllers lely_core_libraries
